Method key,Method,Dataset,Dataset label,Model key,Model,Setting key,Setting,Local epochs,Config rounds,Seed,Run dir,Score path,Observed rounds,Complete run,Result source,Run status,Round,Accuracy
ffa,Nonlinear FFA,dolly,Dolly,tinyllama,TinyLlama,heter,Heter,1,10,0,epoch_round_tuning_dolly_dirichlet_r10/tuning-ffa-dolly-tinyllama-heter-e1-r10,epoch_round_tuning_dolly_dirichlet_r10/tuning-ffa-dolly-tinyllama-heter-e1-r10/seed0/10/log.txt,10,True,score log,Complete,1,19.273111073727193
ffa,Nonlinear FFA,dolly,Dolly,tinyllama,TinyLlama,heter,Heter,1,10,0,epoch_round_tuning_dolly_dirichlet_r10/tuning-ffa-dolly-tinyllama-heter-e1-r10,epoch_round_tuning_dolly_dirichlet_r10/tuning-ffa-dolly-tinyllama-heter-e1-r10/seed0/10/log.txt,10,True,score log,Complete,2,21.28930397783074
ffa,Nonlinear FFA,dolly,Dolly,tinyllama,TinyLlama,heter,Heter,1,10,0,epoch_round_tuning_dolly_dirichlet_r10/tuning-ffa-dolly-tinyllama-heter-e1-r10,epoch_round_tuning_dolly_dirichlet_r10/tuning-ffa-dolly-tinyllama-heter-e1-r10/seed0/10/log.txt,10,True,score log,Complete,3,22.01067358273452
ffa,Nonlinear FFA,dolly,Dolly,tinyllama,TinyLlama,heter,Heter,1,10,0,epoch_round_tuning_dolly_dirichlet_r10/tuning-ffa-dolly-tinyllama-heter-e1-r10,epoch_round_tuning_dolly_dirichlet_r10/tuning-ffa-dolly-tinyllama-heter-e1-r10/seed0/10/log.txt,10,True,score log,Complete,4,21.23329732480398
ffa,Nonlinear FFA,dolly,Dolly,tinyllama,TinyLlama,heter,Heter,1,10,0,epoch_round_tuning_dolly_dirichlet_r10/tuning-ffa-dolly-tinyllama-heter-e1-r10,epoch_round_tuning_dolly_dirichlet_r10/tuning-ffa-dolly-tinyllama-heter-e1-r10/seed0/10/log.txt,10,True,score log,Complete,5,23.949153590490535
ffa,Nonlinear FFA,dolly,Dolly,tinyllama,TinyLlama,heter,Heter,1,10,0,epoch_round_tuning_dolly_dirichlet_r10/tuning-ffa-dolly-tinyllama-heter-e1-r10,epoch_round_tuning_dolly_dirichlet_r10/tuning-ffa-dolly-tinyllama-heter-e1-r10/seed0/10/log.txt,10,True,score log,Complete,6,22.91282984438322
ffa,Nonlinear FFA,dolly,Dolly,tinyllama,TinyLlama,heter,Heter,1,10,0,epoch_round_tuning_dolly_dirichlet_r10/tuning-ffa-dolly-tinyllama-heter-e1-r10,epoch_round_tuning_dolly_dirichlet_r10/tuning-ffa-dolly-tinyllama-heter-e1-r10/seed0/10/log.txt,10,True,score log,Complete,7,25.603691728597553
ffa,Nonlinear FFA,dolly,Dolly,tinyllama,TinyLlama,heter,Heter,1,10,0,epoch_round_tuning_dolly_dirichlet_r10/tuning-ffa-dolly-tinyllama-heter-e1-r10,epoch_round_tuning_dolly_dirichlet_r10/tuning-ffa-dolly-tinyllama-heter-e1-r10/seed0/10/log.txt,10,True,score log,Complete,8,26.333334942185093
ffa,Nonlinear FFA,dolly,Dolly,tinyllama,TinyLlama,heter,Heter,1,10,0,epoch_round_tuning_dolly_dirichlet_r10/tuning-ffa-dolly-tinyllama-heter-e1-r10,epoch_round_tuning_dolly_dirichlet_r10/tuning-ffa-dolly-tinyllama-heter-e1-r10/seed0/10/log.txt,10,True,score log,Complete,9,26.584934364371023
ffa,Nonlinear FFA,dolly,Dolly,tinyllama,TinyLlama,heter,Heter,1,10,0,epoch_round_tuning_dolly_dirichlet_r10/tuning-ffa-dolly-tinyllama-heter-e1-r10,epoch_round_tuning_dolly_dirichlet_r10/tuning-ffa-dolly-tinyllama-heter-e1-r10/seed0/10/log.txt,10,True,score log,Complete,10,27.235844016178547
ffa,Nonlinear FFA,dolly,Dolly,tinyllama,TinyLlama,heter,Heter,2,10,0,epoch_round_tuning_dolly_dirichlet_r10/tuning-ffa-dolly-tinyllama-heter-e2-r10,epoch_round_tuning_dolly_dirichlet_r10/tuning-ffa-dolly-tinyllama-heter-e2-r10/seed0/10/log.txt,10,True,score log,Complete,1,21.056383084070806
ffa,Nonlinear FFA,dolly,Dolly,tinyllama,TinyLlama,heter,Heter,2,10,0,epoch_round_tuning_dolly_dirichlet_r10/tuning-ffa-dolly-tinyllama-heter-e2-r10,epoch_round_tuning_dolly_dirichlet_r10/tuning-ffa-dolly-tinyllama-heter-e2-r10/seed0/10/log.txt,10,True,score log,Complete,2,23.65710080623618
ffa,Nonlinear FFA,dolly,Dolly,tinyllama,TinyLlama,heter,Heter,2,10,0,epoch_round_tuning_dolly_dirichlet_r10/tuning-ffa-dolly-tinyllama-heter-e2-r10,epoch_round_tuning_dolly_dirichlet_r10/tuning-ffa-dolly-tinyllama-heter-e2-r10/seed0/10/log.txt,10,True,score log,Complete,3,26.80644668629974
ffa,Nonlinear FFA,dolly,Dolly,tinyllama,TinyLlama,heter,Heter,2,10,0,epoch_round_tuning_dolly_dirichlet_r10/tuning-ffa-dolly-tinyllama-heter-e2-r10,epoch_round_tuning_dolly_dirichlet_r10/tuning-ffa-dolly-tinyllama-heter-e2-r10/seed0/10/log.txt,10,True,score log,Complete,4,26.51456588777064
ffa,Nonlinear FFA,dolly,Dolly,tinyllama,TinyLlama,heter,Heter,2,10,0,epoch_round_tuning_dolly_dirichlet_r10/tuning-ffa-dolly-tinyllama-heter-e2-r10,epoch_round_tuning_dolly_dirichlet_r10/tuning-ffa-dolly-tinyllama-heter-e2-r10/seed0/10/log.txt,10,True,score log,Complete,5,26.86173746535535
ffa,Nonlinear FFA,dolly,Dolly,tinyllama,TinyLlama,heter,Heter,2,10,0,epoch_round_tuning_dolly_dirichlet_r10/tuning-ffa-dolly-tinyllama-heter-e2-r10,epoch_round_tuning_dolly_dirichlet_r10/tuning-ffa-dolly-tinyllama-heter-e2-r10/seed0/10/log.txt,10,True,score log,Complete,6,26.738885297636557
ffa,Nonlinear FFA,dolly,Dolly,tinyllama,TinyLlama,heter,Heter,2,10,0,epoch_round_tuning_dolly_dirichlet_r10/tuning-ffa-dolly-tinyllama-heter-e2-r10,epoch_round_tuning_dolly_dirichlet_r10/tuning-ffa-dolly-tinyllama-heter-e2-r10/seed0/10/log.txt,10,True,score log,Complete,7,27.520151217823813
ffa,Nonlinear FFA,dolly,Dolly,tinyllama,TinyLlama,heter,Heter,2,10,0,epoch_round_tuning_dolly_dirichlet_r10/tuning-ffa-dolly-tinyllama-heter-e2-r10,epoch_round_tuning_dolly_dirichlet_r10/tuning-ffa-dolly-tinyllama-heter-e2-r10/seed0/10/log.txt,10,True,score log,Complete,8,27.230227440256233
ffa,Nonlinear FFA,dolly,Dolly,tinyllama,TinyLlama,heter,Heter,2,10,0,epoch_round_tuning_dolly_dirichlet_r10/tuning-ffa-dolly-tinyllama-heter-e2-r10,epoch_round_tuning_dolly_dirichlet_r10/tuning-ffa-dolly-tinyllama-heter-e2-r10/seed0/10/log.txt,10,True,score log,Complete,9,28.381292508649324
ffa,Nonlinear FFA,dolly,Dolly,tinyllama,TinyLlama,heter,Heter,2,10,0,epoch_round_tuning_dolly_dirichlet_r10/tuning-ffa-dolly-tinyllama-heter-e2-r10,epoch_round_tuning_dolly_dirichlet_r10/tuning-ffa-dolly-tinyllama-heter-e2-r10/seed0/10/log.txt,10,True,score log,Complete,10,27.897415958980826
ffa,Nonlinear FFA,dolly,Dolly,tinyllama,TinyLlama,heter,Heter,3,10,0,epoch_round_tuning_dolly_dirichlet_r10/tuning-ffa-dolly-tinyllama-heter-e3-r10,epoch_round_tuning_dolly_dirichlet_r10/tuning-ffa-dolly-tinyllama-heter-e3-r10/seed0/10/log.txt,10,True,score log,Complete,1,23.82513694558179
ffa,Nonlinear FFA,dolly,Dolly,tinyllama,TinyLlama,heter,Heter,3,10,0,epoch_round_tuning_dolly_dirichlet_r10/tuning-ffa-dolly-tinyllama-heter-e3-r10,epoch_round_tuning_dolly_dirichlet_r10/tuning-ffa-dolly-tinyllama-heter-e3-r10/seed0/10/log.txt,10,True,score log,Complete,2,26.13990019014359
ffa,Nonlinear FFA,dolly,Dolly,tinyllama,TinyLlama,heter,Heter,3,10,0,epoch_round_tuning_dolly_dirichlet_r10/tuning-ffa-dolly-tinyllama-heter-e3-r10,epoch_round_tuning_dolly_dirichlet_r10/tuning-ffa-dolly-tinyllama-heter-e3-r10/seed0/10/log.txt,10,True,score log,Complete,3,25.9001561963584
ffa,Nonlinear FFA,dolly,Dolly,tinyllama,TinyLlama,heter,Heter,3,10,0,epoch_round_tuning_dolly_dirichlet_r10/tuning-ffa-dolly-tinyllama-heter-e3-r10,epoch_round_tuning_dolly_dirichlet_r10/tuning-ffa-dolly-tinyllama-heter-e3-r10/seed0/10/log.txt,10,True,score log,Complete,4,28.523939458691792
ffa,Nonlinear FFA,dolly,Dolly,tinyllama,TinyLlama,heter,Heter,3,10,0,epoch_round_tuning_dolly_dirichlet_r10/tuning-ffa-dolly-tinyllama-heter-e3-r10,epoch_round_tuning_dolly_dirichlet_r10/tuning-ffa-dolly-tinyllama-heter-e3-r10/seed0/10/log.txt,10,True,score log,Complete,5,27.673606481826308
ffa,Nonlinear FFA,dolly,Dolly,tinyllama,TinyLlama,heter,Heter,3,10,0,epoch_round_tuning_dolly_dirichlet_r10/tuning-ffa-dolly-tinyllama-heter-e3-r10,epoch_round_tuning_dolly_dirichlet_r10/tuning-ffa-dolly-tinyllama-heter-e3-r10/seed0/10/log.txt,10,True,score log,Complete,6,28.99100474013072
ffa,Nonlinear FFA,dolly,Dolly,tinyllama,TinyLlama,heter,Heter,3,10,0,epoch_round_tuning_dolly_dirichlet_r10/tuning-ffa-dolly-tinyllama-heter-e3-r10,epoch_round_tuning_dolly_dirichlet_r10/tuning-ffa-dolly-tinyllama-heter-e3-r10/seed0/10/log.txt,10,True,score log,Complete,7,27.484371470894807
ffa,Nonlinear FFA,dolly,Dolly,tinyllama,TinyLlama,heter,Heter,3,10,0,epoch_round_tuning_dolly_dirichlet_r10/tuning-ffa-dolly-tinyllama-heter-e3-r10,epoch_round_tuning_dolly_dirichlet_r10/tuning-ffa-dolly-tinyllama-heter-e3-r10/seed0/10/log.txt,10,True,score log,Complete,8,26.032747702455694
ffa,Nonlinear FFA,dolly,Dolly,tinyllama,TinyLlama,heter,Heter,3,10,0,epoch_round_tuning_dolly_dirichlet_r10/tuning-ffa-dolly-tinyllama-heter-e3-r10,epoch_round_tuning_dolly_dirichlet_r10/tuning-ffa-dolly-tinyllama-heter-e3-r10/seed0/10/log.txt,10,True,score log,Complete,9,28.5678930566718
ffa,Nonlinear FFA,dolly,Dolly,tinyllama,TinyLlama,heter,Heter,3,10,0,epoch_round_tuning_dolly_dirichlet_r10/tuning-ffa-dolly-tinyllama-heter-e3-r10,epoch_round_tuning_dolly_dirichlet_r10/tuning-ffa-dolly-tinyllama-heter-e3-r10/seed0/10/log.txt,10,True,score log,Complete,10,27.40488571251973
ffa,Nonlinear FFA,dolly,Dolly,tinyllama,TinyLlama,heter,Heter,5,10,0,epoch_round_tuning_dolly_dirichlet_r10/tuning-ffa-dolly-tinyllama-heter-e5-r10,epoch_round_tuning_dolly_dirichlet_r10/tuning-ffa-dolly-tinyllama-heter-e5-r10/seed0/10/log.txt,10,True,score log,Complete,1,26.351499449485623
ffa,Nonlinear FFA,dolly,Dolly,tinyllama,TinyLlama,heter,Heter,5,10,0,epoch_round_tuning_dolly_dirichlet_r10/tuning-ffa-dolly-tinyllama-heter-e5-r10,epoch_round_tuning_dolly_dirichlet_r10/tuning-ffa-dolly-tinyllama-heter-e5-r10/seed0/10/log.txt,10,True,score log,Complete,2,27.477805924216003
ffa,Nonlinear FFA,dolly,Dolly,tinyllama,TinyLlama,heter,Heter,5,10,0,epoch_round_tuning_dolly_dirichlet_r10/tuning-ffa-dolly-tinyllama-heter-e5-r10,epoch_round_tuning_dolly_dirichlet_r10/tuning-ffa-dolly-tinyllama-heter-e5-r10/seed0/10/log.txt,10,True,score log,Complete,3,27.33749721857885
ffa,Nonlinear FFA,dolly,Dolly,tinyllama,TinyLlama,heter,Heter,5,10,0,epoch_round_tuning_dolly_dirichlet_r10/tuning-ffa-dolly-tinyllama-heter-e5-r10,epoch_round_tuning_dolly_dirichlet_r10/tuning-ffa-dolly-tinyllama-heter-e5-r10/seed0/10/log.txt,10,True,score log,Complete,4,28.877256453171864
ffa,Nonlinear FFA,dolly,Dolly,tinyllama,TinyLlama,heter,Heter,5,10,0,epoch_round_tuning_dolly_dirichlet_r10/tuning-ffa-dolly-tinyllama-heter-e5-r10,epoch_round_tuning_dolly_dirichlet_r10/tuning-ffa-dolly-tinyllama-heter-e5-r10/seed0/10/log.txt,10,True,score log,Complete,5,26.885019072905504
ffa,Nonlinear FFA,dolly,Dolly,tinyllama,TinyLlama,heter,Heter,5,10,0,epoch_round_tuning_dolly_dirichlet_r10/tuning-ffa-dolly-tinyllama-heter-e5-r10,epoch_round_tuning_dolly_dirichlet_r10/tuning-ffa-dolly-tinyllama-heter-e5-r10/seed0/10/log.txt,10,True,score log,Complete,6,27.388338993844048
ffa,Nonlinear FFA,dolly,Dolly,tinyllama,TinyLlama,heter,Heter,5,10,0,epoch_round_tuning_dolly_dirichlet_r10/tuning-ffa-dolly-tinyllama-heter-e5-r10,epoch_round_tuning_dolly_dirichlet_r10/tuning-ffa-dolly-tinyllama-heter-e5-r10/seed0/10/log.txt,10,True,score log,Complete,7,27.296017441365
ffa,Nonlinear FFA,dolly,Dolly,tinyllama,TinyLlama,heter,Heter,5,10,0,epoch_round_tuning_dolly_dirichlet_r10/tuning-ffa-dolly-tinyllama-heter-e5-r10,epoch_round_tuning_dolly_dirichlet_r10/tuning-ffa-dolly-tinyllama-heter-e5-r10/seed0/10/log.txt,10,True,score log,Complete,8,26.85146257211699
ffa,Nonlinear FFA,dolly,Dolly,tinyllama,TinyLlama,heter,Heter,5,10,0,epoch_round_tuning_dolly_dirichlet_r10/tuning-ffa-dolly-tinyllama-heter-e5-r10,epoch_round_tuning_dolly_dirichlet_r10/tuning-ffa-dolly-tinyllama-heter-e5-r10/seed0/10/log.txt,10,True,score log,Complete,9,29.04854503416771
ffa,Nonlinear FFA,dolly,Dolly,tinyllama,TinyLlama,heter,Heter,5,10,0,epoch_round_tuning_dolly_dirichlet_r10/tuning-ffa-dolly-tinyllama-heter-e5-r10,epoch_round_tuning_dolly_dirichlet_r10/tuning-ffa-dolly-tinyllama-heter-e5-r10/seed0/10/log.txt,10,True,score log,Complete,10,26.78360241577812
ffa,Nonlinear FFA,dolly,Dolly,tinyllama,TinyLlama,homo,Homo,1,10,0,epoch_round_tuning_dolly_dirichlet_r10/tuning-ffa-dolly-tinyllama-homo-e1-r10,epoch_round_tuning_dolly_dirichlet_r10/tuning-ffa-dolly-tinyllama-homo-e1-r10/seed0/10/log.txt,10,True,score log,Complete,1,16.29809090056982
ffa,Nonlinear FFA,dolly,Dolly,tinyllama,TinyLlama,homo,Homo,1,10,0,epoch_round_tuning_dolly_dirichlet_r10/tuning-ffa-dolly-tinyllama-homo-e1-r10,epoch_round_tuning_dolly_dirichlet_r10/tuning-ffa-dolly-tinyllama-homo-e1-r10/seed0/10/log.txt,10,True,score log,Complete,2,18.70351899465648
ffa,Nonlinear FFA,dolly,Dolly,tinyllama,TinyLlama,homo,Homo,1,10,0,epoch_round_tuning_dolly_dirichlet_r10/tuning-ffa-dolly-tinyllama-homo-e1-r10,epoch_round_tuning_dolly_dirichlet_r10/tuning-ffa-dolly-tinyllama-homo-e1-r10/seed0/10/log.txt,10,True,score log,Complete,3,23.863084377707665
ffa,Nonlinear FFA,dolly,Dolly,tinyllama,TinyLlama,homo,Homo,1,10,0,epoch_round_tuning_dolly_dirichlet_r10/tuning-ffa-dolly-tinyllama-homo-e1-r10,epoch_round_tuning_dolly_dirichlet_r10/tuning-ffa-dolly-tinyllama-homo-e1-r10/seed0/10/log.txt,10,True,score log,Complete,4,25.41641902026876
ffa,Nonlinear FFA,dolly,Dolly,tinyllama,TinyLlama,homo,Homo,1,10,0,epoch_round_tuning_dolly_dirichlet_r10/tuning-ffa-dolly-tinyllama-homo-e1-r10,epoch_round_tuning_dolly_dirichlet_r10/tuning-ffa-dolly-tinyllama-homo-e1-r10/seed0/10/log.txt,10,True,score log,Complete,5,27.537301801330944
ffa,Nonlinear FFA,dolly,Dolly,tinyllama,TinyLlama,homo,Homo,1,10,0,epoch_round_tuning_dolly_dirichlet_r10/tuning-ffa-dolly-tinyllama-homo-e1-r10,epoch_round_tuning_dolly_dirichlet_r10/tuning-ffa-dolly-tinyllama-homo-e1-r10/seed0/10/log.txt,10,True,score log,Complete,6,29.293624081751457
ffa,Nonlinear FFA,dolly,Dolly,tinyllama,TinyLlama,homo,Homo,1,10,0,epoch_round_tuning_dolly_dirichlet_r10/tuning-ffa-dolly-tinyllama-homo-e1-r10,epoch_round_tuning_dolly_dirichlet_r10/tuning-ffa-dolly-tinyllama-homo-e1-r10/seed0/10/log.txt,10,True,score log,Complete,7,28.860155876374566
ffa,Nonlinear FFA,dolly,Dolly,tinyllama,TinyLlama,homo,Homo,1,10,0,epoch_round_tuning_dolly_dirichlet_r10/tuning-ffa-dolly-tinyllama-homo-e1-r10,epoch_round_tuning_dolly_dirichlet_r10/tuning-ffa-dolly-tinyllama-homo-e1-r10/seed0/10/log.txt,10,True,score log,Complete,8,27.657774500786342
ffa,Nonlinear FFA,dolly,Dolly,tinyllama,TinyLlama,homo,Homo,1,10,0,epoch_round_tuning_dolly_dirichlet_r10/tuning-ffa-dolly-tinyllama-homo-e1-r10,epoch_round_tuning_dolly_dirichlet_r10/tuning-ffa-dolly-tinyllama-homo-e1-r10/seed0/10/log.txt,10,True,score log,Complete,9,28.501847165791066
ffa,Nonlinear FFA,dolly,Dolly,tinyllama,TinyLlama,homo,Homo,1,10,0,epoch_round_tuning_dolly_dirichlet_r10/tuning-ffa-dolly-tinyllama-homo-e1-r10,epoch_round_tuning_dolly_dirichlet_r10/tuning-ffa-dolly-tinyllama-homo-e1-r10/seed0/10/log.txt,10,True,score log,Complete,10,28.810735801387526
ffa,Nonlinear FFA,dolly,Dolly,tinyllama,TinyLlama,homo,Homo,2,10,0,epoch_round_tuning_dolly_dirichlet_r10/tuning-ffa-dolly-tinyllama-homo-e2-r10,epoch_round_tuning_dolly_dirichlet_r10/tuning-ffa-dolly-tinyllama-homo-e2-r10/seed0/10/log.txt,10,True,score log,Complete,1,17.424113974089277
ffa,Nonlinear FFA,dolly,Dolly,tinyllama,TinyLlama,homo,Homo,2,10,0,epoch_round_tuning_dolly_dirichlet_r10/tuning-ffa-dolly-tinyllama-homo-e2-r10,epoch_round_tuning_dolly_dirichlet_r10/tuning-ffa-dolly-tinyllama-homo-e2-r10/seed0/10/log.txt,10,True,score log,Complete,2,24.089616745270042
ffa,Nonlinear FFA,dolly,Dolly,tinyllama,TinyLlama,homo,Homo,2,10,0,epoch_round_tuning_dolly_dirichlet_r10/tuning-ffa-dolly-tinyllama-homo-e2-r10,epoch_round_tuning_dolly_dirichlet_r10/tuning-ffa-dolly-tinyllama-homo-e2-r10/seed0/10/log.txt,10,True,score log,Complete,3,29.901496671286427
ffa,Nonlinear FFA,dolly,Dolly,tinyllama,TinyLlama,homo,Homo,2,10,0,epoch_round_tuning_dolly_dirichlet_r10/tuning-ffa-dolly-tinyllama-homo-e2-r10,epoch_round_tuning_dolly_dirichlet_r10/tuning-ffa-dolly-tinyllama-homo-e2-r10/seed0/10/log.txt,10,True,score log,Complete,4,28.750279975984398
ffa,Nonlinear FFA,dolly,Dolly,tinyllama,TinyLlama,homo,Homo,2,10,0,epoch_round_tuning_dolly_dirichlet_r10/tuning-ffa-dolly-tinyllama-homo-e2-r10,epoch_round_tuning_dolly_dirichlet_r10/tuning-ffa-dolly-tinyllama-homo-e2-r10/seed0/10/log.txt,10,True,score log,Complete,5,28.389198599239197
ffa,Nonlinear FFA,dolly,Dolly,tinyllama,TinyLlama,homo,Homo,2,10,0,epoch_round_tuning_dolly_dirichlet_r10/tuning-ffa-dolly-tinyllama-homo-e2-r10,epoch_round_tuning_dolly_dirichlet_r10/tuning-ffa-dolly-tinyllama-homo-e2-r10/seed0/10/log.txt,10,True,score log,Complete,6,27.54206831027215
ffa,Nonlinear FFA,dolly,Dolly,tinyllama,TinyLlama,homo,Homo,2,10,0,epoch_round_tuning_dolly_dirichlet_r10/tuning-ffa-dolly-tinyllama-homo-e2-r10,epoch_round_tuning_dolly_dirichlet_r10/tuning-ffa-dolly-tinyllama-homo-e2-r10/seed0/10/log.txt,10,True,score log,Complete,7,28.54578655868712
ffa,Nonlinear FFA,dolly,Dolly,tinyllama,TinyLlama,homo,Homo,2,10,0,epoch_round_tuning_dolly_dirichlet_r10/tuning-ffa-dolly-tinyllama-homo-e2-r10,epoch_round_tuning_dolly_dirichlet_r10/tuning-ffa-dolly-tinyllama-homo-e2-r10/seed0/10/log.txt,10,True,score log,Complete,8,27.808687335839423
ffa,Nonlinear FFA,dolly,Dolly,tinyllama,TinyLlama,homo,Homo,2,10,0,epoch_round_tuning_dolly_dirichlet_r10/tuning-ffa-dolly-tinyllama-homo-e2-r10,epoch_round_tuning_dolly_dirichlet_r10/tuning-ffa-dolly-tinyllama-homo-e2-r10/seed0/10/log.txt,10,True,score log,Complete,9,30.310144399754986
ffa,Nonlinear FFA,dolly,Dolly,tinyllama,TinyLlama,homo,Homo,2,10,0,epoch_round_tuning_dolly_dirichlet_r10/tuning-ffa-dolly-tinyllama-homo-e2-r10,epoch_round_tuning_dolly_dirichlet_r10/tuning-ffa-dolly-tinyllama-homo-e2-r10/seed0/10/log.txt,10,True,score log,Complete,10,29.54508980050151
ffa,Nonlinear FFA,dolly,Dolly,tinyllama,TinyLlama,homo,Homo,3,10,0,epoch_round_tuning_dolly_dirichlet_r10/tuning-ffa-dolly-tinyllama-homo-e3-r10,epoch_round_tuning_dolly_dirichlet_r10/tuning-ffa-dolly-tinyllama-homo-e3-r10/seed0/10/log.txt,10,True,score log,Complete,1,19.702043821918743
ffa,Nonlinear FFA,dolly,Dolly,tinyllama,TinyLlama,homo,Homo,3,10,0,epoch_round_tuning_dolly_dirichlet_r10/tuning-ffa-dolly-tinyllama-homo-e3-r10,epoch_round_tuning_dolly_dirichlet_r10/tuning-ffa-dolly-tinyllama-homo-e3-r10/seed0/10/log.txt,10,True,score log,Complete,2,27.563013746073224
ffa,Nonlinear FFA,dolly,Dolly,tinyllama,TinyLlama,homo,Homo,3,10,0,epoch_round_tuning_dolly_dirichlet_r10/tuning-ffa-dolly-tinyllama-homo-e3-r10,epoch_round_tuning_dolly_dirichlet_r10/tuning-ffa-dolly-tinyllama-homo-e3-r10/seed0/10/log.txt,10,True,score log,Complete,3,28.204301574471042
ffa,Nonlinear FFA,dolly,Dolly,tinyllama,TinyLlama,homo,Homo,3,10,0,epoch_round_tuning_dolly_dirichlet_r10/tuning-ffa-dolly-tinyllama-homo-e3-r10,epoch_round_tuning_dolly_dirichlet_r10/tuning-ffa-dolly-tinyllama-homo-e3-r10/seed0/10/log.txt,10,True,score log,Complete,4,29.321431473859043
ffa,Nonlinear FFA,dolly,Dolly,tinyllama,TinyLlama,homo,Homo,3,10,0,epoch_round_tuning_dolly_dirichlet_r10/tuning-ffa-dolly-tinyllama-homo-e3-r10,epoch_round_tuning_dolly_dirichlet_r10/tuning-ffa-dolly-tinyllama-homo-e3-r10/seed0/10/log.txt,10,True,score log,Complete,5,28.97318645408597
ffa,Nonlinear FFA,dolly,Dolly,tinyllama,TinyLlama,homo,Homo,3,10,0,epoch_round_tuning_dolly_dirichlet_r10/tuning-ffa-dolly-tinyllama-homo-e3-r10,epoch_round_tuning_dolly_dirichlet_r10/tuning-ffa-dolly-tinyllama-homo-e3-r10/seed0/10/log.txt,10,True,score log,Complete,6,28.9555045369498
ffa,Nonlinear FFA,dolly,Dolly,tinyllama,TinyLlama,homo,Homo,3,10,0,epoch_round_tuning_dolly_dirichlet_r10/tuning-ffa-dolly-tinyllama-homo-e3-r10,epoch_round_tuning_dolly_dirichlet_r10/tuning-ffa-dolly-tinyllama-homo-e3-r10/seed0/10/log.txt,10,True,score log,Complete,7,29.560024286637205
ffa,Nonlinear FFA,dolly,Dolly,tinyllama,TinyLlama,homo,Homo,3,10,0,epoch_round_tuning_dolly_dirichlet_r10/tuning-ffa-dolly-tinyllama-homo-e3-r10,epoch_round_tuning_dolly_dirichlet_r10/tuning-ffa-dolly-tinyllama-homo-e3-r10/seed0/10/log.txt,10,True,score log,Complete,8,29.159106606085818
ffa,Nonlinear FFA,dolly,Dolly,tinyllama,TinyLlama,homo,Homo,3,10,0,epoch_round_tuning_dolly_dirichlet_r10/tuning-ffa-dolly-tinyllama-homo-e3-r10,epoch_round_tuning_dolly_dirichlet_r10/tuning-ffa-dolly-tinyllama-homo-e3-r10/seed0/10/log.txt,10,True,score log,Complete,9,29.073572801431226
ffa,Nonlinear FFA,dolly,Dolly,tinyllama,TinyLlama,homo,Homo,3,10,0,epoch_round_tuning_dolly_dirichlet_r10/tuning-ffa-dolly-tinyllama-homo-e3-r10,epoch_round_tuning_dolly_dirichlet_r10/tuning-ffa-dolly-tinyllama-homo-e3-r10/seed0/10/log.txt,10,True,score log,Complete,10,29.449209296555324
ffa,Nonlinear FFA,dolly,Dolly,tinyllama,TinyLlama,homo,Homo,5,10,0,epoch_round_tuning_dolly_dirichlet_r10/tuning-ffa-dolly-tinyllama-homo-e5-r10,epoch_round_tuning_dolly_dirichlet_r10/tuning-ffa-dolly-tinyllama-homo-e5-r10/seed0/10/log.txt,10,True,score log,Complete,1,24.30039362524154
ffa,Nonlinear FFA,dolly,Dolly,tinyllama,TinyLlama,homo,Homo,5,10,0,epoch_round_tuning_dolly_dirichlet_r10/tuning-ffa-dolly-tinyllama-homo-e5-r10,epoch_round_tuning_dolly_dirichlet_r10/tuning-ffa-dolly-tinyllama-homo-e5-r10/seed0/10/log.txt,10,True,score log,Complete,2,28.9713980350406
ffa,Nonlinear FFA,dolly,Dolly,tinyllama,TinyLlama,homo,Homo,5,10,0,epoch_round_tuning_dolly_dirichlet_r10/tuning-ffa-dolly-tinyllama-homo-e5-r10,epoch_round_tuning_dolly_dirichlet_r10/tuning-ffa-dolly-tinyllama-homo-e5-r10/seed0/10/log.txt,10,True,score log,Complete,3,26.995290869112516
ffa,Nonlinear FFA,dolly,Dolly,tinyllama,TinyLlama,homo,Homo,5,10,0,epoch_round_tuning_dolly_dirichlet_r10/tuning-ffa-dolly-tinyllama-homo-e5-r10,epoch_round_tuning_dolly_dirichlet_r10/tuning-ffa-dolly-tinyllama-homo-e5-r10/seed0/10/log.txt,10,True,score log,Complete,4,29.816646030836875
ffa,Nonlinear FFA,dolly,Dolly,tinyllama,TinyLlama,homo,Homo,5,10,0,epoch_round_tuning_dolly_dirichlet_r10/tuning-ffa-dolly-tinyllama-homo-e5-r10,epoch_round_tuning_dolly_dirichlet_r10/tuning-ffa-dolly-tinyllama-homo-e5-r10/seed0/10/log.txt,10,True,score log,Complete,5,30.348877311446838
ffa,Nonlinear FFA,dolly,Dolly,tinyllama,TinyLlama,homo,Homo,5,10,0,epoch_round_tuning_dolly_dirichlet_r10/tuning-ffa-dolly-tinyllama-homo-e5-r10,epoch_round_tuning_dolly_dirichlet_r10/tuning-ffa-dolly-tinyllama-homo-e5-r10/seed0/10/log.txt,10,True,score log,Complete,6,29.726256956474035
ffa,Nonlinear FFA,dolly,Dolly,tinyllama,TinyLlama,homo,Homo,5,10,0,epoch_round_tuning_dolly_dirichlet_r10/tuning-ffa-dolly-tinyllama-homo-e5-r10,epoch_round_tuning_dolly_dirichlet_r10/tuning-ffa-dolly-tinyllama-homo-e5-r10/seed0/10/log.txt,10,True,score log,Complete,7,30.873034360682343
ffa,Nonlinear FFA,dolly,Dolly,tinyllama,TinyLlama,homo,Homo,5,10,0,epoch_round_tuning_dolly_dirichlet_r10/tuning-ffa-dolly-tinyllama-homo-e5-r10,epoch_round_tuning_dolly_dirichlet_r10/tuning-ffa-dolly-tinyllama-homo-e5-r10/seed0/10/log.txt,10,True,score log,Complete,8,29.476836870750837
ffa,Nonlinear FFA,dolly,Dolly,tinyllama,TinyLlama,homo,Homo,5,10,0,epoch_round_tuning_dolly_dirichlet_r10/tuning-ffa-dolly-tinyllama-homo-e5-r10,epoch_round_tuning_dolly_dirichlet_r10/tuning-ffa-dolly-tinyllama-homo-e5-r10/seed0/10/log.txt,10,True,score log,Complete,9,28.960025220258682
ffa,Nonlinear FFA,dolly,Dolly,tinyllama,TinyLlama,homo,Homo,5,10,0,epoch_round_tuning_dolly_dirichlet_r10/tuning-ffa-dolly-tinyllama-homo-e5-r10,epoch_round_tuning_dolly_dirichlet_r10/tuning-ffa-dolly-tinyllama-homo-e5-r10/seed0/10/log.txt,10,True,score log,Complete,10,29.18985189165965
flora,Linear FLoRA,dolly,Dolly,tinyllama,TinyLlama,heter,Heter,1,10,0,epoch_round_tuning_dolly_dirichlet_r10/tuning-flora-dolly-tinyllama-heter-e1-r10,epoch_round_tuning_dolly_dirichlet_r10/tuning-flora-dolly-tinyllama-heter-e1-r10/seed0/10log.txt,10,True,score log,Complete,1,24.380947549324038
flora,Linear FLoRA,dolly,Dolly,tinyllama,TinyLlama,heter,Heter,1,10,0,epoch_round_tuning_dolly_dirichlet_r10/tuning-flora-dolly-tinyllama-heter-e1-r10,epoch_round_tuning_dolly_dirichlet_r10/tuning-flora-dolly-tinyllama-heter-e1-r10/seed0/10log.txt,10,True,score log,Complete,2,27.637384909655573
flora,Linear FLoRA,dolly,Dolly,tinyllama,TinyLlama,heter,Heter,1,10,0,epoch_round_tuning_dolly_dirichlet_r10/tuning-flora-dolly-tinyllama-heter-e1-r10,epoch_round_tuning_dolly_dirichlet_r10/tuning-flora-dolly-tinyllama-heter-e1-r10/seed0/10log.txt,10,True,score log,Complete,3,27.158977652027627
flora,Linear FLoRA,dolly,Dolly,tinyllama,TinyLlama,heter,Heter,1,10,0,epoch_round_tuning_dolly_dirichlet_r10/tuning-flora-dolly-tinyllama-heter-e1-r10,epoch_round_tuning_dolly_dirichlet_r10/tuning-flora-dolly-tinyllama-heter-e1-r10/seed0/10log.txt,10,True,score log,Complete,4,26.308994304282944
flora,Linear FLoRA,dolly,Dolly,tinyllama,TinyLlama,heter,Heter,1,10,0,epoch_round_tuning_dolly_dirichlet_r10/tuning-flora-dolly-tinyllama-heter-e1-r10,epoch_round_tuning_dolly_dirichlet_r10/tuning-flora-dolly-tinyllama-heter-e1-r10/seed0/10log.txt,10,True,score log,Complete,5,27.022525222768266
flora,Linear FLoRA,dolly,Dolly,tinyllama,TinyLlama,heter,Heter,1,10,0,epoch_round_tuning_dolly_dirichlet_r10/tuning-flora-dolly-tinyllama-heter-e1-r10,epoch_round_tuning_dolly_dirichlet_r10/tuning-flora-dolly-tinyllama-heter-e1-r10/seed0/10log.txt,10,True,score log,Complete,6,27.709217262599257
flora,Linear FLoRA,dolly,Dolly,tinyllama,TinyLlama,heter,Heter,1,10,0,epoch_round_tuning_dolly_dirichlet_r10/tuning-flora-dolly-tinyllama-heter-e1-r10,epoch_round_tuning_dolly_dirichlet_r10/tuning-flora-dolly-tinyllama-heter-e1-r10/seed0/10log.txt,10,True,score log,Complete,7,26.538921968040853
flora,Linear FLoRA,dolly,Dolly,tinyllama,TinyLlama,heter,Heter,1,10,0,epoch_round_tuning_dolly_dirichlet_r10/tuning-flora-dolly-tinyllama-heter-e1-r10,epoch_round_tuning_dolly_dirichlet_r10/tuning-flora-dolly-tinyllama-heter-e1-r10/seed0/10log.txt,10,True,score log,Complete,8,28.368719626339562
flora,Linear FLoRA,dolly,Dolly,tinyllama,TinyLlama,heter,Heter,1,10,0,epoch_round_tuning_dolly_dirichlet_r10/tuning-flora-dolly-tinyllama-heter-e1-r10,epoch_round_tuning_dolly_dirichlet_r10/tuning-flora-dolly-tinyllama-heter-e1-r10/seed0/10log.txt,10,True,score log,Complete,9,27.943582137529443
flora,Linear FLoRA,dolly,Dolly,tinyllama,TinyLlama,heter,Heter,1,10,0,epoch_round_tuning_dolly_dirichlet_r10/tuning-flora-dolly-tinyllama-heter-e1-r10,epoch_round_tuning_dolly_dirichlet_r10/tuning-flora-dolly-tinyllama-heter-e1-r10/seed0/10log.txt,10,True,score log,Complete,10,27.135806539974773
flora,Linear FLoRA,dolly,Dolly,tinyllama,TinyLlama,heter,Heter,2,10,0,epoch_round_tuning_dolly_dirichlet_r10/tuning-flora-dolly-tinyllama-heter-e2-r10,epoch_round_tuning_dolly_dirichlet_r10/tuning-flora-dolly-tinyllama-heter-e2-r10/seed0/10log.txt,10,True,score log,Complete,1,29.38020421842083
flora,Linear FLoRA,dolly,Dolly,tinyllama,TinyLlama,heter,Heter,2,10,0,epoch_round_tuning_dolly_dirichlet_r10/tuning-flora-dolly-tinyllama-heter-e2-r10,epoch_round_tuning_dolly_dirichlet_r10/tuning-flora-dolly-tinyllama-heter-e2-r10/seed0/10log.txt,10,True,score log,Complete,2,29.093940332709405
flora,Linear FLoRA,dolly,Dolly,tinyllama,TinyLlama,heter,Heter,2,10,0,epoch_round_tuning_dolly_dirichlet_r10/tuning-flora-dolly-tinyllama-heter-e2-r10,epoch_round_tuning_dolly_dirichlet_r10/tuning-flora-dolly-tinyllama-heter-e2-r10/seed0/10log.txt,10,True,score log,Complete,3,27.72523454457918
flora,Linear FLoRA,dolly,Dolly,tinyllama,TinyLlama,heter,Heter,2,10,0,epoch_round_tuning_dolly_dirichlet_r10/tuning-flora-dolly-tinyllama-heter-e2-r10,epoch_round_tuning_dolly_dirichlet_r10/tuning-flora-dolly-tinyllama-heter-e2-r10/seed0/10log.txt,10,True,score log,Complete,4,27.94806734622142
flora,Linear FLoRA,dolly,Dolly,tinyllama,TinyLlama,heter,Heter,2,10,0,epoch_round_tuning_dolly_dirichlet_r10/tuning-flora-dolly-tinyllama-heter-e2-r10,epoch_round_tuning_dolly_dirichlet_r10/tuning-flora-dolly-tinyllama-heter-e2-r10/seed0/10log.txt,10,True,score log,Complete,5,29.95713368479402
flora,Linear FLoRA,dolly,Dolly,tinyllama,TinyLlama,heter,Heter,2,10,0,epoch_round_tuning_dolly_dirichlet_r10/tuning-flora-dolly-tinyllama-heter-e2-r10,epoch_round_tuning_dolly_dirichlet_r10/tuning-flora-dolly-tinyllama-heter-e2-r10/seed0/10log.txt,10,True,score log,Complete,6,29.33993454320025
flora,Linear FLoRA,dolly,Dolly,tinyllama,TinyLlama,heter,Heter,2,10,0,epoch_round_tuning_dolly_dirichlet_r10/tuning-flora-dolly-tinyllama-heter-e2-r10,epoch_round_tuning_dolly_dirichlet_r10/tuning-flora-dolly-tinyllama-heter-e2-r10/seed0/10log.txt,10,True,score log,Complete,7,29.604089890723916
flora,Linear FLoRA,dolly,Dolly,tinyllama,TinyLlama,heter,Heter,2,10,0,epoch_round_tuning_dolly_dirichlet_r10/tuning-flora-dolly-tinyllama-heter-e2-r10,epoch_round_tuning_dolly_dirichlet_r10/tuning-flora-dolly-tinyllama-heter-e2-r10/seed0/10log.txt,10,True,score log,Complete,8,29.747797875067693
flora,Linear FLoRA,dolly,Dolly,tinyllama,TinyLlama,heter,Heter,2,10,0,epoch_round_tuning_dolly_dirichlet_r10/tuning-flora-dolly-tinyllama-heter-e2-r10,epoch_round_tuning_dolly_dirichlet_r10/tuning-flora-dolly-tinyllama-heter-e2-r10/seed0/10log.txt,10,True,score log,Complete,9,27.632280169050773
flora,Linear FLoRA,dolly,Dolly,tinyllama,TinyLlama,heter,Heter,2,10,0,epoch_round_tuning_dolly_dirichlet_r10/tuning-flora-dolly-tinyllama-heter-e2-r10,epoch_round_tuning_dolly_dirichlet_r10/tuning-flora-dolly-tinyllama-heter-e2-r10/seed0/10log.txt,10,True,score log,Complete,10,28.834408267833282
flora,Linear FLoRA,dolly,Dolly,tinyllama,TinyLlama,heter,Heter,3,10,0,epoch_round_tuning_dolly_dirichlet_r10/tuning-flora-dolly-tinyllama-heter-e3-r10,epoch_round_tuning_dolly_dirichlet_r10/tuning-flora-dolly-tinyllama-heter-e3-r10/seed0/10log.txt,10,True,score log,Complete,1,28.379102042258353
flora,Linear FLoRA,dolly,Dolly,tinyllama,TinyLlama,heter,Heter,3,10,0,epoch_round_tuning_dolly_dirichlet_r10/tuning-flora-dolly-tinyllama-heter-e3-r10,epoch_round_tuning_dolly_dirichlet_r10/tuning-flora-dolly-tinyllama-heter-e3-r10/seed0/10log.txt,10,True,score log,Complete,2,29.239962529536236
flora,Linear FLoRA,dolly,Dolly,tinyllama,TinyLlama,heter,Heter,3,10,0,epoch_round_tuning_dolly_dirichlet_r10/tuning-flora-dolly-tinyllama-heter-e3-r10,epoch_round_tuning_dolly_dirichlet_r10/tuning-flora-dolly-tinyllama-heter-e3-r10/seed0/10log.txt,10,True,score log,Complete,3,29.422202458681294
flora,Linear FLoRA,dolly,Dolly,tinyllama,TinyLlama,heter,Heter,3,10,0,epoch_round_tuning_dolly_dirichlet_r10/tuning-flora-dolly-tinyllama-heter-e3-r10,epoch_round_tuning_dolly_dirichlet_r10/tuning-flora-dolly-tinyllama-heter-e3-r10/seed0/10log.txt,10,True,score log,Complete,4,28.342653928096663
flora,Linear FLoRA,dolly,Dolly,tinyllama,TinyLlama,heter,Heter,3,10,0,epoch_round_tuning_dolly_dirichlet_r10/tuning-flora-dolly-tinyllama-heter-e3-r10,epoch_round_tuning_dolly_dirichlet_r10/tuning-flora-dolly-tinyllama-heter-e3-r10/seed0/10log.txt,10,True,score log,Complete,5,28.47312678111565
flora,Linear FLoRA,dolly,Dolly,tinyllama,TinyLlama,heter,Heter,3,10,0,epoch_round_tuning_dolly_dirichlet_r10/tuning-flora-dolly-tinyllama-heter-e3-r10,epoch_round_tuning_dolly_dirichlet_r10/tuning-flora-dolly-tinyllama-heter-e3-r10/seed0/10log.txt,10,True,score log,Complete,6,28.02480285423708
flora,Linear FLoRA,dolly,Dolly,tinyllama,TinyLlama,heter,Heter,3,10,0,epoch_round_tuning_dolly_dirichlet_r10/tuning-flora-dolly-tinyllama-heter-e3-r10,epoch_round_tuning_dolly_dirichlet_r10/tuning-flora-dolly-tinyllama-heter-e3-r10/seed0/10log.txt,10,True,score log,Complete,7,27.34953307914274
flora,Linear FLoRA,dolly,Dolly,tinyllama,TinyLlama,heter,Heter,3,10,0,epoch_round_tuning_dolly_dirichlet_r10/tuning-flora-dolly-tinyllama-heter-e3-r10,epoch_round_tuning_dolly_dirichlet_r10/tuning-flora-dolly-tinyllama-heter-e3-r10/seed0/10log.txt,10,True,score log,Complete,8,26.836335261068257
flora,Linear FLoRA,dolly,Dolly,tinyllama,TinyLlama,heter,Heter,3,10,0,epoch_round_tuning_dolly_dirichlet_r10/tuning-flora-dolly-tinyllama-heter-e3-r10,epoch_round_tuning_dolly_dirichlet_r10/tuning-flora-dolly-tinyllama-heter-e3-r10/seed0/10log.txt,10,True,score log,Complete,9,28.121018206736824
flora,Linear FLoRA,dolly,Dolly,tinyllama,TinyLlama,heter,Heter,3,10,0,epoch_round_tuning_dolly_dirichlet_r10/tuning-flora-dolly-tinyllama-heter-e3-r10,epoch_round_tuning_dolly_dirichlet_r10/tuning-flora-dolly-tinyllama-heter-e3-r10/seed0/10log.txt,10,True,score log,Complete,10,27.603019089114113
flora,Linear FLoRA,dolly,Dolly,tinyllama,TinyLlama,heter,Heter,5,10,0,epoch_round_tuning_dolly_dirichlet_r10/tuning-flora-dolly-tinyllama-heter-e5-r10,epoch_round_tuning_dolly_dirichlet_r10/tuning-flora-dolly-tinyllama-heter-e5-r10/seed0/10log.txt,10,True,score log,Complete,1,29.09271979993631
flora,Linear FLoRA,dolly,Dolly,tinyllama,TinyLlama,heter,Heter,5,10,0,epoch_round_tuning_dolly_dirichlet_r10/tuning-flora-dolly-tinyllama-heter-e5-r10,epoch_round_tuning_dolly_dirichlet_r10/tuning-flora-dolly-tinyllama-heter-e5-r10/seed0/10log.txt,10,True,score log,Complete,2,29.23888293929154
flora,Linear FLoRA,dolly,Dolly,tinyllama,TinyLlama,heter,Heter,5,10,0,epoch_round_tuning_dolly_dirichlet_r10/tuning-flora-dolly-tinyllama-heter-e5-r10,epoch_round_tuning_dolly_dirichlet_r10/tuning-flora-dolly-tinyllama-heter-e5-r10/seed0/10log.txt,10,True,score log,Complete,3,26.839270761111973
flora,Linear FLoRA,dolly,Dolly,tinyllama,TinyLlama,heter,Heter,5,10,0,epoch_round_tuning_dolly_dirichlet_r10/tuning-flora-dolly-tinyllama-heter-e5-r10,epoch_round_tuning_dolly_dirichlet_r10/tuning-flora-dolly-tinyllama-heter-e5-r10/seed0/10log.txt,10,True,score log,Complete,4,26.877149148672704
flora,Linear FLoRA,dolly,Dolly,tinyllama,TinyLlama,heter,Heter,5,10,0,epoch_round_tuning_dolly_dirichlet_r10/tuning-flora-dolly-tinyllama-heter-e5-r10,epoch_round_tuning_dolly_dirichlet_r10/tuning-flora-dolly-tinyllama-heter-e5-r10/seed0/10log.txt,10,True,score log,Complete,5,27.31281650485078
flora,Linear FLoRA,dolly,Dolly,tinyllama,TinyLlama,heter,Heter,5,10,0,epoch_round_tuning_dolly_dirichlet_r10/tuning-flora-dolly-tinyllama-heter-e5-r10,epoch_round_tuning_dolly_dirichlet_r10/tuning-flora-dolly-tinyllama-heter-e5-r10/seed0/10log.txt,10,True,score log,Complete,6,26.183754780513752
flora,Linear FLoRA,dolly,Dolly,tinyllama,TinyLlama,heter,Heter,5,10,0,epoch_round_tuning_dolly_dirichlet_r10/tuning-flora-dolly-tinyllama-heter-e5-r10,epoch_round_tuning_dolly_dirichlet_r10/tuning-flora-dolly-tinyllama-heter-e5-r10/seed0/10log.txt,10,True,score log,Complete,7,27.77470872482014
flora,Linear FLoRA,dolly,Dolly,tinyllama,TinyLlama,heter,Heter,5,10,0,epoch_round_tuning_dolly_dirichlet_r10/tuning-flora-dolly-tinyllama-heter-e5-r10,epoch_round_tuning_dolly_dirichlet_r10/tuning-flora-dolly-tinyllama-heter-e5-r10/seed0/10log.txt,10,True,score log,Complete,8,26.134455961014464
flora,Linear FLoRA,dolly,Dolly,tinyllama,TinyLlama,heter,Heter,5,10,0,epoch_round_tuning_dolly_dirichlet_r10/tuning-flora-dolly-tinyllama-heter-e5-r10,epoch_round_tuning_dolly_dirichlet_r10/tuning-flora-dolly-tinyllama-heter-e5-r10/seed0/10log.txt,10,True,score log,Complete,9,27.280963496072413
flora,Linear FLoRA,dolly,Dolly,tinyllama,TinyLlama,heter,Heter,5,10,0,epoch_round_tuning_dolly_dirichlet_r10/tuning-flora-dolly-tinyllama-heter-e5-r10,epoch_round_tuning_dolly_dirichlet_r10/tuning-flora-dolly-tinyllama-heter-e5-r10/seed0/10log.txt,10,True,score log,Complete,10,26.17251739399218
flora,Linear FLoRA,dolly,Dolly,tinyllama,TinyLlama,homo,Homo,1,10,0,epoch_round_tuning_dolly_dirichlet_r10/tuning-flora-dolly-tinyllama-homo-e1-r10,epoch_round_tuning_dolly_dirichlet_r10/tuning-flora-dolly-tinyllama-homo-e1-r10/seed0/10log.txt,10,True,score log,Complete,1,18.010128348096284
flora,Linear FLoRA,dolly,Dolly,tinyllama,TinyLlama,homo,Homo,1,10,0,epoch_round_tuning_dolly_dirichlet_r10/tuning-flora-dolly-tinyllama-homo-e1-r10,epoch_round_tuning_dolly_dirichlet_r10/tuning-flora-dolly-tinyllama-homo-e1-r10/seed0/10log.txt,10,True,score log,Complete,2,27.614028507987747
flora,Linear FLoRA,dolly,Dolly,tinyllama,TinyLlama,homo,Homo,1,10,0,epoch_round_tuning_dolly_dirichlet_r10/tuning-flora-dolly-tinyllama-homo-e1-r10,epoch_round_tuning_dolly_dirichlet_r10/tuning-flora-dolly-tinyllama-homo-e1-r10/seed0/10log.txt,10,True,score log,Complete,3,26.585125530414842
flora,Linear FLoRA,dolly,Dolly,tinyllama,TinyLlama,homo,Homo,1,10,0,epoch_round_tuning_dolly_dirichlet_r10/tuning-flora-dolly-tinyllama-homo-e1-r10,epoch_round_tuning_dolly_dirichlet_r10/tuning-flora-dolly-tinyllama-homo-e1-r10/seed0/10log.txt,10,True,score log,Complete,4,27.66823879720235
flora,Linear FLoRA,dolly,Dolly,tinyllama,TinyLlama,homo,Homo,1,10,0,epoch_round_tuning_dolly_dirichlet_r10/tuning-flora-dolly-tinyllama-homo-e1-r10,epoch_round_tuning_dolly_dirichlet_r10/tuning-flora-dolly-tinyllama-homo-e1-r10/seed0/10log.txt,10,True,score log,Complete,5,27.545509092791843
flora,Linear FLoRA,dolly,Dolly,tinyllama,TinyLlama,homo,Homo,1,10,0,epoch_round_tuning_dolly_dirichlet_r10/tuning-flora-dolly-tinyllama-homo-e1-r10,epoch_round_tuning_dolly_dirichlet_r10/tuning-flora-dolly-tinyllama-homo-e1-r10/seed0/10log.txt,10,True,score log,Complete,6,26.725295097132783
flora,Linear FLoRA,dolly,Dolly,tinyllama,TinyLlama,homo,Homo,1,10,0,epoch_round_tuning_dolly_dirichlet_r10/tuning-flora-dolly-tinyllama-homo-e1-r10,epoch_round_tuning_dolly_dirichlet_r10/tuning-flora-dolly-tinyllama-homo-e1-r10/seed0/10log.txt,10,True,score log,Complete,7,28.720285787559614
flora,Linear FLoRA,dolly,Dolly,tinyllama,TinyLlama,homo,Homo,1,10,0,epoch_round_tuning_dolly_dirichlet_r10/tuning-flora-dolly-tinyllama-homo-e1-r10,epoch_round_tuning_dolly_dirichlet_r10/tuning-flora-dolly-tinyllama-homo-e1-r10/seed0/10log.txt,10,True,score log,Complete,8,27.072113671880064
flora,Linear FLoRA,dolly,Dolly,tinyllama,TinyLlama,homo,Homo,1,10,0,epoch_round_tuning_dolly_dirichlet_r10/tuning-flora-dolly-tinyllama-homo-e1-r10,epoch_round_tuning_dolly_dirichlet_r10/tuning-flora-dolly-tinyllama-homo-e1-r10/seed0/10log.txt,10,True,score log,Complete,9,28.246422027111002
flora,Linear FLoRA,dolly,Dolly,tinyllama,TinyLlama,homo,Homo,1,10,0,epoch_round_tuning_dolly_dirichlet_r10/tuning-flora-dolly-tinyllama-homo-e1-r10,epoch_round_tuning_dolly_dirichlet_r10/tuning-flora-dolly-tinyllama-homo-e1-r10/seed0/10log.txt,10,True,score log,Complete,10,29.85784710827064
flora,Linear FLoRA,dolly,Dolly,tinyllama,TinyLlama,homo,Homo,2,10,0,epoch_round_tuning_dolly_dirichlet_r10/tuning-flora-dolly-tinyllama-homo-e2-r10,epoch_round_tuning_dolly_dirichlet_r10/tuning-flora-dolly-tinyllama-homo-e2-r10/seed0/10log.txt,10,True,score log,Complete,1,27.983047872846882
flora,Linear FLoRA,dolly,Dolly,tinyllama,TinyLlama,homo,Homo,2,10,0,epoch_round_tuning_dolly_dirichlet_r10/tuning-flora-dolly-tinyllama-homo-e2-r10,epoch_round_tuning_dolly_dirichlet_r10/tuning-flora-dolly-tinyllama-homo-e2-r10/seed0/10log.txt,10,True,score log,Complete,2,28.255832567351234
flora,Linear FLoRA,dolly,Dolly,tinyllama,TinyLlama,homo,Homo,2,10,0,epoch_round_tuning_dolly_dirichlet_r10/tuning-flora-dolly-tinyllama-homo-e2-r10,epoch_round_tuning_dolly_dirichlet_r10/tuning-flora-dolly-tinyllama-homo-e2-r10/seed0/10log.txt,10,True,score log,Complete,3,28.79523766284935
flora,Linear FLoRA,dolly,Dolly,tinyllama,TinyLlama,homo,Homo,2,10,0,epoch_round_tuning_dolly_dirichlet_r10/tuning-flora-dolly-tinyllama-homo-e2-r10,epoch_round_tuning_dolly_dirichlet_r10/tuning-flora-dolly-tinyllama-homo-e2-r10/seed0/10log.txt,10,True,score log,Complete,4,27.638068186193433
flora,Linear FLoRA,dolly,Dolly,tinyllama,TinyLlama,homo,Homo,2,10,0,epoch_round_tuning_dolly_dirichlet_r10/tuning-flora-dolly-tinyllama-homo-e2-r10,epoch_round_tuning_dolly_dirichlet_r10/tuning-flora-dolly-tinyllama-homo-e2-r10/seed0/10log.txt,10,True,score log,Complete,5,30.53585210089038
flora,Linear FLoRA,dolly,Dolly,tinyllama,TinyLlama,homo,Homo,2,10,0,epoch_round_tuning_dolly_dirichlet_r10/tuning-flora-dolly-tinyllama-homo-e2-r10,epoch_round_tuning_dolly_dirichlet_r10/tuning-flora-dolly-tinyllama-homo-e2-r10/seed0/10log.txt,10,True,score log,Complete,6,29.203063953326964
flora,Linear FLoRA,dolly,Dolly,tinyllama,TinyLlama,homo,Homo,2,10,0,epoch_round_tuning_dolly_dirichlet_r10/tuning-flora-dolly-tinyllama-homo-e2-r10,epoch_round_tuning_dolly_dirichlet_r10/tuning-flora-dolly-tinyllama-homo-e2-r10/seed0/10log.txt,10,True,score log,Complete,7,29.458413348457814
flora,Linear FLoRA,dolly,Dolly,tinyllama,TinyLlama,homo,Homo,2,10,0,epoch_round_tuning_dolly_dirichlet_r10/tuning-flora-dolly-tinyllama-homo-e2-r10,epoch_round_tuning_dolly_dirichlet_r10/tuning-flora-dolly-tinyllama-homo-e2-r10/seed0/10log.txt,10,True,score log,Complete,8,29.24455166705512
flora,Linear FLoRA,dolly,Dolly,tinyllama,TinyLlama,homo,Homo,2,10,0,epoch_round_tuning_dolly_dirichlet_r10/tuning-flora-dolly-tinyllama-homo-e2-r10,epoch_round_tuning_dolly_dirichlet_r10/tuning-flora-dolly-tinyllama-homo-e2-r10/seed0/10log.txt,10,True,score log,Complete,9,29.506879572471373
flora,Linear FLoRA,dolly,Dolly,tinyllama,TinyLlama,homo,Homo,2,10,0,epoch_round_tuning_dolly_dirichlet_r10/tuning-flora-dolly-tinyllama-homo-e2-r10,epoch_round_tuning_dolly_dirichlet_r10/tuning-flora-dolly-tinyllama-homo-e2-r10/seed0/10log.txt,10,True,score log,Complete,10,29.552222519942273
flora,Linear FLoRA,dolly,Dolly,tinyllama,TinyLlama,homo,Homo,3,10,0,epoch_round_tuning_dolly_dirichlet_r10/tuning-flora-dolly-tinyllama-homo-e3-r10,epoch_round_tuning_dolly_dirichlet_r10/tuning-flora-dolly-tinyllama-homo-e3-r10/seed0/10log.txt,10,True,score log,Complete,1,26.508065536872305
flora,Linear FLoRA,dolly,Dolly,tinyllama,TinyLlama,homo,Homo,3,10,0,epoch_round_tuning_dolly_dirichlet_r10/tuning-flora-dolly-tinyllama-homo-e3-r10,epoch_round_tuning_dolly_dirichlet_r10/tuning-flora-dolly-tinyllama-homo-e3-r10/seed0/10log.txt,10,True,score log,Complete,2,31.028687165879365
flora,Linear FLoRA,dolly,Dolly,tinyllama,TinyLlama,homo,Homo,3,10,0,epoch_round_tuning_dolly_dirichlet_r10/tuning-flora-dolly-tinyllama-homo-e3-r10,epoch_round_tuning_dolly_dirichlet_r10/tuning-flora-dolly-tinyllama-homo-e3-r10/seed0/10log.txt,10,True,score log,Complete,3,28.848531127361767
flora,Linear FLoRA,dolly,Dolly,tinyllama,TinyLlama,homo,Homo,3,10,0,epoch_round_tuning_dolly_dirichlet_r10/tuning-flora-dolly-tinyllama-homo-e3-r10,epoch_round_tuning_dolly_dirichlet_r10/tuning-flora-dolly-tinyllama-homo-e3-r10/seed0/10log.txt,10,True,score log,Complete,4,27.59275631055207
flora,Linear FLoRA,dolly,Dolly,tinyllama,TinyLlama,homo,Homo,3,10,0,epoch_round_tuning_dolly_dirichlet_r10/tuning-flora-dolly-tinyllama-homo-e3-r10,epoch_round_tuning_dolly_dirichlet_r10/tuning-flora-dolly-tinyllama-homo-e3-r10/seed0/10log.txt,10,True,score log,Complete,5,28.230679542480697
flora,Linear FLoRA,dolly,Dolly,tinyllama,TinyLlama,homo,Homo,3,10,0,epoch_round_tuning_dolly_dirichlet_r10/tuning-flora-dolly-tinyllama-homo-e3-r10,epoch_round_tuning_dolly_dirichlet_r10/tuning-flora-dolly-tinyllama-homo-e3-r10/seed0/10log.txt,10,True,score log,Complete,6,28.736019897065372
flora,Linear FLoRA,dolly,Dolly,tinyllama,TinyLlama,homo,Homo,3,10,0,epoch_round_tuning_dolly_dirichlet_r10/tuning-flora-dolly-tinyllama-homo-e3-r10,epoch_round_tuning_dolly_dirichlet_r10/tuning-flora-dolly-tinyllama-homo-e3-r10/seed0/10log.txt,10,True,score log,Complete,7,28.644235151620904
flora,Linear FLoRA,dolly,Dolly,tinyllama,TinyLlama,homo,Homo,3,10,0,epoch_round_tuning_dolly_dirichlet_r10/tuning-flora-dolly-tinyllama-homo-e3-r10,epoch_round_tuning_dolly_dirichlet_r10/tuning-flora-dolly-tinyllama-homo-e3-r10/seed0/10log.txt,10,True,score log,Complete,8,28.692853443901644
flora,Linear FLoRA,dolly,Dolly,tinyllama,TinyLlama,homo,Homo,3,10,0,epoch_round_tuning_dolly_dirichlet_r10/tuning-flora-dolly-tinyllama-homo-e3-r10,epoch_round_tuning_dolly_dirichlet_r10/tuning-flora-dolly-tinyllama-homo-e3-r10/seed0/10log.txt,10,True,score log,Complete,9,28.49340473168539
flora,Linear FLoRA,dolly,Dolly,tinyllama,TinyLlama,homo,Homo,3,10,0,epoch_round_tuning_dolly_dirichlet_r10/tuning-flora-dolly-tinyllama-homo-e3-r10,epoch_round_tuning_dolly_dirichlet_r10/tuning-flora-dolly-tinyllama-homo-e3-r10/seed0/10log.txt,10,True,score log,Complete,10,28.245048562134993
flora,Linear FLoRA,dolly,Dolly,tinyllama,TinyLlama,homo,Homo,5,10,0,epoch_round_tuning_dolly_dirichlet_r10/tuning-flora-dolly-tinyllama-homo-e5-r10,epoch_round_tuning_dolly_dirichlet_r10/tuning-flora-dolly-tinyllama-homo-e5-r10/seed0/10log.txt,10,True,score log,Complete,1,27.36925694574564
flora,Linear FLoRA,dolly,Dolly,tinyllama,TinyLlama,homo,Homo,5,10,0,epoch_round_tuning_dolly_dirichlet_r10/tuning-flora-dolly-tinyllama-homo-e5-r10,epoch_round_tuning_dolly_dirichlet_r10/tuning-flora-dolly-tinyllama-homo-e5-r10/seed0/10log.txt,10,True,score log,Complete,2,28.854729337720336
flora,Linear FLoRA,dolly,Dolly,tinyllama,TinyLlama,homo,Homo,5,10,0,epoch_round_tuning_dolly_dirichlet_r10/tuning-flora-dolly-tinyllama-homo-e5-r10,epoch_round_tuning_dolly_dirichlet_r10/tuning-flora-dolly-tinyllama-homo-e5-r10/seed0/10log.txt,10,True,score log,Complete,3,27.002630835986828
flora,Linear FLoRA,dolly,Dolly,tinyllama,TinyLlama,homo,Homo,5,10,0,epoch_round_tuning_dolly_dirichlet_r10/tuning-flora-dolly-tinyllama-homo-e5-r10,epoch_round_tuning_dolly_dirichlet_r10/tuning-flora-dolly-tinyllama-homo-e5-r10/seed0/10log.txt,10,True,score log,Complete,4,28.21303399309617
flora,Linear FLoRA,dolly,Dolly,tinyllama,TinyLlama,homo,Homo,5,10,0,epoch_round_tuning_dolly_dirichlet_r10/tuning-flora-dolly-tinyllama-homo-e5-r10,epoch_round_tuning_dolly_dirichlet_r10/tuning-flora-dolly-tinyllama-homo-e5-r10/seed0/10log.txt,10,True,score log,Complete,5,29.378843106659414
flora,Linear FLoRA,dolly,Dolly,tinyllama,TinyLlama,homo,Homo,5,10,0,epoch_round_tuning_dolly_dirichlet_r10/tuning-flora-dolly-tinyllama-homo-e5-r10,epoch_round_tuning_dolly_dirichlet_r10/tuning-flora-dolly-tinyllama-homo-e5-r10/seed0/10log.txt,10,True,score log,Complete,6,29.216810949450707
flora,Linear FLoRA,dolly,Dolly,tinyllama,TinyLlama,homo,Homo,5,10,0,epoch_round_tuning_dolly_dirichlet_r10/tuning-flora-dolly-tinyllama-homo-e5-r10,epoch_round_tuning_dolly_dirichlet_r10/tuning-flora-dolly-tinyllama-homo-e5-r10/seed0/10log.txt,10,True,score log,Complete,7,27.67479355501969
flora,Linear FLoRA,dolly,Dolly,tinyllama,TinyLlama,homo,Homo,5,10,0,epoch_round_tuning_dolly_dirichlet_r10/tuning-flora-dolly-tinyllama-homo-e5-r10,epoch_round_tuning_dolly_dirichlet_r10/tuning-flora-dolly-tinyllama-homo-e5-r10/seed0/10log.txt,10,True,score log,Complete,8,29.596836073923154
flora,Linear FLoRA,dolly,Dolly,tinyllama,TinyLlama,homo,Homo,5,10,0,epoch_round_tuning_dolly_dirichlet_r10/tuning-flora-dolly-tinyllama-homo-e5-r10,epoch_round_tuning_dolly_dirichlet_r10/tuning-flora-dolly-tinyllama-homo-e5-r10/seed0/10log.txt,10,True,score log,Complete,9,27.397886623678907
flora,Linear FLoRA,dolly,Dolly,tinyllama,TinyLlama,homo,Homo,5,10,0,epoch_round_tuning_dolly_dirichlet_r10/tuning-flora-dolly-tinyllama-homo-e5-r10,epoch_round_tuning_dolly_dirichlet_r10/tuning-flora-dolly-tinyllama-homo-e5-r10/seed0/10log.txt,10,True,score log,Complete,10,28.198280141477248
ffa,Nonlinear FFA,dolly_stratified,Dolly stratified,tinyllama,TinyLlama,heter,Heter,1,10,0,epoch_round_tuning_r10/tuning-ffa-dolly_stratified-tinyllama-heter-e1-r10,epoch_round_tuning_r10/tuning-ffa-dolly_stratified-tinyllama-heter-e1-r10/seed0/10/log.txt,10,True,score log,Complete,1,18.32076348701427
ffa,Nonlinear FFA,dolly_stratified,Dolly stratified,tinyllama,TinyLlama,heter,Heter,1,10,0,epoch_round_tuning_r10/tuning-ffa-dolly_stratified-tinyllama-heter-e1-r10,epoch_round_tuning_r10/tuning-ffa-dolly_stratified-tinyllama-heter-e1-r10/seed0/10/log.txt,10,True,score log,Complete,2,19.955074579294326
ffa,Nonlinear FFA,dolly_stratified,Dolly stratified,tinyllama,TinyLlama,heter,Heter,1,10,0,epoch_round_tuning_r10/tuning-ffa-dolly_stratified-tinyllama-heter-e1-r10,epoch_round_tuning_r10/tuning-ffa-dolly_stratified-tinyllama-heter-e1-r10/seed0/10/log.txt,10,True,score log,Complete,3,21.297598687832863
ffa,Nonlinear FFA,dolly_stratified,Dolly stratified,tinyllama,TinyLlama,heter,Heter,1,10,0,epoch_round_tuning_r10/tuning-ffa-dolly_stratified-tinyllama-heter-e1-r10,epoch_round_tuning_r10/tuning-ffa-dolly_stratified-tinyllama-heter-e1-r10/seed0/10/log.txt,10,True,score log,Complete,4,21.98872992264974
ffa,Nonlinear FFA,dolly_stratified,Dolly stratified,tinyllama,TinyLlama,heter,Heter,1,10,0,epoch_round_tuning_r10/tuning-ffa-dolly_stratified-tinyllama-heter-e1-r10,epoch_round_tuning_r10/tuning-ffa-dolly_stratified-tinyllama-heter-e1-r10/seed0/10/log.txt,10,True,score log,Complete,5,22.488107027375445
ffa,Nonlinear FFA,dolly_stratified,Dolly stratified,tinyllama,TinyLlama,heter,Heter,1,10,0,epoch_round_tuning_r10/tuning-ffa-dolly_stratified-tinyllama-heter-e1-r10,epoch_round_tuning_r10/tuning-ffa-dolly_stratified-tinyllama-heter-e1-r10/seed0/10/log.txt,10,True,score log,Complete,6,25.592671724160294
ffa,Nonlinear FFA,dolly_stratified,Dolly stratified,tinyllama,TinyLlama,heter,Heter,1,10,0,epoch_round_tuning_r10/tuning-ffa-dolly_stratified-tinyllama-heter-e1-r10,epoch_round_tuning_r10/tuning-ffa-dolly_stratified-tinyllama-heter-e1-r10/seed0/10/log.txt,10,True,score log,Complete,7,24.50469631179817
ffa,Nonlinear FFA,dolly_stratified,Dolly stratified,tinyllama,TinyLlama,heter,Heter,1,10,0,epoch_round_tuning_r10/tuning-ffa-dolly_stratified-tinyllama-heter-e1-r10,epoch_round_tuning_r10/tuning-ffa-dolly_stratified-tinyllama-heter-e1-r10/seed0/10/log.txt,10,True,score log,Complete,8,25.997902444933825
ffa,Nonlinear FFA,dolly_stratified,Dolly stratified,tinyllama,TinyLlama,heter,Heter,1,10,0,epoch_round_tuning_r10/tuning-ffa-dolly_stratified-tinyllama-heter-e1-r10,epoch_round_tuning_r10/tuning-ffa-dolly_stratified-tinyllama-heter-e1-r10/seed0/10/log.txt,10,True,score log,Complete,9,26.404860293623685
ffa,Nonlinear FFA,dolly_stratified,Dolly stratified,tinyllama,TinyLlama,heter,Heter,1,10,0,epoch_round_tuning_r10/tuning-ffa-dolly_stratified-tinyllama-heter-e1-r10,epoch_round_tuning_r10/tuning-ffa-dolly_stratified-tinyllama-heter-e1-r10/seed0/10/log.txt,10,True,score log,Complete,10,26.28020641367587
ffa,Nonlinear FFA,dolly_stratified,Dolly stratified,tinyllama,TinyLlama,heter,Heter,2,10,0,epoch_round_tuning_r10/tuning-ffa-dolly_stratified-tinyllama-heter-e2-r10,epoch_round_tuning_r10/tuning-ffa-dolly_stratified-tinyllama-heter-e2-r10/seed0/10/log.txt,10,True,score log,Complete,1,19.444955249787988
ffa,Nonlinear FFA,dolly_stratified,Dolly stratified,tinyllama,TinyLlama,heter,Heter,2,10,0,epoch_round_tuning_r10/tuning-ffa-dolly_stratified-tinyllama-heter-e2-r10,epoch_round_tuning_r10/tuning-ffa-dolly_stratified-tinyllama-heter-e2-r10/seed0/10/log.txt,10,True,score log,Complete,2,25.10452253431818
ffa,Nonlinear FFA,dolly_stratified,Dolly stratified,tinyllama,TinyLlama,heter,Heter,2,10,0,epoch_round_tuning_r10/tuning-ffa-dolly_stratified-tinyllama-heter-e2-r10,epoch_round_tuning_r10/tuning-ffa-dolly_stratified-tinyllama-heter-e2-r10/seed0/10/log.txt,10,True,score log,Complete,3,24.979742179158173
ffa,Nonlinear FFA,dolly_stratified,Dolly stratified,tinyllama,TinyLlama,heter,Heter,2,10,0,epoch_round_tuning_r10/tuning-ffa-dolly_stratified-tinyllama-heter-e2-r10,epoch_round_tuning_r10/tuning-ffa-dolly_stratified-tinyllama-heter-e2-r10/seed0/10/log.txt,10,True,score log,Complete,4,25.263251165104045
ffa,Nonlinear FFA,dolly_stratified,Dolly stratified,tinyllama,TinyLlama,heter,Heter,2,10,0,epoch_round_tuning_r10/tuning-ffa-dolly_stratified-tinyllama-heter-e2-r10,epoch_round_tuning_r10/tuning-ffa-dolly_stratified-tinyllama-heter-e2-r10/seed0/10/log.txt,10,True,score log,Complete,5,27.69211895332363
ffa,Nonlinear FFA,dolly_stratified,Dolly stratified,tinyllama,TinyLlama,heter,Heter,2,10,0,epoch_round_tuning_r10/tuning-ffa-dolly_stratified-tinyllama-heter-e2-r10,epoch_round_tuning_r10/tuning-ffa-dolly_stratified-tinyllama-heter-e2-r10/seed0/10/log.txt,10,True,score log,Complete,6,27.145402210994202
ffa,Nonlinear FFA,dolly_stratified,Dolly stratified,tinyllama,TinyLlama,heter,Heter,2,10,0,epoch_round_tuning_r10/tuning-ffa-dolly_stratified-tinyllama-heter-e2-r10,epoch_round_tuning_r10/tuning-ffa-dolly_stratified-tinyllama-heter-e2-r10/seed0/10/log.txt,10,True,score log,Complete,7,27.575156568454556
ffa,Nonlinear FFA,dolly_stratified,Dolly stratified,tinyllama,TinyLlama,heter,Heter,2,10,0,epoch_round_tuning_r10/tuning-ffa-dolly_stratified-tinyllama-heter-e2-r10,epoch_round_tuning_r10/tuning-ffa-dolly_stratified-tinyllama-heter-e2-r10/seed0/10/log.txt,10,True,score log,Complete,8,27.593233936698976
ffa,Nonlinear FFA,dolly_stratified,Dolly stratified,tinyllama,TinyLlama,heter,Heter,2,10,0,epoch_round_tuning_r10/tuning-ffa-dolly_stratified-tinyllama-heter-e2-r10,epoch_round_tuning_r10/tuning-ffa-dolly_stratified-tinyllama-heter-e2-r10/seed0/10/log.txt,10,True,score log,Complete,9,28.423145051655762
ffa,Nonlinear FFA,dolly_stratified,Dolly stratified,tinyllama,TinyLlama,heter,Heter,2,10,0,epoch_round_tuning_r10/tuning-ffa-dolly_stratified-tinyllama-heter-e2-r10,epoch_round_tuning_r10/tuning-ffa-dolly_stratified-tinyllama-heter-e2-r10/seed0/10/log.txt,10,True,score log,Complete,10,25.922830166480527
ffa,Nonlinear FFA,dolly_stratified,Dolly stratified,tinyllama,TinyLlama,heter,Heter,3,10,0,epoch_round_tuning_r10/tuning-ffa-dolly_stratified-tinyllama-heter-e3-r10,epoch_round_tuning_r10/tuning-ffa-dolly_stratified-tinyllama-heter-e3-r10/seed0/10/log.txt,10,True,score log,Complete,1,23.32597960177428
ffa,Nonlinear FFA,dolly_stratified,Dolly stratified,tinyllama,TinyLlama,heter,Heter,3,10,0,epoch_round_tuning_r10/tuning-ffa-dolly_stratified-tinyllama-heter-e3-r10,epoch_round_tuning_r10/tuning-ffa-dolly_stratified-tinyllama-heter-e3-r10/seed0/10/log.txt,10,True,score log,Complete,2,25.567804585243092
ffa,Nonlinear FFA,dolly_stratified,Dolly stratified,tinyllama,TinyLlama,heter,Heter,3,10,0,epoch_round_tuning_r10/tuning-ffa-dolly_stratified-tinyllama-heter-e3-r10,epoch_round_tuning_r10/tuning-ffa-dolly_stratified-tinyllama-heter-e3-r10/seed0/10/log.txt,10,True,score log,Complete,3,27.601900551512376
ffa,Nonlinear FFA,dolly_stratified,Dolly stratified,tinyllama,TinyLlama,heter,Heter,3,10,0,epoch_round_tuning_r10/tuning-ffa-dolly_stratified-tinyllama-heter-e3-r10,epoch_round_tuning_r10/tuning-ffa-dolly_stratified-tinyllama-heter-e3-r10/seed0/10/log.txt,10,True,score log,Complete,4,25.268655349912645
ffa,Nonlinear FFA,dolly_stratified,Dolly stratified,tinyllama,TinyLlama,heter,Heter,3,10,0,epoch_round_tuning_r10/tuning-ffa-dolly_stratified-tinyllama-heter-e3-r10,epoch_round_tuning_r10/tuning-ffa-dolly_stratified-tinyllama-heter-e3-r10/seed0/10/log.txt,10,True,score log,Complete,5,29.619329742120637
ffa,Nonlinear FFA,dolly_stratified,Dolly stratified,tinyllama,TinyLlama,heter,Heter,3,10,0,epoch_round_tuning_r10/tuning-ffa-dolly_stratified-tinyllama-heter-e3-r10,epoch_round_tuning_r10/tuning-ffa-dolly_stratified-tinyllama-heter-e3-r10/seed0/10/log.txt,10,True,score log,Complete,6,27.92600044044117
ffa,Nonlinear FFA,dolly_stratified,Dolly stratified,tinyllama,TinyLlama,heter,Heter,3,10,0,epoch_round_tuning_r10/tuning-ffa-dolly_stratified-tinyllama-heter-e3-r10,epoch_round_tuning_r10/tuning-ffa-dolly_stratified-tinyllama-heter-e3-r10/seed0/10/log.txt,10,True,score log,Complete,7,28.16353547830107
ffa,Nonlinear FFA,dolly_stratified,Dolly stratified,tinyllama,TinyLlama,heter,Heter,3,10,0,epoch_round_tuning_r10/tuning-ffa-dolly_stratified-tinyllama-heter-e3-r10,epoch_round_tuning_r10/tuning-ffa-dolly_stratified-tinyllama-heter-e3-r10/seed0/10/log.txt,10,True,score log,Complete,8,28.93448541122181
ffa,Nonlinear FFA,dolly_stratified,Dolly stratified,tinyllama,TinyLlama,heter,Heter,3,10,0,epoch_round_tuning_r10/tuning-ffa-dolly_stratified-tinyllama-heter-e3-r10,epoch_round_tuning_r10/tuning-ffa-dolly_stratified-tinyllama-heter-e3-r10/seed0/10/log.txt,10,True,score log,Complete,9,28.606487071755858
ffa,Nonlinear FFA,dolly_stratified,Dolly stratified,tinyllama,TinyLlama,heter,Heter,3,10,0,epoch_round_tuning_r10/tuning-ffa-dolly_stratified-tinyllama-heter-e3-r10,epoch_round_tuning_r10/tuning-ffa-dolly_stratified-tinyllama-heter-e3-r10/seed0/10/log.txt,10,True,score log,Complete,10,27.944404334391443
ffa,Nonlinear FFA,dolly_stratified,Dolly stratified,tinyllama,TinyLlama,heter,Heter,5,10,0,epoch_round_tuning_r10/tuning-ffa-dolly_stratified-tinyllama-heter-e5-r10,epoch_round_tuning_r10/tuning-ffa-dolly_stratified-tinyllama-heter-e5-r10/seed0/10/log.txt,10,True,score log,Complete,1,25.121678527954604
ffa,Nonlinear FFA,dolly_stratified,Dolly stratified,tinyllama,TinyLlama,heter,Heter,5,10,0,epoch_round_tuning_r10/tuning-ffa-dolly_stratified-tinyllama-heter-e5-r10,epoch_round_tuning_r10/tuning-ffa-dolly_stratified-tinyllama-heter-e5-r10/seed0/10/log.txt,10,True,score log,Complete,2,26.835100796820736
ffa,Nonlinear FFA,dolly_stratified,Dolly stratified,tinyllama,TinyLlama,heter,Heter,5,10,0,epoch_round_tuning_r10/tuning-ffa-dolly_stratified-tinyllama-heter-e5-r10,epoch_round_tuning_r10/tuning-ffa-dolly_stratified-tinyllama-heter-e5-r10/seed0/10/log.txt,10,True,score log,Complete,3,26.90129302282639
ffa,Nonlinear FFA,dolly_stratified,Dolly stratified,tinyllama,TinyLlama,heter,Heter,5,10,0,epoch_round_tuning_r10/tuning-ffa-dolly_stratified-tinyllama-heter-e5-r10,epoch_round_tuning_r10/tuning-ffa-dolly_stratified-tinyllama-heter-e5-r10/seed0/10/log.txt,10,True,score log,Complete,4,28.212133550621747
ffa,Nonlinear FFA,dolly_stratified,Dolly stratified,tinyllama,TinyLlama,heter,Heter,5,10,0,epoch_round_tuning_r10/tuning-ffa-dolly_stratified-tinyllama-heter-e5-r10,epoch_round_tuning_r10/tuning-ffa-dolly_stratified-tinyllama-heter-e5-r10/seed0/10/log.txt,10,True,score log,Complete,5,29.458925870359533
ffa,Nonlinear FFA,dolly_stratified,Dolly stratified,tinyllama,TinyLlama,heter,Heter,5,10,0,epoch_round_tuning_r10/tuning-ffa-dolly_stratified-tinyllama-heter-e5-r10,epoch_round_tuning_r10/tuning-ffa-dolly_stratified-tinyllama-heter-e5-r10/seed0/10/log.txt,10,True,score log,Complete,6,27.35703348913242
ffa,Nonlinear FFA,dolly_stratified,Dolly stratified,tinyllama,TinyLlama,heter,Heter,5,10,0,epoch_round_tuning_r10/tuning-ffa-dolly_stratified-tinyllama-heter-e5-r10,epoch_round_tuning_r10/tuning-ffa-dolly_stratified-tinyllama-heter-e5-r10/seed0/10/log.txt,10,True,score log,Complete,7,29.01219332116927
ffa,Nonlinear FFA,dolly_stratified,Dolly stratified,tinyllama,TinyLlama,heter,Heter,5,10,0,epoch_round_tuning_r10/tuning-ffa-dolly_stratified-tinyllama-heter-e5-r10,epoch_round_tuning_r10/tuning-ffa-dolly_stratified-tinyllama-heter-e5-r10/seed0/10/log.txt,10,True,score log,Complete,8,27.679115370475703
ffa,Nonlinear FFA,dolly_stratified,Dolly stratified,tinyllama,TinyLlama,heter,Heter,5,10,0,epoch_round_tuning_r10/tuning-ffa-dolly_stratified-tinyllama-heter-e5-r10,epoch_round_tuning_r10/tuning-ffa-dolly_stratified-tinyllama-heter-e5-r10/seed0/10/log.txt,10,True,score log,Complete,9,28.973001141844733
ffa,Nonlinear FFA,dolly_stratified,Dolly stratified,tinyllama,TinyLlama,heter,Heter,5,10,0,epoch_round_tuning_r10/tuning-ffa-dolly_stratified-tinyllama-heter-e5-r10,epoch_round_tuning_r10/tuning-ffa-dolly_stratified-tinyllama-heter-e5-r10/seed0/10/log.txt,10,True,score log,Complete,10,28.898665834128945
ffa,Nonlinear FFA,dolly_stratified,Dolly stratified,tinyllama,TinyLlama,homo,Homo,1,10,0,epoch_round_tuning_r10/tuning-ffa-dolly_stratified-tinyllama-homo-e1-r10,epoch_round_tuning_r10/tuning-ffa-dolly_stratified-tinyllama-homo-e1-r10/seed0/10/log.txt,10,True,score log,Complete,1,15.851024247055175
ffa,Nonlinear FFA,dolly_stratified,Dolly stratified,tinyllama,TinyLlama,homo,Homo,1,10,0,epoch_round_tuning_r10/tuning-ffa-dolly_stratified-tinyllama-homo-e1-r10,epoch_round_tuning_r10/tuning-ffa-dolly_stratified-tinyllama-homo-e1-r10/seed0/10/log.txt,10,True,score log,Complete,2,19.161024326830027
ffa,Nonlinear FFA,dolly_stratified,Dolly stratified,tinyllama,TinyLlama,homo,Homo,1,10,0,epoch_round_tuning_r10/tuning-ffa-dolly_stratified-tinyllama-homo-e1-r10,epoch_round_tuning_r10/tuning-ffa-dolly_stratified-tinyllama-homo-e1-r10/seed0/10/log.txt,10,True,score log,Complete,3,22.496382578059247
ffa,Nonlinear FFA,dolly_stratified,Dolly stratified,tinyllama,TinyLlama,homo,Homo,1,10,0,epoch_round_tuning_r10/tuning-ffa-dolly_stratified-tinyllama-homo-e1-r10,epoch_round_tuning_r10/tuning-ffa-dolly_stratified-tinyllama-homo-e1-r10/seed0/10/log.txt,10,True,score log,Complete,4,26.14937314177006
ffa,Nonlinear FFA,dolly_stratified,Dolly stratified,tinyllama,TinyLlama,homo,Homo,1,10,0,epoch_round_tuning_r10/tuning-ffa-dolly_stratified-tinyllama-homo-e1-r10,epoch_round_tuning_r10/tuning-ffa-dolly_stratified-tinyllama-homo-e1-r10/seed0/10/log.txt,10,True,score log,Complete,5,27.398392328683464
ffa,Nonlinear FFA,dolly_stratified,Dolly stratified,tinyllama,TinyLlama,homo,Homo,1,10,0,epoch_round_tuning_r10/tuning-ffa-dolly_stratified-tinyllama-homo-e1-r10,epoch_round_tuning_r10/tuning-ffa-dolly_stratified-tinyllama-homo-e1-r10/seed0/10/log.txt,10,True,score log,Complete,6,27.633404896184246
ffa,Nonlinear FFA,dolly_stratified,Dolly stratified,tinyllama,TinyLlama,homo,Homo,1,10,0,epoch_round_tuning_r10/tuning-ffa-dolly_stratified-tinyllama-homo-e1-r10,epoch_round_tuning_r10/tuning-ffa-dolly_stratified-tinyllama-homo-e1-r10/seed0/10/log.txt,10,True,score log,Complete,7,28.031812629481596
ffa,Nonlinear FFA,dolly_stratified,Dolly stratified,tinyllama,TinyLlama,homo,Homo,1,10,0,epoch_round_tuning_r10/tuning-ffa-dolly_stratified-tinyllama-homo-e1-r10,epoch_round_tuning_r10/tuning-ffa-dolly_stratified-tinyllama-homo-e1-r10/seed0/10/log.txt,10,True,score log,Complete,8,28.54904089489799
ffa,Nonlinear FFA,dolly_stratified,Dolly stratified,tinyllama,TinyLlama,homo,Homo,1,10,0,epoch_round_tuning_r10/tuning-ffa-dolly_stratified-tinyllama-homo-e1-r10,epoch_round_tuning_r10/tuning-ffa-dolly_stratified-tinyllama-homo-e1-r10/seed0/10/log.txt,10,True,score log,Complete,9,28.342641670473263
ffa,Nonlinear FFA,dolly_stratified,Dolly stratified,tinyllama,TinyLlama,homo,Homo,1,10,0,epoch_round_tuning_r10/tuning-ffa-dolly_stratified-tinyllama-homo-e1-r10,epoch_round_tuning_r10/tuning-ffa-dolly_stratified-tinyllama-homo-e1-r10/seed0/10/log.txt,10,True,score log,Complete,10,27.679297499751975
ffa,Nonlinear FFA,dolly_stratified,Dolly stratified,tinyllama,TinyLlama,homo,Homo,2,10,0,epoch_round_tuning_r10/tuning-ffa-dolly_stratified-tinyllama-homo-e2-r10,epoch_round_tuning_r10/tuning-ffa-dolly_stratified-tinyllama-homo-e2-r10/seed0/10/log.txt,10,True,score log,Complete,1,18.553322360446
ffa,Nonlinear FFA,dolly_stratified,Dolly stratified,tinyllama,TinyLlama,homo,Homo,2,10,0,epoch_round_tuning_r10/tuning-ffa-dolly_stratified-tinyllama-homo-e2-r10,epoch_round_tuning_r10/tuning-ffa-dolly_stratified-tinyllama-homo-e2-r10/seed0/10/log.txt,10,True,score log,Complete,2,25.18449874691195
ffa,Nonlinear FFA,dolly_stratified,Dolly stratified,tinyllama,TinyLlama,homo,Homo,2,10,0,epoch_round_tuning_r10/tuning-ffa-dolly_stratified-tinyllama-homo-e2-r10,epoch_round_tuning_r10/tuning-ffa-dolly_stratified-tinyllama-homo-e2-r10/seed0/10/log.txt,10,True,score log,Complete,3,27.562321549027182
ffa,Nonlinear FFA,dolly_stratified,Dolly stratified,tinyllama,TinyLlama,homo,Homo,2,10,0,epoch_round_tuning_r10/tuning-ffa-dolly_stratified-tinyllama-homo-e2-r10,epoch_round_tuning_r10/tuning-ffa-dolly_stratified-tinyllama-homo-e2-r10/seed0/10/log.txt,10,True,score log,Complete,4,29.31128088622011
ffa,Nonlinear FFA,dolly_stratified,Dolly stratified,tinyllama,TinyLlama,homo,Homo,2,10,0,epoch_round_tuning_r10/tuning-ffa-dolly_stratified-tinyllama-homo-e2-r10,epoch_round_tuning_r10/tuning-ffa-dolly_stratified-tinyllama-homo-e2-r10/seed0/10/log.txt,10,True,score log,Complete,5,28.246556852905506
ffa,Nonlinear FFA,dolly_stratified,Dolly stratified,tinyllama,TinyLlama,homo,Homo,2,10,0,epoch_round_tuning_r10/tuning-ffa-dolly_stratified-tinyllama-homo-e2-r10,epoch_round_tuning_r10/tuning-ffa-dolly_stratified-tinyllama-homo-e2-r10/seed0/10/log.txt,10,True,score log,Complete,6,28.313626451769565
ffa,Nonlinear FFA,dolly_stratified,Dolly stratified,tinyllama,TinyLlama,homo,Homo,2,10,0,epoch_round_tuning_r10/tuning-ffa-dolly_stratified-tinyllama-homo-e2-r10,epoch_round_tuning_r10/tuning-ffa-dolly_stratified-tinyllama-homo-e2-r10/seed0/10/log.txt,10,True,score log,Complete,7,27.941164570690226
ffa,Nonlinear FFA,dolly_stratified,Dolly stratified,tinyllama,TinyLlama,homo,Homo,2,10,0,epoch_round_tuning_r10/tuning-ffa-dolly_stratified-tinyllama-homo-e2-r10,epoch_round_tuning_r10/tuning-ffa-dolly_stratified-tinyllama-homo-e2-r10/seed0/10/log.txt,10,True,score log,Complete,8,28.63864398461031
ffa,Nonlinear FFA,dolly_stratified,Dolly stratified,tinyllama,TinyLlama,homo,Homo,2,10,0,epoch_round_tuning_r10/tuning-ffa-dolly_stratified-tinyllama-homo-e2-r10,epoch_round_tuning_r10/tuning-ffa-dolly_stratified-tinyllama-homo-e2-r10/seed0/10/log.txt,10,True,score log,Complete,9,29.548327991430938
ffa,Nonlinear FFA,dolly_stratified,Dolly stratified,tinyllama,TinyLlama,homo,Homo,2,10,0,epoch_round_tuning_r10/tuning-ffa-dolly_stratified-tinyllama-homo-e2-r10,epoch_round_tuning_r10/tuning-ffa-dolly_stratified-tinyllama-homo-e2-r10/seed0/10/log.txt,10,True,score log,Complete,10,29.76382677072457
ffa,Nonlinear FFA,dolly_stratified,Dolly stratified,tinyllama,TinyLlama,homo,Homo,3,10,0,epoch_round_tuning_r10/tuning-ffa-dolly_stratified-tinyllama-homo-e3-r10,epoch_round_tuning_r10/tuning-ffa-dolly_stratified-tinyllama-homo-e3-r10/seed0/10/log.txt,10,True,score log,Complete,1,19.4513250965125
ffa,Nonlinear FFA,dolly_stratified,Dolly stratified,tinyllama,TinyLlama,homo,Homo,3,10,0,epoch_round_tuning_r10/tuning-ffa-dolly_stratified-tinyllama-homo-e3-r10,epoch_round_tuning_r10/tuning-ffa-dolly_stratified-tinyllama-homo-e3-r10/seed0/10/log.txt,10,True,score log,Complete,2,28.433601903706464
ffa,Nonlinear FFA,dolly_stratified,Dolly stratified,tinyllama,TinyLlama,homo,Homo,3,10,0,epoch_round_tuning_r10/tuning-ffa-dolly_stratified-tinyllama-homo-e3-r10,epoch_round_tuning_r10/tuning-ffa-dolly_stratified-tinyllama-homo-e3-r10/seed0/10/log.txt,10,True,score log,Complete,3,28.665720056896998
ffa,Nonlinear FFA,dolly_stratified,Dolly stratified,tinyllama,TinyLlama,homo,Homo,3,10,0,epoch_round_tuning_r10/tuning-ffa-dolly_stratified-tinyllama-homo-e3-r10,epoch_round_tuning_r10/tuning-ffa-dolly_stratified-tinyllama-homo-e3-r10/seed0/10/log.txt,10,True,score log,Complete,4,28.34582889491508
ffa,Nonlinear FFA,dolly_stratified,Dolly stratified,tinyllama,TinyLlama,homo,Homo,3,10,0,epoch_round_tuning_r10/tuning-ffa-dolly_stratified-tinyllama-homo-e3-r10,epoch_round_tuning_r10/tuning-ffa-dolly_stratified-tinyllama-homo-e3-r10/seed0/10/log.txt,10,True,score log,Complete,5,28.955224083372922
ffa,Nonlinear FFA,dolly_stratified,Dolly stratified,tinyllama,TinyLlama,homo,Homo,3,10,0,epoch_round_tuning_r10/tuning-ffa-dolly_stratified-tinyllama-homo-e3-r10,epoch_round_tuning_r10/tuning-ffa-dolly_stratified-tinyllama-homo-e3-r10/seed0/10/log.txt,10,True,score log,Complete,6,29.23599899447004
ffa,Nonlinear FFA,dolly_stratified,Dolly stratified,tinyllama,TinyLlama,homo,Homo,3,10,0,epoch_round_tuning_r10/tuning-ffa-dolly_stratified-tinyllama-homo-e3-r10,epoch_round_tuning_r10/tuning-ffa-dolly_stratified-tinyllama-homo-e3-r10/seed0/10/log.txt,10,True,score log,Complete,7,30.616932937943336
ffa,Nonlinear FFA,dolly_stratified,Dolly stratified,tinyllama,TinyLlama,homo,Homo,3,10,0,epoch_round_tuning_r10/tuning-ffa-dolly_stratified-tinyllama-homo-e3-r10,epoch_round_tuning_r10/tuning-ffa-dolly_stratified-tinyllama-homo-e3-r10/seed0/10/log.txt,10,True,score log,Complete,8,30.318378997843563
ffa,Nonlinear FFA,dolly_stratified,Dolly stratified,tinyllama,TinyLlama,homo,Homo,3,10,0,epoch_round_tuning_r10/tuning-ffa-dolly_stratified-tinyllama-homo-e3-r10,epoch_round_tuning_r10/tuning-ffa-dolly_stratified-tinyllama-homo-e3-r10/seed0/10/log.txt,10,True,score log,Complete,9,29.785414210681736
ffa,Nonlinear FFA,dolly_stratified,Dolly stratified,tinyllama,TinyLlama,homo,Homo,3,10,0,epoch_round_tuning_r10/tuning-ffa-dolly_stratified-tinyllama-homo-e3-r10,epoch_round_tuning_r10/tuning-ffa-dolly_stratified-tinyllama-homo-e3-r10/seed0/10/log.txt,10,True,score log,Complete,10,31.264767281439244
ffa,Nonlinear FFA,dolly_stratified,Dolly stratified,tinyllama,TinyLlama,homo,Homo,5,10,0,epoch_round_tuning_r10/tuning-ffa-dolly_stratified-tinyllama-homo-e5-r10,epoch_round_tuning_r10/tuning-ffa-dolly_stratified-tinyllama-homo-e5-r10/seed0/10/log.txt,10,True,score log,Complete,1,25.99927769828887
ffa,Nonlinear FFA,dolly_stratified,Dolly stratified,tinyllama,TinyLlama,homo,Homo,5,10,0,epoch_round_tuning_r10/tuning-ffa-dolly_stratified-tinyllama-homo-e5-r10,epoch_round_tuning_r10/tuning-ffa-dolly_stratified-tinyllama-homo-e5-r10/seed0/10/log.txt,10,True,score log,Complete,2,29.112118054819515
ffa,Nonlinear FFA,dolly_stratified,Dolly stratified,tinyllama,TinyLlama,homo,Homo,5,10,0,epoch_round_tuning_r10/tuning-ffa-dolly_stratified-tinyllama-homo-e5-r10,epoch_round_tuning_r10/tuning-ffa-dolly_stratified-tinyllama-homo-e5-r10/seed0/10/log.txt,10,True,score log,Complete,3,27.405114158158657
ffa,Nonlinear FFA,dolly_stratified,Dolly stratified,tinyllama,TinyLlama,homo,Homo,5,10,0,epoch_round_tuning_r10/tuning-ffa-dolly_stratified-tinyllama-homo-e5-r10,epoch_round_tuning_r10/tuning-ffa-dolly_stratified-tinyllama-homo-e5-r10/seed0/10/log.txt,10,True,score log,Complete,4,29.15360801986018
ffa,Nonlinear FFA,dolly_stratified,Dolly stratified,tinyllama,TinyLlama,homo,Homo,5,10,0,epoch_round_tuning_r10/tuning-ffa-dolly_stratified-tinyllama-homo-e5-r10,epoch_round_tuning_r10/tuning-ffa-dolly_stratified-tinyllama-homo-e5-r10/seed0/10/log.txt,10,True,score log,Complete,5,28.797494836034467
ffa,Nonlinear FFA,dolly_stratified,Dolly stratified,tinyllama,TinyLlama,homo,Homo,5,10,0,epoch_round_tuning_r10/tuning-ffa-dolly_stratified-tinyllama-homo-e5-r10,epoch_round_tuning_r10/tuning-ffa-dolly_stratified-tinyllama-homo-e5-r10/seed0/10/log.txt,10,True,score log,Complete,6,29.674882364489875
ffa,Nonlinear FFA,dolly_stratified,Dolly stratified,tinyllama,TinyLlama,homo,Homo,5,10,0,epoch_round_tuning_r10/tuning-ffa-dolly_stratified-tinyllama-homo-e5-r10,epoch_round_tuning_r10/tuning-ffa-dolly_stratified-tinyllama-homo-e5-r10/seed0/10/log.txt,10,True,score log,Complete,7,29.706705757440016
ffa,Nonlinear FFA,dolly_stratified,Dolly stratified,tinyllama,TinyLlama,homo,Homo,5,10,0,epoch_round_tuning_r10/tuning-ffa-dolly_stratified-tinyllama-homo-e5-r10,epoch_round_tuning_r10/tuning-ffa-dolly_stratified-tinyllama-homo-e5-r10/seed0/10/log.txt,10,True,score log,Complete,8,30.705571806875405
ffa,Nonlinear FFA,dolly_stratified,Dolly stratified,tinyllama,TinyLlama,homo,Homo,5,10,0,epoch_round_tuning_r10/tuning-ffa-dolly_stratified-tinyllama-homo-e5-r10,epoch_round_tuning_r10/tuning-ffa-dolly_stratified-tinyllama-homo-e5-r10/seed0/10/log.txt,10,True,score log,Complete,9,30.968776637827954
ffa,Nonlinear FFA,dolly_stratified,Dolly stratified,tinyllama,TinyLlama,homo,Homo,5,10,0,epoch_round_tuning_r10/tuning-ffa-dolly_stratified-tinyllama-homo-e5-r10,epoch_round_tuning_r10/tuning-ffa-dolly_stratified-tinyllama-homo-e5-r10/seed0/10/log.txt,10,True,score log,Complete,10,28.456925303153803
flora,Linear FLoRA,dolly_stratified,Dolly stratified,tinyllama,TinyLlama,heter,Heter,1,10,0,epoch_round_tuning_r10/tuning-flora-dolly_stratified-tinyllama-heter-e1-r10,epoch_round_tuning_r10/tuning-flora-dolly_stratified-tinyllama-heter-e1-r10/seed0/10log.txt,10,True,score log,Complete,1,21.69317730541828
flora,Linear FLoRA,dolly_stratified,Dolly stratified,tinyllama,TinyLlama,heter,Heter,1,10,0,epoch_round_tuning_r10/tuning-flora-dolly_stratified-tinyllama-heter-e1-r10,epoch_round_tuning_r10/tuning-flora-dolly_stratified-tinyllama-heter-e1-r10/seed0/10log.txt,10,True,score log,Complete,2,26.545189102425244
flora,Linear FLoRA,dolly_stratified,Dolly stratified,tinyllama,TinyLlama,heter,Heter,1,10,0,epoch_round_tuning_r10/tuning-flora-dolly_stratified-tinyllama-heter-e1-r10,epoch_round_tuning_r10/tuning-flora-dolly_stratified-tinyllama-heter-e1-r10/seed0/10log.txt,10,True,score log,Complete,3,27.31806762394634
flora,Linear FLoRA,dolly_stratified,Dolly stratified,tinyllama,TinyLlama,heter,Heter,1,10,0,epoch_round_tuning_r10/tuning-flora-dolly_stratified-tinyllama-heter-e1-r10,epoch_round_tuning_r10/tuning-flora-dolly_stratified-tinyllama-heter-e1-r10/seed0/10log.txt,10,True,score log,Complete,4,26.30168927482657
flora,Linear FLoRA,dolly_stratified,Dolly stratified,tinyllama,TinyLlama,heter,Heter,1,10,0,epoch_round_tuning_r10/tuning-flora-dolly_stratified-tinyllama-heter-e1-r10,epoch_round_tuning_r10/tuning-flora-dolly_stratified-tinyllama-heter-e1-r10/seed0/10log.txt,10,True,score log,Complete,5,28.026638786238717
flora,Linear FLoRA,dolly_stratified,Dolly stratified,tinyllama,TinyLlama,heter,Heter,1,10,0,epoch_round_tuning_r10/tuning-flora-dolly_stratified-tinyllama-heter-e1-r10,epoch_round_tuning_r10/tuning-flora-dolly_stratified-tinyllama-heter-e1-r10/seed0/10log.txt,10,True,score log,Complete,6,26.534710578422533
flora,Linear FLoRA,dolly_stratified,Dolly stratified,tinyllama,TinyLlama,heter,Heter,1,10,0,epoch_round_tuning_r10/tuning-flora-dolly_stratified-tinyllama-heter-e1-r10,epoch_round_tuning_r10/tuning-flora-dolly_stratified-tinyllama-heter-e1-r10/seed0/10log.txt,10,True,score log,Complete,7,26.381374873671405
flora,Linear FLoRA,dolly_stratified,Dolly stratified,tinyllama,TinyLlama,heter,Heter,1,10,0,epoch_round_tuning_r10/tuning-flora-dolly_stratified-tinyllama-heter-e1-r10,epoch_round_tuning_r10/tuning-flora-dolly_stratified-tinyllama-heter-e1-r10/seed0/10log.txt,10,True,score log,Complete,8,28.068034935260595
flora,Linear FLoRA,dolly_stratified,Dolly stratified,tinyllama,TinyLlama,heter,Heter,1,10,0,epoch_round_tuning_r10/tuning-flora-dolly_stratified-tinyllama-heter-e1-r10,epoch_round_tuning_r10/tuning-flora-dolly_stratified-tinyllama-heter-e1-r10/seed0/10log.txt,10,True,score log,Complete,9,26.837950462767658
flora,Linear FLoRA,dolly_stratified,Dolly stratified,tinyllama,TinyLlama,heter,Heter,1,10,0,epoch_round_tuning_r10/tuning-flora-dolly_stratified-tinyllama-heter-e1-r10,epoch_round_tuning_r10/tuning-flora-dolly_stratified-tinyllama-heter-e1-r10/seed0/10log.txt,10,True,score log,Complete,10,28.869235565072458
flora,Linear FLoRA,dolly_stratified,Dolly stratified,tinyllama,TinyLlama,heter,Heter,2,10,0,epoch_round_tuning_r10/tuning-flora-dolly_stratified-tinyllama-heter-e2-r10,epoch_round_tuning_r10/tuning-flora-dolly_stratified-tinyllama-heter-e2-r10/seed0/10log.txt,10,True,score log,Complete,1,26.884230732154695
flora,Linear FLoRA,dolly_stratified,Dolly stratified,tinyllama,TinyLlama,heter,Heter,2,10,0,epoch_round_tuning_r10/tuning-flora-dolly_stratified-tinyllama-heter-e2-r10,epoch_round_tuning_r10/tuning-flora-dolly_stratified-tinyllama-heter-e2-r10/seed0/10log.txt,10,True,score log,Complete,2,27.67119604250633
flora,Linear FLoRA,dolly_stratified,Dolly stratified,tinyllama,TinyLlama,heter,Heter,2,10,0,epoch_round_tuning_r10/tuning-flora-dolly_stratified-tinyllama-heter-e2-r10,epoch_round_tuning_r10/tuning-flora-dolly_stratified-tinyllama-heter-e2-r10/seed0/10log.txt,10,True,score log,Complete,3,28.15823949879011
flora,Linear FLoRA,dolly_stratified,Dolly stratified,tinyllama,TinyLlama,heter,Heter,2,10,0,epoch_round_tuning_r10/tuning-flora-dolly_stratified-tinyllama-heter-e2-r10,epoch_round_tuning_r10/tuning-flora-dolly_stratified-tinyllama-heter-e2-r10/seed0/10log.txt,10,True,score log,Complete,4,27.016708883020012
flora,Linear FLoRA,dolly_stratified,Dolly stratified,tinyllama,TinyLlama,heter,Heter,2,10,0,epoch_round_tuning_r10/tuning-flora-dolly_stratified-tinyllama-heter-e2-r10,epoch_round_tuning_r10/tuning-flora-dolly_stratified-tinyllama-heter-e2-r10/seed0/10log.txt,10,True,score log,Complete,5,28.54926799514608
flora,Linear FLoRA,dolly_stratified,Dolly stratified,tinyllama,TinyLlama,heter,Heter,2,10,0,epoch_round_tuning_r10/tuning-flora-dolly_stratified-tinyllama-heter-e2-r10,epoch_round_tuning_r10/tuning-flora-dolly_stratified-tinyllama-heter-e2-r10/seed0/10log.txt,10,True,score log,Complete,6,26.803648200656514
flora,Linear FLoRA,dolly_stratified,Dolly stratified,tinyllama,TinyLlama,heter,Heter,2,10,0,epoch_round_tuning_r10/tuning-flora-dolly_stratified-tinyllama-heter-e2-r10,epoch_round_tuning_r10/tuning-flora-dolly_stratified-tinyllama-heter-e2-r10/seed0/10log.txt,10,True,score log,Complete,7,27.890324833725224
flora,Linear FLoRA,dolly_stratified,Dolly stratified,tinyllama,TinyLlama,heter,Heter,2,10,0,epoch_round_tuning_r10/tuning-flora-dolly_stratified-tinyllama-heter-e2-r10,epoch_round_tuning_r10/tuning-flora-dolly_stratified-tinyllama-heter-e2-r10/seed0/10log.txt,10,True,score log,Complete,8,29.105461981714768
flora,Linear FLoRA,dolly_stratified,Dolly stratified,tinyllama,TinyLlama,heter,Heter,2,10,0,epoch_round_tuning_r10/tuning-flora-dolly_stratified-tinyllama-heter-e2-r10,epoch_round_tuning_r10/tuning-flora-dolly_stratified-tinyllama-heter-e2-r10/seed0/10log.txt,10,True,score log,Complete,9,26.689458908345344
flora,Linear FLoRA,dolly_stratified,Dolly stratified,tinyllama,TinyLlama,heter,Heter,2,10,0,epoch_round_tuning_r10/tuning-flora-dolly_stratified-tinyllama-heter-e2-r10,epoch_round_tuning_r10/tuning-flora-dolly_stratified-tinyllama-heter-e2-r10/seed0/10log.txt,10,True,score log,Complete,10,26.860644143175293
flora,Linear FLoRA,dolly_stratified,Dolly stratified,tinyllama,TinyLlama,heter,Heter,3,10,0,epoch_round_tuning_r10/tuning-flora-dolly_stratified-tinyllama-heter-e3-r10,epoch_round_tuning_r10/tuning-flora-dolly_stratified-tinyllama-heter-e3-r10/seed0/10log.txt,10,True,score log,Complete,1,27.570072854161403
flora,Linear FLoRA,dolly_stratified,Dolly stratified,tinyllama,TinyLlama,heter,Heter,3,10,0,epoch_round_tuning_r10/tuning-flora-dolly_stratified-tinyllama-heter-e3-r10,epoch_round_tuning_r10/tuning-flora-dolly_stratified-tinyllama-heter-e3-r10/seed0/10log.txt,10,True,score log,Complete,2,28.074673271321913
flora,Linear FLoRA,dolly_stratified,Dolly stratified,tinyllama,TinyLlama,heter,Heter,3,10,0,epoch_round_tuning_r10/tuning-flora-dolly_stratified-tinyllama-heter-e3-r10,epoch_round_tuning_r10/tuning-flora-dolly_stratified-tinyllama-heter-e3-r10/seed0/10log.txt,10,True,score log,Complete,3,27.644203605089096
flora,Linear FLoRA,dolly_stratified,Dolly stratified,tinyllama,TinyLlama,heter,Heter,3,10,0,epoch_round_tuning_r10/tuning-flora-dolly_stratified-tinyllama-heter-e3-r10,epoch_round_tuning_r10/tuning-flora-dolly_stratified-tinyllama-heter-e3-r10/seed0/10log.txt,10,True,score log,Complete,4,26.995168267349552
flora,Linear FLoRA,dolly_stratified,Dolly stratified,tinyllama,TinyLlama,heter,Heter,3,10,0,epoch_round_tuning_r10/tuning-flora-dolly_stratified-tinyllama-heter-e3-r10,epoch_round_tuning_r10/tuning-flora-dolly_stratified-tinyllama-heter-e3-r10/seed0/10log.txt,10,True,score log,Complete,5,27.62892674318814
flora,Linear FLoRA,dolly_stratified,Dolly stratified,tinyllama,TinyLlama,heter,Heter,3,10,0,epoch_round_tuning_r10/tuning-flora-dolly_stratified-tinyllama-heter-e3-r10,epoch_round_tuning_r10/tuning-flora-dolly_stratified-tinyllama-heter-e3-r10/seed0/10log.txt,10,True,score log,Complete,6,27.375268615803357
flora,Linear FLoRA,dolly_stratified,Dolly stratified,tinyllama,TinyLlama,heter,Heter,3,10,0,epoch_round_tuning_r10/tuning-flora-dolly_stratified-tinyllama-heter-e3-r10,epoch_round_tuning_r10/tuning-flora-dolly_stratified-tinyllama-heter-e3-r10/seed0/10log.txt,10,True,score log,Complete,7,27.726689081102485
flora,Linear FLoRA,dolly_stratified,Dolly stratified,tinyllama,TinyLlama,heter,Heter,3,10,0,epoch_round_tuning_r10/tuning-flora-dolly_stratified-tinyllama-heter-e3-r10,epoch_round_tuning_r10/tuning-flora-dolly_stratified-tinyllama-heter-e3-r10/seed0/10log.txt,10,True,score log,Complete,8,26.31342327278285
flora,Linear FLoRA,dolly_stratified,Dolly stratified,tinyllama,TinyLlama,heter,Heter,3,10,0,epoch_round_tuning_r10/tuning-flora-dolly_stratified-tinyllama-heter-e3-r10,epoch_round_tuning_r10/tuning-flora-dolly_stratified-tinyllama-heter-e3-r10/seed0/10log.txt,10,True,score log,Complete,9,26.21475131177814
flora,Linear FLoRA,dolly_stratified,Dolly stratified,tinyllama,TinyLlama,heter,Heter,3,10,0,epoch_round_tuning_r10/tuning-flora-dolly_stratified-tinyllama-heter-e3-r10,epoch_round_tuning_r10/tuning-flora-dolly_stratified-tinyllama-heter-e3-r10/seed0/10log.txt,10,True,score log,Complete,10,26.22564916092398
flora,Linear FLoRA,dolly_stratified,Dolly stratified,tinyllama,TinyLlama,heter,Heter,5,10,0,epoch_round_tuning_r10/tuning-flora-dolly_stratified-tinyllama-heter-e5-r10,epoch_round_tuning_r10/tuning-flora-dolly_stratified-tinyllama-heter-e5-r10/seed0/10log.txt,10,True,score log,Complete,1,28.335098379205913
flora,Linear FLoRA,dolly_stratified,Dolly stratified,tinyllama,TinyLlama,heter,Heter,5,10,0,epoch_round_tuning_r10/tuning-flora-dolly_stratified-tinyllama-heter-e5-r10,epoch_round_tuning_r10/tuning-flora-dolly_stratified-tinyllama-heter-e5-r10/seed0/10log.txt,10,True,score log,Complete,2,26.765437884652044
flora,Linear FLoRA,dolly_stratified,Dolly stratified,tinyllama,TinyLlama,heter,Heter,5,10,0,epoch_round_tuning_r10/tuning-flora-dolly_stratified-tinyllama-heter-e5-r10,epoch_round_tuning_r10/tuning-flora-dolly_stratified-tinyllama-heter-e5-r10/seed0/10log.txt,10,True,score log,Complete,3,28.488122144311152
flora,Linear FLoRA,dolly_stratified,Dolly stratified,tinyllama,TinyLlama,heter,Heter,5,10,0,epoch_round_tuning_r10/tuning-flora-dolly_stratified-tinyllama-heter-e5-r10,epoch_round_tuning_r10/tuning-flora-dolly_stratified-tinyllama-heter-e5-r10/seed0/10log.txt,10,True,score log,Complete,4,28.35857496868705
flora,Linear FLoRA,dolly_stratified,Dolly stratified,tinyllama,TinyLlama,heter,Heter,5,10,0,epoch_round_tuning_r10/tuning-flora-dolly_stratified-tinyllama-heter-e5-r10,epoch_round_tuning_r10/tuning-flora-dolly_stratified-tinyllama-heter-e5-r10/seed0/10log.txt,10,True,score log,Complete,5,26.80086035718967
flora,Linear FLoRA,dolly_stratified,Dolly stratified,tinyllama,TinyLlama,heter,Heter,5,10,0,epoch_round_tuning_r10/tuning-flora-dolly_stratified-tinyllama-heter-e5-r10,epoch_round_tuning_r10/tuning-flora-dolly_stratified-tinyllama-heter-e5-r10/seed0/10log.txt,10,True,score log,Complete,6,27.14895638655552
flora,Linear FLoRA,dolly_stratified,Dolly stratified,tinyllama,TinyLlama,heter,Heter,5,10,0,epoch_round_tuning_r10/tuning-flora-dolly_stratified-tinyllama-heter-e5-r10,epoch_round_tuning_r10/tuning-flora-dolly_stratified-tinyllama-heter-e5-r10/seed0/10log.txt,10,True,score log,Complete,7,27.301862421421603
flora,Linear FLoRA,dolly_stratified,Dolly stratified,tinyllama,TinyLlama,heter,Heter,5,10,0,epoch_round_tuning_r10/tuning-flora-dolly_stratified-tinyllama-heter-e5-r10,epoch_round_tuning_r10/tuning-flora-dolly_stratified-tinyllama-heter-e5-r10/seed0/10log.txt,10,True,score log,Complete,8,25.16649940362658
flora,Linear FLoRA,dolly_stratified,Dolly stratified,tinyllama,TinyLlama,heter,Heter,5,10,0,epoch_round_tuning_r10/tuning-flora-dolly_stratified-tinyllama-heter-e5-r10,epoch_round_tuning_r10/tuning-flora-dolly_stratified-tinyllama-heter-e5-r10/seed0/10log.txt,10,True,score log,Complete,9,25.64759817472954
flora,Linear FLoRA,dolly_stratified,Dolly stratified,tinyllama,TinyLlama,heter,Heter,5,10,0,epoch_round_tuning_r10/tuning-flora-dolly_stratified-tinyllama-heter-e5-r10,epoch_round_tuning_r10/tuning-flora-dolly_stratified-tinyllama-heter-e5-r10/seed0/10log.txt,10,True,score log,Complete,10,25.236108865291328
flora,Linear FLoRA,dolly_stratified,Dolly stratified,tinyllama,TinyLlama,homo,Homo,1,10,0,epoch_round_tuning_r10/tuning-flora-dolly_stratified-tinyllama-homo-e1-r10,epoch_round_tuning_r10/tuning-flora-dolly_stratified-tinyllama-homo-e1-r10/seed0/10log.txt,10,True,score log,Complete,1,18.059769315225516
flora,Linear FLoRA,dolly_stratified,Dolly stratified,tinyllama,TinyLlama,homo,Homo,1,10,0,epoch_round_tuning_r10/tuning-flora-dolly_stratified-tinyllama-homo-e1-r10,epoch_round_tuning_r10/tuning-flora-dolly_stratified-tinyllama-homo-e1-r10/seed0/10log.txt,10,True,score log,Complete,2,27.59323346109605
flora,Linear FLoRA,dolly_stratified,Dolly stratified,tinyllama,TinyLlama,homo,Homo,1,10,0,epoch_round_tuning_r10/tuning-flora-dolly_stratified-tinyllama-homo-e1-r10,epoch_round_tuning_r10/tuning-flora-dolly_stratified-tinyllama-homo-e1-r10/seed0/10log.txt,10,True,score log,Complete,3,26.17242893154984
flora,Linear FLoRA,dolly_stratified,Dolly stratified,tinyllama,TinyLlama,homo,Homo,1,10,0,epoch_round_tuning_r10/tuning-flora-dolly_stratified-tinyllama-homo-e1-r10,epoch_round_tuning_r10/tuning-flora-dolly_stratified-tinyllama-homo-e1-r10/seed0/10log.txt,10,True,score log,Complete,4,28.075547991262916
flora,Linear FLoRA,dolly_stratified,Dolly stratified,tinyllama,TinyLlama,homo,Homo,1,10,0,epoch_round_tuning_r10/tuning-flora-dolly_stratified-tinyllama-homo-e1-r10,epoch_round_tuning_r10/tuning-flora-dolly_stratified-tinyllama-homo-e1-r10/seed0/10log.txt,10,True,score log,Complete,5,28.632243921249316
flora,Linear FLoRA,dolly_stratified,Dolly stratified,tinyllama,TinyLlama,homo,Homo,1,10,0,epoch_round_tuning_r10/tuning-flora-dolly_stratified-tinyllama-homo-e1-r10,epoch_round_tuning_r10/tuning-flora-dolly_stratified-tinyllama-homo-e1-r10/seed0/10log.txt,10,True,score log,Complete,6,26.726266986126106
flora,Linear FLoRA,dolly_stratified,Dolly stratified,tinyllama,TinyLlama,homo,Homo,1,10,0,epoch_round_tuning_r10/tuning-flora-dolly_stratified-tinyllama-homo-e1-r10,epoch_round_tuning_r10/tuning-flora-dolly_stratified-tinyllama-homo-e1-r10/seed0/10log.txt,10,True,score log,Complete,7,27.519786346143544
flora,Linear FLoRA,dolly_stratified,Dolly stratified,tinyllama,TinyLlama,homo,Homo,1,10,0,epoch_round_tuning_r10/tuning-flora-dolly_stratified-tinyllama-homo-e1-r10,epoch_round_tuning_r10/tuning-flora-dolly_stratified-tinyllama-homo-e1-r10/seed0/10log.txt,10,True,score log,Complete,8,26.67803071598159
flora,Linear FLoRA,dolly_stratified,Dolly stratified,tinyllama,TinyLlama,homo,Homo,1,10,0,epoch_round_tuning_r10/tuning-flora-dolly_stratified-tinyllama-homo-e1-r10,epoch_round_tuning_r10/tuning-flora-dolly_stratified-tinyllama-homo-e1-r10/seed0/10log.txt,10,True,score log,Complete,9,27.891771398668684
flora,Linear FLoRA,dolly_stratified,Dolly stratified,tinyllama,TinyLlama,homo,Homo,1,10,0,epoch_round_tuning_r10/tuning-flora-dolly_stratified-tinyllama-homo-e1-r10,epoch_round_tuning_r10/tuning-flora-dolly_stratified-tinyllama-homo-e1-r10/seed0/10log.txt,10,True,score log,Complete,10,27.966428218518747
flora,Linear FLoRA,dolly_stratified,Dolly stratified,tinyllama,TinyLlama,homo,Homo,2,10,0,epoch_round_tuning_r10/tuning-flora-dolly_stratified-tinyllama-homo-e2-r10,epoch_round_tuning_r10/tuning-flora-dolly_stratified-tinyllama-homo-e2-r10/seed0/10log.txt,10,True,score log,Complete,1,26.59888386371691
flora,Linear FLoRA,dolly_stratified,Dolly stratified,tinyllama,TinyLlama,homo,Homo,2,10,0,epoch_round_tuning_r10/tuning-flora-dolly_stratified-tinyllama-homo-e2-r10,epoch_round_tuning_r10/tuning-flora-dolly_stratified-tinyllama-homo-e2-r10/seed0/10log.txt,10,True,score log,Complete,2,28.499362960700335
flora,Linear FLoRA,dolly_stratified,Dolly stratified,tinyllama,TinyLlama,homo,Homo,2,10,0,epoch_round_tuning_r10/tuning-flora-dolly_stratified-tinyllama-homo-e2-r10,epoch_round_tuning_r10/tuning-flora-dolly_stratified-tinyllama-homo-e2-r10/seed0/10log.txt,10,True,score log,Complete,3,28.415731852952735
flora,Linear FLoRA,dolly_stratified,Dolly stratified,tinyllama,TinyLlama,homo,Homo,2,10,0,epoch_round_tuning_r10/tuning-flora-dolly_stratified-tinyllama-homo-e2-r10,epoch_round_tuning_r10/tuning-flora-dolly_stratified-tinyllama-homo-e2-r10/seed0/10log.txt,10,True,score log,Complete,4,28.6595880299153
flora,Linear FLoRA,dolly_stratified,Dolly stratified,tinyllama,TinyLlama,homo,Homo,2,10,0,epoch_round_tuning_r10/tuning-flora-dolly_stratified-tinyllama-homo-e2-r10,epoch_round_tuning_r10/tuning-flora-dolly_stratified-tinyllama-homo-e2-r10/seed0/10log.txt,10,True,score log,Complete,5,28.43066924709003
flora,Linear FLoRA,dolly_stratified,Dolly stratified,tinyllama,TinyLlama,homo,Homo,2,10,0,epoch_round_tuning_r10/tuning-flora-dolly_stratified-tinyllama-homo-e2-r10,epoch_round_tuning_r10/tuning-flora-dolly_stratified-tinyllama-homo-e2-r10/seed0/10log.txt,10,True,score log,Complete,6,28.573934683372936
flora,Linear FLoRA,dolly_stratified,Dolly stratified,tinyllama,TinyLlama,homo,Homo,2,10,0,epoch_round_tuning_r10/tuning-flora-dolly_stratified-tinyllama-homo-e2-r10,epoch_round_tuning_r10/tuning-flora-dolly_stratified-tinyllama-homo-e2-r10/seed0/10log.txt,10,True,score log,Complete,7,27.789406263338236
flora,Linear FLoRA,dolly_stratified,Dolly stratified,tinyllama,TinyLlama,homo,Homo,2,10,0,epoch_round_tuning_r10/tuning-flora-dolly_stratified-tinyllama-homo-e2-r10,epoch_round_tuning_r10/tuning-flora-dolly_stratified-tinyllama-homo-e2-r10/seed0/10log.txt,10,True,score log,Complete,8,27.692075971427865
flora,Linear FLoRA,dolly_stratified,Dolly stratified,tinyllama,TinyLlama,homo,Homo,2,10,0,epoch_round_tuning_r10/tuning-flora-dolly_stratified-tinyllama-homo-e2-r10,epoch_round_tuning_r10/tuning-flora-dolly_stratified-tinyllama-homo-e2-r10/seed0/10log.txt,10,True,score log,Complete,9,28.77335344977812
flora,Linear FLoRA,dolly_stratified,Dolly stratified,tinyllama,TinyLlama,homo,Homo,2,10,0,epoch_round_tuning_r10/tuning-flora-dolly_stratified-tinyllama-homo-e2-r10,epoch_round_tuning_r10/tuning-flora-dolly_stratified-tinyllama-homo-e2-r10/seed0/10log.txt,10,True,score log,Complete,10,28.1666550583703
flora,Linear FLoRA,dolly_stratified,Dolly stratified,tinyllama,TinyLlama,homo,Homo,3,10,0,epoch_round_tuning_r10/tuning-flora-dolly_stratified-tinyllama-homo-e3-r10,epoch_round_tuning_r10/tuning-flora-dolly_stratified-tinyllama-homo-e3-r10/seed0/10log.txt,10,True,score log,Complete,1,26.887652848139187
flora,Linear FLoRA,dolly_stratified,Dolly stratified,tinyllama,TinyLlama,homo,Homo,3,10,0,epoch_round_tuning_r10/tuning-flora-dolly_stratified-tinyllama-homo-e3-r10,epoch_round_tuning_r10/tuning-flora-dolly_stratified-tinyllama-homo-e3-r10/seed0/10log.txt,10,True,score log,Complete,2,28.846910496548638
flora,Linear FLoRA,dolly_stratified,Dolly stratified,tinyllama,TinyLlama,homo,Homo,3,10,0,epoch_round_tuning_r10/tuning-flora-dolly_stratified-tinyllama-homo-e3-r10,epoch_round_tuning_r10/tuning-flora-dolly_stratified-tinyllama-homo-e3-r10/seed0/10log.txt,10,True,score log,Complete,3,27.29233521221631
flora,Linear FLoRA,dolly_stratified,Dolly stratified,tinyllama,TinyLlama,homo,Homo,3,10,0,epoch_round_tuning_r10/tuning-flora-dolly_stratified-tinyllama-homo-e3-r10,epoch_round_tuning_r10/tuning-flora-dolly_stratified-tinyllama-homo-e3-r10/seed0/10log.txt,10,True,score log,Complete,4,27.72321118997404
flora,Linear FLoRA,dolly_stratified,Dolly stratified,tinyllama,TinyLlama,homo,Homo,3,10,0,epoch_round_tuning_r10/tuning-flora-dolly_stratified-tinyllama-homo-e3-r10,epoch_round_tuning_r10/tuning-flora-dolly_stratified-tinyllama-homo-e3-r10/seed0/10log.txt,10,True,score log,Complete,5,27.545966067846788
flora,Linear FLoRA,dolly_stratified,Dolly stratified,tinyllama,TinyLlama,homo,Homo,3,10,0,epoch_round_tuning_r10/tuning-flora-dolly_stratified-tinyllama-homo-e3-r10,epoch_round_tuning_r10/tuning-flora-dolly_stratified-tinyllama-homo-e3-r10/seed0/10log.txt,10,True,score log,Complete,6,27.72880583974409
flora,Linear FLoRA,dolly_stratified,Dolly stratified,tinyllama,TinyLlama,homo,Homo,3,10,0,epoch_round_tuning_r10/tuning-flora-dolly_stratified-tinyllama-homo-e3-r10,epoch_round_tuning_r10/tuning-flora-dolly_stratified-tinyllama-homo-e3-r10/seed0/10log.txt,10,True,score log,Complete,7,28.856039124716244
flora,Linear FLoRA,dolly_stratified,Dolly stratified,tinyllama,TinyLlama,homo,Homo,3,10,0,epoch_round_tuning_r10/tuning-flora-dolly_stratified-tinyllama-homo-e3-r10,epoch_round_tuning_r10/tuning-flora-dolly_stratified-tinyllama-homo-e3-r10/seed0/10log.txt,10,True,score log,Complete,8,29.165202821828203
flora,Linear FLoRA,dolly_stratified,Dolly stratified,tinyllama,TinyLlama,homo,Homo,3,10,0,epoch_round_tuning_r10/tuning-flora-dolly_stratified-tinyllama-homo-e3-r10,epoch_round_tuning_r10/tuning-flora-dolly_stratified-tinyllama-homo-e3-r10/seed0/10log.txt,10,True,score log,Complete,9,28.84428912215567
flora,Linear FLoRA,dolly_stratified,Dolly stratified,tinyllama,TinyLlama,homo,Homo,3,10,0,epoch_round_tuning_r10/tuning-flora-dolly_stratified-tinyllama-homo-e3-r10,epoch_round_tuning_r10/tuning-flora-dolly_stratified-tinyllama-homo-e3-r10/seed0/10log.txt,10,True,score log,Complete,10,28.042840948222754
flora,Linear FLoRA,dolly_stratified,Dolly stratified,tinyllama,TinyLlama,homo,Homo,5,10,0,epoch_round_tuning_r10/tuning-flora-dolly_stratified-tinyllama-homo-e5-r10,epoch_round_tuning_r10/tuning-flora-dolly_stratified-tinyllama-homo-e5-r10/seed0/10log.txt,10,True,score log,Complete,1,28.548736037734646
flora,Linear FLoRA,dolly_stratified,Dolly stratified,tinyllama,TinyLlama,homo,Homo,5,10,0,epoch_round_tuning_r10/tuning-flora-dolly_stratified-tinyllama-homo-e5-r10,epoch_round_tuning_r10/tuning-flora-dolly_stratified-tinyllama-homo-e5-r10/seed0/10log.txt,10,True,score log,Complete,2,28.352936201762862
flora,Linear FLoRA,dolly_stratified,Dolly stratified,tinyllama,TinyLlama,homo,Homo,5,10,0,epoch_round_tuning_r10/tuning-flora-dolly_stratified-tinyllama-homo-e5-r10,epoch_round_tuning_r10/tuning-flora-dolly_stratified-tinyllama-homo-e5-r10/seed0/10log.txt,10,True,score log,Complete,3,28.364074237912096
flora,Linear FLoRA,dolly_stratified,Dolly stratified,tinyllama,TinyLlama,homo,Homo,5,10,0,epoch_round_tuning_r10/tuning-flora-dolly_stratified-tinyllama-homo-e5-r10,epoch_round_tuning_r10/tuning-flora-dolly_stratified-tinyllama-homo-e5-r10/seed0/10log.txt,10,True,score log,Complete,4,29.614578378920374
flora,Linear FLoRA,dolly_stratified,Dolly stratified,tinyllama,TinyLlama,homo,Homo,5,10,0,epoch_round_tuning_r10/tuning-flora-dolly_stratified-tinyllama-homo-e5-r10,epoch_round_tuning_r10/tuning-flora-dolly_stratified-tinyllama-homo-e5-r10/seed0/10log.txt,10,True,score log,Complete,5,28.430879734228164
flora,Linear FLoRA,dolly_stratified,Dolly stratified,tinyllama,TinyLlama,homo,Homo,5,10,0,epoch_round_tuning_r10/tuning-flora-dolly_stratified-tinyllama-homo-e5-r10,epoch_round_tuning_r10/tuning-flora-dolly_stratified-tinyllama-homo-e5-r10/seed0/10log.txt,10,True,score log,Complete,6,27.056922748036747
flora,Linear FLoRA,dolly_stratified,Dolly stratified,tinyllama,TinyLlama,homo,Homo,5,10,0,epoch_round_tuning_r10/tuning-flora-dolly_stratified-tinyllama-homo-e5-r10,epoch_round_tuning_r10/tuning-flora-dolly_stratified-tinyllama-homo-e5-r10/seed0/10log.txt,10,True,score log,Complete,7,29.13094055613926
flora,Linear FLoRA,dolly_stratified,Dolly stratified,tinyllama,TinyLlama,homo,Homo,5,10,0,epoch_round_tuning_r10/tuning-flora-dolly_stratified-tinyllama-homo-e5-r10,epoch_round_tuning_r10/tuning-flora-dolly_stratified-tinyllama-homo-e5-r10/seed0/10log.txt,10,True,score log,Complete,8,28.58018440671366
flora,Linear FLoRA,dolly_stratified,Dolly stratified,tinyllama,TinyLlama,homo,Homo,5,10,0,epoch_round_tuning_r10/tuning-flora-dolly_stratified-tinyllama-homo-e5-r10,epoch_round_tuning_r10/tuning-flora-dolly_stratified-tinyllama-homo-e5-r10/seed0/10log.txt,10,True,score log,Complete,9,28.53978254826806
flora,Linear FLoRA,dolly_stratified,Dolly stratified,tinyllama,TinyLlama,homo,Homo,5,10,0,epoch_round_tuning_r10/tuning-flora-dolly_stratified-tinyllama-homo-e5-r10,epoch_round_tuning_r10/tuning-flora-dolly_stratified-tinyllama-homo-e5-r10/seed0/10log.txt,10,True,score log,Complete,10,28.63917281760045
ffa,Nonlinear FFA,wiz,Wizard,tinyllama,TinyLlama,heter,Heter,1,10,0,epoch_round_tuning_r10/tuning-ffa-wiz-tinyllama-heter-e1-r10,epoch_round_tuning_r10/tuning-ffa-wiz-tinyllama-heter-e1-r10/seed0/10/log.txt,10,True,score log,Complete,1,27.246486310916655
ffa,Nonlinear FFA,wiz,Wizard,tinyllama,TinyLlama,heter,Heter,1,10,0,epoch_round_tuning_r10/tuning-ffa-wiz-tinyllama-heter-e1-r10,epoch_round_tuning_r10/tuning-ffa-wiz-tinyllama-heter-e1-r10/seed0/10/log.txt,10,True,score log,Complete,2,27.517592858255973
ffa,Nonlinear FFA,wiz,Wizard,tinyllama,TinyLlama,heter,Heter,1,10,0,epoch_round_tuning_r10/tuning-ffa-wiz-tinyllama-heter-e1-r10,epoch_round_tuning_r10/tuning-ffa-wiz-tinyllama-heter-e1-r10/seed0/10/log.txt,10,True,score log,Complete,3,29.485380152718545
ffa,Nonlinear FFA,wiz,Wizard,tinyllama,TinyLlama,heter,Heter,1,10,0,epoch_round_tuning_r10/tuning-ffa-wiz-tinyllama-heter-e1-r10,epoch_round_tuning_r10/tuning-ffa-wiz-tinyllama-heter-e1-r10/seed0/10/log.txt,10,True,score log,Complete,4,30.238814181418494
ffa,Nonlinear FFA,wiz,Wizard,tinyllama,TinyLlama,heter,Heter,1,10,0,epoch_round_tuning_r10/tuning-ffa-wiz-tinyllama-heter-e1-r10,epoch_round_tuning_r10/tuning-ffa-wiz-tinyllama-heter-e1-r10/seed0/10/log.txt,10,True,score log,Complete,5,32.11790727514315
ffa,Nonlinear FFA,wiz,Wizard,tinyllama,TinyLlama,heter,Heter,1,10,0,epoch_round_tuning_r10/tuning-ffa-wiz-tinyllama-heter-e1-r10,epoch_round_tuning_r10/tuning-ffa-wiz-tinyllama-heter-e1-r10/seed0/10/log.txt,10,True,score log,Complete,6,33.19234141611857
ffa,Nonlinear FFA,wiz,Wizard,tinyllama,TinyLlama,heter,Heter,1,10,0,epoch_round_tuning_r10/tuning-ffa-wiz-tinyllama-heter-e1-r10,epoch_round_tuning_r10/tuning-ffa-wiz-tinyllama-heter-e1-r10/seed0/10/log.txt,10,True,score log,Complete,7,33.49739861895184
ffa,Nonlinear FFA,wiz,Wizard,tinyllama,TinyLlama,heter,Heter,1,10,0,epoch_round_tuning_r10/tuning-ffa-wiz-tinyllama-heter-e1-r10,epoch_round_tuning_r10/tuning-ffa-wiz-tinyllama-heter-e1-r10/seed0/10/log.txt,10,True,score log,Complete,8,33.02129157096672
ffa,Nonlinear FFA,wiz,Wizard,tinyllama,TinyLlama,heter,Heter,1,10,0,epoch_round_tuning_r10/tuning-ffa-wiz-tinyllama-heter-e1-r10,epoch_round_tuning_r10/tuning-ffa-wiz-tinyllama-heter-e1-r10/seed0/10/log.txt,10,True,score log,Complete,9,32.01699222466512
ffa,Nonlinear FFA,wiz,Wizard,tinyllama,TinyLlama,heter,Heter,1,10,0,epoch_round_tuning_r10/tuning-ffa-wiz-tinyllama-heter-e1-r10,epoch_round_tuning_r10/tuning-ffa-wiz-tinyllama-heter-e1-r10/seed0/10/log.txt,10,True,score log,Complete,10,33.63478226383233
ffa,Nonlinear FFA,wiz,Wizard,tinyllama,TinyLlama,heter,Heter,2,10,0,epoch_round_tuning_r10/tuning-ffa-wiz-tinyllama-heter-e2-r10,epoch_round_tuning_r10/tuning-ffa-wiz-tinyllama-heter-e2-r10/seed0/10/log.txt,10,True,score log,Complete,1,29.06456222541301
ffa,Nonlinear FFA,wiz,Wizard,tinyllama,TinyLlama,heter,Heter,2,10,0,epoch_round_tuning_r10/tuning-ffa-wiz-tinyllama-heter-e2-r10,epoch_round_tuning_r10/tuning-ffa-wiz-tinyllama-heter-e2-r10/seed0/10/log.txt,10,True,score log,Complete,2,31.33688334908084
ffa,Nonlinear FFA,wiz,Wizard,tinyllama,TinyLlama,heter,Heter,2,10,0,epoch_round_tuning_r10/tuning-ffa-wiz-tinyllama-heter-e2-r10,epoch_round_tuning_r10/tuning-ffa-wiz-tinyllama-heter-e2-r10/seed0/10/log.txt,10,True,score log,Complete,3,31.80734061277442
ffa,Nonlinear FFA,wiz,Wizard,tinyllama,TinyLlama,heter,Heter,2,10,0,epoch_round_tuning_r10/tuning-ffa-wiz-tinyllama-heter-e2-r10,epoch_round_tuning_r10/tuning-ffa-wiz-tinyllama-heter-e2-r10/seed0/10/log.txt,10,True,score log,Complete,4,33.03217713179109
ffa,Nonlinear FFA,wiz,Wizard,tinyllama,TinyLlama,heter,Heter,2,10,0,epoch_round_tuning_r10/tuning-ffa-wiz-tinyllama-heter-e2-r10,epoch_round_tuning_r10/tuning-ffa-wiz-tinyllama-heter-e2-r10/seed0/10/log.txt,10,True,score log,Complete,5,32.427153109769165
ffa,Nonlinear FFA,wiz,Wizard,tinyllama,TinyLlama,heter,Heter,2,10,0,epoch_round_tuning_r10/tuning-ffa-wiz-tinyllama-heter-e2-r10,epoch_round_tuning_r10/tuning-ffa-wiz-tinyllama-heter-e2-r10/seed0/10/log.txt,10,True,score log,Complete,6,32.11071966523567
ffa,Nonlinear FFA,wiz,Wizard,tinyllama,TinyLlama,heter,Heter,2,10,0,epoch_round_tuning_r10/tuning-ffa-wiz-tinyllama-heter-e2-r10,epoch_round_tuning_r10/tuning-ffa-wiz-tinyllama-heter-e2-r10/seed0/10/log.txt,10,True,score log,Complete,7,31.271170767590746
ffa,Nonlinear FFA,wiz,Wizard,tinyllama,TinyLlama,heter,Heter,2,10,0,epoch_round_tuning_r10/tuning-ffa-wiz-tinyllama-heter-e2-r10,epoch_round_tuning_r10/tuning-ffa-wiz-tinyllama-heter-e2-r10/seed0/10/log.txt,10,True,score log,Complete,8,32.09844624254533
ffa,Nonlinear FFA,wiz,Wizard,tinyllama,TinyLlama,heter,Heter,2,10,0,epoch_round_tuning_r10/tuning-ffa-wiz-tinyllama-heter-e2-r10,epoch_round_tuning_r10/tuning-ffa-wiz-tinyllama-heter-e2-r10/seed0/10/log.txt,10,True,score log,Complete,9,31.42670953408616
ffa,Nonlinear FFA,wiz,Wizard,tinyllama,TinyLlama,heter,Heter,2,10,0,epoch_round_tuning_r10/tuning-ffa-wiz-tinyllama-heter-e2-r10,epoch_round_tuning_r10/tuning-ffa-wiz-tinyllama-heter-e2-r10/seed0/10/log.txt,10,True,score log,Complete,10,31.36571298652393
ffa,Nonlinear FFA,wiz,Wizard,tinyllama,TinyLlama,heter,Heter,3,10,0,epoch_round_tuning_r10/tuning-ffa-wiz-tinyllama-heter-e3-r10,epoch_round_tuning_r10/tuning-ffa-wiz-tinyllama-heter-e3-r10/seed0/10/log.txt,10,True,score log,Complete,1,29.24313731007976
ffa,Nonlinear FFA,wiz,Wizard,tinyllama,TinyLlama,heter,Heter,3,10,0,epoch_round_tuning_r10/tuning-ffa-wiz-tinyllama-heter-e3-r10,epoch_round_tuning_r10/tuning-ffa-wiz-tinyllama-heter-e3-r10/seed0/10/log.txt,10,True,score log,Complete,2,32.19803453394798
ffa,Nonlinear FFA,wiz,Wizard,tinyllama,TinyLlama,heter,Heter,3,10,0,epoch_round_tuning_r10/tuning-ffa-wiz-tinyllama-heter-e3-r10,epoch_round_tuning_r10/tuning-ffa-wiz-tinyllama-heter-e3-r10/seed0/10/log.txt,10,True,score log,Complete,3,31.793211176142027
ffa,Nonlinear FFA,wiz,Wizard,tinyllama,TinyLlama,heter,Heter,3,10,0,epoch_round_tuning_r10/tuning-ffa-wiz-tinyllama-heter-e3-r10,epoch_round_tuning_r10/tuning-ffa-wiz-tinyllama-heter-e3-r10/seed0/10/log.txt,10,True,score log,Complete,4,32.489140575088385
ffa,Nonlinear FFA,wiz,Wizard,tinyllama,TinyLlama,heter,Heter,3,10,0,epoch_round_tuning_r10/tuning-ffa-wiz-tinyllama-heter-e3-r10,epoch_round_tuning_r10/tuning-ffa-wiz-tinyllama-heter-e3-r10/seed0/10/log.txt,10,True,score log,Complete,5,31.94067675720428
ffa,Nonlinear FFA,wiz,Wizard,tinyllama,TinyLlama,heter,Heter,3,10,0,epoch_round_tuning_r10/tuning-ffa-wiz-tinyllama-heter-e3-r10,epoch_round_tuning_r10/tuning-ffa-wiz-tinyllama-heter-e3-r10/seed0/10/log.txt,10,True,score log,Complete,6,30.927152427712812
ffa,Nonlinear FFA,wiz,Wizard,tinyllama,TinyLlama,heter,Heter,3,10,0,epoch_round_tuning_r10/tuning-ffa-wiz-tinyllama-heter-e3-r10,epoch_round_tuning_r10/tuning-ffa-wiz-tinyllama-heter-e3-r10/seed0/10/log.txt,10,True,score log,Complete,7,31.24418010911357
ffa,Nonlinear FFA,wiz,Wizard,tinyllama,TinyLlama,heter,Heter,3,10,0,epoch_round_tuning_r10/tuning-ffa-wiz-tinyllama-heter-e3-r10,epoch_round_tuning_r10/tuning-ffa-wiz-tinyllama-heter-e3-r10/seed0/10/log.txt,10,True,score log,Complete,8,31.49561459711265
ffa,Nonlinear FFA,wiz,Wizard,tinyllama,TinyLlama,heter,Heter,3,10,0,epoch_round_tuning_r10/tuning-ffa-wiz-tinyllama-heter-e3-r10,epoch_round_tuning_r10/tuning-ffa-wiz-tinyllama-heter-e3-r10/seed0/10/log.txt,10,True,score log,Complete,9,31.510503438229765
ffa,Nonlinear FFA,wiz,Wizard,tinyllama,TinyLlama,heter,Heter,3,10,0,epoch_round_tuning_r10/tuning-ffa-wiz-tinyllama-heter-e3-r10,epoch_round_tuning_r10/tuning-ffa-wiz-tinyllama-heter-e3-r10/seed0/10/log.txt,10,True,score log,Complete,10,31.0101526547609
ffa,Nonlinear FFA,wiz,Wizard,tinyllama,TinyLlama,heter,Heter,5,10,0,epoch_round_tuning_r10/tuning-ffa-wiz-tinyllama-heter-e5-r10,epoch_round_tuning_r10/tuning-ffa-wiz-tinyllama-heter-e5-r10/seed0/10/log.txt,10,True,score log,Complete,1,30.85645266834172
ffa,Nonlinear FFA,wiz,Wizard,tinyllama,TinyLlama,heter,Heter,5,10,0,epoch_round_tuning_r10/tuning-ffa-wiz-tinyllama-heter-e5-r10,epoch_round_tuning_r10/tuning-ffa-wiz-tinyllama-heter-e5-r10/seed0/10/log.txt,10,True,score log,Complete,2,33.11990978473841
ffa,Nonlinear FFA,wiz,Wizard,tinyllama,TinyLlama,heter,Heter,5,10,0,epoch_round_tuning_r10/tuning-ffa-wiz-tinyllama-heter-e5-r10,epoch_round_tuning_r10/tuning-ffa-wiz-tinyllama-heter-e5-r10/seed0/10/log.txt,10,True,score log,Complete,3,32.64883936141125
ffa,Nonlinear FFA,wiz,Wizard,tinyllama,TinyLlama,heter,Heter,5,10,0,epoch_round_tuning_r10/tuning-ffa-wiz-tinyllama-heter-e5-r10,epoch_round_tuning_r10/tuning-ffa-wiz-tinyllama-heter-e5-r10/seed0/10/log.txt,10,True,score log,Complete,4,31.95969148911218
ffa,Nonlinear FFA,wiz,Wizard,tinyllama,TinyLlama,heter,Heter,5,10,0,epoch_round_tuning_r10/tuning-ffa-wiz-tinyllama-heter-e5-r10,epoch_round_tuning_r10/tuning-ffa-wiz-tinyllama-heter-e5-r10/seed0/10/log.txt,10,True,score log,Complete,5,31.905815025690977
ffa,Nonlinear FFA,wiz,Wizard,tinyllama,TinyLlama,heter,Heter,5,10,0,epoch_round_tuning_r10/tuning-ffa-wiz-tinyllama-heter-e5-r10,epoch_round_tuning_r10/tuning-ffa-wiz-tinyllama-heter-e5-r10/seed0/10/log.txt,10,True,score log,Complete,6,32.28756400045341
ffa,Nonlinear FFA,wiz,Wizard,tinyllama,TinyLlama,heter,Heter,5,10,0,epoch_round_tuning_r10/tuning-ffa-wiz-tinyllama-heter-e5-r10,epoch_round_tuning_r10/tuning-ffa-wiz-tinyllama-heter-e5-r10/seed0/10/log.txt,10,True,score log,Complete,7,33.559651489261775
ffa,Nonlinear FFA,wiz,Wizard,tinyllama,TinyLlama,heter,Heter,5,10,0,epoch_round_tuning_r10/tuning-ffa-wiz-tinyllama-heter-e5-r10,epoch_round_tuning_r10/tuning-ffa-wiz-tinyllama-heter-e5-r10/seed0/10/log.txt,10,True,score log,Complete,8,32.353252118613426
ffa,Nonlinear FFA,wiz,Wizard,tinyllama,TinyLlama,heter,Heter,5,10,0,epoch_round_tuning_r10/tuning-ffa-wiz-tinyllama-heter-e5-r10,epoch_round_tuning_r10/tuning-ffa-wiz-tinyllama-heter-e5-r10/seed0/10/log.txt,10,True,score log,Complete,9,32.21379006636601
ffa,Nonlinear FFA,wiz,Wizard,tinyllama,TinyLlama,heter,Heter,5,10,0,epoch_round_tuning_r10/tuning-ffa-wiz-tinyllama-heter-e5-r10,epoch_round_tuning_r10/tuning-ffa-wiz-tinyllama-heter-e5-r10/seed0/10/log.txt,10,True,score log,Complete,10,31.511011872693
ffa,Nonlinear FFA,wiz,Wizard,tinyllama,TinyLlama,homo,Homo,1,10,0,epoch_round_tuning_r10/tuning-ffa-wiz-tinyllama-homo-e1-r10,epoch_round_tuning_r10/tuning-ffa-wiz-tinyllama-homo-e1-r10/seed0/10/log.txt,10,True,score log,Complete,1,28.026955530310804
ffa,Nonlinear FFA,wiz,Wizard,tinyllama,TinyLlama,homo,Homo,1,10,0,epoch_round_tuning_r10/tuning-ffa-wiz-tinyllama-homo-e1-r10,epoch_round_tuning_r10/tuning-ffa-wiz-tinyllama-homo-e1-r10/seed0/10/log.txt,10,True,score log,Complete,2,30.86875479407592
ffa,Nonlinear FFA,wiz,Wizard,tinyllama,TinyLlama,homo,Homo,1,10,0,epoch_round_tuning_r10/tuning-ffa-wiz-tinyllama-homo-e1-r10,epoch_round_tuning_r10/tuning-ffa-wiz-tinyllama-homo-e1-r10/seed0/10/log.txt,10,True,score log,Complete,3,31.045723327285017
ffa,Nonlinear FFA,wiz,Wizard,tinyllama,TinyLlama,homo,Homo,1,10,0,epoch_round_tuning_r10/tuning-ffa-wiz-tinyllama-homo-e1-r10,epoch_round_tuning_r10/tuning-ffa-wiz-tinyllama-homo-e1-r10/seed0/10/log.txt,10,True,score log,Complete,4,31.50253404322449
ffa,Nonlinear FFA,wiz,Wizard,tinyllama,TinyLlama,homo,Homo,1,10,0,epoch_round_tuning_r10/tuning-ffa-wiz-tinyllama-homo-e1-r10,epoch_round_tuning_r10/tuning-ffa-wiz-tinyllama-homo-e1-r10/seed0/10/log.txt,10,True,score log,Complete,5,30.674203975348814
ffa,Nonlinear FFA,wiz,Wizard,tinyllama,TinyLlama,homo,Homo,1,10,0,epoch_round_tuning_r10/tuning-ffa-wiz-tinyllama-homo-e1-r10,epoch_round_tuning_r10/tuning-ffa-wiz-tinyllama-homo-e1-r10/seed0/10/log.txt,10,True,score log,Complete,6,30.983987070617818
ffa,Nonlinear FFA,wiz,Wizard,tinyllama,TinyLlama,homo,Homo,1,10,0,epoch_round_tuning_r10/tuning-ffa-wiz-tinyllama-homo-e1-r10,epoch_round_tuning_r10/tuning-ffa-wiz-tinyllama-homo-e1-r10/seed0/10/log.txt,10,True,score log,Complete,7,30.398299903003036
ffa,Nonlinear FFA,wiz,Wizard,tinyllama,TinyLlama,homo,Homo,1,10,0,epoch_round_tuning_r10/tuning-ffa-wiz-tinyllama-homo-e1-r10,epoch_round_tuning_r10/tuning-ffa-wiz-tinyllama-homo-e1-r10/seed0/10/log.txt,10,True,score log,Complete,8,31.24547863055368
ffa,Nonlinear FFA,wiz,Wizard,tinyllama,TinyLlama,homo,Homo,1,10,0,epoch_round_tuning_r10/tuning-ffa-wiz-tinyllama-homo-e1-r10,epoch_round_tuning_r10/tuning-ffa-wiz-tinyllama-homo-e1-r10/seed0/10/log.txt,10,True,score log,Complete,9,29.735028280498792
ffa,Nonlinear FFA,wiz,Wizard,tinyllama,TinyLlama,homo,Homo,1,10,0,epoch_round_tuning_r10/tuning-ffa-wiz-tinyllama-homo-e1-r10,epoch_round_tuning_r10/tuning-ffa-wiz-tinyllama-homo-e1-r10/seed0/10/log.txt,10,True,score log,Complete,10,29.84947558481743
ffa,Nonlinear FFA,wiz,Wizard,tinyllama,TinyLlama,homo,Homo,2,10,0,epoch_round_tuning_r10/tuning-ffa-wiz-tinyllama-homo-e2-r10,epoch_round_tuning_r10/tuning-ffa-wiz-tinyllama-homo-e2-r10/seed0/10/log.txt,10,True,score log,Complete,1,30.69317878695398
ffa,Nonlinear FFA,wiz,Wizard,tinyllama,TinyLlama,homo,Homo,2,10,0,epoch_round_tuning_r10/tuning-ffa-wiz-tinyllama-homo-e2-r10,epoch_round_tuning_r10/tuning-ffa-wiz-tinyllama-homo-e2-r10/seed0/10/log.txt,10,True,score log,Complete,2,30.96181905087866
ffa,Nonlinear FFA,wiz,Wizard,tinyllama,TinyLlama,homo,Homo,2,10,0,epoch_round_tuning_r10/tuning-ffa-wiz-tinyllama-homo-e2-r10,epoch_round_tuning_r10/tuning-ffa-wiz-tinyllama-homo-e2-r10/seed0/10/log.txt,10,True,score log,Complete,3,30.243548311153184
ffa,Nonlinear FFA,wiz,Wizard,tinyllama,TinyLlama,homo,Homo,2,10,0,epoch_round_tuning_r10/tuning-ffa-wiz-tinyllama-homo-e2-r10,epoch_round_tuning_r10/tuning-ffa-wiz-tinyllama-homo-e2-r10/seed0/10/log.txt,10,True,score log,Complete,4,31.308589701132465
ffa,Nonlinear FFA,wiz,Wizard,tinyllama,TinyLlama,homo,Homo,2,10,0,epoch_round_tuning_r10/tuning-ffa-wiz-tinyllama-homo-e2-r10,epoch_round_tuning_r10/tuning-ffa-wiz-tinyllama-homo-e2-r10/seed0/10/log.txt,10,True,score log,Complete,5,31.226615544961067
ffa,Nonlinear FFA,wiz,Wizard,tinyllama,TinyLlama,homo,Homo,2,10,0,epoch_round_tuning_r10/tuning-ffa-wiz-tinyllama-homo-e2-r10,epoch_round_tuning_r10/tuning-ffa-wiz-tinyllama-homo-e2-r10/seed0/10/log.txt,10,True,score log,Complete,6,30.61082451564477
ffa,Nonlinear FFA,wiz,Wizard,tinyllama,TinyLlama,homo,Homo,2,10,0,epoch_round_tuning_r10/tuning-ffa-wiz-tinyllama-homo-e2-r10,epoch_round_tuning_r10/tuning-ffa-wiz-tinyllama-homo-e2-r10/seed0/10/log.txt,10,True,score log,Complete,7,30.960876404687777
ffa,Nonlinear FFA,wiz,Wizard,tinyllama,TinyLlama,homo,Homo,2,10,0,epoch_round_tuning_r10/tuning-ffa-wiz-tinyllama-homo-e2-r10,epoch_round_tuning_r10/tuning-ffa-wiz-tinyllama-homo-e2-r10/seed0/10/log.txt,10,True,score log,Complete,8,29.088195139602508
ffa,Nonlinear FFA,wiz,Wizard,tinyllama,TinyLlama,homo,Homo,2,10,0,epoch_round_tuning_r10/tuning-ffa-wiz-tinyllama-homo-e2-r10,epoch_round_tuning_r10/tuning-ffa-wiz-tinyllama-homo-e2-r10/seed0/10/log.txt,10,True,score log,Complete,9,29.653939601739797
ffa,Nonlinear FFA,wiz,Wizard,tinyllama,TinyLlama,homo,Homo,2,10,0,epoch_round_tuning_r10/tuning-ffa-wiz-tinyllama-homo-e2-r10,epoch_round_tuning_r10/tuning-ffa-wiz-tinyllama-homo-e2-r10/seed0/10/log.txt,10,True,score log,Complete,10,31.152244802940505
ffa,Nonlinear FFA,wiz,Wizard,tinyllama,TinyLlama,homo,Homo,3,10,0,epoch_round_tuning_r10/tuning-ffa-wiz-tinyllama-homo-e3-r10,epoch_round_tuning_r10/tuning-ffa-wiz-tinyllama-homo-e3-r10/seed0/10/log.txt,10,True,score log,Complete,1,29.83841873091896
ffa,Nonlinear FFA,wiz,Wizard,tinyllama,TinyLlama,homo,Homo,3,10,0,epoch_round_tuning_r10/tuning-ffa-wiz-tinyllama-homo-e3-r10,epoch_round_tuning_r10/tuning-ffa-wiz-tinyllama-homo-e3-r10/seed0/10/log.txt,10,True,score log,Complete,2,31.422283133364008
ffa,Nonlinear FFA,wiz,Wizard,tinyllama,TinyLlama,homo,Homo,3,10,0,epoch_round_tuning_r10/tuning-ffa-wiz-tinyllama-homo-e3-r10,epoch_round_tuning_r10/tuning-ffa-wiz-tinyllama-homo-e3-r10/seed0/10/log.txt,10,True,score log,Complete,3,29.642683500900162
ffa,Nonlinear FFA,wiz,Wizard,tinyllama,TinyLlama,homo,Homo,3,10,0,epoch_round_tuning_r10/tuning-ffa-wiz-tinyllama-homo-e3-r10,epoch_round_tuning_r10/tuning-ffa-wiz-tinyllama-homo-e3-r10/seed0/10/log.txt,10,True,score log,Complete,4,30.060059868427892
ffa,Nonlinear FFA,wiz,Wizard,tinyllama,TinyLlama,homo,Homo,3,10,0,epoch_round_tuning_r10/tuning-ffa-wiz-tinyllama-homo-e3-r10,epoch_round_tuning_r10/tuning-ffa-wiz-tinyllama-homo-e3-r10/seed0/10/log.txt,10,True,score log,Complete,5,30.378774001423675
ffa,Nonlinear FFA,wiz,Wizard,tinyllama,TinyLlama,homo,Homo,3,10,0,epoch_round_tuning_r10/tuning-ffa-wiz-tinyllama-homo-e3-r10,epoch_round_tuning_r10/tuning-ffa-wiz-tinyllama-homo-e3-r10/seed0/10/log.txt,10,True,score log,Complete,6,30.481455809051656
ffa,Nonlinear FFA,wiz,Wizard,tinyllama,TinyLlama,homo,Homo,3,10,0,epoch_round_tuning_r10/tuning-ffa-wiz-tinyllama-homo-e3-r10,epoch_round_tuning_r10/tuning-ffa-wiz-tinyllama-homo-e3-r10/seed0/10/log.txt,10,True,score log,Complete,7,29.610456601521594
ffa,Nonlinear FFA,wiz,Wizard,tinyllama,TinyLlama,homo,Homo,3,10,0,epoch_round_tuning_r10/tuning-ffa-wiz-tinyllama-homo-e3-r10,epoch_round_tuning_r10/tuning-ffa-wiz-tinyllama-homo-e3-r10/seed0/10/log.txt,10,True,score log,Complete,8,28.81207497243561
ffa,Nonlinear FFA,wiz,Wizard,tinyllama,TinyLlama,homo,Homo,3,10,0,epoch_round_tuning_r10/tuning-ffa-wiz-tinyllama-homo-e3-r10,epoch_round_tuning_r10/tuning-ffa-wiz-tinyllama-homo-e3-r10/seed0/10/log.txt,10,True,score log,Complete,9,29.292069322348336
ffa,Nonlinear FFA,wiz,Wizard,tinyllama,TinyLlama,homo,Homo,3,10,0,epoch_round_tuning_r10/tuning-ffa-wiz-tinyllama-homo-e3-r10,epoch_round_tuning_r10/tuning-ffa-wiz-tinyllama-homo-e3-r10/seed0/10/log.txt,10,True,score log,Complete,10,30.57246190067979
ffa,Nonlinear FFA,wiz,Wizard,tinyllama,TinyLlama,homo,Homo,5,10,0,epoch_round_tuning_r10/tuning-ffa-wiz-tinyllama-homo-e5-r10,epoch_round_tuning_r10/tuning-ffa-wiz-tinyllama-homo-e5-r10/seed0/10/log.txt,10,True,score log,Complete,1,30.448741073901587
ffa,Nonlinear FFA,wiz,Wizard,tinyllama,TinyLlama,homo,Homo,5,10,0,epoch_round_tuning_r10/tuning-ffa-wiz-tinyllama-homo-e5-r10,epoch_round_tuning_r10/tuning-ffa-wiz-tinyllama-homo-e5-r10/seed0/10/log.txt,10,True,score log,Complete,2,30.670807589026776
ffa,Nonlinear FFA,wiz,Wizard,tinyllama,TinyLlama,homo,Homo,5,10,0,epoch_round_tuning_r10/tuning-ffa-wiz-tinyllama-homo-e5-r10,epoch_round_tuning_r10/tuning-ffa-wiz-tinyllama-homo-e5-r10/seed0/10/log.txt,10,True,score log,Complete,3,29.59228023224312
ffa,Nonlinear FFA,wiz,Wizard,tinyllama,TinyLlama,homo,Homo,5,10,0,epoch_round_tuning_r10/tuning-ffa-wiz-tinyllama-homo-e5-r10,epoch_round_tuning_r10/tuning-ffa-wiz-tinyllama-homo-e5-r10/seed0/10/log.txt,10,True,score log,Complete,4,31.54860451750488
ffa,Nonlinear FFA,wiz,Wizard,tinyllama,TinyLlama,homo,Homo,5,10,0,epoch_round_tuning_r10/tuning-ffa-wiz-tinyllama-homo-e5-r10,epoch_round_tuning_r10/tuning-ffa-wiz-tinyllama-homo-e5-r10/seed0/10/log.txt,10,True,score log,Complete,5,30.64928849561328
ffa,Nonlinear FFA,wiz,Wizard,tinyllama,TinyLlama,homo,Homo,5,10,0,epoch_round_tuning_r10/tuning-ffa-wiz-tinyllama-homo-e5-r10,epoch_round_tuning_r10/tuning-ffa-wiz-tinyllama-homo-e5-r10/seed0/10/log.txt,10,True,score log,Complete,6,29.897059547319806
ffa,Nonlinear FFA,wiz,Wizard,tinyllama,TinyLlama,homo,Homo,5,10,0,epoch_round_tuning_r10/tuning-ffa-wiz-tinyllama-homo-e5-r10,epoch_round_tuning_r10/tuning-ffa-wiz-tinyllama-homo-e5-r10/seed0/10/log.txt,10,True,score log,Complete,7,28.93680885378523
ffa,Nonlinear FFA,wiz,Wizard,tinyllama,TinyLlama,homo,Homo,5,10,0,epoch_round_tuning_r10/tuning-ffa-wiz-tinyllama-homo-e5-r10,epoch_round_tuning_r10/tuning-ffa-wiz-tinyllama-homo-e5-r10/seed0/10/log.txt,10,True,score log,Complete,8,28.276614334255452
ffa,Nonlinear FFA,wiz,Wizard,tinyllama,TinyLlama,homo,Homo,5,10,0,epoch_round_tuning_r10/tuning-ffa-wiz-tinyllama-homo-e5-r10,epoch_round_tuning_r10/tuning-ffa-wiz-tinyllama-homo-e5-r10/seed0/10/log.txt,10,True,score log,Complete,9,29.808592526288546
ffa,Nonlinear FFA,wiz,Wizard,tinyllama,TinyLlama,homo,Homo,5,10,0,epoch_round_tuning_r10/tuning-ffa-wiz-tinyllama-homo-e5-r10,epoch_round_tuning_r10/tuning-ffa-wiz-tinyllama-homo-e5-r10/seed0/10/log.txt,10,True,score log,Complete,10,27.80395902041818
flora,Linear FLoRA,wiz,Wizard,tinyllama,TinyLlama,heter,Heter,1,10,0,epoch_round_tuning_r10/tuning-flora-wiz-tinyllama-heter-e1-r10,epoch_round_tuning_r10/tuning-flora-wiz-tinyllama-heter-e1-r10/seed0/10log.txt,10,True,score log,Complete,1,42.09638351770471
flora,Linear FLoRA,wiz,Wizard,tinyllama,TinyLlama,heter,Heter,1,10,0,epoch_round_tuning_r10/tuning-flora-wiz-tinyllama-heter-e1-r10,epoch_round_tuning_r10/tuning-flora-wiz-tinyllama-heter-e1-r10/seed0/10log.txt,10,True,score log,Complete,2,42.154465751529465
flora,Linear FLoRA,wiz,Wizard,tinyllama,TinyLlama,heter,Heter,1,10,0,epoch_round_tuning_r10/tuning-flora-wiz-tinyllama-heter-e1-r10,epoch_round_tuning_r10/tuning-flora-wiz-tinyllama-heter-e1-r10/seed0/10log.txt,10,True,score log,Complete,3,41.318367793120984
flora,Linear FLoRA,wiz,Wizard,tinyllama,TinyLlama,heter,Heter,1,10,0,epoch_round_tuning_r10/tuning-flora-wiz-tinyllama-heter-e1-r10,epoch_round_tuning_r10/tuning-flora-wiz-tinyllama-heter-e1-r10/seed0/10log.txt,10,True,score log,Complete,4,40.33482461579716
flora,Linear FLoRA,wiz,Wizard,tinyllama,TinyLlama,heter,Heter,1,10,0,epoch_round_tuning_r10/tuning-flora-wiz-tinyllama-heter-e1-r10,epoch_round_tuning_r10/tuning-flora-wiz-tinyllama-heter-e1-r10/seed0/10log.txt,10,True,score log,Complete,5,41.174367677097216
flora,Linear FLoRA,wiz,Wizard,tinyllama,TinyLlama,heter,Heter,1,10,0,epoch_round_tuning_r10/tuning-flora-wiz-tinyllama-heter-e1-r10,epoch_round_tuning_r10/tuning-flora-wiz-tinyllama-heter-e1-r10/seed0/10log.txt,10,True,score log,Complete,6,39.964022385882494
flora,Linear FLoRA,wiz,Wizard,tinyllama,TinyLlama,heter,Heter,1,10,0,epoch_round_tuning_r10/tuning-flora-wiz-tinyllama-heter-e1-r10,epoch_round_tuning_r10/tuning-flora-wiz-tinyllama-heter-e1-r10/seed0/10log.txt,10,True,score log,Complete,7,40.70022229407088
flora,Linear FLoRA,wiz,Wizard,tinyllama,TinyLlama,heter,Heter,1,10,0,epoch_round_tuning_r10/tuning-flora-wiz-tinyllama-heter-e1-r10,epoch_round_tuning_r10/tuning-flora-wiz-tinyllama-heter-e1-r10/seed0/10log.txt,10,True,score log,Complete,8,40.126600048526605
flora,Linear FLoRA,wiz,Wizard,tinyllama,TinyLlama,heter,Heter,1,10,0,epoch_round_tuning_r10/tuning-flora-wiz-tinyllama-heter-e1-r10,epoch_round_tuning_r10/tuning-flora-wiz-tinyllama-heter-e1-r10/seed0/10log.txt,10,True,score log,Complete,9,40.36102206504088
flora,Linear FLoRA,wiz,Wizard,tinyllama,TinyLlama,heter,Heter,1,10,0,epoch_round_tuning_r10/tuning-flora-wiz-tinyllama-heter-e1-r10,epoch_round_tuning_r10/tuning-flora-wiz-tinyllama-heter-e1-r10/seed0/10log.txt,10,True,score log,Complete,10,40.18660413366696
flora,Linear FLoRA,wiz,Wizard,tinyllama,TinyLlama,heter,Heter,2,10,0,epoch_round_tuning_r10/tuning-flora-wiz-tinyllama-heter-e2-r10,epoch_round_tuning_r10/tuning-flora-wiz-tinyllama-heter-e2-r10/seed0/10log.txt,10,True,score log,Complete,1,44.27272264988395
flora,Linear FLoRA,wiz,Wizard,tinyllama,TinyLlama,heter,Heter,2,10,0,epoch_round_tuning_r10/tuning-flora-wiz-tinyllama-heter-e2-r10,epoch_round_tuning_r10/tuning-flora-wiz-tinyllama-heter-e2-r10/seed0/10log.txt,10,True,score log,Complete,2,41.95165125461138
flora,Linear FLoRA,wiz,Wizard,tinyllama,TinyLlama,heter,Heter,2,10,0,epoch_round_tuning_r10/tuning-flora-wiz-tinyllama-heter-e2-r10,epoch_round_tuning_r10/tuning-flora-wiz-tinyllama-heter-e2-r10/seed0/10log.txt,10,True,score log,Complete,3,42.16890867527782
flora,Linear FLoRA,wiz,Wizard,tinyllama,TinyLlama,heter,Heter,2,10,0,epoch_round_tuning_r10/tuning-flora-wiz-tinyllama-heter-e2-r10,epoch_round_tuning_r10/tuning-flora-wiz-tinyllama-heter-e2-r10/seed0/10log.txt,10,True,score log,Complete,4,43.59053657311651
flora,Linear FLoRA,wiz,Wizard,tinyllama,TinyLlama,heter,Heter,2,10,0,epoch_round_tuning_r10/tuning-flora-wiz-tinyllama-heter-e2-r10,epoch_round_tuning_r10/tuning-flora-wiz-tinyllama-heter-e2-r10/seed0/10log.txt,10,True,score log,Complete,5,44.68460555687419
flora,Linear FLoRA,wiz,Wizard,tinyllama,TinyLlama,heter,Heter,2,10,0,epoch_round_tuning_r10/tuning-flora-wiz-tinyllama-heter-e2-r10,epoch_round_tuning_r10/tuning-flora-wiz-tinyllama-heter-e2-r10/seed0/10log.txt,10,True,score log,Complete,6,43.262463446157405
flora,Linear FLoRA,wiz,Wizard,tinyllama,TinyLlama,heter,Heter,2,10,0,epoch_round_tuning_r10/tuning-flora-wiz-tinyllama-heter-e2-r10,epoch_round_tuning_r10/tuning-flora-wiz-tinyllama-heter-e2-r10/seed0/10log.txt,10,True,score log,Complete,7,42.30121151519487
flora,Linear FLoRA,wiz,Wizard,tinyllama,TinyLlama,heter,Heter,2,10,0,epoch_round_tuning_r10/tuning-flora-wiz-tinyllama-heter-e2-r10,epoch_round_tuning_r10/tuning-flora-wiz-tinyllama-heter-e2-r10/seed0/10log.txt,10,True,score log,Complete,8,42.65858595736021
flora,Linear FLoRA,wiz,Wizard,tinyllama,TinyLlama,heter,Heter,2,10,0,epoch_round_tuning_r10/tuning-flora-wiz-tinyllama-heter-e2-r10,epoch_round_tuning_r10/tuning-flora-wiz-tinyllama-heter-e2-r10/seed0/10log.txt,10,True,score log,Complete,9,42.74021735913149
flora,Linear FLoRA,wiz,Wizard,tinyllama,TinyLlama,heter,Heter,2,10,0,epoch_round_tuning_r10/tuning-flora-wiz-tinyllama-heter-e2-r10,epoch_round_tuning_r10/tuning-flora-wiz-tinyllama-heter-e2-r10/seed0/10log.txt,10,True,score log,Complete,10,42.17589144163384
flora,Linear FLoRA,wiz,Wizard,tinyllama,TinyLlama,heter,Heter,3,10,0,epoch_round_tuning_r10/tuning-flora-wiz-tinyllama-heter-e3-r10,epoch_round_tuning_r10/tuning-flora-wiz-tinyllama-heter-e3-r10/seed0/10log.txt,10,True,score log,Complete,1,46.216901483508074
flora,Linear FLoRA,wiz,Wizard,tinyllama,TinyLlama,heter,Heter,3,10,0,epoch_round_tuning_r10/tuning-flora-wiz-tinyllama-heter-e3-r10,epoch_round_tuning_r10/tuning-flora-wiz-tinyllama-heter-e3-r10/seed0/10log.txt,10,True,score log,Complete,2,42.69232295744253
flora,Linear FLoRA,wiz,Wizard,tinyllama,TinyLlama,heter,Heter,3,10,0,epoch_round_tuning_r10/tuning-flora-wiz-tinyllama-heter-e3-r10,epoch_round_tuning_r10/tuning-flora-wiz-tinyllama-heter-e3-r10/seed0/10log.txt,10,True,score log,Complete,3,41.57884824931198
flora,Linear FLoRA,wiz,Wizard,tinyllama,TinyLlama,heter,Heter,3,10,0,epoch_round_tuning_r10/tuning-flora-wiz-tinyllama-heter-e3-r10,epoch_round_tuning_r10/tuning-flora-wiz-tinyllama-heter-e3-r10/seed0/10log.txt,10,True,score log,Complete,4,40.425838782194226
flora,Linear FLoRA,wiz,Wizard,tinyllama,TinyLlama,heter,Heter,3,10,0,epoch_round_tuning_r10/tuning-flora-wiz-tinyllama-heter-e3-r10,epoch_round_tuning_r10/tuning-flora-wiz-tinyllama-heter-e3-r10/seed0/10log.txt,10,True,score log,Complete,5,41.35918654437782
flora,Linear FLoRA,wiz,Wizard,tinyllama,TinyLlama,heter,Heter,3,10,0,epoch_round_tuning_r10/tuning-flora-wiz-tinyllama-heter-e3-r10,epoch_round_tuning_r10/tuning-flora-wiz-tinyllama-heter-e3-r10/seed0/10log.txt,10,True,score log,Complete,6,39.37290582500889
flora,Linear FLoRA,wiz,Wizard,tinyllama,TinyLlama,heter,Heter,3,10,0,epoch_round_tuning_r10/tuning-flora-wiz-tinyllama-heter-e3-r10,epoch_round_tuning_r10/tuning-flora-wiz-tinyllama-heter-e3-r10/seed0/10log.txt,10,True,score log,Complete,7,36.97790831561571
flora,Linear FLoRA,wiz,Wizard,tinyllama,TinyLlama,heter,Heter,3,10,0,epoch_round_tuning_r10/tuning-flora-wiz-tinyllama-heter-e3-r10,epoch_round_tuning_r10/tuning-flora-wiz-tinyllama-heter-e3-r10/seed0/10log.txt,10,True,score log,Complete,8,38.83675422782672
flora,Linear FLoRA,wiz,Wizard,tinyllama,TinyLlama,heter,Heter,3,10,0,epoch_round_tuning_r10/tuning-flora-wiz-tinyllama-heter-e3-r10,epoch_round_tuning_r10/tuning-flora-wiz-tinyllama-heter-e3-r10/seed0/10log.txt,10,True,score log,Complete,9,35.99160542090973
flora,Linear FLoRA,wiz,Wizard,tinyllama,TinyLlama,heter,Heter,3,10,0,epoch_round_tuning_r10/tuning-flora-wiz-tinyllama-heter-e3-r10,epoch_round_tuning_r10/tuning-flora-wiz-tinyllama-heter-e3-r10/seed0/10log.txt,10,True,score log,Complete,10,38.33263238124551
flora,Linear FLoRA,wiz,Wizard,tinyllama,TinyLlama,heter,Heter,5,10,0,epoch_round_tuning_r10/tuning-flora-wiz-tinyllama-heter-e5-r10,epoch_round_tuning_r10/tuning-flora-wiz-tinyllama-heter-e5-r10/seed0/10log.txt,10,True,score log,Complete,1,46.06484928810766
flora,Linear FLoRA,wiz,Wizard,tinyllama,TinyLlama,heter,Heter,5,10,0,epoch_round_tuning_r10/tuning-flora-wiz-tinyllama-heter-e5-r10,epoch_round_tuning_r10/tuning-flora-wiz-tinyllama-heter-e5-r10/seed0/10log.txt,10,True,score log,Complete,2,38.09010533713283
flora,Linear FLoRA,wiz,Wizard,tinyllama,TinyLlama,heter,Heter,5,10,0,epoch_round_tuning_r10/tuning-flora-wiz-tinyllama-heter-e5-r10,epoch_round_tuning_r10/tuning-flora-wiz-tinyllama-heter-e5-r10/seed0/10log.txt,10,True,score log,Complete,3,36.06911318318587
flora,Linear FLoRA,wiz,Wizard,tinyllama,TinyLlama,heter,Heter,5,10,0,epoch_round_tuning_r10/tuning-flora-wiz-tinyllama-heter-e5-r10,epoch_round_tuning_r10/tuning-flora-wiz-tinyllama-heter-e5-r10/seed0/10log.txt,10,True,score log,Complete,4,34.98601579789163
flora,Linear FLoRA,wiz,Wizard,tinyllama,TinyLlama,heter,Heter,5,10,0,epoch_round_tuning_r10/tuning-flora-wiz-tinyllama-heter-e5-r10,epoch_round_tuning_r10/tuning-flora-wiz-tinyllama-heter-e5-r10/seed0/10log.txt,10,True,score log,Complete,5,33.79226976184032
flora,Linear FLoRA,wiz,Wizard,tinyllama,TinyLlama,heter,Heter,5,10,0,epoch_round_tuning_r10/tuning-flora-wiz-tinyllama-heter-e5-r10,epoch_round_tuning_r10/tuning-flora-wiz-tinyllama-heter-e5-r10/seed0/10log.txt,10,True,score log,Complete,6,34.00229743929237
flora,Linear FLoRA,wiz,Wizard,tinyllama,TinyLlama,heter,Heter,5,10,0,epoch_round_tuning_r10/tuning-flora-wiz-tinyllama-heter-e5-r10,epoch_round_tuning_r10/tuning-flora-wiz-tinyllama-heter-e5-r10/seed0/10log.txt,10,True,score log,Complete,7,32.01066069008484
flora,Linear FLoRA,wiz,Wizard,tinyllama,TinyLlama,heter,Heter,5,10,0,epoch_round_tuning_r10/tuning-flora-wiz-tinyllama-heter-e5-r10,epoch_round_tuning_r10/tuning-flora-wiz-tinyllama-heter-e5-r10/seed0/10log.txt,10,True,score log,Complete,8,33.34326023990073
flora,Linear FLoRA,wiz,Wizard,tinyllama,TinyLlama,heter,Heter,5,10,0,epoch_round_tuning_r10/tuning-flora-wiz-tinyllama-heter-e5-r10,epoch_round_tuning_r10/tuning-flora-wiz-tinyllama-heter-e5-r10/seed0/10log.txt,10,True,score log,Complete,9,31.052209556969636
flora,Linear FLoRA,wiz,Wizard,tinyllama,TinyLlama,heter,Heter,5,10,0,epoch_round_tuning_r10/tuning-flora-wiz-tinyllama-heter-e5-r10,epoch_round_tuning_r10/tuning-flora-wiz-tinyllama-heter-e5-r10/seed0/10log.txt,10,True,score log,Complete,10,30.444415841415307
flora,Linear FLoRA,wiz,Wizard,tinyllama,TinyLlama,homo,Homo,1,10,0,epoch_round_tuning_r10/tuning-flora-wiz-tinyllama-homo-e1-r10,epoch_round_tuning_r10/tuning-flora-wiz-tinyllama-homo-e1-r10/seed0/10log.txt,10,True,score log,Complete,1,45.100873212020446
flora,Linear FLoRA,wiz,Wizard,tinyllama,TinyLlama,homo,Homo,1,10,0,epoch_round_tuning_r10/tuning-flora-wiz-tinyllama-homo-e1-r10,epoch_round_tuning_r10/tuning-flora-wiz-tinyllama-homo-e1-r10/seed0/10log.txt,10,True,score log,Complete,2,40.959383223356234
flora,Linear FLoRA,wiz,Wizard,tinyllama,TinyLlama,homo,Homo,1,10,0,epoch_round_tuning_r10/tuning-flora-wiz-tinyllama-homo-e1-r10,epoch_round_tuning_r10/tuning-flora-wiz-tinyllama-homo-e1-r10/seed0/10log.txt,10,True,score log,Complete,3,40.747855190921676
flora,Linear FLoRA,wiz,Wizard,tinyllama,TinyLlama,homo,Homo,1,10,0,epoch_round_tuning_r10/tuning-flora-wiz-tinyllama-homo-e1-r10,epoch_round_tuning_r10/tuning-flora-wiz-tinyllama-homo-e1-r10/seed0/10log.txt,10,True,score log,Complete,4,39.27837422974832
flora,Linear FLoRA,wiz,Wizard,tinyllama,TinyLlama,homo,Homo,1,10,0,epoch_round_tuning_r10/tuning-flora-wiz-tinyllama-homo-e1-r10,epoch_round_tuning_r10/tuning-flora-wiz-tinyllama-homo-e1-r10/seed0/10log.txt,10,True,score log,Complete,5,38.60890283884426
flora,Linear FLoRA,wiz,Wizard,tinyllama,TinyLlama,homo,Homo,1,10,0,epoch_round_tuning_r10/tuning-flora-wiz-tinyllama-homo-e1-r10,epoch_round_tuning_r10/tuning-flora-wiz-tinyllama-homo-e1-r10/seed0/10log.txt,10,True,score log,Complete,6,38.051035298927175
flora,Linear FLoRA,wiz,Wizard,tinyllama,TinyLlama,homo,Homo,1,10,0,epoch_round_tuning_r10/tuning-flora-wiz-tinyllama-homo-e1-r10,epoch_round_tuning_r10/tuning-flora-wiz-tinyllama-homo-e1-r10/seed0/10log.txt,10,True,score log,Complete,7,37.747856915591086
flora,Linear FLoRA,wiz,Wizard,tinyllama,TinyLlama,homo,Homo,1,10,0,epoch_round_tuning_r10/tuning-flora-wiz-tinyllama-homo-e1-r10,epoch_round_tuning_r10/tuning-flora-wiz-tinyllama-homo-e1-r10/seed0/10log.txt,10,True,score log,Complete,8,35.6476079283212
flora,Linear FLoRA,wiz,Wizard,tinyllama,TinyLlama,homo,Homo,1,10,0,epoch_round_tuning_r10/tuning-flora-wiz-tinyllama-homo-e1-r10,epoch_round_tuning_r10/tuning-flora-wiz-tinyllama-homo-e1-r10/seed0/10log.txt,10,True,score log,Complete,9,35.2878620871314
flora,Linear FLoRA,wiz,Wizard,tinyllama,TinyLlama,homo,Homo,1,10,0,epoch_round_tuning_r10/tuning-flora-wiz-tinyllama-homo-e1-r10,epoch_round_tuning_r10/tuning-flora-wiz-tinyllama-homo-e1-r10/seed0/10log.txt,10,True,score log,Complete,10,35.58244737864831
flora,Linear FLoRA,wiz,Wizard,tinyllama,TinyLlama,homo,Homo,2,10,0,epoch_round_tuning_r10/tuning-flora-wiz-tinyllama-homo-e2-r10,epoch_round_tuning_r10/tuning-flora-wiz-tinyllama-homo-e2-r10/seed0/10log.txt,10,True,score log,Complete,1,42.288709736475546
flora,Linear FLoRA,wiz,Wizard,tinyllama,TinyLlama,homo,Homo,2,10,0,epoch_round_tuning_r10/tuning-flora-wiz-tinyllama-homo-e2-r10,epoch_round_tuning_r10/tuning-flora-wiz-tinyllama-homo-e2-r10/seed0/10log.txt,10,True,score log,Complete,2,41.62260652971888
flora,Linear FLoRA,wiz,Wizard,tinyllama,TinyLlama,homo,Homo,2,10,0,epoch_round_tuning_r10/tuning-flora-wiz-tinyllama-homo-e2-r10,epoch_round_tuning_r10/tuning-flora-wiz-tinyllama-homo-e2-r10/seed0/10log.txt,10,True,score log,Complete,3,43.32040114715666
flora,Linear FLoRA,wiz,Wizard,tinyllama,TinyLlama,homo,Homo,2,10,0,epoch_round_tuning_r10/tuning-flora-wiz-tinyllama-homo-e2-r10,epoch_round_tuning_r10/tuning-flora-wiz-tinyllama-homo-e2-r10/seed0/10log.txt,10,True,score log,Complete,4,40.32606039484363
flora,Linear FLoRA,wiz,Wizard,tinyllama,TinyLlama,homo,Homo,2,10,0,epoch_round_tuning_r10/tuning-flora-wiz-tinyllama-homo-e2-r10,epoch_round_tuning_r10/tuning-flora-wiz-tinyllama-homo-e2-r10/seed0/10log.txt,10,True,score log,Complete,5,43.332710945166696
flora,Linear FLoRA,wiz,Wizard,tinyllama,TinyLlama,homo,Homo,2,10,0,epoch_round_tuning_r10/tuning-flora-wiz-tinyllama-homo-e2-r10,epoch_round_tuning_r10/tuning-flora-wiz-tinyllama-homo-e2-r10/seed0/10log.txt,10,True,score log,Complete,6,41.62255153634585
flora,Linear FLoRA,wiz,Wizard,tinyllama,TinyLlama,homo,Homo,2,10,0,epoch_round_tuning_r10/tuning-flora-wiz-tinyllama-homo-e2-r10,epoch_round_tuning_r10/tuning-flora-wiz-tinyllama-homo-e2-r10/seed0/10log.txt,10,True,score log,Complete,7,42.33972430992514
flora,Linear FLoRA,wiz,Wizard,tinyllama,TinyLlama,homo,Homo,2,10,0,epoch_round_tuning_r10/tuning-flora-wiz-tinyllama-homo-e2-r10,epoch_round_tuning_r10/tuning-flora-wiz-tinyllama-homo-e2-r10/seed0/10log.txt,10,True,score log,Complete,8,40.982815561653126
flora,Linear FLoRA,wiz,Wizard,tinyllama,TinyLlama,homo,Homo,2,10,0,epoch_round_tuning_r10/tuning-flora-wiz-tinyllama-homo-e2-r10,epoch_round_tuning_r10/tuning-flora-wiz-tinyllama-homo-e2-r10/seed0/10log.txt,10,True,score log,Complete,9,40.13543079304065
flora,Linear FLoRA,wiz,Wizard,tinyllama,TinyLlama,homo,Homo,2,10,0,epoch_round_tuning_r10/tuning-flora-wiz-tinyllama-homo-e2-r10,epoch_round_tuning_r10/tuning-flora-wiz-tinyllama-homo-e2-r10/seed0/10log.txt,10,True,score log,Complete,10,39.19553969492619
flora,Linear FLoRA,wiz,Wizard,tinyllama,TinyLlama,homo,Homo,3,10,0,epoch_round_tuning_r10/tuning-flora-wiz-tinyllama-homo-e3-r10,epoch_round_tuning_r10/tuning-flora-wiz-tinyllama-homo-e3-r10/seed0/10log.txt,10,True,score log,Complete,1,36.82410660637841
flora,Linear FLoRA,wiz,Wizard,tinyllama,TinyLlama,homo,Homo,3,10,0,epoch_round_tuning_r10/tuning-flora-wiz-tinyllama-homo-e3-r10,epoch_round_tuning_r10/tuning-flora-wiz-tinyllama-homo-e3-r10/seed0/10log.txt,10,True,score log,Complete,2,37.64734670432514
flora,Linear FLoRA,wiz,Wizard,tinyllama,TinyLlama,homo,Homo,3,10,0,epoch_round_tuning_r10/tuning-flora-wiz-tinyllama-homo-e3-r10,epoch_round_tuning_r10/tuning-flora-wiz-tinyllama-homo-e3-r10/seed0/10log.txt,10,True,score log,Complete,3,37.18937819257118
flora,Linear FLoRA,wiz,Wizard,tinyllama,TinyLlama,homo,Homo,3,10,0,epoch_round_tuning_r10/tuning-flora-wiz-tinyllama-homo-e3-r10,epoch_round_tuning_r10/tuning-flora-wiz-tinyllama-homo-e3-r10/seed0/10log.txt,10,True,score log,Complete,4,36.98061311965547
flora,Linear FLoRA,wiz,Wizard,tinyllama,TinyLlama,homo,Homo,3,10,0,epoch_round_tuning_r10/tuning-flora-wiz-tinyllama-homo-e3-r10,epoch_round_tuning_r10/tuning-flora-wiz-tinyllama-homo-e3-r10/seed0/10log.txt,10,True,score log,Complete,5,36.8568089350097
flora,Linear FLoRA,wiz,Wizard,tinyllama,TinyLlama,homo,Homo,3,10,0,epoch_round_tuning_r10/tuning-flora-wiz-tinyllama-homo-e3-r10,epoch_round_tuning_r10/tuning-flora-wiz-tinyllama-homo-e3-r10/seed0/10log.txt,10,True,score log,Complete,6,36.204606434725235
flora,Linear FLoRA,wiz,Wizard,tinyllama,TinyLlama,homo,Homo,3,10,0,epoch_round_tuning_r10/tuning-flora-wiz-tinyllama-homo-e3-r10,epoch_round_tuning_r10/tuning-flora-wiz-tinyllama-homo-e3-r10/seed0/10log.txt,10,True,score log,Complete,7,36.986538002395456
flora,Linear FLoRA,wiz,Wizard,tinyllama,TinyLlama,homo,Homo,3,10,0,epoch_round_tuning_r10/tuning-flora-wiz-tinyllama-homo-e3-r10,epoch_round_tuning_r10/tuning-flora-wiz-tinyllama-homo-e3-r10/seed0/10log.txt,10,True,score log,Complete,8,36.746180233494854
flora,Linear FLoRA,wiz,Wizard,tinyllama,TinyLlama,homo,Homo,3,10,0,epoch_round_tuning_r10/tuning-flora-wiz-tinyllama-homo-e3-r10,epoch_round_tuning_r10/tuning-flora-wiz-tinyllama-homo-e3-r10/seed0/10log.txt,10,True,score log,Complete,9,34.9640894014745
flora,Linear FLoRA,wiz,Wizard,tinyllama,TinyLlama,homo,Homo,3,10,0,epoch_round_tuning_r10/tuning-flora-wiz-tinyllama-homo-e3-r10,epoch_round_tuning_r10/tuning-flora-wiz-tinyllama-homo-e3-r10/seed0/10log.txt,10,True,score log,Complete,10,36.08904946377896
flora,Linear FLoRA,wiz,Wizard,tinyllama,TinyLlama,homo,Homo,5,10,0,epoch_round_tuning_r10/tuning-flora-wiz-tinyllama-homo-e5-r10,epoch_round_tuning_r10/tuning-flora-wiz-tinyllama-homo-e5-r10/seed0/10log.txt,10,True,score log,Complete,1,40.22545299620975
flora,Linear FLoRA,wiz,Wizard,tinyllama,TinyLlama,homo,Homo,5,10,0,epoch_round_tuning_r10/tuning-flora-wiz-tinyllama-homo-e5-r10,epoch_round_tuning_r10/tuning-flora-wiz-tinyllama-homo-e5-r10/seed0/10log.txt,10,True,score log,Complete,2,37.90364206374151
flora,Linear FLoRA,wiz,Wizard,tinyllama,TinyLlama,homo,Homo,5,10,0,epoch_round_tuning_r10/tuning-flora-wiz-tinyllama-homo-e5-r10,epoch_round_tuning_r10/tuning-flora-wiz-tinyllama-homo-e5-r10/seed0/10log.txt,10,True,score log,Complete,3,36.47299347667154
flora,Linear FLoRA,wiz,Wizard,tinyllama,TinyLlama,homo,Homo,5,10,0,epoch_round_tuning_r10/tuning-flora-wiz-tinyllama-homo-e5-r10,epoch_round_tuning_r10/tuning-flora-wiz-tinyllama-homo-e5-r10/seed0/10log.txt,10,True,score log,Complete,4,35.397391985070875
flora,Linear FLoRA,wiz,Wizard,tinyllama,TinyLlama,homo,Homo,5,10,0,epoch_round_tuning_r10/tuning-flora-wiz-tinyllama-homo-e5-r10,epoch_round_tuning_r10/tuning-flora-wiz-tinyllama-homo-e5-r10/seed0/10log.txt,10,True,score log,Complete,5,34.44443527776004
flora,Linear FLoRA,wiz,Wizard,tinyllama,TinyLlama,homo,Homo,5,10,0,epoch_round_tuning_r10/tuning-flora-wiz-tinyllama-homo-e5-r10,epoch_round_tuning_r10/tuning-flora-wiz-tinyllama-homo-e5-r10/seed0/10log.txt,10,True,score log,Complete,6,37.06405933075061
flora,Linear FLoRA,wiz,Wizard,tinyllama,TinyLlama,homo,Homo,5,10,0,epoch_round_tuning_r10/tuning-flora-wiz-tinyllama-homo-e5-r10,epoch_round_tuning_r10/tuning-flora-wiz-tinyllama-homo-e5-r10/seed0/10log.txt,10,True,score log,Complete,7,36.5836114624765
flora,Linear FLoRA,wiz,Wizard,tinyllama,TinyLlama,homo,Homo,5,10,0,epoch_round_tuning_r10/tuning-flora-wiz-tinyllama-homo-e5-r10,epoch_round_tuning_r10/tuning-flora-wiz-tinyllama-homo-e5-r10/seed0/10log.txt,10,True,score log,Complete,8,36.41143213148031
flora,Linear FLoRA,wiz,Wizard,tinyllama,TinyLlama,homo,Homo,5,10,0,epoch_round_tuning_r10/tuning-flora-wiz-tinyllama-homo-e5-r10,epoch_round_tuning_r10/tuning-flora-wiz-tinyllama-homo-e5-r10/seed0/10log.txt,10,True,score log,Complete,9,36.00277416006926
flora,Linear FLoRA,wiz,Wizard,tinyllama,TinyLlama,homo,Homo,5,10,0,epoch_round_tuning_r10/tuning-flora-wiz-tinyllama-homo-e5-r10,epoch_round_tuning_r10/tuning-flora-wiz-tinyllama-homo-e5-r10/seed0/10log.txt,10,True,score log,Complete,10,34.60655148438787
ffa,Nonlinear FFA,wiz_stratified,Wizard stratified,tinyllama,TinyLlama,heter,Heter,1,10,0,epoch_round_tuning_wiz_stratified_r10/tuning-ffa-wiz_stratified-tinyllama-heter-e1-r10,epoch_round_tuning_wiz_stratified_r10/tuning-ffa-wiz_stratified-tinyllama-heter-e1-r10/seed0/10/log.txt,10,True,score log,Complete,1,26.989248553082103
ffa,Nonlinear FFA,wiz_stratified,Wizard stratified,tinyllama,TinyLlama,heter,Heter,1,10,0,epoch_round_tuning_wiz_stratified_r10/tuning-ffa-wiz_stratified-tinyllama-heter-e1-r10,epoch_round_tuning_wiz_stratified_r10/tuning-ffa-wiz_stratified-tinyllama-heter-e1-r10/seed0/10/log.txt,10,True,score log,Complete,2,28.422156873252106
ffa,Nonlinear FFA,wiz_stratified,Wizard stratified,tinyllama,TinyLlama,heter,Heter,1,10,0,epoch_round_tuning_wiz_stratified_r10/tuning-ffa-wiz_stratified-tinyllama-heter-e1-r10,epoch_round_tuning_wiz_stratified_r10/tuning-ffa-wiz_stratified-tinyllama-heter-e1-r10/seed0/10/log.txt,10,True,score log,Complete,3,28.803796965521567
ffa,Nonlinear FFA,wiz_stratified,Wizard stratified,tinyllama,TinyLlama,heter,Heter,1,10,0,epoch_round_tuning_wiz_stratified_r10/tuning-ffa-wiz_stratified-tinyllama-heter-e1-r10,epoch_round_tuning_wiz_stratified_r10/tuning-ffa-wiz_stratified-tinyllama-heter-e1-r10/seed0/10/log.txt,10,True,score log,Complete,4,30.031834432907345
ffa,Nonlinear FFA,wiz_stratified,Wizard stratified,tinyllama,TinyLlama,heter,Heter,1,10,0,epoch_round_tuning_wiz_stratified_r10/tuning-ffa-wiz_stratified-tinyllama-heter-e1-r10,epoch_round_tuning_wiz_stratified_r10/tuning-ffa-wiz_stratified-tinyllama-heter-e1-r10/seed0/10/log.txt,10,True,score log,Complete,5,32.335661973590916
ffa,Nonlinear FFA,wiz_stratified,Wizard stratified,tinyllama,TinyLlama,heter,Heter,1,10,0,epoch_round_tuning_wiz_stratified_r10/tuning-ffa-wiz_stratified-tinyllama-heter-e1-r10,epoch_round_tuning_wiz_stratified_r10/tuning-ffa-wiz_stratified-tinyllama-heter-e1-r10/seed0/10/log.txt,10,True,score log,Complete,6,32.26664779948376
ffa,Nonlinear FFA,wiz_stratified,Wizard stratified,tinyllama,TinyLlama,heter,Heter,1,10,0,epoch_round_tuning_wiz_stratified_r10/tuning-ffa-wiz_stratified-tinyllama-heter-e1-r10,epoch_round_tuning_wiz_stratified_r10/tuning-ffa-wiz_stratified-tinyllama-heter-e1-r10/seed0/10/log.txt,10,True,score log,Complete,7,31.98859154172351
ffa,Nonlinear FFA,wiz_stratified,Wizard stratified,tinyllama,TinyLlama,heter,Heter,1,10,0,epoch_round_tuning_wiz_stratified_r10/tuning-ffa-wiz_stratified-tinyllama-heter-e1-r10,epoch_round_tuning_wiz_stratified_r10/tuning-ffa-wiz_stratified-tinyllama-heter-e1-r10/seed0/10/log.txt,10,True,score log,Complete,8,33.06825306705602
ffa,Nonlinear FFA,wiz_stratified,Wizard stratified,tinyllama,TinyLlama,heter,Heter,1,10,0,epoch_round_tuning_wiz_stratified_r10/tuning-ffa-wiz_stratified-tinyllama-heter-e1-r10,epoch_round_tuning_wiz_stratified_r10/tuning-ffa-wiz_stratified-tinyllama-heter-e1-r10/seed0/10/log.txt,10,True,score log,Complete,9,31.585788217376027
ffa,Nonlinear FFA,wiz_stratified,Wizard stratified,tinyllama,TinyLlama,heter,Heter,1,10,0,epoch_round_tuning_wiz_stratified_r10/tuning-ffa-wiz_stratified-tinyllama-heter-e1-r10,epoch_round_tuning_wiz_stratified_r10/tuning-ffa-wiz_stratified-tinyllama-heter-e1-r10/seed0/10/log.txt,10,True,score log,Complete,10,31.32756125132347
ffa,Nonlinear FFA,wiz_stratified,Wizard stratified,tinyllama,TinyLlama,heter,Heter,2,10,0,epoch_round_tuning_wiz_stratified_r10/tuning-ffa-wiz_stratified-tinyllama-heter-e2-r10,epoch_round_tuning_wiz_stratified_r10/tuning-ffa-wiz_stratified-tinyllama-heter-e2-r10/seed0/10/log.txt,10,True,score log,Complete,1,28.85561988759276
ffa,Nonlinear FFA,wiz_stratified,Wizard stratified,tinyllama,TinyLlama,heter,Heter,2,10,0,epoch_round_tuning_wiz_stratified_r10/tuning-ffa-wiz_stratified-tinyllama-heter-e2-r10,epoch_round_tuning_wiz_stratified_r10/tuning-ffa-wiz_stratified-tinyllama-heter-e2-r10/seed0/10/log.txt,10,True,score log,Complete,2,30.535685113137802
ffa,Nonlinear FFA,wiz_stratified,Wizard stratified,tinyllama,TinyLlama,heter,Heter,2,10,0,epoch_round_tuning_wiz_stratified_r10/tuning-ffa-wiz_stratified-tinyllama-heter-e2-r10,epoch_round_tuning_wiz_stratified_r10/tuning-ffa-wiz_stratified-tinyllama-heter-e2-r10/seed0/10/log.txt,10,True,score log,Complete,3,32.460055269357504
ffa,Nonlinear FFA,wiz_stratified,Wizard stratified,tinyllama,TinyLlama,heter,Heter,2,10,0,epoch_round_tuning_wiz_stratified_r10/tuning-ffa-wiz_stratified-tinyllama-heter-e2-r10,epoch_round_tuning_wiz_stratified_r10/tuning-ffa-wiz_stratified-tinyllama-heter-e2-r10/seed0/10/log.txt,10,True,score log,Complete,4,32.85450763463717
ffa,Nonlinear FFA,wiz_stratified,Wizard stratified,tinyllama,TinyLlama,heter,Heter,2,10,0,epoch_round_tuning_wiz_stratified_r10/tuning-ffa-wiz_stratified-tinyllama-heter-e2-r10,epoch_round_tuning_wiz_stratified_r10/tuning-ffa-wiz_stratified-tinyllama-heter-e2-r10/seed0/10/log.txt,10,True,score log,Complete,5,32.272822819085334
ffa,Nonlinear FFA,wiz_stratified,Wizard stratified,tinyllama,TinyLlama,heter,Heter,2,10,0,epoch_round_tuning_wiz_stratified_r10/tuning-ffa-wiz_stratified-tinyllama-heter-e2-r10,epoch_round_tuning_wiz_stratified_r10/tuning-ffa-wiz_stratified-tinyllama-heter-e2-r10/seed0/10/log.txt,10,True,score log,Complete,6,31.67763881668659
ffa,Nonlinear FFA,wiz_stratified,Wizard stratified,tinyllama,TinyLlama,heter,Heter,2,10,0,epoch_round_tuning_wiz_stratified_r10/tuning-ffa-wiz_stratified-tinyllama-heter-e2-r10,epoch_round_tuning_wiz_stratified_r10/tuning-ffa-wiz_stratified-tinyllama-heter-e2-r10/seed0/10/log.txt,10,True,score log,Complete,7,32.183055687317804
ffa,Nonlinear FFA,wiz_stratified,Wizard stratified,tinyllama,TinyLlama,heter,Heter,2,10,0,epoch_round_tuning_wiz_stratified_r10/tuning-ffa-wiz_stratified-tinyllama-heter-e2-r10,epoch_round_tuning_wiz_stratified_r10/tuning-ffa-wiz_stratified-tinyllama-heter-e2-r10/seed0/10/log.txt,10,True,score log,Complete,8,30.851972357047707
ffa,Nonlinear FFA,wiz_stratified,Wizard stratified,tinyllama,TinyLlama,heter,Heter,2,10,0,epoch_round_tuning_wiz_stratified_r10/tuning-ffa-wiz_stratified-tinyllama-heter-e2-r10,epoch_round_tuning_wiz_stratified_r10/tuning-ffa-wiz_stratified-tinyllama-heter-e2-r10/seed0/10/log.txt,10,True,score log,Complete,9,30.889392410123946
ffa,Nonlinear FFA,wiz_stratified,Wizard stratified,tinyllama,TinyLlama,heter,Heter,2,10,0,epoch_round_tuning_wiz_stratified_r10/tuning-ffa-wiz_stratified-tinyllama-heter-e2-r10,epoch_round_tuning_wiz_stratified_r10/tuning-ffa-wiz_stratified-tinyllama-heter-e2-r10/seed0/10/log.txt,10,True,score log,Complete,10,31.06304451810197
ffa,Nonlinear FFA,wiz_stratified,Wizard stratified,tinyllama,TinyLlama,heter,Heter,3,10,0,epoch_round_tuning_wiz_stratified_r10/tuning-ffa-wiz_stratified-tinyllama-heter-e3-r10,epoch_round_tuning_wiz_stratified_r10/tuning-ffa-wiz_stratified-tinyllama-heter-e3-r10/seed0/10/log.txt,10,True,score log,Complete,1,29.389020205280364
ffa,Nonlinear FFA,wiz_stratified,Wizard stratified,tinyllama,TinyLlama,heter,Heter,3,10,0,epoch_round_tuning_wiz_stratified_r10/tuning-ffa-wiz_stratified-tinyllama-heter-e3-r10,epoch_round_tuning_wiz_stratified_r10/tuning-ffa-wiz_stratified-tinyllama-heter-e3-r10/seed0/10/log.txt,10,True,score log,Complete,2,30.688905720740404
ffa,Nonlinear FFA,wiz_stratified,Wizard stratified,tinyllama,TinyLlama,heter,Heter,3,10,0,epoch_round_tuning_wiz_stratified_r10/tuning-ffa-wiz_stratified-tinyllama-heter-e3-r10,epoch_round_tuning_wiz_stratified_r10/tuning-ffa-wiz_stratified-tinyllama-heter-e3-r10/seed0/10/log.txt,10,True,score log,Complete,3,31.118111978637724
ffa,Nonlinear FFA,wiz_stratified,Wizard stratified,tinyllama,TinyLlama,heter,Heter,3,10,0,epoch_round_tuning_wiz_stratified_r10/tuning-ffa-wiz_stratified-tinyllama-heter-e3-r10,epoch_round_tuning_wiz_stratified_r10/tuning-ffa-wiz_stratified-tinyllama-heter-e3-r10/seed0/10/log.txt,10,True,score log,Complete,4,31.716742544066847
ffa,Nonlinear FFA,wiz_stratified,Wizard stratified,tinyllama,TinyLlama,heter,Heter,3,10,0,epoch_round_tuning_wiz_stratified_r10/tuning-ffa-wiz_stratified-tinyllama-heter-e3-r10,epoch_round_tuning_wiz_stratified_r10/tuning-ffa-wiz_stratified-tinyllama-heter-e3-r10/seed0/10/log.txt,10,True,score log,Complete,5,32.74667537017022
ffa,Nonlinear FFA,wiz_stratified,Wizard stratified,tinyllama,TinyLlama,heter,Heter,3,10,0,epoch_round_tuning_wiz_stratified_r10/tuning-ffa-wiz_stratified-tinyllama-heter-e3-r10,epoch_round_tuning_wiz_stratified_r10/tuning-ffa-wiz_stratified-tinyllama-heter-e3-r10/seed0/10/log.txt,10,True,score log,Complete,6,32.29950701197954
ffa,Nonlinear FFA,wiz_stratified,Wizard stratified,tinyllama,TinyLlama,heter,Heter,3,10,0,epoch_round_tuning_wiz_stratified_r10/tuning-ffa-wiz_stratified-tinyllama-heter-e3-r10,epoch_round_tuning_wiz_stratified_r10/tuning-ffa-wiz_stratified-tinyllama-heter-e3-r10/seed0/10/log.txt,10,True,score log,Complete,7,31.92046157500626
ffa,Nonlinear FFA,wiz_stratified,Wizard stratified,tinyllama,TinyLlama,heter,Heter,3,10,0,epoch_round_tuning_wiz_stratified_r10/tuning-ffa-wiz_stratified-tinyllama-heter-e3-r10,epoch_round_tuning_wiz_stratified_r10/tuning-ffa-wiz_stratified-tinyllama-heter-e3-r10/seed0/10/log.txt,10,True,score log,Complete,8,31.666838103800764
ffa,Nonlinear FFA,wiz_stratified,Wizard stratified,tinyllama,TinyLlama,heter,Heter,3,10,0,epoch_round_tuning_wiz_stratified_r10/tuning-ffa-wiz_stratified-tinyllama-heter-e3-r10,epoch_round_tuning_wiz_stratified_r10/tuning-ffa-wiz_stratified-tinyllama-heter-e3-r10/seed0/10/log.txt,10,True,score log,Complete,9,32.21268340799826
ffa,Nonlinear FFA,wiz_stratified,Wizard stratified,tinyllama,TinyLlama,heter,Heter,3,10,0,epoch_round_tuning_wiz_stratified_r10/tuning-ffa-wiz_stratified-tinyllama-heter-e3-r10,epoch_round_tuning_wiz_stratified_r10/tuning-ffa-wiz_stratified-tinyllama-heter-e3-r10/seed0/10/log.txt,10,True,score log,Complete,10,32.28645874691834
ffa,Nonlinear FFA,wiz_stratified,Wizard stratified,tinyllama,TinyLlama,heter,Heter,5,10,0,epoch_round_tuning_wiz_stratified_r10/tuning-ffa-wiz_stratified-tinyllama-heter-e5-r10,epoch_round_tuning_wiz_stratified_r10/tuning-ffa-wiz_stratified-tinyllama-heter-e5-r10/seed0/10/log.txt,10,True,score log,Complete,1,30.304244375917698
ffa,Nonlinear FFA,wiz_stratified,Wizard stratified,tinyllama,TinyLlama,heter,Heter,5,10,0,epoch_round_tuning_wiz_stratified_r10/tuning-ffa-wiz_stratified-tinyllama-heter-e5-r10,epoch_round_tuning_wiz_stratified_r10/tuning-ffa-wiz_stratified-tinyllama-heter-e5-r10/seed0/10/log.txt,10,True,score log,Complete,2,31.50314675541451
ffa,Nonlinear FFA,wiz_stratified,Wizard stratified,tinyllama,TinyLlama,heter,Heter,5,10,0,epoch_round_tuning_wiz_stratified_r10/tuning-ffa-wiz_stratified-tinyllama-heter-e5-r10,epoch_round_tuning_wiz_stratified_r10/tuning-ffa-wiz_stratified-tinyllama-heter-e5-r10/seed0/10/log.txt,10,True,score log,Complete,3,33.36740023146743
ffa,Nonlinear FFA,wiz_stratified,Wizard stratified,tinyllama,TinyLlama,heter,Heter,5,10,0,epoch_round_tuning_wiz_stratified_r10/tuning-ffa-wiz_stratified-tinyllama-heter-e5-r10,epoch_round_tuning_wiz_stratified_r10/tuning-ffa-wiz_stratified-tinyllama-heter-e5-r10/seed0/10/log.txt,10,True,score log,Complete,4,30.850546806053902
ffa,Nonlinear FFA,wiz_stratified,Wizard stratified,tinyllama,TinyLlama,heter,Heter,5,10,0,epoch_round_tuning_wiz_stratified_r10/tuning-ffa-wiz_stratified-tinyllama-heter-e5-r10,epoch_round_tuning_wiz_stratified_r10/tuning-ffa-wiz_stratified-tinyllama-heter-e5-r10/seed0/10/log.txt,10,True,score log,Complete,5,30.452684372180443
ffa,Nonlinear FFA,wiz_stratified,Wizard stratified,tinyllama,TinyLlama,heter,Heter,5,10,0,epoch_round_tuning_wiz_stratified_r10/tuning-ffa-wiz_stratified-tinyllama-heter-e5-r10,epoch_round_tuning_wiz_stratified_r10/tuning-ffa-wiz_stratified-tinyllama-heter-e5-r10/seed0/10/log.txt,10,True,score log,Complete,6,31.688224619527837
ffa,Nonlinear FFA,wiz_stratified,Wizard stratified,tinyllama,TinyLlama,heter,Heter,5,10,0,epoch_round_tuning_wiz_stratified_r10/tuning-ffa-wiz_stratified-tinyllama-heter-e5-r10,epoch_round_tuning_wiz_stratified_r10/tuning-ffa-wiz_stratified-tinyllama-heter-e5-r10/seed0/10/log.txt,10,True,score log,Complete,7,32.043147271093176
ffa,Nonlinear FFA,wiz_stratified,Wizard stratified,tinyllama,TinyLlama,heter,Heter,5,10,0,epoch_round_tuning_wiz_stratified_r10/tuning-ffa-wiz_stratified-tinyllama-heter-e5-r10,epoch_round_tuning_wiz_stratified_r10/tuning-ffa-wiz_stratified-tinyllama-heter-e5-r10/seed0/10/log.txt,10,True,score log,Complete,8,32.672639569768094
ffa,Nonlinear FFA,wiz_stratified,Wizard stratified,tinyllama,TinyLlama,heter,Heter,5,10,0,epoch_round_tuning_wiz_stratified_r10/tuning-ffa-wiz_stratified-tinyllama-heter-e5-r10,epoch_round_tuning_wiz_stratified_r10/tuning-ffa-wiz_stratified-tinyllama-heter-e5-r10/seed0/10/log.txt,10,True,score log,Complete,9,32.438626087407854
ffa,Nonlinear FFA,wiz_stratified,Wizard stratified,tinyllama,TinyLlama,heter,Heter,5,10,0,epoch_round_tuning_wiz_stratified_r10/tuning-ffa-wiz_stratified-tinyllama-heter-e5-r10,epoch_round_tuning_wiz_stratified_r10/tuning-ffa-wiz_stratified-tinyllama-heter-e5-r10/seed0/10/log.txt,10,True,score log,Complete,10,30.338248186890926
ffa,Nonlinear FFA,wiz_stratified,Wizard stratified,tinyllama,TinyLlama,homo,Homo,1,10,0,epoch_round_tuning_wiz_stratified_r10/tuning-ffa-wiz_stratified-tinyllama-homo-e1-r10,epoch_round_tuning_wiz_stratified_r10/tuning-ffa-wiz_stratified-tinyllama-homo-e1-r10/seed0/10/log.txt,10,True,score log,Complete,1,27.329563213655454
ffa,Nonlinear FFA,wiz_stratified,Wizard stratified,tinyllama,TinyLlama,homo,Homo,1,10,0,epoch_round_tuning_wiz_stratified_r10/tuning-ffa-wiz_stratified-tinyllama-homo-e1-r10,epoch_round_tuning_wiz_stratified_r10/tuning-ffa-wiz_stratified-tinyllama-homo-e1-r10/seed0/10/log.txt,10,True,score log,Complete,2,31.246502422386634
ffa,Nonlinear FFA,wiz_stratified,Wizard stratified,tinyllama,TinyLlama,homo,Homo,1,10,0,epoch_round_tuning_wiz_stratified_r10/tuning-ffa-wiz_stratified-tinyllama-homo-e1-r10,epoch_round_tuning_wiz_stratified_r10/tuning-ffa-wiz_stratified-tinyllama-homo-e1-r10/seed0/10/log.txt,10,True,score log,Complete,3,30.604218213703316
ffa,Nonlinear FFA,wiz_stratified,Wizard stratified,tinyllama,TinyLlama,homo,Homo,1,10,0,epoch_round_tuning_wiz_stratified_r10/tuning-ffa-wiz_stratified-tinyllama-homo-e1-r10,epoch_round_tuning_wiz_stratified_r10/tuning-ffa-wiz_stratified-tinyllama-homo-e1-r10/seed0/10/log.txt,10,True,score log,Complete,4,31.29403599652349
ffa,Nonlinear FFA,wiz_stratified,Wizard stratified,tinyllama,TinyLlama,homo,Homo,1,10,0,epoch_round_tuning_wiz_stratified_r10/tuning-ffa-wiz_stratified-tinyllama-homo-e1-r10,epoch_round_tuning_wiz_stratified_r10/tuning-ffa-wiz_stratified-tinyllama-homo-e1-r10/seed0/10/log.txt,10,True,score log,Complete,5,30.364004097888277
ffa,Nonlinear FFA,wiz_stratified,Wizard stratified,tinyllama,TinyLlama,homo,Homo,1,10,0,epoch_round_tuning_wiz_stratified_r10/tuning-ffa-wiz_stratified-tinyllama-homo-e1-r10,epoch_round_tuning_wiz_stratified_r10/tuning-ffa-wiz_stratified-tinyllama-homo-e1-r10/seed0/10/log.txt,10,True,score log,Complete,6,30.640942425818103
ffa,Nonlinear FFA,wiz_stratified,Wizard stratified,tinyllama,TinyLlama,homo,Homo,1,10,0,epoch_round_tuning_wiz_stratified_r10/tuning-ffa-wiz_stratified-tinyllama-homo-e1-r10,epoch_round_tuning_wiz_stratified_r10/tuning-ffa-wiz_stratified-tinyllama-homo-e1-r10/seed0/10/log.txt,10,True,score log,Complete,7,30.430127193212293
ffa,Nonlinear FFA,wiz_stratified,Wizard stratified,tinyllama,TinyLlama,homo,Homo,1,10,0,epoch_round_tuning_wiz_stratified_r10/tuning-ffa-wiz_stratified-tinyllama-homo-e1-r10,epoch_round_tuning_wiz_stratified_r10/tuning-ffa-wiz_stratified-tinyllama-homo-e1-r10/seed0/10/log.txt,10,True,score log,Complete,8,30.735799074133542
ffa,Nonlinear FFA,wiz_stratified,Wizard stratified,tinyllama,TinyLlama,homo,Homo,1,10,0,epoch_round_tuning_wiz_stratified_r10/tuning-ffa-wiz_stratified-tinyllama-homo-e1-r10,epoch_round_tuning_wiz_stratified_r10/tuning-ffa-wiz_stratified-tinyllama-homo-e1-r10/seed0/10/log.txt,10,True,score log,Complete,9,29.66614522881424
ffa,Nonlinear FFA,wiz_stratified,Wizard stratified,tinyllama,TinyLlama,homo,Homo,1,10,0,epoch_round_tuning_wiz_stratified_r10/tuning-ffa-wiz_stratified-tinyllama-homo-e1-r10,epoch_round_tuning_wiz_stratified_r10/tuning-ffa-wiz_stratified-tinyllama-homo-e1-r10/seed0/10/log.txt,10,True,score log,Complete,10,29.60549887564778
ffa,Nonlinear FFA,wiz_stratified,Wizard stratified,tinyllama,TinyLlama,homo,Homo,2,10,0,epoch_round_tuning_wiz_stratified_r10/tuning-ffa-wiz_stratified-tinyllama-homo-e2-r10,epoch_round_tuning_wiz_stratified_r10/tuning-ffa-wiz_stratified-tinyllama-homo-e2-r10/seed0/10/log.txt,10,True,score log,Complete,1,29.923304076320186
ffa,Nonlinear FFA,wiz_stratified,Wizard stratified,tinyllama,TinyLlama,homo,Homo,2,10,0,epoch_round_tuning_wiz_stratified_r10/tuning-ffa-wiz_stratified-tinyllama-homo-e2-r10,epoch_round_tuning_wiz_stratified_r10/tuning-ffa-wiz_stratified-tinyllama-homo-e2-r10/seed0/10/log.txt,10,True,score log,Complete,2,31.80994536900661
ffa,Nonlinear FFA,wiz_stratified,Wizard stratified,tinyllama,TinyLlama,homo,Homo,2,10,0,epoch_round_tuning_wiz_stratified_r10/tuning-ffa-wiz_stratified-tinyllama-homo-e2-r10,epoch_round_tuning_wiz_stratified_r10/tuning-ffa-wiz_stratified-tinyllama-homo-e2-r10/seed0/10/log.txt,10,True,score log,Complete,3,31.128868885387682
ffa,Nonlinear FFA,wiz_stratified,Wizard stratified,tinyllama,TinyLlama,homo,Homo,2,10,0,epoch_round_tuning_wiz_stratified_r10/tuning-ffa-wiz_stratified-tinyllama-homo-e2-r10,epoch_round_tuning_wiz_stratified_r10/tuning-ffa-wiz_stratified-tinyllama-homo-e2-r10/seed0/10/log.txt,10,True,score log,Complete,4,30.862417374680067
ffa,Nonlinear FFA,wiz_stratified,Wizard stratified,tinyllama,TinyLlama,homo,Homo,2,10,0,epoch_round_tuning_wiz_stratified_r10/tuning-ffa-wiz_stratified-tinyllama-homo-e2-r10,epoch_round_tuning_wiz_stratified_r10/tuning-ffa-wiz_stratified-tinyllama-homo-e2-r10/seed0/10/log.txt,10,True,score log,Complete,5,31.835038377536396
ffa,Nonlinear FFA,wiz_stratified,Wizard stratified,tinyllama,TinyLlama,homo,Homo,2,10,0,epoch_round_tuning_wiz_stratified_r10/tuning-ffa-wiz_stratified-tinyllama-homo-e2-r10,epoch_round_tuning_wiz_stratified_r10/tuning-ffa-wiz_stratified-tinyllama-homo-e2-r10/seed0/10/log.txt,10,True,score log,Complete,6,29.21144878254196
ffa,Nonlinear FFA,wiz_stratified,Wizard stratified,tinyllama,TinyLlama,homo,Homo,2,10,0,epoch_round_tuning_wiz_stratified_r10/tuning-ffa-wiz_stratified-tinyllama-homo-e2-r10,epoch_round_tuning_wiz_stratified_r10/tuning-ffa-wiz_stratified-tinyllama-homo-e2-r10/seed0/10/log.txt,10,True,score log,Complete,7,30.404670318411064
ffa,Nonlinear FFA,wiz_stratified,Wizard stratified,tinyllama,TinyLlama,homo,Homo,2,10,0,epoch_round_tuning_wiz_stratified_r10/tuning-ffa-wiz_stratified-tinyllama-homo-e2-r10,epoch_round_tuning_wiz_stratified_r10/tuning-ffa-wiz_stratified-tinyllama-homo-e2-r10/seed0/10/log.txt,10,True,score log,Complete,8,30.594756423061835
ffa,Nonlinear FFA,wiz_stratified,Wizard stratified,tinyllama,TinyLlama,homo,Homo,2,10,0,epoch_round_tuning_wiz_stratified_r10/tuning-ffa-wiz_stratified-tinyllama-homo-e2-r10,epoch_round_tuning_wiz_stratified_r10/tuning-ffa-wiz_stratified-tinyllama-homo-e2-r10/seed0/10/log.txt,10,True,score log,Complete,9,31.546275223403324
ffa,Nonlinear FFA,wiz_stratified,Wizard stratified,tinyllama,TinyLlama,homo,Homo,2,10,0,epoch_round_tuning_wiz_stratified_r10/tuning-ffa-wiz_stratified-tinyllama-homo-e2-r10,epoch_round_tuning_wiz_stratified_r10/tuning-ffa-wiz_stratified-tinyllama-homo-e2-r10/seed0/10/log.txt,10,True,score log,Complete,10,30.477971490093424
ffa,Nonlinear FFA,wiz_stratified,Wizard stratified,tinyllama,TinyLlama,homo,Homo,3,10,0,epoch_round_tuning_wiz_stratified_r10/tuning-ffa-wiz_stratified-tinyllama-homo-e3-r10,epoch_round_tuning_wiz_stratified_r10/tuning-ffa-wiz_stratified-tinyllama-homo-e3-r10/seed0/10/log.txt,10,True,score log,Complete,1,30.91851002035319
ffa,Nonlinear FFA,wiz_stratified,Wizard stratified,tinyllama,TinyLlama,homo,Homo,3,10,0,epoch_round_tuning_wiz_stratified_r10/tuning-ffa-wiz_stratified-tinyllama-homo-e3-r10,epoch_round_tuning_wiz_stratified_r10/tuning-ffa-wiz_stratified-tinyllama-homo-e3-r10/seed0/10/log.txt,10,True,score log,Complete,2,31.42034924090052
ffa,Nonlinear FFA,wiz_stratified,Wizard stratified,tinyllama,TinyLlama,homo,Homo,3,10,0,epoch_round_tuning_wiz_stratified_r10/tuning-ffa-wiz_stratified-tinyllama-homo-e3-r10,epoch_round_tuning_wiz_stratified_r10/tuning-ffa-wiz_stratified-tinyllama-homo-e3-r10/seed0/10/log.txt,10,True,score log,Complete,3,30.83614043766531
ffa,Nonlinear FFA,wiz_stratified,Wizard stratified,tinyllama,TinyLlama,homo,Homo,3,10,0,epoch_round_tuning_wiz_stratified_r10/tuning-ffa-wiz_stratified-tinyllama-homo-e3-r10,epoch_round_tuning_wiz_stratified_r10/tuning-ffa-wiz_stratified-tinyllama-homo-e3-r10/seed0/10/log.txt,10,True,score log,Complete,4,30.34127793215971
ffa,Nonlinear FFA,wiz_stratified,Wizard stratified,tinyllama,TinyLlama,homo,Homo,3,10,0,epoch_round_tuning_wiz_stratified_r10/tuning-ffa-wiz_stratified-tinyllama-homo-e3-r10,epoch_round_tuning_wiz_stratified_r10/tuning-ffa-wiz_stratified-tinyllama-homo-e3-r10/seed0/10/log.txt,10,True,score log,Complete,5,31.185312877610105
ffa,Nonlinear FFA,wiz_stratified,Wizard stratified,tinyllama,TinyLlama,homo,Homo,3,10,0,epoch_round_tuning_wiz_stratified_r10/tuning-ffa-wiz_stratified-tinyllama-homo-e3-r10,epoch_round_tuning_wiz_stratified_r10/tuning-ffa-wiz_stratified-tinyllama-homo-e3-r10/seed0/10/log.txt,10,True,score log,Complete,6,31.84749089318692
ffa,Nonlinear FFA,wiz_stratified,Wizard stratified,tinyllama,TinyLlama,homo,Homo,3,10,0,epoch_round_tuning_wiz_stratified_r10/tuning-ffa-wiz_stratified-tinyllama-homo-e3-r10,epoch_round_tuning_wiz_stratified_r10/tuning-ffa-wiz_stratified-tinyllama-homo-e3-r10/seed0/10/log.txt,10,True,score log,Complete,7,30.72401022506444
ffa,Nonlinear FFA,wiz_stratified,Wizard stratified,tinyllama,TinyLlama,homo,Homo,3,10,0,epoch_round_tuning_wiz_stratified_r10/tuning-ffa-wiz_stratified-tinyllama-homo-e3-r10,epoch_round_tuning_wiz_stratified_r10/tuning-ffa-wiz_stratified-tinyllama-homo-e3-r10/seed0/10/log.txt,10,True,score log,Complete,8,29.84293739917302
ffa,Nonlinear FFA,wiz_stratified,Wizard stratified,tinyllama,TinyLlama,homo,Homo,3,10,0,epoch_round_tuning_wiz_stratified_r10/tuning-ffa-wiz_stratified-tinyllama-homo-e3-r10,epoch_round_tuning_wiz_stratified_r10/tuning-ffa-wiz_stratified-tinyllama-homo-e3-r10/seed0/10/log.txt,10,True,score log,Complete,9,30.56360548577008
ffa,Nonlinear FFA,wiz_stratified,Wizard stratified,tinyllama,TinyLlama,homo,Homo,3,10,0,epoch_round_tuning_wiz_stratified_r10/tuning-ffa-wiz_stratified-tinyllama-homo-e3-r10,epoch_round_tuning_wiz_stratified_r10/tuning-ffa-wiz_stratified-tinyllama-homo-e3-r10/seed0/10/log.txt,10,True,score log,Complete,10,30.551818057653595
ffa,Nonlinear FFA,wiz_stratified,Wizard stratified,tinyllama,TinyLlama,homo,Homo,5,10,0,epoch_round_tuning_wiz_stratified_r10/tuning-ffa-wiz_stratified-tinyllama-homo-e5-r10,epoch_round_tuning_wiz_stratified_r10/tuning-ffa-wiz_stratified-tinyllama-homo-e5-r10/seed0/10/log.txt,10,True,score log,Complete,1,32.349736848160674
ffa,Nonlinear FFA,wiz_stratified,Wizard stratified,tinyllama,TinyLlama,homo,Homo,5,10,0,epoch_round_tuning_wiz_stratified_r10/tuning-ffa-wiz_stratified-tinyllama-homo-e5-r10,epoch_round_tuning_wiz_stratified_r10/tuning-ffa-wiz_stratified-tinyllama-homo-e5-r10/seed0/10/log.txt,10,True,score log,Complete,2,30.601994022033107
ffa,Nonlinear FFA,wiz_stratified,Wizard stratified,tinyllama,TinyLlama,homo,Homo,5,10,0,epoch_round_tuning_wiz_stratified_r10/tuning-ffa-wiz_stratified-tinyllama-homo-e5-r10,epoch_round_tuning_wiz_stratified_r10/tuning-ffa-wiz_stratified-tinyllama-homo-e5-r10/seed0/10/log.txt,10,True,score log,Complete,3,31.645519449205707
ffa,Nonlinear FFA,wiz_stratified,Wizard stratified,tinyllama,TinyLlama,homo,Homo,5,10,0,epoch_round_tuning_wiz_stratified_r10/tuning-ffa-wiz_stratified-tinyllama-homo-e5-r10,epoch_round_tuning_wiz_stratified_r10/tuning-ffa-wiz_stratified-tinyllama-homo-e5-r10/seed0/10/log.txt,10,True,score log,Complete,4,30.381811726628495
ffa,Nonlinear FFA,wiz_stratified,Wizard stratified,tinyllama,TinyLlama,homo,Homo,5,10,0,epoch_round_tuning_wiz_stratified_r10/tuning-ffa-wiz_stratified-tinyllama-homo-e5-r10,epoch_round_tuning_wiz_stratified_r10/tuning-ffa-wiz_stratified-tinyllama-homo-e5-r10/seed0/10/log.txt,10,True,score log,Complete,5,27.77995057397165
ffa,Nonlinear FFA,wiz_stratified,Wizard stratified,tinyllama,TinyLlama,homo,Homo,5,10,0,epoch_round_tuning_wiz_stratified_r10/tuning-ffa-wiz_stratified-tinyllama-homo-e5-r10,epoch_round_tuning_wiz_stratified_r10/tuning-ffa-wiz_stratified-tinyllama-homo-e5-r10/seed0/10/log.txt,10,True,score log,Complete,6,29.543763720556516
ffa,Nonlinear FFA,wiz_stratified,Wizard stratified,tinyllama,TinyLlama,homo,Homo,5,10,0,epoch_round_tuning_wiz_stratified_r10/tuning-ffa-wiz_stratified-tinyllama-homo-e5-r10,epoch_round_tuning_wiz_stratified_r10/tuning-ffa-wiz_stratified-tinyllama-homo-e5-r10/seed0/10/log.txt,10,True,score log,Complete,7,28.032641149191956
ffa,Nonlinear FFA,wiz_stratified,Wizard stratified,tinyllama,TinyLlama,homo,Homo,5,10,0,epoch_round_tuning_wiz_stratified_r10/tuning-ffa-wiz_stratified-tinyllama-homo-e5-r10,epoch_round_tuning_wiz_stratified_r10/tuning-ffa-wiz_stratified-tinyllama-homo-e5-r10/seed0/10/log.txt,10,True,score log,Complete,8,28.647679272489757
ffa,Nonlinear FFA,wiz_stratified,Wizard stratified,tinyllama,TinyLlama,homo,Homo,5,10,0,epoch_round_tuning_wiz_stratified_r10/tuning-ffa-wiz_stratified-tinyllama-homo-e5-r10,epoch_round_tuning_wiz_stratified_r10/tuning-ffa-wiz_stratified-tinyllama-homo-e5-r10/seed0/10/log.txt,10,True,score log,Complete,9,28.721787806997902
ffa,Nonlinear FFA,wiz_stratified,Wizard stratified,tinyllama,TinyLlama,homo,Homo,5,10,0,epoch_round_tuning_wiz_stratified_r10/tuning-ffa-wiz_stratified-tinyllama-homo-e5-r10,epoch_round_tuning_wiz_stratified_r10/tuning-ffa-wiz_stratified-tinyllama-homo-e5-r10/seed0/10/log.txt,10,True,score log,Complete,10,28.581165763424604
flora,Linear FLoRA,wiz_stratified,Wizard stratified,tinyllama,TinyLlama,heter,Heter,1,10,0,epoch_round_tuning_wiz_stratified_r10/tuning-flora-wiz_stratified-tinyllama-heter-e1-r10,epoch_round_tuning_wiz_stratified_r10/tuning-flora-wiz_stratified-tinyllama-heter-e1-r10/seed0/10log.txt,10,True,score log,Complete,1,40.962371725851554
flora,Linear FLoRA,wiz_stratified,Wizard stratified,tinyllama,TinyLlama,heter,Heter,1,10,0,epoch_round_tuning_wiz_stratified_r10/tuning-flora-wiz_stratified-tinyllama-heter-e1-r10,epoch_round_tuning_wiz_stratified_r10/tuning-flora-wiz_stratified-tinyllama-heter-e1-r10/seed0/10log.txt,10,True,score log,Complete,2,44.55370053034588
flora,Linear FLoRA,wiz_stratified,Wizard stratified,tinyllama,TinyLlama,heter,Heter,1,10,0,epoch_round_tuning_wiz_stratified_r10/tuning-flora-wiz_stratified-tinyllama-heter-e1-r10,epoch_round_tuning_wiz_stratified_r10/tuning-flora-wiz_stratified-tinyllama-heter-e1-r10/seed0/10log.txt,10,True,score log,Complete,3,43.18967446552127
flora,Linear FLoRA,wiz_stratified,Wizard stratified,tinyllama,TinyLlama,heter,Heter,1,10,0,epoch_round_tuning_wiz_stratified_r10/tuning-flora-wiz_stratified-tinyllama-heter-e1-r10,epoch_round_tuning_wiz_stratified_r10/tuning-flora-wiz_stratified-tinyllama-heter-e1-r10/seed0/10log.txt,10,True,score log,Complete,4,42.64053898182721
flora,Linear FLoRA,wiz_stratified,Wizard stratified,tinyllama,TinyLlama,heter,Heter,1,10,0,epoch_round_tuning_wiz_stratified_r10/tuning-flora-wiz_stratified-tinyllama-heter-e1-r10,epoch_round_tuning_wiz_stratified_r10/tuning-flora-wiz_stratified-tinyllama-heter-e1-r10/seed0/10log.txt,10,True,score log,Complete,5,41.85446285768038
flora,Linear FLoRA,wiz_stratified,Wizard stratified,tinyllama,TinyLlama,heter,Heter,1,10,0,epoch_round_tuning_wiz_stratified_r10/tuning-flora-wiz_stratified-tinyllama-heter-e1-r10,epoch_round_tuning_wiz_stratified_r10/tuning-flora-wiz_stratified-tinyllama-heter-e1-r10/seed0/10log.txt,10,True,score log,Complete,6,40.71225721684303
flora,Linear FLoRA,wiz_stratified,Wizard stratified,tinyllama,TinyLlama,heter,Heter,1,10,0,epoch_round_tuning_wiz_stratified_r10/tuning-flora-wiz_stratified-tinyllama-heter-e1-r10,epoch_round_tuning_wiz_stratified_r10/tuning-flora-wiz_stratified-tinyllama-heter-e1-r10/seed0/10log.txt,10,True,score log,Complete,7,40.75242309096717
flora,Linear FLoRA,wiz_stratified,Wizard stratified,tinyllama,TinyLlama,heter,Heter,1,10,0,epoch_round_tuning_wiz_stratified_r10/tuning-flora-wiz_stratified-tinyllama-heter-e1-r10,epoch_round_tuning_wiz_stratified_r10/tuning-flora-wiz_stratified-tinyllama-heter-e1-r10/seed0/10log.txt,10,True,score log,Complete,8,39.899243448296964
flora,Linear FLoRA,wiz_stratified,Wizard stratified,tinyllama,TinyLlama,heter,Heter,1,10,0,epoch_round_tuning_wiz_stratified_r10/tuning-flora-wiz_stratified-tinyllama-heter-e1-r10,epoch_round_tuning_wiz_stratified_r10/tuning-flora-wiz_stratified-tinyllama-heter-e1-r10/seed0/10log.txt,10,True,score log,Complete,9,38.46348993557084
flora,Linear FLoRA,wiz_stratified,Wizard stratified,tinyllama,TinyLlama,heter,Heter,1,10,0,epoch_round_tuning_wiz_stratified_r10/tuning-flora-wiz_stratified-tinyllama-heter-e1-r10,epoch_round_tuning_wiz_stratified_r10/tuning-flora-wiz_stratified-tinyllama-heter-e1-r10/seed0/10log.txt,10,True,score log,Complete,10,39.537687333823804
flora,Linear FLoRA,wiz_stratified,Wizard stratified,tinyllama,TinyLlama,heter,Heter,2,10,0,epoch_round_tuning_wiz_stratified_r10/tuning-flora-wiz_stratified-tinyllama-heter-e2-r10,epoch_round_tuning_wiz_stratified_r10/tuning-flora-wiz_stratified-tinyllama-heter-e2-r10/seed0/10log.txt,10,True,score log,Complete,1,43.17941780344309
flora,Linear FLoRA,wiz_stratified,Wizard stratified,tinyllama,TinyLlama,heter,Heter,2,10,0,epoch_round_tuning_wiz_stratified_r10/tuning-flora-wiz_stratified-tinyllama-heter-e2-r10,epoch_round_tuning_wiz_stratified_r10/tuning-flora-wiz_stratified-tinyllama-heter-e2-r10/seed0/10log.txt,10,True,score log,Complete,2,41.4372507631636
flora,Linear FLoRA,wiz_stratified,Wizard stratified,tinyllama,TinyLlama,heter,Heter,2,10,0,epoch_round_tuning_wiz_stratified_r10/tuning-flora-wiz_stratified-tinyllama-heter-e2-r10,epoch_round_tuning_wiz_stratified_r10/tuning-flora-wiz_stratified-tinyllama-heter-e2-r10/seed0/10log.txt,10,True,score log,Complete,3,41.68343682203057
flora,Linear FLoRA,wiz_stratified,Wizard stratified,tinyllama,TinyLlama,heter,Heter,2,10,0,epoch_round_tuning_wiz_stratified_r10/tuning-flora-wiz_stratified-tinyllama-heter-e2-r10,epoch_round_tuning_wiz_stratified_r10/tuning-flora-wiz_stratified-tinyllama-heter-e2-r10/seed0/10log.txt,10,True,score log,Complete,4,41.45091914246466
flora,Linear FLoRA,wiz_stratified,Wizard stratified,tinyllama,TinyLlama,heter,Heter,2,10,0,epoch_round_tuning_wiz_stratified_r10/tuning-flora-wiz_stratified-tinyllama-heter-e2-r10,epoch_round_tuning_wiz_stratified_r10/tuning-flora-wiz_stratified-tinyllama-heter-e2-r10/seed0/10log.txt,10,True,score log,Complete,5,42.09469708569437
flora,Linear FLoRA,wiz_stratified,Wizard stratified,tinyllama,TinyLlama,heter,Heter,2,10,0,epoch_round_tuning_wiz_stratified_r10/tuning-flora-wiz_stratified-tinyllama-heter-e2-r10,epoch_round_tuning_wiz_stratified_r10/tuning-flora-wiz_stratified-tinyllama-heter-e2-r10/seed0/10log.txt,10,True,score log,Complete,6,41.38137628514904
flora,Linear FLoRA,wiz_stratified,Wizard stratified,tinyllama,TinyLlama,heter,Heter,2,10,0,epoch_round_tuning_wiz_stratified_r10/tuning-flora-wiz_stratified-tinyllama-heter-e2-r10,epoch_round_tuning_wiz_stratified_r10/tuning-flora-wiz_stratified-tinyllama-heter-e2-r10/seed0/10log.txt,10,True,score log,Complete,7,43.20431654274306
flora,Linear FLoRA,wiz_stratified,Wizard stratified,tinyllama,TinyLlama,heter,Heter,2,10,0,epoch_round_tuning_wiz_stratified_r10/tuning-flora-wiz_stratified-tinyllama-heter-e2-r10,epoch_round_tuning_wiz_stratified_r10/tuning-flora-wiz_stratified-tinyllama-heter-e2-r10/seed0/10log.txt,10,True,score log,Complete,8,42.2516757096005
flora,Linear FLoRA,wiz_stratified,Wizard stratified,tinyllama,TinyLlama,heter,Heter,2,10,0,epoch_round_tuning_wiz_stratified_r10/tuning-flora-wiz_stratified-tinyllama-heter-e2-r10,epoch_round_tuning_wiz_stratified_r10/tuning-flora-wiz_stratified-tinyllama-heter-e2-r10/seed0/10log.txt,10,True,score log,Complete,9,41.89242993187752
flora,Linear FLoRA,wiz_stratified,Wizard stratified,tinyllama,TinyLlama,heter,Heter,2,10,0,epoch_round_tuning_wiz_stratified_r10/tuning-flora-wiz_stratified-tinyllama-heter-e2-r10,epoch_round_tuning_wiz_stratified_r10/tuning-flora-wiz_stratified-tinyllama-heter-e2-r10/seed0/10log.txt,10,True,score log,Complete,10,42.3593810169204
flora,Linear FLoRA,wiz_stratified,Wizard stratified,tinyllama,TinyLlama,heter,Heter,3,10,0,epoch_round_tuning_wiz_stratified_r10/tuning-flora-wiz_stratified-tinyllama-heter-e3-r10,epoch_round_tuning_wiz_stratified_r10/tuning-flora-wiz_stratified-tinyllama-heter-e3-r10/seed0/10log.txt,10,True,score log,Complete,1,45.736471619380225
flora,Linear FLoRA,wiz_stratified,Wizard stratified,tinyllama,TinyLlama,heter,Heter,3,10,0,epoch_round_tuning_wiz_stratified_r10/tuning-flora-wiz_stratified-tinyllama-heter-e3-r10,epoch_round_tuning_wiz_stratified_r10/tuning-flora-wiz_stratified-tinyllama-heter-e3-r10/seed0/10log.txt,10,True,score log,Complete,2,40.841104783528245
flora,Linear FLoRA,wiz_stratified,Wizard stratified,tinyllama,TinyLlama,heter,Heter,3,10,0,epoch_round_tuning_wiz_stratified_r10/tuning-flora-wiz_stratified-tinyllama-heter-e3-r10,epoch_round_tuning_wiz_stratified_r10/tuning-flora-wiz_stratified-tinyllama-heter-e3-r10/seed0/10log.txt,10,True,score log,Complete,3,41.31261735061147
flora,Linear FLoRA,wiz_stratified,Wizard stratified,tinyllama,TinyLlama,heter,Heter,3,10,0,epoch_round_tuning_wiz_stratified_r10/tuning-flora-wiz_stratified-tinyllama-heter-e3-r10,epoch_round_tuning_wiz_stratified_r10/tuning-flora-wiz_stratified-tinyllama-heter-e3-r10/seed0/10log.txt,10,True,score log,Complete,4,40.53710485750259
flora,Linear FLoRA,wiz_stratified,Wizard stratified,tinyllama,TinyLlama,heter,Heter,3,10,0,epoch_round_tuning_wiz_stratified_r10/tuning-flora-wiz_stratified-tinyllama-heter-e3-r10,epoch_round_tuning_wiz_stratified_r10/tuning-flora-wiz_stratified-tinyllama-heter-e3-r10/seed0/10log.txt,10,True,score log,Complete,5,37.6314347591111
flora,Linear FLoRA,wiz_stratified,Wizard stratified,tinyllama,TinyLlama,heter,Heter,3,10,0,epoch_round_tuning_wiz_stratified_r10/tuning-flora-wiz_stratified-tinyllama-heter-e3-r10,epoch_round_tuning_wiz_stratified_r10/tuning-flora-wiz_stratified-tinyllama-heter-e3-r10/seed0/10log.txt,10,True,score log,Complete,6,37.02127547106051
flora,Linear FLoRA,wiz_stratified,Wizard stratified,tinyllama,TinyLlama,heter,Heter,3,10,0,epoch_round_tuning_wiz_stratified_r10/tuning-flora-wiz_stratified-tinyllama-heter-e3-r10,epoch_round_tuning_wiz_stratified_r10/tuning-flora-wiz_stratified-tinyllama-heter-e3-r10/seed0/10log.txt,10,True,score log,Complete,7,37.21335645081311
flora,Linear FLoRA,wiz_stratified,Wizard stratified,tinyllama,TinyLlama,heter,Heter,3,10,0,epoch_round_tuning_wiz_stratified_r10/tuning-flora-wiz_stratified-tinyllama-heter-e3-r10,epoch_round_tuning_wiz_stratified_r10/tuning-flora-wiz_stratified-tinyllama-heter-e3-r10/seed0/10log.txt,10,True,score log,Complete,8,37.146915906238185
flora,Linear FLoRA,wiz_stratified,Wizard stratified,tinyllama,TinyLlama,heter,Heter,3,10,0,epoch_round_tuning_wiz_stratified_r10/tuning-flora-wiz_stratified-tinyllama-heter-e3-r10,epoch_round_tuning_wiz_stratified_r10/tuning-flora-wiz_stratified-tinyllama-heter-e3-r10/seed0/10log.txt,10,True,score log,Complete,9,37.972842962937094
flora,Linear FLoRA,wiz_stratified,Wizard stratified,tinyllama,TinyLlama,heter,Heter,3,10,0,epoch_round_tuning_wiz_stratified_r10/tuning-flora-wiz_stratified-tinyllama-heter-e3-r10,epoch_round_tuning_wiz_stratified_r10/tuning-flora-wiz_stratified-tinyllama-heter-e3-r10/seed0/10log.txt,10,True,score log,Complete,10,35.821307926948755
flora,Linear FLoRA,wiz_stratified,Wizard stratified,tinyllama,TinyLlama,heter,Heter,5,10,0,epoch_round_tuning_wiz_stratified_r10/tuning-flora-wiz_stratified-tinyllama-heter-e5-r10,epoch_round_tuning_wiz_stratified_r10/tuning-flora-wiz_stratified-tinyllama-heter-e5-r10/seed0/10log.txt,10,True,score log,Complete,1,42.251335180609416
flora,Linear FLoRA,wiz_stratified,Wizard stratified,tinyllama,TinyLlama,heter,Heter,5,10,0,epoch_round_tuning_wiz_stratified_r10/tuning-flora-wiz_stratified-tinyllama-heter-e5-r10,epoch_round_tuning_wiz_stratified_r10/tuning-flora-wiz_stratified-tinyllama-heter-e5-r10/seed0/10log.txt,10,True,score log,Complete,2,36.80443975392592
flora,Linear FLoRA,wiz_stratified,Wizard stratified,tinyllama,TinyLlama,heter,Heter,5,10,0,epoch_round_tuning_wiz_stratified_r10/tuning-flora-wiz_stratified-tinyllama-heter-e5-r10,epoch_round_tuning_wiz_stratified_r10/tuning-flora-wiz_stratified-tinyllama-heter-e5-r10/seed0/10log.txt,10,True,score log,Complete,3,35.26691386890039
flora,Linear FLoRA,wiz_stratified,Wizard stratified,tinyllama,TinyLlama,heter,Heter,5,10,0,epoch_round_tuning_wiz_stratified_r10/tuning-flora-wiz_stratified-tinyllama-heter-e5-r10,epoch_round_tuning_wiz_stratified_r10/tuning-flora-wiz_stratified-tinyllama-heter-e5-r10/seed0/10log.txt,10,True,score log,Complete,4,34.99511415438871
flora,Linear FLoRA,wiz_stratified,Wizard stratified,tinyllama,TinyLlama,heter,Heter,5,10,0,epoch_round_tuning_wiz_stratified_r10/tuning-flora-wiz_stratified-tinyllama-heter-e5-r10,epoch_round_tuning_wiz_stratified_r10/tuning-flora-wiz_stratified-tinyllama-heter-e5-r10/seed0/10log.txt,10,True,score log,Complete,5,31.839035490159006
flora,Linear FLoRA,wiz_stratified,Wizard stratified,tinyllama,TinyLlama,heter,Heter,5,10,0,epoch_round_tuning_wiz_stratified_r10/tuning-flora-wiz_stratified-tinyllama-heter-e5-r10,epoch_round_tuning_wiz_stratified_r10/tuning-flora-wiz_stratified-tinyllama-heter-e5-r10/seed0/10log.txt,10,True,score log,Complete,6,34.60048975737026
flora,Linear FLoRA,wiz_stratified,Wizard stratified,tinyllama,TinyLlama,heter,Heter,5,10,0,epoch_round_tuning_wiz_stratified_r10/tuning-flora-wiz_stratified-tinyllama-heter-e5-r10,epoch_round_tuning_wiz_stratified_r10/tuning-flora-wiz_stratified-tinyllama-heter-e5-r10/seed0/10log.txt,10,True,score log,Complete,7,32.248526650088
flora,Linear FLoRA,wiz_stratified,Wizard stratified,tinyllama,TinyLlama,heter,Heter,5,10,0,epoch_round_tuning_wiz_stratified_r10/tuning-flora-wiz_stratified-tinyllama-heter-e5-r10,epoch_round_tuning_wiz_stratified_r10/tuning-flora-wiz_stratified-tinyllama-heter-e5-r10/seed0/10log.txt,10,True,score log,Complete,8,33.35833548105423
flora,Linear FLoRA,wiz_stratified,Wizard stratified,tinyllama,TinyLlama,heter,Heter,5,10,0,epoch_round_tuning_wiz_stratified_r10/tuning-flora-wiz_stratified-tinyllama-heter-e5-r10,epoch_round_tuning_wiz_stratified_r10/tuning-flora-wiz_stratified-tinyllama-heter-e5-r10/seed0/10log.txt,10,True,score log,Complete,9,32.05193831709167
flora,Linear FLoRA,wiz_stratified,Wizard stratified,tinyllama,TinyLlama,heter,Heter,5,10,0,epoch_round_tuning_wiz_stratified_r10/tuning-flora-wiz_stratified-tinyllama-heter-e5-r10,epoch_round_tuning_wiz_stratified_r10/tuning-flora-wiz_stratified-tinyllama-heter-e5-r10/seed0/10log.txt,10,True,score log,Complete,10,31.99538648792212
flora,Linear FLoRA,wiz_stratified,Wizard stratified,tinyllama,TinyLlama,homo,Homo,1,10,0,epoch_round_tuning_wiz_stratified_r10/tuning-flora-wiz_stratified-tinyllama-homo-e1-r10,epoch_round_tuning_wiz_stratified_r10/tuning-flora-wiz_stratified-tinyllama-homo-e1-r10/seed0/10log.txt,10,True,score log,Complete,1,46.735378514127305
flora,Linear FLoRA,wiz_stratified,Wizard stratified,tinyllama,TinyLlama,homo,Homo,1,10,0,epoch_round_tuning_wiz_stratified_r10/tuning-flora-wiz_stratified-tinyllama-homo-e1-r10,epoch_round_tuning_wiz_stratified_r10/tuning-flora-wiz_stratified-tinyllama-homo-e1-r10/seed0/10log.txt,10,True,score log,Complete,2,41.117728108320165
flora,Linear FLoRA,wiz_stratified,Wizard stratified,tinyllama,TinyLlama,homo,Homo,1,10,0,epoch_round_tuning_wiz_stratified_r10/tuning-flora-wiz_stratified-tinyllama-homo-e1-r10,epoch_round_tuning_wiz_stratified_r10/tuning-flora-wiz_stratified-tinyllama-homo-e1-r10/seed0/10log.txt,10,True,score log,Complete,3,39.8452998456584
flora,Linear FLoRA,wiz_stratified,Wizard stratified,tinyllama,TinyLlama,homo,Homo,1,10,0,epoch_round_tuning_wiz_stratified_r10/tuning-flora-wiz_stratified-tinyllama-homo-e1-r10,epoch_round_tuning_wiz_stratified_r10/tuning-flora-wiz_stratified-tinyllama-homo-e1-r10/seed0/10log.txt,10,True,score log,Complete,4,38.46128903414804
flora,Linear FLoRA,wiz_stratified,Wizard stratified,tinyllama,TinyLlama,homo,Homo,1,10,0,epoch_round_tuning_wiz_stratified_r10/tuning-flora-wiz_stratified-tinyllama-homo-e1-r10,epoch_round_tuning_wiz_stratified_r10/tuning-flora-wiz_stratified-tinyllama-homo-e1-r10/seed0/10log.txt,10,True,score log,Complete,5,39.255259332818476
flora,Linear FLoRA,wiz_stratified,Wizard stratified,tinyllama,TinyLlama,homo,Homo,1,10,0,epoch_round_tuning_wiz_stratified_r10/tuning-flora-wiz_stratified-tinyllama-homo-e1-r10,epoch_round_tuning_wiz_stratified_r10/tuning-flora-wiz_stratified-tinyllama-homo-e1-r10/seed0/10log.txt,10,True,score log,Complete,6,37.685708414100766
flora,Linear FLoRA,wiz_stratified,Wizard stratified,tinyllama,TinyLlama,homo,Homo,1,10,0,epoch_round_tuning_wiz_stratified_r10/tuning-flora-wiz_stratified-tinyllama-homo-e1-r10,epoch_round_tuning_wiz_stratified_r10/tuning-flora-wiz_stratified-tinyllama-homo-e1-r10/seed0/10log.txt,10,True,score log,Complete,7,36.255459633379154
flora,Linear FLoRA,wiz_stratified,Wizard stratified,tinyllama,TinyLlama,homo,Homo,1,10,0,epoch_round_tuning_wiz_stratified_r10/tuning-flora-wiz_stratified-tinyllama-homo-e1-r10,epoch_round_tuning_wiz_stratified_r10/tuning-flora-wiz_stratified-tinyllama-homo-e1-r10/seed0/10log.txt,10,True,score log,Complete,8,35.09393275753956
flora,Linear FLoRA,wiz_stratified,Wizard stratified,tinyllama,TinyLlama,homo,Homo,1,10,0,epoch_round_tuning_wiz_stratified_r10/tuning-flora-wiz_stratified-tinyllama-homo-e1-r10,epoch_round_tuning_wiz_stratified_r10/tuning-flora-wiz_stratified-tinyllama-homo-e1-r10/seed0/10log.txt,10,True,score log,Complete,9,34.01226406783887
flora,Linear FLoRA,wiz_stratified,Wizard stratified,tinyllama,TinyLlama,homo,Homo,1,10,0,epoch_round_tuning_wiz_stratified_r10/tuning-flora-wiz_stratified-tinyllama-homo-e1-r10,epoch_round_tuning_wiz_stratified_r10/tuning-flora-wiz_stratified-tinyllama-homo-e1-r10/seed0/10log.txt,10,True,score log,Complete,10,35.33815133634038
flora,Linear FLoRA,wiz_stratified,Wizard stratified,tinyllama,TinyLlama,homo,Homo,2,10,0,epoch_round_tuning_wiz_stratified_r10/tuning-flora-wiz_stratified-tinyllama-homo-e2-r10,epoch_round_tuning_wiz_stratified_r10/tuning-flora-wiz_stratified-tinyllama-homo-e2-r10/seed0/10log.txt,10,True,score log,Complete,1,42.06053398504614
flora,Linear FLoRA,wiz_stratified,Wizard stratified,tinyllama,TinyLlama,homo,Homo,2,10,0,epoch_round_tuning_wiz_stratified_r10/tuning-flora-wiz_stratified-tinyllama-homo-e2-r10,epoch_round_tuning_wiz_stratified_r10/tuning-flora-wiz_stratified-tinyllama-homo-e2-r10/seed0/10log.txt,10,True,score log,Complete,2,40.48567704396104
flora,Linear FLoRA,wiz_stratified,Wizard stratified,tinyllama,TinyLlama,homo,Homo,2,10,0,epoch_round_tuning_wiz_stratified_r10/tuning-flora-wiz_stratified-tinyllama-homo-e2-r10,epoch_round_tuning_wiz_stratified_r10/tuning-flora-wiz_stratified-tinyllama-homo-e2-r10/seed0/10log.txt,10,True,score log,Complete,3,41.169868072882686
flora,Linear FLoRA,wiz_stratified,Wizard stratified,tinyllama,TinyLlama,homo,Homo,2,10,0,epoch_round_tuning_wiz_stratified_r10/tuning-flora-wiz_stratified-tinyllama-homo-e2-r10,epoch_round_tuning_wiz_stratified_r10/tuning-flora-wiz_stratified-tinyllama-homo-e2-r10/seed0/10log.txt,10,True,score log,Complete,4,39.40311884522087
flora,Linear FLoRA,wiz_stratified,Wizard stratified,tinyllama,TinyLlama,homo,Homo,2,10,0,epoch_round_tuning_wiz_stratified_r10/tuning-flora-wiz_stratified-tinyllama-homo-e2-r10,epoch_round_tuning_wiz_stratified_r10/tuning-flora-wiz_stratified-tinyllama-homo-e2-r10/seed0/10log.txt,10,True,score log,Complete,5,39.029558358114365
flora,Linear FLoRA,wiz_stratified,Wizard stratified,tinyllama,TinyLlama,homo,Homo,2,10,0,epoch_round_tuning_wiz_stratified_r10/tuning-flora-wiz_stratified-tinyllama-homo-e2-r10,epoch_round_tuning_wiz_stratified_r10/tuning-flora-wiz_stratified-tinyllama-homo-e2-r10/seed0/10log.txt,10,True,score log,Complete,6,39.78101174756354
flora,Linear FLoRA,wiz_stratified,Wizard stratified,tinyllama,TinyLlama,homo,Homo,2,10,0,epoch_round_tuning_wiz_stratified_r10/tuning-flora-wiz_stratified-tinyllama-homo-e2-r10,epoch_round_tuning_wiz_stratified_r10/tuning-flora-wiz_stratified-tinyllama-homo-e2-r10/seed0/10log.txt,10,True,score log,Complete,7,40.58308828152438
flora,Linear FLoRA,wiz_stratified,Wizard stratified,tinyllama,TinyLlama,homo,Homo,2,10,0,epoch_round_tuning_wiz_stratified_r10/tuning-flora-wiz_stratified-tinyllama-homo-e2-r10,epoch_round_tuning_wiz_stratified_r10/tuning-flora-wiz_stratified-tinyllama-homo-e2-r10/seed0/10log.txt,10,True,score log,Complete,8,38.097814466066545
flora,Linear FLoRA,wiz_stratified,Wizard stratified,tinyllama,TinyLlama,homo,Homo,2,10,0,epoch_round_tuning_wiz_stratified_r10/tuning-flora-wiz_stratified-tinyllama-homo-e2-r10,epoch_round_tuning_wiz_stratified_r10/tuning-flora-wiz_stratified-tinyllama-homo-e2-r10/seed0/10log.txt,10,True,score log,Complete,9,38.78052865532214
flora,Linear FLoRA,wiz_stratified,Wizard stratified,tinyllama,TinyLlama,homo,Homo,2,10,0,epoch_round_tuning_wiz_stratified_r10/tuning-flora-wiz_stratified-tinyllama-homo-e2-r10,epoch_round_tuning_wiz_stratified_r10/tuning-flora-wiz_stratified-tinyllama-homo-e2-r10/seed0/10log.txt,10,True,score log,Complete,10,38.93576736298945
flora,Linear FLoRA,wiz_stratified,Wizard stratified,tinyllama,TinyLlama,homo,Homo,3,10,0,epoch_round_tuning_wiz_stratified_r10/tuning-flora-wiz_stratified-tinyllama-homo-e3-r10,epoch_round_tuning_wiz_stratified_r10/tuning-flora-wiz_stratified-tinyllama-homo-e3-r10/seed0/10log.txt,10,True,score log,Complete,1,38.96556114099866
flora,Linear FLoRA,wiz_stratified,Wizard stratified,tinyllama,TinyLlama,homo,Homo,3,10,0,epoch_round_tuning_wiz_stratified_r10/tuning-flora-wiz_stratified-tinyllama-homo-e3-r10,epoch_round_tuning_wiz_stratified_r10/tuning-flora-wiz_stratified-tinyllama-homo-e3-r10/seed0/10log.txt,10,True,score log,Complete,2,38.96640122941547
flora,Linear FLoRA,wiz_stratified,Wizard stratified,tinyllama,TinyLlama,homo,Homo,3,10,0,epoch_round_tuning_wiz_stratified_r10/tuning-flora-wiz_stratified-tinyllama-homo-e3-r10,epoch_round_tuning_wiz_stratified_r10/tuning-flora-wiz_stratified-tinyllama-homo-e3-r10/seed0/10log.txt,10,True,score log,Complete,3,37.270587106415526
flora,Linear FLoRA,wiz_stratified,Wizard stratified,tinyllama,TinyLlama,homo,Homo,3,10,0,epoch_round_tuning_wiz_stratified_r10/tuning-flora-wiz_stratified-tinyllama-homo-e3-r10,epoch_round_tuning_wiz_stratified_r10/tuning-flora-wiz_stratified-tinyllama-homo-e3-r10/seed0/10log.txt,10,True,score log,Complete,4,37.6132669388148
flora,Linear FLoRA,wiz_stratified,Wizard stratified,tinyllama,TinyLlama,homo,Homo,3,10,0,epoch_round_tuning_wiz_stratified_r10/tuning-flora-wiz_stratified-tinyllama-homo-e3-r10,epoch_round_tuning_wiz_stratified_r10/tuning-flora-wiz_stratified-tinyllama-homo-e3-r10/seed0/10log.txt,10,True,score log,Complete,5,37.83172811457966
flora,Linear FLoRA,wiz_stratified,Wizard stratified,tinyllama,TinyLlama,homo,Homo,3,10,0,epoch_round_tuning_wiz_stratified_r10/tuning-flora-wiz_stratified-tinyllama-homo-e3-r10,epoch_round_tuning_wiz_stratified_r10/tuning-flora-wiz_stratified-tinyllama-homo-e3-r10/seed0/10log.txt,10,True,score log,Complete,6,36.74586633120484
flora,Linear FLoRA,wiz_stratified,Wizard stratified,tinyllama,TinyLlama,homo,Homo,3,10,0,epoch_round_tuning_wiz_stratified_r10/tuning-flora-wiz_stratified-tinyllama-homo-e3-r10,epoch_round_tuning_wiz_stratified_r10/tuning-flora-wiz_stratified-tinyllama-homo-e3-r10/seed0/10log.txt,10,True,score log,Complete,7,36.233095347280674
flora,Linear FLoRA,wiz_stratified,Wizard stratified,tinyllama,TinyLlama,homo,Homo,3,10,0,epoch_round_tuning_wiz_stratified_r10/tuning-flora-wiz_stratified-tinyllama-homo-e3-r10,epoch_round_tuning_wiz_stratified_r10/tuning-flora-wiz_stratified-tinyllama-homo-e3-r10/seed0/10log.txt,10,True,score log,Complete,8,35.01441513039428
flora,Linear FLoRA,wiz_stratified,Wizard stratified,tinyllama,TinyLlama,homo,Homo,3,10,0,epoch_round_tuning_wiz_stratified_r10/tuning-flora-wiz_stratified-tinyllama-homo-e3-r10,epoch_round_tuning_wiz_stratified_r10/tuning-flora-wiz_stratified-tinyllama-homo-e3-r10/seed0/10log.txt,10,True,score log,Complete,9,36.846725023702994
flora,Linear FLoRA,wiz_stratified,Wizard stratified,tinyllama,TinyLlama,homo,Homo,3,10,0,epoch_round_tuning_wiz_stratified_r10/tuning-flora-wiz_stratified-tinyllama-homo-e3-r10,epoch_round_tuning_wiz_stratified_r10/tuning-flora-wiz_stratified-tinyllama-homo-e3-r10/seed0/10log.txt,10,True,score log,Complete,10,34.91267504195656
flora,Linear FLoRA,wiz_stratified,Wizard stratified,tinyllama,TinyLlama,homo,Homo,5,10,0,epoch_round_tuning_wiz_stratified_r10/tuning-flora-wiz_stratified-tinyllama-homo-e5-r10,epoch_round_tuning_wiz_stratified_r10/tuning-flora-wiz_stratified-tinyllama-homo-e5-r10/seed0/10log.txt,10,True,score log,Complete,1,41.04211865978867
flora,Linear FLoRA,wiz_stratified,Wizard stratified,tinyllama,TinyLlama,homo,Homo,5,10,0,epoch_round_tuning_wiz_stratified_r10/tuning-flora-wiz_stratified-tinyllama-homo-e5-r10,epoch_round_tuning_wiz_stratified_r10/tuning-flora-wiz_stratified-tinyllama-homo-e5-r10/seed0/10log.txt,10,True,score log,Complete,2,37.796396179905315
flora,Linear FLoRA,wiz_stratified,Wizard stratified,tinyllama,TinyLlama,homo,Homo,5,10,0,epoch_round_tuning_wiz_stratified_r10/tuning-flora-wiz_stratified-tinyllama-homo-e5-r10,epoch_round_tuning_wiz_stratified_r10/tuning-flora-wiz_stratified-tinyllama-homo-e5-r10/seed0/10log.txt,10,True,score log,Complete,3,36.01754330244951
flora,Linear FLoRA,wiz_stratified,Wizard stratified,tinyllama,TinyLlama,homo,Homo,5,10,0,epoch_round_tuning_wiz_stratified_r10/tuning-flora-wiz_stratified-tinyllama-homo-e5-r10,epoch_round_tuning_wiz_stratified_r10/tuning-flora-wiz_stratified-tinyllama-homo-e5-r10/seed0/10log.txt,10,True,score log,Complete,4,36.262198134374266
flora,Linear FLoRA,wiz_stratified,Wizard stratified,tinyllama,TinyLlama,homo,Homo,5,10,0,epoch_round_tuning_wiz_stratified_r10/tuning-flora-wiz_stratified-tinyllama-homo-e5-r10,epoch_round_tuning_wiz_stratified_r10/tuning-flora-wiz_stratified-tinyllama-homo-e5-r10/seed0/10log.txt,10,True,score log,Complete,5,35.0160624337951
flora,Linear FLoRA,wiz_stratified,Wizard stratified,tinyllama,TinyLlama,homo,Homo,5,10,0,epoch_round_tuning_wiz_stratified_r10/tuning-flora-wiz_stratified-tinyllama-homo-e5-r10,epoch_round_tuning_wiz_stratified_r10/tuning-flora-wiz_stratified-tinyllama-homo-e5-r10/seed0/10log.txt,10,True,score log,Complete,6,34.278925286372335
flora,Linear FLoRA,wiz_stratified,Wizard stratified,tinyllama,TinyLlama,homo,Homo,5,10,0,epoch_round_tuning_wiz_stratified_r10/tuning-flora-wiz_stratified-tinyllama-homo-e5-r10,epoch_round_tuning_wiz_stratified_r10/tuning-flora-wiz_stratified-tinyllama-homo-e5-r10/seed0/10log.txt,10,True,score log,Complete,7,34.8216795894449
flora,Linear FLoRA,wiz_stratified,Wizard stratified,tinyllama,TinyLlama,homo,Homo,5,10,0,epoch_round_tuning_wiz_stratified_r10/tuning-flora-wiz_stratified-tinyllama-homo-e5-r10,epoch_round_tuning_wiz_stratified_r10/tuning-flora-wiz_stratified-tinyllama-homo-e5-r10/seed0/10log.txt,10,True,score log,Complete,8,32.461718148293265
flora,Linear FLoRA,wiz_stratified,Wizard stratified,tinyllama,TinyLlama,homo,Homo,5,10,0,epoch_round_tuning_wiz_stratified_r10/tuning-flora-wiz_stratified-tinyllama-homo-e5-r10,epoch_round_tuning_wiz_stratified_r10/tuning-flora-wiz_stratified-tinyllama-homo-e5-r10/seed0/10log.txt,10,True,score log,Complete,9,33.87737605032875
flora,Linear FLoRA,wiz_stratified,Wizard stratified,tinyllama,TinyLlama,homo,Homo,5,10,0,epoch_round_tuning_wiz_stratified_r10/tuning-flora-wiz_stratified-tinyllama-homo-e5-r10,epoch_round_tuning_wiz_stratified_r10/tuning-flora-wiz_stratified-tinyllama-homo-e5-r10/seed0/10log.txt,10,True,score log,Complete,10,32.03620603630801
nonlinear_flora,Nonlinear FLoRA Cumulative,dolly,Dolly,tinyllama,TinyLlama,heter,Heter,1,10,0,epoch_round_tuning_nonlinear_flora_cumulative/tuning-nonlinear_flora-dolly-tinyllama-heter-e1-r10,epoch_round_tuning_nonlinear_flora_cumulative/tuning-nonlinear_flora-dolly-tinyllama-heter-e1-r10/seed0/10/log.txt,10,True,score log,Complete,1,21.818983741200153
nonlinear_flora,Nonlinear FLoRA Cumulative,dolly,Dolly,tinyllama,TinyLlama,heter,Heter,1,10,0,epoch_round_tuning_nonlinear_flora_cumulative/tuning-nonlinear_flora-dolly-tinyllama-heter-e1-r10,epoch_round_tuning_nonlinear_flora_cumulative/tuning-nonlinear_flora-dolly-tinyllama-heter-e1-r10/seed0/10/log.txt,10,True,score log,Complete,2,26.81936661071425
nonlinear_flora,Nonlinear FLoRA Cumulative,dolly,Dolly,tinyllama,TinyLlama,heter,Heter,1,10,0,epoch_round_tuning_nonlinear_flora_cumulative/tuning-nonlinear_flora-dolly-tinyllama-heter-e1-r10,epoch_round_tuning_nonlinear_flora_cumulative/tuning-nonlinear_flora-dolly-tinyllama-heter-e1-r10/seed0/10/log.txt,10,True,score log,Complete,3,26.844627551019983
nonlinear_flora,Nonlinear FLoRA Cumulative,dolly,Dolly,tinyllama,TinyLlama,heter,Heter,1,10,0,epoch_round_tuning_nonlinear_flora_cumulative/tuning-nonlinear_flora-dolly-tinyllama-heter-e1-r10,epoch_round_tuning_nonlinear_flora_cumulative/tuning-nonlinear_flora-dolly-tinyllama-heter-e1-r10/seed0/10/log.txt,10,True,score log,Complete,4,27.755430708514893
nonlinear_flora,Nonlinear FLoRA Cumulative,dolly,Dolly,tinyllama,TinyLlama,heter,Heter,1,10,0,epoch_round_tuning_nonlinear_flora_cumulative/tuning-nonlinear_flora-dolly-tinyllama-heter-e1-r10,epoch_round_tuning_nonlinear_flora_cumulative/tuning-nonlinear_flora-dolly-tinyllama-heter-e1-r10/seed0/10/log.txt,10,True,score log,Complete,5,29.69565835524501
nonlinear_flora,Nonlinear FLoRA Cumulative,dolly,Dolly,tinyllama,TinyLlama,heter,Heter,1,10,0,epoch_round_tuning_nonlinear_flora_cumulative/tuning-nonlinear_flora-dolly-tinyllama-heter-e1-r10,epoch_round_tuning_nonlinear_flora_cumulative/tuning-nonlinear_flora-dolly-tinyllama-heter-e1-r10/seed0/10/log.txt,10,True,score log,Complete,6,29.287289374346297
nonlinear_flora,Nonlinear FLoRA Cumulative,dolly,Dolly,tinyllama,TinyLlama,heter,Heter,1,10,0,epoch_round_tuning_nonlinear_flora_cumulative/tuning-nonlinear_flora-dolly-tinyllama-heter-e1-r10,epoch_round_tuning_nonlinear_flora_cumulative/tuning-nonlinear_flora-dolly-tinyllama-heter-e1-r10/seed0/10/log.txt,10,True,score log,Complete,7,28.373788470187968
nonlinear_flora,Nonlinear FLoRA Cumulative,dolly,Dolly,tinyllama,TinyLlama,heter,Heter,1,10,0,epoch_round_tuning_nonlinear_flora_cumulative/tuning-nonlinear_flora-dolly-tinyllama-heter-e1-r10,epoch_round_tuning_nonlinear_flora_cumulative/tuning-nonlinear_flora-dolly-tinyllama-heter-e1-r10/seed0/10/log.txt,10,True,score log,Complete,8,28.75184033274527
nonlinear_flora,Nonlinear FLoRA Cumulative,dolly,Dolly,tinyllama,TinyLlama,heter,Heter,1,10,0,epoch_round_tuning_nonlinear_flora_cumulative/tuning-nonlinear_flora-dolly-tinyllama-heter-e1-r10,epoch_round_tuning_nonlinear_flora_cumulative/tuning-nonlinear_flora-dolly-tinyllama-heter-e1-r10/seed0/10/log.txt,10,True,score log,Complete,9,31.026771776370715
nonlinear_flora,Nonlinear FLoRA Cumulative,dolly,Dolly,tinyllama,TinyLlama,heter,Heter,1,10,0,epoch_round_tuning_nonlinear_flora_cumulative/tuning-nonlinear_flora-dolly-tinyllama-heter-e1-r10,epoch_round_tuning_nonlinear_flora_cumulative/tuning-nonlinear_flora-dolly-tinyllama-heter-e1-r10/seed0/10/log.txt,10,True,score log,Complete,10,29.638360771718663
nonlinear_flora,Nonlinear FLoRA Cumulative,dolly,Dolly,tinyllama,TinyLlama,heter,Heter,2,10,0,epoch_round_tuning_nonlinear_flora_cumulative/tuning-nonlinear_flora-dolly-tinyllama-heter-e2-r10,epoch_round_tuning_nonlinear_flora_cumulative/tuning-nonlinear_flora-dolly-tinyllama-heter-e2-r10/seed0/10/log.txt,10,True,score log,Complete,1,25.937045206971256
nonlinear_flora,Nonlinear FLoRA Cumulative,dolly,Dolly,tinyllama,TinyLlama,heter,Heter,2,10,0,epoch_round_tuning_nonlinear_flora_cumulative/tuning-nonlinear_flora-dolly-tinyllama-heter-e2-r10,epoch_round_tuning_nonlinear_flora_cumulative/tuning-nonlinear_flora-dolly-tinyllama-heter-e2-r10/seed0/10/log.txt,10,True,score log,Complete,2,25.82494592112029
nonlinear_flora,Nonlinear FLoRA Cumulative,dolly,Dolly,tinyllama,TinyLlama,heter,Heter,2,10,0,epoch_round_tuning_nonlinear_flora_cumulative/tuning-nonlinear_flora-dolly-tinyllama-heter-e2-r10,epoch_round_tuning_nonlinear_flora_cumulative/tuning-nonlinear_flora-dolly-tinyllama-heter-e2-r10/seed0/10/log.txt,10,True,score log,Complete,3,30.01118822469756
nonlinear_flora,Nonlinear FLoRA Cumulative,dolly,Dolly,tinyllama,TinyLlama,heter,Heter,2,10,0,epoch_round_tuning_nonlinear_flora_cumulative/tuning-nonlinear_flora-dolly-tinyllama-heter-e2-r10,epoch_round_tuning_nonlinear_flora_cumulative/tuning-nonlinear_flora-dolly-tinyllama-heter-e2-r10/seed0/10/log.txt,10,True,score log,Complete,4,30.100207433685593
nonlinear_flora,Nonlinear FLoRA Cumulative,dolly,Dolly,tinyllama,TinyLlama,heter,Heter,2,10,0,epoch_round_tuning_nonlinear_flora_cumulative/tuning-nonlinear_flora-dolly-tinyllama-heter-e2-r10,epoch_round_tuning_nonlinear_flora_cumulative/tuning-nonlinear_flora-dolly-tinyllama-heter-e2-r10/seed0/10/log.txt,10,True,score log,Complete,5,29.626678876915896
nonlinear_flora,Nonlinear FLoRA Cumulative,dolly,Dolly,tinyllama,TinyLlama,heter,Heter,2,10,0,epoch_round_tuning_nonlinear_flora_cumulative/tuning-nonlinear_flora-dolly-tinyllama-heter-e2-r10,epoch_round_tuning_nonlinear_flora_cumulative/tuning-nonlinear_flora-dolly-tinyllama-heter-e2-r10/seed0/10/log.txt,10,True,score log,Complete,6,30.80384931646257
nonlinear_flora,Nonlinear FLoRA Cumulative,dolly,Dolly,tinyllama,TinyLlama,heter,Heter,2,10,0,epoch_round_tuning_nonlinear_flora_cumulative/tuning-nonlinear_flora-dolly-tinyllama-heter-e2-r10,epoch_round_tuning_nonlinear_flora_cumulative/tuning-nonlinear_flora-dolly-tinyllama-heter-e2-r10/seed0/10/log.txt,10,True,score log,Complete,7,30.087677618236853
nonlinear_flora,Nonlinear FLoRA Cumulative,dolly,Dolly,tinyllama,TinyLlama,heter,Heter,2,10,0,epoch_round_tuning_nonlinear_flora_cumulative/tuning-nonlinear_flora-dolly-tinyllama-heter-e2-r10,epoch_round_tuning_nonlinear_flora_cumulative/tuning-nonlinear_flora-dolly-tinyllama-heter-e2-r10/seed0/10/log.txt,10,True,score log,Complete,8,30.3498497450722
nonlinear_flora,Nonlinear FLoRA Cumulative,dolly,Dolly,tinyllama,TinyLlama,heter,Heter,2,10,0,epoch_round_tuning_nonlinear_flora_cumulative/tuning-nonlinear_flora-dolly-tinyllama-heter-e2-r10,epoch_round_tuning_nonlinear_flora_cumulative/tuning-nonlinear_flora-dolly-tinyllama-heter-e2-r10/seed0/10/log.txt,10,True,score log,Complete,9,30.132990668794097
nonlinear_flora,Nonlinear FLoRA Cumulative,dolly,Dolly,tinyllama,TinyLlama,heter,Heter,2,10,0,epoch_round_tuning_nonlinear_flora_cumulative/tuning-nonlinear_flora-dolly-tinyllama-heter-e2-r10,epoch_round_tuning_nonlinear_flora_cumulative/tuning-nonlinear_flora-dolly-tinyllama-heter-e2-r10/seed0/10/log.txt,10,True,score log,Complete,10,29.11914510174347
nonlinear_flora,Nonlinear FLoRA Cumulative,dolly,Dolly,tinyllama,TinyLlama,heter,Heter,3,10,0,epoch_round_tuning_nonlinear_flora_cumulative/tuning-nonlinear_flora-dolly-tinyllama-heter-e3-r10,epoch_round_tuning_nonlinear_flora_cumulative/tuning-nonlinear_flora-dolly-tinyllama-heter-e3-r10/seed0/10/log.txt,10,True,score log,Complete,1,27.789584720914757
nonlinear_flora,Nonlinear FLoRA Cumulative,dolly,Dolly,tinyllama,TinyLlama,heter,Heter,3,10,0,epoch_round_tuning_nonlinear_flora_cumulative/tuning-nonlinear_flora-dolly-tinyllama-heter-e3-r10,epoch_round_tuning_nonlinear_flora_cumulative/tuning-nonlinear_flora-dolly-tinyllama-heter-e3-r10/seed0/10/log.txt,10,True,score log,Complete,2,29.432533562917246
nonlinear_flora,Nonlinear FLoRA Cumulative,dolly,Dolly,tinyllama,TinyLlama,heter,Heter,3,10,0,epoch_round_tuning_nonlinear_flora_cumulative/tuning-nonlinear_flora-dolly-tinyllama-heter-e3-r10,epoch_round_tuning_nonlinear_flora_cumulative/tuning-nonlinear_flora-dolly-tinyllama-heter-e3-r10/seed0/10/log.txt,10,True,score log,Complete,3,31.060014077748882
nonlinear_flora,Nonlinear FLoRA Cumulative,dolly,Dolly,tinyllama,TinyLlama,heter,Heter,3,10,0,epoch_round_tuning_nonlinear_flora_cumulative/tuning-nonlinear_flora-dolly-tinyllama-heter-e3-r10,epoch_round_tuning_nonlinear_flora_cumulative/tuning-nonlinear_flora-dolly-tinyllama-heter-e3-r10/seed0/10/log.txt,10,True,score log,Complete,4,28.677555555401508
nonlinear_flora,Nonlinear FLoRA Cumulative,dolly,Dolly,tinyllama,TinyLlama,heter,Heter,3,10,0,epoch_round_tuning_nonlinear_flora_cumulative/tuning-nonlinear_flora-dolly-tinyllama-heter-e3-r10,epoch_round_tuning_nonlinear_flora_cumulative/tuning-nonlinear_flora-dolly-tinyllama-heter-e3-r10/seed0/10/log.txt,10,True,score log,Complete,5,29.076129200507943
nonlinear_flora,Nonlinear FLoRA Cumulative,dolly,Dolly,tinyllama,TinyLlama,heter,Heter,3,10,0,epoch_round_tuning_nonlinear_flora_cumulative/tuning-nonlinear_flora-dolly-tinyllama-heter-e3-r10,epoch_round_tuning_nonlinear_flora_cumulative/tuning-nonlinear_flora-dolly-tinyllama-heter-e3-r10/seed0/10/log.txt,10,True,score log,Complete,6,29.21768801088376
nonlinear_flora,Nonlinear FLoRA Cumulative,dolly,Dolly,tinyllama,TinyLlama,heter,Heter,3,10,0,epoch_round_tuning_nonlinear_flora_cumulative/tuning-nonlinear_flora-dolly-tinyllama-heter-e3-r10,epoch_round_tuning_nonlinear_flora_cumulative/tuning-nonlinear_flora-dolly-tinyllama-heter-e3-r10/seed0/10/log.txt,10,True,score log,Complete,7,29.283462194289843
nonlinear_flora,Nonlinear FLoRA Cumulative,dolly,Dolly,tinyllama,TinyLlama,heter,Heter,3,10,0,epoch_round_tuning_nonlinear_flora_cumulative/tuning-nonlinear_flora-dolly-tinyllama-heter-e3-r10,epoch_round_tuning_nonlinear_flora_cumulative/tuning-nonlinear_flora-dolly-tinyllama-heter-e3-r10/seed0/10/log.txt,10,True,score log,Complete,8,27.832306348712393
nonlinear_flora,Nonlinear FLoRA Cumulative,dolly,Dolly,tinyllama,TinyLlama,heter,Heter,3,10,0,epoch_round_tuning_nonlinear_flora_cumulative/tuning-nonlinear_flora-dolly-tinyllama-heter-e3-r10,epoch_round_tuning_nonlinear_flora_cumulative/tuning-nonlinear_flora-dolly-tinyllama-heter-e3-r10/seed0/10/log.txt,10,True,score log,Complete,9,27.49413545688897
nonlinear_flora,Nonlinear FLoRA Cumulative,dolly,Dolly,tinyllama,TinyLlama,heter,Heter,3,10,0,epoch_round_tuning_nonlinear_flora_cumulative/tuning-nonlinear_flora-dolly-tinyllama-heter-e3-r10,epoch_round_tuning_nonlinear_flora_cumulative/tuning-nonlinear_flora-dolly-tinyllama-heter-e3-r10/seed0/10/log.txt,10,True,score log,Complete,10,28.58779565251109
nonlinear_flora,Nonlinear FLoRA Cumulative,dolly,Dolly,tinyllama,TinyLlama,heter,Heter,5,10,0,epoch_round_tuning_nonlinear_flora_cumulative/tuning-nonlinear_flora-dolly-tinyllama-heter-e5-r10,epoch_round_tuning_nonlinear_flora_cumulative/tuning-nonlinear_flora-dolly-tinyllama-heter-e5-r10/seed0/10/log.txt,10,True,score log,Complete,1,29.147440776539053
nonlinear_flora,Nonlinear FLoRA Cumulative,dolly,Dolly,tinyllama,TinyLlama,heter,Heter,5,10,0,epoch_round_tuning_nonlinear_flora_cumulative/tuning-nonlinear_flora-dolly-tinyllama-heter-e5-r10,epoch_round_tuning_nonlinear_flora_cumulative/tuning-nonlinear_flora-dolly-tinyllama-heter-e5-r10/seed0/10/log.txt,10,True,score log,Complete,2,27.270157371909505
nonlinear_flora,Nonlinear FLoRA Cumulative,dolly,Dolly,tinyllama,TinyLlama,heter,Heter,5,10,0,epoch_round_tuning_nonlinear_flora_cumulative/tuning-nonlinear_flora-dolly-tinyllama-heter-e5-r10,epoch_round_tuning_nonlinear_flora_cumulative/tuning-nonlinear_flora-dolly-tinyllama-heter-e5-r10/seed0/10/log.txt,10,True,score log,Complete,3,25.863407657144837
nonlinear_flora,Nonlinear FLoRA Cumulative,dolly,Dolly,tinyllama,TinyLlama,heter,Heter,5,10,0,epoch_round_tuning_nonlinear_flora_cumulative/tuning-nonlinear_flora-dolly-tinyllama-heter-e5-r10,epoch_round_tuning_nonlinear_flora_cumulative/tuning-nonlinear_flora-dolly-tinyllama-heter-e5-r10/seed0/10/log.txt,10,True,score log,Complete,4,26.766888724176297
nonlinear_flora,Nonlinear FLoRA Cumulative,dolly,Dolly,tinyllama,TinyLlama,heter,Heter,5,10,0,epoch_round_tuning_nonlinear_flora_cumulative/tuning-nonlinear_flora-dolly-tinyllama-heter-e5-r10,epoch_round_tuning_nonlinear_flora_cumulative/tuning-nonlinear_flora-dolly-tinyllama-heter-e5-r10/seed0/10/log.txt,10,True,score log,Complete,5,27.886308230205913
nonlinear_flora,Nonlinear FLoRA Cumulative,dolly,Dolly,tinyllama,TinyLlama,heter,Heter,5,10,0,epoch_round_tuning_nonlinear_flora_cumulative/tuning-nonlinear_flora-dolly-tinyllama-heter-e5-r10,epoch_round_tuning_nonlinear_flora_cumulative/tuning-nonlinear_flora-dolly-tinyllama-heter-e5-r10/seed0/10/log.txt,10,True,score log,Complete,6,26.897496257016517
nonlinear_flora,Nonlinear FLoRA Cumulative,dolly,Dolly,tinyllama,TinyLlama,heter,Heter,5,10,0,epoch_round_tuning_nonlinear_flora_cumulative/tuning-nonlinear_flora-dolly-tinyllama-heter-e5-r10,epoch_round_tuning_nonlinear_flora_cumulative/tuning-nonlinear_flora-dolly-tinyllama-heter-e5-r10/seed0/10/log.txt,10,True,score log,Complete,7,28.565918284122116
nonlinear_flora,Nonlinear FLoRA Cumulative,dolly,Dolly,tinyllama,TinyLlama,heter,Heter,5,10,0,epoch_round_tuning_nonlinear_flora_cumulative/tuning-nonlinear_flora-dolly-tinyllama-heter-e5-r10,epoch_round_tuning_nonlinear_flora_cumulative/tuning-nonlinear_flora-dolly-tinyllama-heter-e5-r10/seed0/10/log.txt,10,True,score log,Complete,8,27.226113244112504
nonlinear_flora,Nonlinear FLoRA Cumulative,dolly,Dolly,tinyllama,TinyLlama,heter,Heter,5,10,0,epoch_round_tuning_nonlinear_flora_cumulative/tuning-nonlinear_flora-dolly-tinyllama-heter-e5-r10,epoch_round_tuning_nonlinear_flora_cumulative/tuning-nonlinear_flora-dolly-tinyllama-heter-e5-r10/seed0/10/log.txt,10,True,score log,Complete,9,26.108321289033814
nonlinear_flora,Nonlinear FLoRA Cumulative,dolly,Dolly,tinyllama,TinyLlama,heter,Heter,5,10,0,epoch_round_tuning_nonlinear_flora_cumulative/tuning-nonlinear_flora-dolly-tinyllama-heter-e5-r10,epoch_round_tuning_nonlinear_flora_cumulative/tuning-nonlinear_flora-dolly-tinyllama-heter-e5-r10/seed0/10/log.txt,10,True,score log,Complete,10,26.068466205186922
nonlinear_flora,Nonlinear FLoRA Cumulative,dolly,Dolly,tinyllama,TinyLlama,homo,Homo,1,10,0,epoch_round_tuning_nonlinear_flora_cumulative/tuning-nonlinear_flora-dolly-tinyllama-homo-e1-r10,epoch_round_tuning_nonlinear_flora_cumulative/tuning-nonlinear_flora-dolly-tinyllama-homo-e1-r10/seed0/10/log.txt,10,True,score log,Complete,1,16.8079114453645
nonlinear_flora,Nonlinear FLoRA Cumulative,dolly,Dolly,tinyllama,TinyLlama,homo,Homo,1,10,0,epoch_round_tuning_nonlinear_flora_cumulative/tuning-nonlinear_flora-dolly-tinyllama-homo-e1-r10,epoch_round_tuning_nonlinear_flora_cumulative/tuning-nonlinear_flora-dolly-tinyllama-homo-e1-r10/seed0/10/log.txt,10,True,score log,Complete,2,23.698493750052556
nonlinear_flora,Nonlinear FLoRA Cumulative,dolly,Dolly,tinyllama,TinyLlama,homo,Homo,1,10,0,epoch_round_tuning_nonlinear_flora_cumulative/tuning-nonlinear_flora-dolly-tinyllama-homo-e1-r10,epoch_round_tuning_nonlinear_flora_cumulative/tuning-nonlinear_flora-dolly-tinyllama-homo-e1-r10/seed0/10/log.txt,10,True,score log,Complete,3,26.220886139449924
nonlinear_flora,Nonlinear FLoRA Cumulative,dolly,Dolly,tinyllama,TinyLlama,homo,Homo,1,10,0,epoch_round_tuning_nonlinear_flora_cumulative/tuning-nonlinear_flora-dolly-tinyllama-homo-e1-r10,epoch_round_tuning_nonlinear_flora_cumulative/tuning-nonlinear_flora-dolly-tinyllama-homo-e1-r10/seed0/10/log.txt,10,True,score log,Complete,4,26.222183674763684
nonlinear_flora,Nonlinear FLoRA Cumulative,dolly,Dolly,tinyllama,TinyLlama,homo,Homo,1,10,0,epoch_round_tuning_nonlinear_flora_cumulative/tuning-nonlinear_flora-dolly-tinyllama-homo-e1-r10,epoch_round_tuning_nonlinear_flora_cumulative/tuning-nonlinear_flora-dolly-tinyllama-homo-e1-r10/seed0/10/log.txt,10,True,score log,Complete,5,27.327845122847588
nonlinear_flora,Nonlinear FLoRA Cumulative,dolly,Dolly,tinyllama,TinyLlama,homo,Homo,1,10,0,epoch_round_tuning_nonlinear_flora_cumulative/tuning-nonlinear_flora-dolly-tinyllama-homo-e1-r10,epoch_round_tuning_nonlinear_flora_cumulative/tuning-nonlinear_flora-dolly-tinyllama-homo-e1-r10/seed0/10/log.txt,10,True,score log,Complete,6,26.88443767817517
nonlinear_flora,Nonlinear FLoRA Cumulative,dolly,Dolly,tinyllama,TinyLlama,homo,Homo,1,10,0,epoch_round_tuning_nonlinear_flora_cumulative/tuning-nonlinear_flora-dolly-tinyllama-homo-e1-r10,epoch_round_tuning_nonlinear_flora_cumulative/tuning-nonlinear_flora-dolly-tinyllama-homo-e1-r10/seed0/10/log.txt,10,True,score log,Complete,7,27.661519620793552
nonlinear_flora,Nonlinear FLoRA Cumulative,dolly,Dolly,tinyllama,TinyLlama,homo,Homo,1,10,0,epoch_round_tuning_nonlinear_flora_cumulative/tuning-nonlinear_flora-dolly-tinyllama-homo-e1-r10,epoch_round_tuning_nonlinear_flora_cumulative/tuning-nonlinear_flora-dolly-tinyllama-homo-e1-r10/seed0/10/log.txt,10,True,score log,Complete,8,26.129946504035072
nonlinear_flora,Nonlinear FLoRA Cumulative,dolly,Dolly,tinyllama,TinyLlama,homo,Homo,1,10,0,epoch_round_tuning_nonlinear_flora_cumulative/tuning-nonlinear_flora-dolly-tinyllama-homo-e1-r10,epoch_round_tuning_nonlinear_flora_cumulative/tuning-nonlinear_flora-dolly-tinyllama-homo-e1-r10/seed0/10/log.txt,10,True,score log,Complete,9,28.14995252884155
nonlinear_flora,Nonlinear FLoRA Cumulative,dolly,Dolly,tinyllama,TinyLlama,homo,Homo,1,10,0,epoch_round_tuning_nonlinear_flora_cumulative/tuning-nonlinear_flora-dolly-tinyllama-homo-e1-r10,epoch_round_tuning_nonlinear_flora_cumulative/tuning-nonlinear_flora-dolly-tinyllama-homo-e1-r10/seed0/10/log.txt,10,True,score log,Complete,10,28.322168858089565
nonlinear_flora,Nonlinear FLoRA Cumulative,dolly,Dolly,tinyllama,TinyLlama,homo,Homo,2,10,0,epoch_round_tuning_nonlinear_flora_cumulative/tuning-nonlinear_flora-dolly-tinyllama-homo-e2-r10,epoch_round_tuning_nonlinear_flora_cumulative/tuning-nonlinear_flora-dolly-tinyllama-homo-e2-r10/seed0/10/log.txt,10,True,score log,Complete,1,26.46616623189893
nonlinear_flora,Nonlinear FLoRA Cumulative,dolly,Dolly,tinyllama,TinyLlama,homo,Homo,2,10,0,epoch_round_tuning_nonlinear_flora_cumulative/tuning-nonlinear_flora-dolly-tinyllama-homo-e2-r10,epoch_round_tuning_nonlinear_flora_cumulative/tuning-nonlinear_flora-dolly-tinyllama-homo-e2-r10/seed0/10/log.txt,10,True,score log,Complete,2,28.42350139092521
nonlinear_flora,Nonlinear FLoRA Cumulative,dolly,Dolly,tinyllama,TinyLlama,homo,Homo,2,10,0,epoch_round_tuning_nonlinear_flora_cumulative/tuning-nonlinear_flora-dolly-tinyllama-homo-e2-r10,epoch_round_tuning_nonlinear_flora_cumulative/tuning-nonlinear_flora-dolly-tinyllama-homo-e2-r10/seed0/10/log.txt,10,True,score log,Complete,3,28.85442998983271
nonlinear_flora,Nonlinear FLoRA Cumulative,dolly,Dolly,tinyllama,TinyLlama,homo,Homo,2,10,0,epoch_round_tuning_nonlinear_flora_cumulative/tuning-nonlinear_flora-dolly-tinyllama-homo-e2-r10,epoch_round_tuning_nonlinear_flora_cumulative/tuning-nonlinear_flora-dolly-tinyllama-homo-e2-r10/seed0/10/log.txt,10,True,score log,Complete,4,27.52784676570716
nonlinear_flora,Nonlinear FLoRA Cumulative,dolly,Dolly,tinyllama,TinyLlama,homo,Homo,2,10,0,epoch_round_tuning_nonlinear_flora_cumulative/tuning-nonlinear_flora-dolly-tinyllama-homo-e2-r10,epoch_round_tuning_nonlinear_flora_cumulative/tuning-nonlinear_flora-dolly-tinyllama-homo-e2-r10/seed0/10/log.txt,10,True,score log,Complete,5,27.1812071584277
nonlinear_flora,Nonlinear FLoRA Cumulative,dolly,Dolly,tinyllama,TinyLlama,homo,Homo,2,10,0,epoch_round_tuning_nonlinear_flora_cumulative/tuning-nonlinear_flora-dolly-tinyllama-homo-e2-r10,epoch_round_tuning_nonlinear_flora_cumulative/tuning-nonlinear_flora-dolly-tinyllama-homo-e2-r10/seed0/10/log.txt,10,True,score log,Complete,6,28.947906736768065
nonlinear_flora,Nonlinear FLoRA Cumulative,dolly,Dolly,tinyllama,TinyLlama,homo,Homo,2,10,0,epoch_round_tuning_nonlinear_flora_cumulative/tuning-nonlinear_flora-dolly-tinyllama-homo-e2-r10,epoch_round_tuning_nonlinear_flora_cumulative/tuning-nonlinear_flora-dolly-tinyllama-homo-e2-r10/seed0/10/log.txt,10,True,score log,Complete,7,29.543345518706527
nonlinear_flora,Nonlinear FLoRA Cumulative,dolly,Dolly,tinyllama,TinyLlama,homo,Homo,2,10,0,epoch_round_tuning_nonlinear_flora_cumulative/tuning-nonlinear_flora-dolly-tinyllama-homo-e2-r10,epoch_round_tuning_nonlinear_flora_cumulative/tuning-nonlinear_flora-dolly-tinyllama-homo-e2-r10/seed0/10/log.txt,10,True,score log,Complete,8,29.451739257656094
nonlinear_flora,Nonlinear FLoRA Cumulative,dolly,Dolly,tinyllama,TinyLlama,homo,Homo,2,10,0,epoch_round_tuning_nonlinear_flora_cumulative/tuning-nonlinear_flora-dolly-tinyllama-homo-e2-r10,epoch_round_tuning_nonlinear_flora_cumulative/tuning-nonlinear_flora-dolly-tinyllama-homo-e2-r10/seed0/10/log.txt,10,True,score log,Complete,9,29.503750183386384
nonlinear_flora,Nonlinear FLoRA Cumulative,dolly,Dolly,tinyllama,TinyLlama,homo,Homo,2,10,0,epoch_round_tuning_nonlinear_flora_cumulative/tuning-nonlinear_flora-dolly-tinyllama-homo-e2-r10,epoch_round_tuning_nonlinear_flora_cumulative/tuning-nonlinear_flora-dolly-tinyllama-homo-e2-r10/seed0/10/log.txt,10,True,score log,Complete,10,29.01702783697486
nonlinear_flora,Nonlinear FLoRA Cumulative,dolly,Dolly,tinyllama,TinyLlama,homo,Homo,3,10,0,epoch_round_tuning_nonlinear_flora_cumulative/tuning-nonlinear_flora-dolly-tinyllama-homo-e3-r10,epoch_round_tuning_nonlinear_flora_cumulative/tuning-nonlinear_flora-dolly-tinyllama-homo-e3-r10/seed0/10/log.txt,10,True,score log,Complete,1,25.945933251406156
nonlinear_flora,Nonlinear FLoRA Cumulative,dolly,Dolly,tinyllama,TinyLlama,homo,Homo,3,10,0,epoch_round_tuning_nonlinear_flora_cumulative/tuning-nonlinear_flora-dolly-tinyllama-homo-e3-r10,epoch_round_tuning_nonlinear_flora_cumulative/tuning-nonlinear_flora-dolly-tinyllama-homo-e3-r10/seed0/10/log.txt,10,True,score log,Complete,2,28.469315590963483
nonlinear_flora,Nonlinear FLoRA Cumulative,dolly,Dolly,tinyllama,TinyLlama,homo,Homo,3,10,0,epoch_round_tuning_nonlinear_flora_cumulative/tuning-nonlinear_flora-dolly-tinyllama-homo-e3-r10,epoch_round_tuning_nonlinear_flora_cumulative/tuning-nonlinear_flora-dolly-tinyllama-homo-e3-r10/seed0/10/log.txt,10,True,score log,Complete,3,30.217557457310612
nonlinear_flora,Nonlinear FLoRA Cumulative,dolly,Dolly,tinyllama,TinyLlama,homo,Homo,3,10,0,epoch_round_tuning_nonlinear_flora_cumulative/tuning-nonlinear_flora-dolly-tinyllama-homo-e3-r10,epoch_round_tuning_nonlinear_flora_cumulative/tuning-nonlinear_flora-dolly-tinyllama-homo-e3-r10/seed0/10/log.txt,10,True,score log,Complete,4,28.26248479502648
nonlinear_flora,Nonlinear FLoRA Cumulative,dolly,Dolly,tinyllama,TinyLlama,homo,Homo,3,10,0,epoch_round_tuning_nonlinear_flora_cumulative/tuning-nonlinear_flora-dolly-tinyllama-homo-e3-r10,epoch_round_tuning_nonlinear_flora_cumulative/tuning-nonlinear_flora-dolly-tinyllama-homo-e3-r10/seed0/10/log.txt,10,True,score log,Complete,5,27.01578858163325
nonlinear_flora,Nonlinear FLoRA Cumulative,dolly,Dolly,tinyllama,TinyLlama,homo,Homo,3,10,0,epoch_round_tuning_nonlinear_flora_cumulative/tuning-nonlinear_flora-dolly-tinyllama-homo-e3-r10,epoch_round_tuning_nonlinear_flora_cumulative/tuning-nonlinear_flora-dolly-tinyllama-homo-e3-r10/seed0/10/log.txt,10,True,score log,Complete,6,27.905450731484354
nonlinear_flora,Nonlinear FLoRA Cumulative,dolly,Dolly,tinyllama,TinyLlama,homo,Homo,3,10,0,epoch_round_tuning_nonlinear_flora_cumulative/tuning-nonlinear_flora-dolly-tinyllama-homo-e3-r10,epoch_round_tuning_nonlinear_flora_cumulative/tuning-nonlinear_flora-dolly-tinyllama-homo-e3-r10/seed0/10/log.txt,10,True,score log,Complete,7,28.095705603885524
nonlinear_flora,Nonlinear FLoRA Cumulative,dolly,Dolly,tinyllama,TinyLlama,homo,Homo,3,10,0,epoch_round_tuning_nonlinear_flora_cumulative/tuning-nonlinear_flora-dolly-tinyllama-homo-e3-r10,epoch_round_tuning_nonlinear_flora_cumulative/tuning-nonlinear_flora-dolly-tinyllama-homo-e3-r10/seed0/10/log.txt,10,True,score log,Complete,8,27.11839772236616
nonlinear_flora,Nonlinear FLoRA Cumulative,dolly,Dolly,tinyllama,TinyLlama,homo,Homo,3,10,0,epoch_round_tuning_nonlinear_flora_cumulative/tuning-nonlinear_flora-dolly-tinyllama-homo-e3-r10,epoch_round_tuning_nonlinear_flora_cumulative/tuning-nonlinear_flora-dolly-tinyllama-homo-e3-r10/seed0/10/log.txt,10,True,score log,Complete,9,28.437058733472742
nonlinear_flora,Nonlinear FLoRA Cumulative,dolly,Dolly,tinyllama,TinyLlama,homo,Homo,3,10,0,epoch_round_tuning_nonlinear_flora_cumulative/tuning-nonlinear_flora-dolly-tinyllama-homo-e3-r10,epoch_round_tuning_nonlinear_flora_cumulative/tuning-nonlinear_flora-dolly-tinyllama-homo-e3-r10/seed0/10/log.txt,10,True,score log,Complete,10,28.55253346246946
nonlinear_flora,Nonlinear FLoRA Cumulative,dolly,Dolly,tinyllama,TinyLlama,homo,Homo,5,10,0,epoch_round_tuning_nonlinear_flora_cumulative/tuning-nonlinear_flora-dolly-tinyllama-homo-e5-r10,epoch_round_tuning_nonlinear_flora_cumulative/tuning-nonlinear_flora-dolly-tinyllama-homo-e5-r10/seed0/10/log.txt,10,True,score log,Complete,1,27.862926693202674
nonlinear_flora,Nonlinear FLoRA Cumulative,dolly,Dolly,tinyllama,TinyLlama,homo,Homo,5,10,0,epoch_round_tuning_nonlinear_flora_cumulative/tuning-nonlinear_flora-dolly-tinyllama-homo-e5-r10,epoch_round_tuning_nonlinear_flora_cumulative/tuning-nonlinear_flora-dolly-tinyllama-homo-e5-r10/seed0/10/log.txt,10,True,score log,Complete,2,26.92551723273158
nonlinear_flora,Nonlinear FLoRA Cumulative,dolly,Dolly,tinyllama,TinyLlama,homo,Homo,5,10,0,epoch_round_tuning_nonlinear_flora_cumulative/tuning-nonlinear_flora-dolly-tinyllama-homo-e5-r10,epoch_round_tuning_nonlinear_flora_cumulative/tuning-nonlinear_flora-dolly-tinyllama-homo-e5-r10/seed0/10/log.txt,10,True,score log,Complete,3,27.8099071843471
nonlinear_flora,Nonlinear FLoRA Cumulative,dolly,Dolly,tinyllama,TinyLlama,homo,Homo,5,10,0,epoch_round_tuning_nonlinear_flora_cumulative/tuning-nonlinear_flora-dolly-tinyllama-homo-e5-r10,epoch_round_tuning_nonlinear_flora_cumulative/tuning-nonlinear_flora-dolly-tinyllama-homo-e5-r10/seed0/10/log.txt,10,True,score log,Complete,4,27.054016680795552
nonlinear_flora,Nonlinear FLoRA Cumulative,dolly,Dolly,tinyllama,TinyLlama,homo,Homo,5,10,0,epoch_round_tuning_nonlinear_flora_cumulative/tuning-nonlinear_flora-dolly-tinyllama-homo-e5-r10,epoch_round_tuning_nonlinear_flora_cumulative/tuning-nonlinear_flora-dolly-tinyllama-homo-e5-r10/seed0/10/log.txt,10,True,score log,Complete,5,26.5345194554578
nonlinear_flora,Nonlinear FLoRA Cumulative,dolly,Dolly,tinyllama,TinyLlama,homo,Homo,5,10,0,epoch_round_tuning_nonlinear_flora_cumulative/tuning-nonlinear_flora-dolly-tinyllama-homo-e5-r10,epoch_round_tuning_nonlinear_flora_cumulative/tuning-nonlinear_flora-dolly-tinyllama-homo-e5-r10/seed0/10/log.txt,10,True,score log,Complete,6,29.01387312750692
nonlinear_flora,Nonlinear FLoRA Cumulative,dolly,Dolly,tinyllama,TinyLlama,homo,Homo,5,10,0,epoch_round_tuning_nonlinear_flora_cumulative/tuning-nonlinear_flora-dolly-tinyllama-homo-e5-r10,epoch_round_tuning_nonlinear_flora_cumulative/tuning-nonlinear_flora-dolly-tinyllama-homo-e5-r10/seed0/10/log.txt,10,True,score log,Complete,7,28.12492379422785
nonlinear_flora,Nonlinear FLoRA Cumulative,dolly,Dolly,tinyllama,TinyLlama,homo,Homo,5,10,0,epoch_round_tuning_nonlinear_flora_cumulative/tuning-nonlinear_flora-dolly-tinyllama-homo-e5-r10,epoch_round_tuning_nonlinear_flora_cumulative/tuning-nonlinear_flora-dolly-tinyllama-homo-e5-r10/seed0/10/log.txt,10,True,score log,Complete,8,28.364555218416694
nonlinear_flora,Nonlinear FLoRA Cumulative,dolly,Dolly,tinyllama,TinyLlama,homo,Homo,5,10,0,epoch_round_tuning_nonlinear_flora_cumulative/tuning-nonlinear_flora-dolly-tinyllama-homo-e5-r10,epoch_round_tuning_nonlinear_flora_cumulative/tuning-nonlinear_flora-dolly-tinyllama-homo-e5-r10/seed0/10/log.txt,10,True,score log,Complete,9,25.389337821490894
nonlinear_flora,Nonlinear FLoRA Cumulative,dolly,Dolly,tinyllama,TinyLlama,homo,Homo,5,10,0,epoch_round_tuning_nonlinear_flora_cumulative/tuning-nonlinear_flora-dolly-tinyllama-homo-e5-r10,epoch_round_tuning_nonlinear_flora_cumulative/tuning-nonlinear_flora-dolly-tinyllama-homo-e5-r10/seed0/10/log.txt,10,True,score log,Complete,10,25.916514031317988
nonlinear_flora,Nonlinear FLoRA Cumulative,dolly_stratified,Dolly stratified,tinyllama,TinyLlama,heter,Heter,1,10,0,epoch_round_tuning_nonlinear_flora_cumulative/tuning-nonlinear_flora-dolly_stratified-tinyllama-heter-e1-r10,epoch_round_tuning_nonlinear_flora_cumulative/tuning-nonlinear_flora-dolly_stratified-tinyllama-heter-e1-r10/seed0/10/log.txt,10,True,score log,Complete,1,22.345644973949984
nonlinear_flora,Nonlinear FLoRA Cumulative,dolly_stratified,Dolly stratified,tinyllama,TinyLlama,heter,Heter,1,10,0,epoch_round_tuning_nonlinear_flora_cumulative/tuning-nonlinear_flora-dolly_stratified-tinyllama-heter-e1-r10,epoch_round_tuning_nonlinear_flora_cumulative/tuning-nonlinear_flora-dolly_stratified-tinyllama-heter-e1-r10/seed0/10/log.txt,10,True,score log,Complete,2,26.10977205137389
nonlinear_flora,Nonlinear FLoRA Cumulative,dolly_stratified,Dolly stratified,tinyllama,TinyLlama,heter,Heter,1,10,0,epoch_round_tuning_nonlinear_flora_cumulative/tuning-nonlinear_flora-dolly_stratified-tinyllama-heter-e1-r10,epoch_round_tuning_nonlinear_flora_cumulative/tuning-nonlinear_flora-dolly_stratified-tinyllama-heter-e1-r10/seed0/10/log.txt,10,True,score log,Complete,3,28.48881945017636
nonlinear_flora,Nonlinear FLoRA Cumulative,dolly_stratified,Dolly stratified,tinyllama,TinyLlama,heter,Heter,1,10,0,epoch_round_tuning_nonlinear_flora_cumulative/tuning-nonlinear_flora-dolly_stratified-tinyllama-heter-e1-r10,epoch_round_tuning_nonlinear_flora_cumulative/tuning-nonlinear_flora-dolly_stratified-tinyllama-heter-e1-r10/seed0/10/log.txt,10,True,score log,Complete,4,26.477957230375427
nonlinear_flora,Nonlinear FLoRA Cumulative,dolly_stratified,Dolly stratified,tinyllama,TinyLlama,heter,Heter,1,10,0,epoch_round_tuning_nonlinear_flora_cumulative/tuning-nonlinear_flora-dolly_stratified-tinyllama-heter-e1-r10,epoch_round_tuning_nonlinear_flora_cumulative/tuning-nonlinear_flora-dolly_stratified-tinyllama-heter-e1-r10/seed0/10/log.txt,10,True,score log,Complete,5,27.748882870943568
nonlinear_flora,Nonlinear FLoRA Cumulative,dolly_stratified,Dolly stratified,tinyllama,TinyLlama,heter,Heter,1,10,0,epoch_round_tuning_nonlinear_flora_cumulative/tuning-nonlinear_flora-dolly_stratified-tinyllama-heter-e1-r10,epoch_round_tuning_nonlinear_flora_cumulative/tuning-nonlinear_flora-dolly_stratified-tinyllama-heter-e1-r10/seed0/10/log.txt,10,True,score log,Complete,6,26.480514796826416
nonlinear_flora,Nonlinear FLoRA Cumulative,dolly_stratified,Dolly stratified,tinyllama,TinyLlama,heter,Heter,1,10,0,epoch_round_tuning_nonlinear_flora_cumulative/tuning-nonlinear_flora-dolly_stratified-tinyllama-heter-e1-r10,epoch_round_tuning_nonlinear_flora_cumulative/tuning-nonlinear_flora-dolly_stratified-tinyllama-heter-e1-r10/seed0/10/log.txt,10,True,score log,Complete,7,29.838121020158713
nonlinear_flora,Nonlinear FLoRA Cumulative,dolly_stratified,Dolly stratified,tinyllama,TinyLlama,heter,Heter,1,10,0,epoch_round_tuning_nonlinear_flora_cumulative/tuning-nonlinear_flora-dolly_stratified-tinyllama-heter-e1-r10,epoch_round_tuning_nonlinear_flora_cumulative/tuning-nonlinear_flora-dolly_stratified-tinyllama-heter-e1-r10/seed0/10/log.txt,10,True,score log,Complete,8,29.61147862045932
nonlinear_flora,Nonlinear FLoRA Cumulative,dolly_stratified,Dolly stratified,tinyllama,TinyLlama,heter,Heter,1,10,0,epoch_round_tuning_nonlinear_flora_cumulative/tuning-nonlinear_flora-dolly_stratified-tinyllama-heter-e1-r10,epoch_round_tuning_nonlinear_flora_cumulative/tuning-nonlinear_flora-dolly_stratified-tinyllama-heter-e1-r10/seed0/10/log.txt,10,True,score log,Complete,9,28.519139434178236
nonlinear_flora,Nonlinear FLoRA Cumulative,dolly_stratified,Dolly stratified,tinyllama,TinyLlama,heter,Heter,1,10,0,epoch_round_tuning_nonlinear_flora_cumulative/tuning-nonlinear_flora-dolly_stratified-tinyllama-heter-e1-r10,epoch_round_tuning_nonlinear_flora_cumulative/tuning-nonlinear_flora-dolly_stratified-tinyllama-heter-e1-r10/seed0/10/log.txt,10,True,score log,Complete,10,29.446810771236304
nonlinear_flora,Nonlinear FLoRA Cumulative,dolly_stratified,Dolly stratified,tinyllama,TinyLlama,heter,Heter,2,10,0,epoch_round_tuning_nonlinear_flora_cumulative/tuning-nonlinear_flora-dolly_stratified-tinyllama-heter-e2-r10,epoch_round_tuning_nonlinear_flora_cumulative/tuning-nonlinear_flora-dolly_stratified-tinyllama-heter-e2-r10/seed0/10/log.txt,10,True,score log,Complete,1,24.978596701004413
nonlinear_flora,Nonlinear FLoRA Cumulative,dolly_stratified,Dolly stratified,tinyllama,TinyLlama,heter,Heter,2,10,0,epoch_round_tuning_nonlinear_flora_cumulative/tuning-nonlinear_flora-dolly_stratified-tinyllama-heter-e2-r10,epoch_round_tuning_nonlinear_flora_cumulative/tuning-nonlinear_flora-dolly_stratified-tinyllama-heter-e2-r10/seed0/10/log.txt,10,True,score log,Complete,2,27.73453658780684
nonlinear_flora,Nonlinear FLoRA Cumulative,dolly_stratified,Dolly stratified,tinyllama,TinyLlama,heter,Heter,2,10,0,epoch_round_tuning_nonlinear_flora_cumulative/tuning-nonlinear_flora-dolly_stratified-tinyllama-heter-e2-r10,epoch_round_tuning_nonlinear_flora_cumulative/tuning-nonlinear_flora-dolly_stratified-tinyllama-heter-e2-r10/seed0/10/log.txt,10,True,score log,Complete,3,28.11795354962013
nonlinear_flora,Nonlinear FLoRA Cumulative,dolly_stratified,Dolly stratified,tinyllama,TinyLlama,heter,Heter,2,10,0,epoch_round_tuning_nonlinear_flora_cumulative/tuning-nonlinear_flora-dolly_stratified-tinyllama-heter-e2-r10,epoch_round_tuning_nonlinear_flora_cumulative/tuning-nonlinear_flora-dolly_stratified-tinyllama-heter-e2-r10/seed0/10/log.txt,10,True,score log,Complete,4,28.958233852372146
nonlinear_flora,Nonlinear FLoRA Cumulative,dolly_stratified,Dolly stratified,tinyllama,TinyLlama,heter,Heter,2,10,0,epoch_round_tuning_nonlinear_flora_cumulative/tuning-nonlinear_flora-dolly_stratified-tinyllama-heter-e2-r10,epoch_round_tuning_nonlinear_flora_cumulative/tuning-nonlinear_flora-dolly_stratified-tinyllama-heter-e2-r10/seed0/10/log.txt,10,True,score log,Complete,5,27.514209774444037
nonlinear_flora,Nonlinear FLoRA Cumulative,dolly_stratified,Dolly stratified,tinyllama,TinyLlama,heter,Heter,2,10,0,epoch_round_tuning_nonlinear_flora_cumulative/tuning-nonlinear_flora-dolly_stratified-tinyllama-heter-e2-r10,epoch_round_tuning_nonlinear_flora_cumulative/tuning-nonlinear_flora-dolly_stratified-tinyllama-heter-e2-r10/seed0/10/log.txt,10,True,score log,Complete,6,27.19938284940967
nonlinear_flora,Nonlinear FLoRA Cumulative,dolly_stratified,Dolly stratified,tinyllama,TinyLlama,heter,Heter,2,10,0,epoch_round_tuning_nonlinear_flora_cumulative/tuning-nonlinear_flora-dolly_stratified-tinyllama-heter-e2-r10,epoch_round_tuning_nonlinear_flora_cumulative/tuning-nonlinear_flora-dolly_stratified-tinyllama-heter-e2-r10/seed0/10/log.txt,10,True,score log,Complete,7,27.905896748988894
nonlinear_flora,Nonlinear FLoRA Cumulative,dolly_stratified,Dolly stratified,tinyllama,TinyLlama,heter,Heter,2,10,0,epoch_round_tuning_nonlinear_flora_cumulative/tuning-nonlinear_flora-dolly_stratified-tinyllama-heter-e2-r10,epoch_round_tuning_nonlinear_flora_cumulative/tuning-nonlinear_flora-dolly_stratified-tinyllama-heter-e2-r10/seed0/10/log.txt,10,True,score log,Complete,8,28.166269910565493
nonlinear_flora,Nonlinear FLoRA Cumulative,dolly_stratified,Dolly stratified,tinyllama,TinyLlama,heter,Heter,2,10,0,epoch_round_tuning_nonlinear_flora_cumulative/tuning-nonlinear_flora-dolly_stratified-tinyllama-heter-e2-r10,epoch_round_tuning_nonlinear_flora_cumulative/tuning-nonlinear_flora-dolly_stratified-tinyllama-heter-e2-r10/seed0/10/log.txt,10,True,score log,Complete,9,27.066296239156035
nonlinear_flora,Nonlinear FLoRA Cumulative,dolly_stratified,Dolly stratified,tinyllama,TinyLlama,heter,Heter,2,10,0,epoch_round_tuning_nonlinear_flora_cumulative/tuning-nonlinear_flora-dolly_stratified-tinyllama-heter-e2-r10,epoch_round_tuning_nonlinear_flora_cumulative/tuning-nonlinear_flora-dolly_stratified-tinyllama-heter-e2-r10/seed0/10/log.txt,10,True,score log,Complete,10,28.047500447909623
nonlinear_flora,Nonlinear FLoRA Cumulative,dolly_stratified,Dolly stratified,tinyllama,TinyLlama,heter,Heter,3,10,0,epoch_round_tuning_nonlinear_flora_cumulative/tuning-nonlinear_flora-dolly_stratified-tinyllama-heter-e3-r10,epoch_round_tuning_nonlinear_flora_cumulative/tuning-nonlinear_flora-dolly_stratified-tinyllama-heter-e3-r10/seed0/10/log.txt,10,True,score log,Complete,1,27.193574535942876
nonlinear_flora,Nonlinear FLoRA Cumulative,dolly_stratified,Dolly stratified,tinyllama,TinyLlama,heter,Heter,3,10,0,epoch_round_tuning_nonlinear_flora_cumulative/tuning-nonlinear_flora-dolly_stratified-tinyllama-heter-e3-r10,epoch_round_tuning_nonlinear_flora_cumulative/tuning-nonlinear_flora-dolly_stratified-tinyllama-heter-e3-r10/seed0/10/log.txt,10,True,score log,Complete,2,30.096827805285802
nonlinear_flora,Nonlinear FLoRA Cumulative,dolly_stratified,Dolly stratified,tinyllama,TinyLlama,heter,Heter,3,10,0,epoch_round_tuning_nonlinear_flora_cumulative/tuning-nonlinear_flora-dolly_stratified-tinyllama-heter-e3-r10,epoch_round_tuning_nonlinear_flora_cumulative/tuning-nonlinear_flora-dolly_stratified-tinyllama-heter-e3-r10/seed0/10/log.txt,10,True,score log,Complete,3,28.284580800448005
nonlinear_flora,Nonlinear FLoRA Cumulative,dolly_stratified,Dolly stratified,tinyllama,TinyLlama,heter,Heter,3,10,0,epoch_round_tuning_nonlinear_flora_cumulative/tuning-nonlinear_flora-dolly_stratified-tinyllama-heter-e3-r10,epoch_round_tuning_nonlinear_flora_cumulative/tuning-nonlinear_flora-dolly_stratified-tinyllama-heter-e3-r10/seed0/10/log.txt,10,True,score log,Complete,4,27.88773393621656
nonlinear_flora,Nonlinear FLoRA Cumulative,dolly_stratified,Dolly stratified,tinyllama,TinyLlama,heter,Heter,3,10,0,epoch_round_tuning_nonlinear_flora_cumulative/tuning-nonlinear_flora-dolly_stratified-tinyllama-heter-e3-r10,epoch_round_tuning_nonlinear_flora_cumulative/tuning-nonlinear_flora-dolly_stratified-tinyllama-heter-e3-r10/seed0/10/log.txt,10,True,score log,Complete,5,28.866144544676935
nonlinear_flora,Nonlinear FLoRA Cumulative,dolly_stratified,Dolly stratified,tinyllama,TinyLlama,heter,Heter,3,10,0,epoch_round_tuning_nonlinear_flora_cumulative/tuning-nonlinear_flora-dolly_stratified-tinyllama-heter-e3-r10,epoch_round_tuning_nonlinear_flora_cumulative/tuning-nonlinear_flora-dolly_stratified-tinyllama-heter-e3-r10/seed0/10/log.txt,10,True,score log,Complete,6,26.715374850344244
nonlinear_flora,Nonlinear FLoRA Cumulative,dolly_stratified,Dolly stratified,tinyllama,TinyLlama,heter,Heter,3,10,0,epoch_round_tuning_nonlinear_flora_cumulative/tuning-nonlinear_flora-dolly_stratified-tinyllama-heter-e3-r10,epoch_round_tuning_nonlinear_flora_cumulative/tuning-nonlinear_flora-dolly_stratified-tinyllama-heter-e3-r10/seed0/10/log.txt,10,True,score log,Complete,7,26.355132027194234
nonlinear_flora,Nonlinear FLoRA Cumulative,dolly_stratified,Dolly stratified,tinyllama,TinyLlama,heter,Heter,3,10,0,epoch_round_tuning_nonlinear_flora_cumulative/tuning-nonlinear_flora-dolly_stratified-tinyllama-heter-e3-r10,epoch_round_tuning_nonlinear_flora_cumulative/tuning-nonlinear_flora-dolly_stratified-tinyllama-heter-e3-r10/seed0/10/log.txt,10,True,score log,Complete,8,28.18746868985614
nonlinear_flora,Nonlinear FLoRA Cumulative,dolly_stratified,Dolly stratified,tinyllama,TinyLlama,heter,Heter,3,10,0,epoch_round_tuning_nonlinear_flora_cumulative/tuning-nonlinear_flora-dolly_stratified-tinyllama-heter-e3-r10,epoch_round_tuning_nonlinear_flora_cumulative/tuning-nonlinear_flora-dolly_stratified-tinyllama-heter-e3-r10/seed0/10/log.txt,10,True,score log,Complete,9,28.35435902958374
nonlinear_flora,Nonlinear FLoRA Cumulative,dolly_stratified,Dolly stratified,tinyllama,TinyLlama,heter,Heter,3,10,0,epoch_round_tuning_nonlinear_flora_cumulative/tuning-nonlinear_flora-dolly_stratified-tinyllama-heter-e3-r10,epoch_round_tuning_nonlinear_flora_cumulative/tuning-nonlinear_flora-dolly_stratified-tinyllama-heter-e3-r10/seed0/10/log.txt,10,True,score log,Complete,10,29.707429381652457
nonlinear_flora,Nonlinear FLoRA Cumulative,dolly_stratified,Dolly stratified,tinyllama,TinyLlama,heter,Heter,5,10,0,epoch_round_tuning_nonlinear_flora_cumulative/tuning-nonlinear_flora-dolly_stratified-tinyllama-heter-e5-r10,epoch_round_tuning_nonlinear_flora_cumulative/tuning-nonlinear_flora-dolly_stratified-tinyllama-heter-e5-r10/seed0/10/log.txt,10,True,score log,Complete,1,28.55533392947922
nonlinear_flora,Nonlinear FLoRA Cumulative,dolly_stratified,Dolly stratified,tinyllama,TinyLlama,heter,Heter,5,10,0,epoch_round_tuning_nonlinear_flora_cumulative/tuning-nonlinear_flora-dolly_stratified-tinyllama-heter-e5-r10,epoch_round_tuning_nonlinear_flora_cumulative/tuning-nonlinear_flora-dolly_stratified-tinyllama-heter-e5-r10/seed0/10/log.txt,10,True,score log,Complete,2,27.198729509688423
nonlinear_flora,Nonlinear FLoRA Cumulative,dolly_stratified,Dolly stratified,tinyllama,TinyLlama,heter,Heter,5,10,0,epoch_round_tuning_nonlinear_flora_cumulative/tuning-nonlinear_flora-dolly_stratified-tinyllama-heter-e5-r10,epoch_round_tuning_nonlinear_flora_cumulative/tuning-nonlinear_flora-dolly_stratified-tinyllama-heter-e5-r10/seed0/10/log.txt,10,True,score log,Complete,3,26.484806497100887
nonlinear_flora,Nonlinear FLoRA Cumulative,dolly_stratified,Dolly stratified,tinyllama,TinyLlama,heter,Heter,5,10,0,epoch_round_tuning_nonlinear_flora_cumulative/tuning-nonlinear_flora-dolly_stratified-tinyllama-heter-e5-r10,epoch_round_tuning_nonlinear_flora_cumulative/tuning-nonlinear_flora-dolly_stratified-tinyllama-heter-e5-r10/seed0/10/log.txt,10,True,score log,Complete,4,26.330577470412635
nonlinear_flora,Nonlinear FLoRA Cumulative,dolly_stratified,Dolly stratified,tinyllama,TinyLlama,heter,Heter,5,10,0,epoch_round_tuning_nonlinear_flora_cumulative/tuning-nonlinear_flora-dolly_stratified-tinyllama-heter-e5-r10,epoch_round_tuning_nonlinear_flora_cumulative/tuning-nonlinear_flora-dolly_stratified-tinyllama-heter-e5-r10/seed0/10/log.txt,10,True,score log,Complete,5,28.052865930789554
nonlinear_flora,Nonlinear FLoRA Cumulative,dolly_stratified,Dolly stratified,tinyllama,TinyLlama,heter,Heter,5,10,0,epoch_round_tuning_nonlinear_flora_cumulative/tuning-nonlinear_flora-dolly_stratified-tinyllama-heter-e5-r10,epoch_round_tuning_nonlinear_flora_cumulative/tuning-nonlinear_flora-dolly_stratified-tinyllama-heter-e5-r10/seed0/10/log.txt,10,True,score log,Complete,6,25.990468866530335
nonlinear_flora,Nonlinear FLoRA Cumulative,dolly_stratified,Dolly stratified,tinyllama,TinyLlama,heter,Heter,5,10,0,epoch_round_tuning_nonlinear_flora_cumulative/tuning-nonlinear_flora-dolly_stratified-tinyllama-heter-e5-r10,epoch_round_tuning_nonlinear_flora_cumulative/tuning-nonlinear_flora-dolly_stratified-tinyllama-heter-e5-r10/seed0/10/log.txt,10,True,score log,Complete,7,25.305620688546366
nonlinear_flora,Nonlinear FLoRA Cumulative,dolly_stratified,Dolly stratified,tinyllama,TinyLlama,heter,Heter,5,10,0,epoch_round_tuning_nonlinear_flora_cumulative/tuning-nonlinear_flora-dolly_stratified-tinyllama-heter-e5-r10,epoch_round_tuning_nonlinear_flora_cumulative/tuning-nonlinear_flora-dolly_stratified-tinyllama-heter-e5-r10/seed0/10/log.txt,10,True,score log,Complete,8,25.955502398297526
nonlinear_flora,Nonlinear FLoRA Cumulative,dolly_stratified,Dolly stratified,tinyllama,TinyLlama,heter,Heter,5,10,0,epoch_round_tuning_nonlinear_flora_cumulative/tuning-nonlinear_flora-dolly_stratified-tinyllama-heter-e5-r10,epoch_round_tuning_nonlinear_flora_cumulative/tuning-nonlinear_flora-dolly_stratified-tinyllama-heter-e5-r10/seed0/10/log.txt,10,True,score log,Complete,9,26.023301023555224
nonlinear_flora,Nonlinear FLoRA Cumulative,dolly_stratified,Dolly stratified,tinyllama,TinyLlama,heter,Heter,5,10,0,epoch_round_tuning_nonlinear_flora_cumulative/tuning-nonlinear_flora-dolly_stratified-tinyllama-heter-e5-r10,epoch_round_tuning_nonlinear_flora_cumulative/tuning-nonlinear_flora-dolly_stratified-tinyllama-heter-e5-r10/seed0/10/log.txt,10,True,score log,Complete,10,26.40047534178798
nonlinear_flora,Nonlinear FLoRA Cumulative,dolly_stratified,Dolly stratified,tinyllama,TinyLlama,homo,Homo,1,10,0,epoch_round_tuning_nonlinear_flora_cumulative/tuning-nonlinear_flora-dolly_stratified-tinyllama-homo-e1-r10,epoch_round_tuning_nonlinear_flora_cumulative/tuning-nonlinear_flora-dolly_stratified-tinyllama-homo-e1-r10/seed0/10/log.txt,10,True,score log,Complete,1,16.9551544508751
nonlinear_flora,Nonlinear FLoRA Cumulative,dolly_stratified,Dolly stratified,tinyllama,TinyLlama,homo,Homo,1,10,0,epoch_round_tuning_nonlinear_flora_cumulative/tuning-nonlinear_flora-dolly_stratified-tinyllama-homo-e1-r10,epoch_round_tuning_nonlinear_flora_cumulative/tuning-nonlinear_flora-dolly_stratified-tinyllama-homo-e1-r10/seed0/10/log.txt,10,True,score log,Complete,2,24.995920124302
nonlinear_flora,Nonlinear FLoRA Cumulative,dolly_stratified,Dolly stratified,tinyllama,TinyLlama,homo,Homo,1,10,0,epoch_round_tuning_nonlinear_flora_cumulative/tuning-nonlinear_flora-dolly_stratified-tinyllama-homo-e1-r10,epoch_round_tuning_nonlinear_flora_cumulative/tuning-nonlinear_flora-dolly_stratified-tinyllama-homo-e1-r10/seed0/10/log.txt,10,True,score log,Complete,3,26.78555549155355
nonlinear_flora,Nonlinear FLoRA Cumulative,dolly_stratified,Dolly stratified,tinyllama,TinyLlama,homo,Homo,1,10,0,epoch_round_tuning_nonlinear_flora_cumulative/tuning-nonlinear_flora-dolly_stratified-tinyllama-homo-e1-r10,epoch_round_tuning_nonlinear_flora_cumulative/tuning-nonlinear_flora-dolly_stratified-tinyllama-homo-e1-r10/seed0/10/log.txt,10,True,score log,Complete,4,27.623167078543275
nonlinear_flora,Nonlinear FLoRA Cumulative,dolly_stratified,Dolly stratified,tinyllama,TinyLlama,homo,Homo,1,10,0,epoch_round_tuning_nonlinear_flora_cumulative/tuning-nonlinear_flora-dolly_stratified-tinyllama-homo-e1-r10,epoch_round_tuning_nonlinear_flora_cumulative/tuning-nonlinear_flora-dolly_stratified-tinyllama-homo-e1-r10/seed0/10/log.txt,10,True,score log,Complete,5,27.235802727993953
nonlinear_flora,Nonlinear FLoRA Cumulative,dolly_stratified,Dolly stratified,tinyllama,TinyLlama,homo,Homo,1,10,0,epoch_round_tuning_nonlinear_flora_cumulative/tuning-nonlinear_flora-dolly_stratified-tinyllama-homo-e1-r10,epoch_round_tuning_nonlinear_flora_cumulative/tuning-nonlinear_flora-dolly_stratified-tinyllama-homo-e1-r10/seed0/10/log.txt,10,True,score log,Complete,6,25.481604676004903
nonlinear_flora,Nonlinear FLoRA Cumulative,dolly_stratified,Dolly stratified,tinyllama,TinyLlama,homo,Homo,1,10,0,epoch_round_tuning_nonlinear_flora_cumulative/tuning-nonlinear_flora-dolly_stratified-tinyllama-homo-e1-r10,epoch_round_tuning_nonlinear_flora_cumulative/tuning-nonlinear_flora-dolly_stratified-tinyllama-homo-e1-r10/seed0/10/log.txt,10,True,score log,Complete,7,27.265650552703054
nonlinear_flora,Nonlinear FLoRA Cumulative,dolly_stratified,Dolly stratified,tinyllama,TinyLlama,homo,Homo,1,10,0,epoch_round_tuning_nonlinear_flora_cumulative/tuning-nonlinear_flora-dolly_stratified-tinyllama-homo-e1-r10,epoch_round_tuning_nonlinear_flora_cumulative/tuning-nonlinear_flora-dolly_stratified-tinyllama-homo-e1-r10/seed0/10/log.txt,10,True,score log,Complete,8,25.7869241219692
nonlinear_flora,Nonlinear FLoRA Cumulative,dolly_stratified,Dolly stratified,tinyllama,TinyLlama,homo,Homo,1,10,0,epoch_round_tuning_nonlinear_flora_cumulative/tuning-nonlinear_flora-dolly_stratified-tinyllama-homo-e1-r10,epoch_round_tuning_nonlinear_flora_cumulative/tuning-nonlinear_flora-dolly_stratified-tinyllama-homo-e1-r10/seed0/10/log.txt,10,True,score log,Complete,9,27.009502061162372
nonlinear_flora,Nonlinear FLoRA Cumulative,dolly_stratified,Dolly stratified,tinyllama,TinyLlama,homo,Homo,1,10,0,epoch_round_tuning_nonlinear_flora_cumulative/tuning-nonlinear_flora-dolly_stratified-tinyllama-homo-e1-r10,epoch_round_tuning_nonlinear_flora_cumulative/tuning-nonlinear_flora-dolly_stratified-tinyllama-homo-e1-r10/seed0/10/log.txt,10,True,score log,Complete,10,27.91626263970389
nonlinear_flora,Nonlinear FLoRA Cumulative,dolly_stratified,Dolly stratified,tinyllama,TinyLlama,homo,Homo,2,10,0,epoch_round_tuning_nonlinear_flora_cumulative/tuning-nonlinear_flora-dolly_stratified-tinyllama-homo-e2-r10,epoch_round_tuning_nonlinear_flora_cumulative/tuning-nonlinear_flora-dolly_stratified-tinyllama-homo-e2-r10/seed0/10/log.txt,10,True,score log,Complete,1,25.986437358789306
nonlinear_flora,Nonlinear FLoRA Cumulative,dolly_stratified,Dolly stratified,tinyllama,TinyLlama,homo,Homo,2,10,0,epoch_round_tuning_nonlinear_flora_cumulative/tuning-nonlinear_flora-dolly_stratified-tinyllama-homo-e2-r10,epoch_round_tuning_nonlinear_flora_cumulative/tuning-nonlinear_flora-dolly_stratified-tinyllama-homo-e2-r10/seed0/10/log.txt,10,True,score log,Complete,2,27.592716770446103
nonlinear_flora,Nonlinear FLoRA Cumulative,dolly_stratified,Dolly stratified,tinyllama,TinyLlama,homo,Homo,2,10,0,epoch_round_tuning_nonlinear_flora_cumulative/tuning-nonlinear_flora-dolly_stratified-tinyllama-homo-e2-r10,epoch_round_tuning_nonlinear_flora_cumulative/tuning-nonlinear_flora-dolly_stratified-tinyllama-homo-e2-r10/seed0/10/log.txt,10,True,score log,Complete,3,27.765491873080567
nonlinear_flora,Nonlinear FLoRA Cumulative,dolly_stratified,Dolly stratified,tinyllama,TinyLlama,homo,Homo,2,10,0,epoch_round_tuning_nonlinear_flora_cumulative/tuning-nonlinear_flora-dolly_stratified-tinyllama-homo-e2-r10,epoch_round_tuning_nonlinear_flora_cumulative/tuning-nonlinear_flora-dolly_stratified-tinyllama-homo-e2-r10/seed0/10/log.txt,10,True,score log,Complete,4,28.534661800833117
nonlinear_flora,Nonlinear FLoRA Cumulative,dolly_stratified,Dolly stratified,tinyllama,TinyLlama,homo,Homo,2,10,0,epoch_round_tuning_nonlinear_flora_cumulative/tuning-nonlinear_flora-dolly_stratified-tinyllama-homo-e2-r10,epoch_round_tuning_nonlinear_flora_cumulative/tuning-nonlinear_flora-dolly_stratified-tinyllama-homo-e2-r10/seed0/10/log.txt,10,True,score log,Complete,5,27.793407292545584
nonlinear_flora,Nonlinear FLoRA Cumulative,dolly_stratified,Dolly stratified,tinyllama,TinyLlama,homo,Homo,2,10,0,epoch_round_tuning_nonlinear_flora_cumulative/tuning-nonlinear_flora-dolly_stratified-tinyllama-homo-e2-r10,epoch_round_tuning_nonlinear_flora_cumulative/tuning-nonlinear_flora-dolly_stratified-tinyllama-homo-e2-r10/seed0/10/log.txt,10,True,score log,Complete,6,29.711140580548346
nonlinear_flora,Nonlinear FLoRA Cumulative,dolly_stratified,Dolly stratified,tinyllama,TinyLlama,homo,Homo,2,10,0,epoch_round_tuning_nonlinear_flora_cumulative/tuning-nonlinear_flora-dolly_stratified-tinyllama-homo-e2-r10,epoch_round_tuning_nonlinear_flora_cumulative/tuning-nonlinear_flora-dolly_stratified-tinyllama-homo-e2-r10/seed0/10/log.txt,10,True,score log,Complete,7,28.575341249438214
nonlinear_flora,Nonlinear FLoRA Cumulative,dolly_stratified,Dolly stratified,tinyllama,TinyLlama,homo,Homo,2,10,0,epoch_round_tuning_nonlinear_flora_cumulative/tuning-nonlinear_flora-dolly_stratified-tinyllama-homo-e2-r10,epoch_round_tuning_nonlinear_flora_cumulative/tuning-nonlinear_flora-dolly_stratified-tinyllama-homo-e2-r10/seed0/10/log.txt,10,True,score log,Complete,8,28.522255702397814
nonlinear_flora,Nonlinear FLoRA Cumulative,dolly_stratified,Dolly stratified,tinyllama,TinyLlama,homo,Homo,2,10,0,epoch_round_tuning_nonlinear_flora_cumulative/tuning-nonlinear_flora-dolly_stratified-tinyllama-homo-e2-r10,epoch_round_tuning_nonlinear_flora_cumulative/tuning-nonlinear_flora-dolly_stratified-tinyllama-homo-e2-r10/seed0/10/log.txt,10,True,score log,Complete,9,26.529090977381358
nonlinear_flora,Nonlinear FLoRA Cumulative,dolly_stratified,Dolly stratified,tinyllama,TinyLlama,homo,Homo,2,10,0,epoch_round_tuning_nonlinear_flora_cumulative/tuning-nonlinear_flora-dolly_stratified-tinyllama-homo-e2-r10,epoch_round_tuning_nonlinear_flora_cumulative/tuning-nonlinear_flora-dolly_stratified-tinyllama-homo-e2-r10/seed0/10/log.txt,10,True,score log,Complete,10,27.249142196928332
nonlinear_flora,Nonlinear FLoRA Cumulative,dolly_stratified,Dolly stratified,tinyllama,TinyLlama,homo,Homo,3,10,0,epoch_round_tuning_nonlinear_flora_cumulative/tuning-nonlinear_flora-dolly_stratified-tinyllama-homo-e3-r10,epoch_round_tuning_nonlinear_flora_cumulative/tuning-nonlinear_flora-dolly_stratified-tinyllama-homo-e3-r10/seed0/10/log.txt,10,True,score log,Complete,1,26.67849258442286
nonlinear_flora,Nonlinear FLoRA Cumulative,dolly_stratified,Dolly stratified,tinyllama,TinyLlama,homo,Homo,3,10,0,epoch_round_tuning_nonlinear_flora_cumulative/tuning-nonlinear_flora-dolly_stratified-tinyllama-homo-e3-r10,epoch_round_tuning_nonlinear_flora_cumulative/tuning-nonlinear_flora-dolly_stratified-tinyllama-homo-e3-r10/seed0/10/log.txt,10,True,score log,Complete,2,28.468738416487206
nonlinear_flora,Nonlinear FLoRA Cumulative,dolly_stratified,Dolly stratified,tinyllama,TinyLlama,homo,Homo,3,10,0,epoch_round_tuning_nonlinear_flora_cumulative/tuning-nonlinear_flora-dolly_stratified-tinyllama-homo-e3-r10,epoch_round_tuning_nonlinear_flora_cumulative/tuning-nonlinear_flora-dolly_stratified-tinyllama-homo-e3-r10/seed0/10/log.txt,10,True,score log,Complete,3,28.511577306444313
nonlinear_flora,Nonlinear FLoRA Cumulative,dolly_stratified,Dolly stratified,tinyllama,TinyLlama,homo,Homo,3,10,0,epoch_round_tuning_nonlinear_flora_cumulative/tuning-nonlinear_flora-dolly_stratified-tinyllama-homo-e3-r10,epoch_round_tuning_nonlinear_flora_cumulative/tuning-nonlinear_flora-dolly_stratified-tinyllama-homo-e3-r10/seed0/10/log.txt,10,True,score log,Complete,4,27.158419854002712
nonlinear_flora,Nonlinear FLoRA Cumulative,dolly_stratified,Dolly stratified,tinyllama,TinyLlama,homo,Homo,3,10,0,epoch_round_tuning_nonlinear_flora_cumulative/tuning-nonlinear_flora-dolly_stratified-tinyllama-homo-e3-r10,epoch_round_tuning_nonlinear_flora_cumulative/tuning-nonlinear_flora-dolly_stratified-tinyllama-homo-e3-r10/seed0/10/log.txt,10,True,score log,Complete,5,26.507763284208334
nonlinear_flora,Nonlinear FLoRA Cumulative,dolly_stratified,Dolly stratified,tinyllama,TinyLlama,homo,Homo,3,10,0,epoch_round_tuning_nonlinear_flora_cumulative/tuning-nonlinear_flora-dolly_stratified-tinyllama-homo-e3-r10,epoch_round_tuning_nonlinear_flora_cumulative/tuning-nonlinear_flora-dolly_stratified-tinyllama-homo-e3-r10/seed0/10/log.txt,10,True,score log,Complete,6,27.760424352061854
nonlinear_flora,Nonlinear FLoRA Cumulative,dolly_stratified,Dolly stratified,tinyllama,TinyLlama,homo,Homo,3,10,0,epoch_round_tuning_nonlinear_flora_cumulative/tuning-nonlinear_flora-dolly_stratified-tinyllama-homo-e3-r10,epoch_round_tuning_nonlinear_flora_cumulative/tuning-nonlinear_flora-dolly_stratified-tinyllama-homo-e3-r10/seed0/10/log.txt,10,True,score log,Complete,7,27.593457192778526
nonlinear_flora,Nonlinear FLoRA Cumulative,dolly_stratified,Dolly stratified,tinyllama,TinyLlama,homo,Homo,3,10,0,epoch_round_tuning_nonlinear_flora_cumulative/tuning-nonlinear_flora-dolly_stratified-tinyllama-homo-e3-r10,epoch_round_tuning_nonlinear_flora_cumulative/tuning-nonlinear_flora-dolly_stratified-tinyllama-homo-e3-r10/seed0/10/log.txt,10,True,score log,Complete,8,27.242562633618796
nonlinear_flora,Nonlinear FLoRA Cumulative,dolly_stratified,Dolly stratified,tinyllama,TinyLlama,homo,Homo,3,10,0,epoch_round_tuning_nonlinear_flora_cumulative/tuning-nonlinear_flora-dolly_stratified-tinyllama-homo-e3-r10,epoch_round_tuning_nonlinear_flora_cumulative/tuning-nonlinear_flora-dolly_stratified-tinyllama-homo-e3-r10/seed0/10/log.txt,10,True,score log,Complete,9,27.792744393411823
nonlinear_flora,Nonlinear FLoRA Cumulative,dolly_stratified,Dolly stratified,tinyllama,TinyLlama,homo,Homo,3,10,0,epoch_round_tuning_nonlinear_flora_cumulative/tuning-nonlinear_flora-dolly_stratified-tinyllama-homo-e3-r10,epoch_round_tuning_nonlinear_flora_cumulative/tuning-nonlinear_flora-dolly_stratified-tinyllama-homo-e3-r10/seed0/10/log.txt,10,True,score log,Complete,10,27.20058534666052
nonlinear_flora,Nonlinear FLoRA Cumulative,dolly_stratified,Dolly stratified,tinyllama,TinyLlama,homo,Homo,5,10,0,epoch_round_tuning_nonlinear_flora_cumulative/tuning-nonlinear_flora-dolly_stratified-tinyllama-homo-e5-r10,epoch_round_tuning_nonlinear_flora_cumulative/tuning-nonlinear_flora-dolly_stratified-tinyllama-homo-e5-r10/seed0/10/log.txt,10,True,score log,Complete,1,28.501332071875236
nonlinear_flora,Nonlinear FLoRA Cumulative,dolly_stratified,Dolly stratified,tinyllama,TinyLlama,homo,Homo,5,10,0,epoch_round_tuning_nonlinear_flora_cumulative/tuning-nonlinear_flora-dolly_stratified-tinyllama-homo-e5-r10,epoch_round_tuning_nonlinear_flora_cumulative/tuning-nonlinear_flora-dolly_stratified-tinyllama-homo-e5-r10/seed0/10/log.txt,10,True,score log,Complete,2,27.279441682195742
nonlinear_flora,Nonlinear FLoRA Cumulative,dolly_stratified,Dolly stratified,tinyllama,TinyLlama,homo,Homo,5,10,0,epoch_round_tuning_nonlinear_flora_cumulative/tuning-nonlinear_flora-dolly_stratified-tinyllama-homo-e5-r10,epoch_round_tuning_nonlinear_flora_cumulative/tuning-nonlinear_flora-dolly_stratified-tinyllama-homo-e5-r10/seed0/10/log.txt,10,True,score log,Complete,3,26.22426358912982
nonlinear_flora,Nonlinear FLoRA Cumulative,dolly_stratified,Dolly stratified,tinyllama,TinyLlama,homo,Homo,5,10,0,epoch_round_tuning_nonlinear_flora_cumulative/tuning-nonlinear_flora-dolly_stratified-tinyllama-homo-e5-r10,epoch_round_tuning_nonlinear_flora_cumulative/tuning-nonlinear_flora-dolly_stratified-tinyllama-homo-e5-r10/seed0/10/log.txt,10,True,score log,Complete,4,27.41262642650138
nonlinear_flora,Nonlinear FLoRA Cumulative,dolly_stratified,Dolly stratified,tinyllama,TinyLlama,homo,Homo,5,10,0,epoch_round_tuning_nonlinear_flora_cumulative/tuning-nonlinear_flora-dolly_stratified-tinyllama-homo-e5-r10,epoch_round_tuning_nonlinear_flora_cumulative/tuning-nonlinear_flora-dolly_stratified-tinyllama-homo-e5-r10/seed0/10/log.txt,10,True,score log,Complete,5,26.572279924582816
nonlinear_flora,Nonlinear FLoRA Cumulative,dolly_stratified,Dolly stratified,tinyllama,TinyLlama,homo,Homo,5,10,0,epoch_round_tuning_nonlinear_flora_cumulative/tuning-nonlinear_flora-dolly_stratified-tinyllama-homo-e5-r10,epoch_round_tuning_nonlinear_flora_cumulative/tuning-nonlinear_flora-dolly_stratified-tinyllama-homo-e5-r10/seed0/10/log.txt,10,True,score log,Complete,6,27.504074588005402
nonlinear_flora,Nonlinear FLoRA Cumulative,dolly_stratified,Dolly stratified,tinyllama,TinyLlama,homo,Homo,5,10,0,epoch_round_tuning_nonlinear_flora_cumulative/tuning-nonlinear_flora-dolly_stratified-tinyllama-homo-e5-r10,epoch_round_tuning_nonlinear_flora_cumulative/tuning-nonlinear_flora-dolly_stratified-tinyllama-homo-e5-r10/seed0/10/log.txt,10,True,score log,Complete,7,27.420801184291772
nonlinear_flora,Nonlinear FLoRA Cumulative,dolly_stratified,Dolly stratified,tinyllama,TinyLlama,homo,Homo,5,10,0,epoch_round_tuning_nonlinear_flora_cumulative/tuning-nonlinear_flora-dolly_stratified-tinyllama-homo-e5-r10,epoch_round_tuning_nonlinear_flora_cumulative/tuning-nonlinear_flora-dolly_stratified-tinyllama-homo-e5-r10/seed0/10/log.txt,10,True,score log,Complete,8,27.726803633277306
nonlinear_flora,Nonlinear FLoRA Cumulative,dolly_stratified,Dolly stratified,tinyllama,TinyLlama,homo,Homo,5,10,0,epoch_round_tuning_nonlinear_flora_cumulative/tuning-nonlinear_flora-dolly_stratified-tinyllama-homo-e5-r10,epoch_round_tuning_nonlinear_flora_cumulative/tuning-nonlinear_flora-dolly_stratified-tinyllama-homo-e5-r10/seed0/10/log.txt,10,True,score log,Complete,9,26.969736703997594
nonlinear_flora,Nonlinear FLoRA Cumulative,dolly_stratified,Dolly stratified,tinyllama,TinyLlama,homo,Homo,5,10,0,epoch_round_tuning_nonlinear_flora_cumulative/tuning-nonlinear_flora-dolly_stratified-tinyllama-homo-e5-r10,epoch_round_tuning_nonlinear_flora_cumulative/tuning-nonlinear_flora-dolly_stratified-tinyllama-homo-e5-r10/seed0/10/log.txt,10,True,score log,Complete,10,28.193077668628426
nonlinear_flora,Nonlinear FLoRA Cumulative,wiz,Wizard,tinyllama,TinyLlama,heter,Heter,1,10,0,epoch_round_tuning_nonlinear_flora_cumulative/tuning-nonlinear_flora-wiz-tinyllama-heter-e1-r10,epoch_round_tuning_nonlinear_flora_cumulative/tuning-nonlinear_flora-wiz-tinyllama-heter-e1-r10/seed0/10/log.txt,10,True,score log,Complete,1,37.41708558555792
nonlinear_flora,Nonlinear FLoRA Cumulative,wiz,Wizard,tinyllama,TinyLlama,heter,Heter,1,10,0,epoch_round_tuning_nonlinear_flora_cumulative/tuning-nonlinear_flora-wiz-tinyllama-heter-e1-r10,epoch_round_tuning_nonlinear_flora_cumulative/tuning-nonlinear_flora-wiz-tinyllama-heter-e1-r10/seed0/10/log.txt,10,True,score log,Complete,2,40.637648857323946
nonlinear_flora,Nonlinear FLoRA Cumulative,wiz,Wizard,tinyllama,TinyLlama,heter,Heter,1,10,0,epoch_round_tuning_nonlinear_flora_cumulative/tuning-nonlinear_flora-wiz-tinyllama-heter-e1-r10,epoch_round_tuning_nonlinear_flora_cumulative/tuning-nonlinear_flora-wiz-tinyllama-heter-e1-r10/seed0/10/log.txt,10,True,score log,Complete,3,37.4241799934044
nonlinear_flora,Nonlinear FLoRA Cumulative,wiz,Wizard,tinyllama,TinyLlama,heter,Heter,1,10,0,epoch_round_tuning_nonlinear_flora_cumulative/tuning-nonlinear_flora-wiz-tinyllama-heter-e1-r10,epoch_round_tuning_nonlinear_flora_cumulative/tuning-nonlinear_flora-wiz-tinyllama-heter-e1-r10/seed0/10/log.txt,10,True,score log,Complete,4,39.77454763991461
nonlinear_flora,Nonlinear FLoRA Cumulative,wiz,Wizard,tinyllama,TinyLlama,heter,Heter,1,10,0,epoch_round_tuning_nonlinear_flora_cumulative/tuning-nonlinear_flora-wiz-tinyllama-heter-e1-r10,epoch_round_tuning_nonlinear_flora_cumulative/tuning-nonlinear_flora-wiz-tinyllama-heter-e1-r10/seed0/10/log.txt,10,True,score log,Complete,5,39.28317933377622
nonlinear_flora,Nonlinear FLoRA Cumulative,wiz,Wizard,tinyllama,TinyLlama,heter,Heter,1,10,0,epoch_round_tuning_nonlinear_flora_cumulative/tuning-nonlinear_flora-wiz-tinyllama-heter-e1-r10,epoch_round_tuning_nonlinear_flora_cumulative/tuning-nonlinear_flora-wiz-tinyllama-heter-e1-r10/seed0/10/log.txt,10,True,score log,Complete,6,39.80133769589784
nonlinear_flora,Nonlinear FLoRA Cumulative,wiz,Wizard,tinyllama,TinyLlama,heter,Heter,1,10,0,epoch_round_tuning_nonlinear_flora_cumulative/tuning-nonlinear_flora-wiz-tinyllama-heter-e1-r10,epoch_round_tuning_nonlinear_flora_cumulative/tuning-nonlinear_flora-wiz-tinyllama-heter-e1-r10/seed0/10/log.txt,10,True,score log,Complete,7,39.63579573239874
nonlinear_flora,Nonlinear FLoRA Cumulative,wiz,Wizard,tinyllama,TinyLlama,heter,Heter,1,10,0,epoch_round_tuning_nonlinear_flora_cumulative/tuning-nonlinear_flora-wiz-tinyllama-heter-e1-r10,epoch_round_tuning_nonlinear_flora_cumulative/tuning-nonlinear_flora-wiz-tinyllama-heter-e1-r10/seed0/10/log.txt,10,True,score log,Complete,8,40.543975336476905
nonlinear_flora,Nonlinear FLoRA Cumulative,wiz,Wizard,tinyllama,TinyLlama,heter,Heter,1,10,0,epoch_round_tuning_nonlinear_flora_cumulative/tuning-nonlinear_flora-wiz-tinyllama-heter-e1-r10,epoch_round_tuning_nonlinear_flora_cumulative/tuning-nonlinear_flora-wiz-tinyllama-heter-e1-r10/seed0/10/log.txt,10,True,score log,Complete,9,40.58272280350685
nonlinear_flora,Nonlinear FLoRA Cumulative,wiz,Wizard,tinyllama,TinyLlama,heter,Heter,1,10,0,epoch_round_tuning_nonlinear_flora_cumulative/tuning-nonlinear_flora-wiz-tinyllama-heter-e1-r10,epoch_round_tuning_nonlinear_flora_cumulative/tuning-nonlinear_flora-wiz-tinyllama-heter-e1-r10/seed0/10/log.txt,10,True,score log,Complete,10,40.75082893552834
nonlinear_flora,Nonlinear FLoRA Cumulative,wiz,Wizard,tinyllama,TinyLlama,heter,Heter,2,10,0,epoch_round_tuning_nonlinear_flora_cumulative/tuning-nonlinear_flora-wiz-tinyllama-heter-e2-r10,epoch_round_tuning_nonlinear_flora_cumulative/tuning-nonlinear_flora-wiz-tinyllama-heter-e2-r10/seed0/10/log.txt,10,True,score log,Complete,1,37.647739908589465
nonlinear_flora,Nonlinear FLoRA Cumulative,wiz,Wizard,tinyllama,TinyLlama,heter,Heter,2,10,0,epoch_round_tuning_nonlinear_flora_cumulative/tuning-nonlinear_flora-wiz-tinyllama-heter-e2-r10,epoch_round_tuning_nonlinear_flora_cumulative/tuning-nonlinear_flora-wiz-tinyllama-heter-e2-r10/seed0/10/log.txt,10,True,score log,Complete,2,43.14543861560761
nonlinear_flora,Nonlinear FLoRA Cumulative,wiz,Wizard,tinyllama,TinyLlama,heter,Heter,2,10,0,epoch_round_tuning_nonlinear_flora_cumulative/tuning-nonlinear_flora-wiz-tinyllama-heter-e2-r10,epoch_round_tuning_nonlinear_flora_cumulative/tuning-nonlinear_flora-wiz-tinyllama-heter-e2-r10/seed0/10/log.txt,10,True,score log,Complete,3,42.49890161954967
nonlinear_flora,Nonlinear FLoRA Cumulative,wiz,Wizard,tinyllama,TinyLlama,heter,Heter,2,10,0,epoch_round_tuning_nonlinear_flora_cumulative/tuning-nonlinear_flora-wiz-tinyllama-heter-e2-r10,epoch_round_tuning_nonlinear_flora_cumulative/tuning-nonlinear_flora-wiz-tinyllama-heter-e2-r10/seed0/10/log.txt,10,True,score log,Complete,4,42.33925565286243
nonlinear_flora,Nonlinear FLoRA Cumulative,wiz,Wizard,tinyllama,TinyLlama,heter,Heter,2,10,0,epoch_round_tuning_nonlinear_flora_cumulative/tuning-nonlinear_flora-wiz-tinyllama-heter-e2-r10,epoch_round_tuning_nonlinear_flora_cumulative/tuning-nonlinear_flora-wiz-tinyllama-heter-e2-r10/seed0/10/log.txt,10,True,score log,Complete,5,43.80033216857398
nonlinear_flora,Nonlinear FLoRA Cumulative,wiz,Wizard,tinyllama,TinyLlama,heter,Heter,2,10,0,epoch_round_tuning_nonlinear_flora_cumulative/tuning-nonlinear_flora-wiz-tinyllama-heter-e2-r10,epoch_round_tuning_nonlinear_flora_cumulative/tuning-nonlinear_flora-wiz-tinyllama-heter-e2-r10/seed0/10/log.txt,10,True,score log,Complete,6,41.66056914983843
nonlinear_flora,Nonlinear FLoRA Cumulative,wiz,Wizard,tinyllama,TinyLlama,heter,Heter,2,10,0,epoch_round_tuning_nonlinear_flora_cumulative/tuning-nonlinear_flora-wiz-tinyllama-heter-e2-r10,epoch_round_tuning_nonlinear_flora_cumulative/tuning-nonlinear_flora-wiz-tinyllama-heter-e2-r10/seed0/10/log.txt,10,True,score log,Complete,7,40.38323249198264
nonlinear_flora,Nonlinear FLoRA Cumulative,wiz,Wizard,tinyllama,TinyLlama,heter,Heter,2,10,0,epoch_round_tuning_nonlinear_flora_cumulative/tuning-nonlinear_flora-wiz-tinyllama-heter-e2-r10,epoch_round_tuning_nonlinear_flora_cumulative/tuning-nonlinear_flora-wiz-tinyllama-heter-e2-r10/seed0/10/log.txt,10,True,score log,Complete,8,41.45677349023282
nonlinear_flora,Nonlinear FLoRA Cumulative,wiz,Wizard,tinyllama,TinyLlama,heter,Heter,2,10,0,epoch_round_tuning_nonlinear_flora_cumulative/tuning-nonlinear_flora-wiz-tinyllama-heter-e2-r10,epoch_round_tuning_nonlinear_flora_cumulative/tuning-nonlinear_flora-wiz-tinyllama-heter-e2-r10/seed0/10/log.txt,10,True,score log,Complete,9,40.36123642459319
nonlinear_flora,Nonlinear FLoRA Cumulative,wiz,Wizard,tinyllama,TinyLlama,heter,Heter,2,10,0,epoch_round_tuning_nonlinear_flora_cumulative/tuning-nonlinear_flora-wiz-tinyllama-heter-e2-r10,epoch_round_tuning_nonlinear_flora_cumulative/tuning-nonlinear_flora-wiz-tinyllama-heter-e2-r10/seed0/10/log.txt,10,True,score log,Complete,10,41.08861160773231
nonlinear_flora,Nonlinear FLoRA Cumulative,wiz,Wizard,tinyllama,TinyLlama,heter,Heter,3,10,0,epoch_round_tuning_nonlinear_flora_cumulative/tuning-nonlinear_flora-wiz-tinyllama-heter-e3-r10,epoch_round_tuning_nonlinear_flora_cumulative/tuning-nonlinear_flora-wiz-tinyllama-heter-e3-r10/seed0/10/log.txt,10,True,score log,Complete,1,44.126889822266726
nonlinear_flora,Nonlinear FLoRA Cumulative,wiz,Wizard,tinyllama,TinyLlama,heter,Heter,3,10,0,epoch_round_tuning_nonlinear_flora_cumulative/tuning-nonlinear_flora-wiz-tinyllama-heter-e3-r10,epoch_round_tuning_nonlinear_flora_cumulative/tuning-nonlinear_flora-wiz-tinyllama-heter-e3-r10/seed0/10/log.txt,10,True,score log,Complete,2,42.974337649211
nonlinear_flora,Nonlinear FLoRA Cumulative,wiz,Wizard,tinyllama,TinyLlama,heter,Heter,3,10,0,epoch_round_tuning_nonlinear_flora_cumulative/tuning-nonlinear_flora-wiz-tinyllama-heter-e3-r10,epoch_round_tuning_nonlinear_flora_cumulative/tuning-nonlinear_flora-wiz-tinyllama-heter-e3-r10/seed0/10/log.txt,10,True,score log,Complete,3,40.85126224538407
nonlinear_flora,Nonlinear FLoRA Cumulative,wiz,Wizard,tinyllama,TinyLlama,heter,Heter,3,10,0,epoch_round_tuning_nonlinear_flora_cumulative/tuning-nonlinear_flora-wiz-tinyllama-heter-e3-r10,epoch_round_tuning_nonlinear_flora_cumulative/tuning-nonlinear_flora-wiz-tinyllama-heter-e3-r10/seed0/10/log.txt,10,True,score log,Complete,4,39.89742024561935
nonlinear_flora,Nonlinear FLoRA Cumulative,wiz,Wizard,tinyllama,TinyLlama,heter,Heter,3,10,0,epoch_round_tuning_nonlinear_flora_cumulative/tuning-nonlinear_flora-wiz-tinyllama-heter-e3-r10,epoch_round_tuning_nonlinear_flora_cumulative/tuning-nonlinear_flora-wiz-tinyllama-heter-e3-r10/seed0/10/log.txt,10,True,score log,Complete,5,39.83401612540271
nonlinear_flora,Nonlinear FLoRA Cumulative,wiz,Wizard,tinyllama,TinyLlama,heter,Heter,3,10,0,epoch_round_tuning_nonlinear_flora_cumulative/tuning-nonlinear_flora-wiz-tinyllama-heter-e3-r10,epoch_round_tuning_nonlinear_flora_cumulative/tuning-nonlinear_flora-wiz-tinyllama-heter-e3-r10/seed0/10/log.txt,10,True,score log,Complete,6,38.533009819524686
nonlinear_flora,Nonlinear FLoRA Cumulative,wiz,Wizard,tinyllama,TinyLlama,heter,Heter,3,10,0,epoch_round_tuning_nonlinear_flora_cumulative/tuning-nonlinear_flora-wiz-tinyllama-heter-e3-r10,epoch_round_tuning_nonlinear_flora_cumulative/tuning-nonlinear_flora-wiz-tinyllama-heter-e3-r10/seed0/10/log.txt,10,True,score log,Complete,7,37.956146175460965
nonlinear_flora,Nonlinear FLoRA Cumulative,wiz,Wizard,tinyllama,TinyLlama,heter,Heter,3,10,0,epoch_round_tuning_nonlinear_flora_cumulative/tuning-nonlinear_flora-wiz-tinyllama-heter-e3-r10,epoch_round_tuning_nonlinear_flora_cumulative/tuning-nonlinear_flora-wiz-tinyllama-heter-e3-r10/seed0/10/log.txt,10,True,score log,Complete,8,38.74308099145276
nonlinear_flora,Nonlinear FLoRA Cumulative,wiz,Wizard,tinyllama,TinyLlama,heter,Heter,3,10,0,epoch_round_tuning_nonlinear_flora_cumulative/tuning-nonlinear_flora-wiz-tinyllama-heter-e3-r10,epoch_round_tuning_nonlinear_flora_cumulative/tuning-nonlinear_flora-wiz-tinyllama-heter-e3-r10/seed0/10/log.txt,10,True,score log,Complete,9,37.71366282917626
nonlinear_flora,Nonlinear FLoRA Cumulative,wiz,Wizard,tinyllama,TinyLlama,heter,Heter,3,10,0,epoch_round_tuning_nonlinear_flora_cumulative/tuning-nonlinear_flora-wiz-tinyllama-heter-e3-r10,epoch_round_tuning_nonlinear_flora_cumulative/tuning-nonlinear_flora-wiz-tinyllama-heter-e3-r10/seed0/10/log.txt,10,True,score log,Complete,10,38.08582787435301
nonlinear_flora,Nonlinear FLoRA Cumulative,wiz,Wizard,tinyllama,TinyLlama,heter,Heter,5,10,0,epoch_round_tuning_nonlinear_flora_cumulative/tuning-nonlinear_flora-wiz-tinyllama-heter-e5-r10,epoch_round_tuning_nonlinear_flora_cumulative/tuning-nonlinear_flora-wiz-tinyllama-heter-e5-r10/seed0/10/log.txt,10,True,score log,Complete,1,40.935502578760016
nonlinear_flora,Nonlinear FLoRA Cumulative,wiz,Wizard,tinyllama,TinyLlama,heter,Heter,5,10,0,epoch_round_tuning_nonlinear_flora_cumulative/tuning-nonlinear_flora-wiz-tinyllama-heter-e5-r10,epoch_round_tuning_nonlinear_flora_cumulative/tuning-nonlinear_flora-wiz-tinyllama-heter-e5-r10/seed0/10/log.txt,10,True,score log,Complete,2,36.89677398704623
nonlinear_flora,Nonlinear FLoRA Cumulative,wiz,Wizard,tinyllama,TinyLlama,heter,Heter,5,10,0,epoch_round_tuning_nonlinear_flora_cumulative/tuning-nonlinear_flora-wiz-tinyllama-heter-e5-r10,epoch_round_tuning_nonlinear_flora_cumulative/tuning-nonlinear_flora-wiz-tinyllama-heter-e5-r10/seed0/10/log.txt,10,True,score log,Complete,3,35.66881586068468
nonlinear_flora,Nonlinear FLoRA Cumulative,wiz,Wizard,tinyllama,TinyLlama,heter,Heter,5,10,0,epoch_round_tuning_nonlinear_flora_cumulative/tuning-nonlinear_flora-wiz-tinyllama-heter-e5-r10,epoch_round_tuning_nonlinear_flora_cumulative/tuning-nonlinear_flora-wiz-tinyllama-heter-e5-r10/seed0/10/log.txt,10,True,score log,Complete,4,35.673418853053036
nonlinear_flora,Nonlinear FLoRA Cumulative,wiz,Wizard,tinyllama,TinyLlama,heter,Heter,5,10,0,epoch_round_tuning_nonlinear_flora_cumulative/tuning-nonlinear_flora-wiz-tinyllama-heter-e5-r10,epoch_round_tuning_nonlinear_flora_cumulative/tuning-nonlinear_flora-wiz-tinyllama-heter-e5-r10/seed0/10/log.txt,10,True,score log,Complete,5,35.23398558088858
nonlinear_flora,Nonlinear FLoRA Cumulative,wiz,Wizard,tinyllama,TinyLlama,heter,Heter,5,10,0,epoch_round_tuning_nonlinear_flora_cumulative/tuning-nonlinear_flora-wiz-tinyllama-heter-e5-r10,epoch_round_tuning_nonlinear_flora_cumulative/tuning-nonlinear_flora-wiz-tinyllama-heter-e5-r10/seed0/10/log.txt,10,True,score log,Complete,6,35.27487521590451
nonlinear_flora,Nonlinear FLoRA Cumulative,wiz,Wizard,tinyllama,TinyLlama,heter,Heter,5,10,0,epoch_round_tuning_nonlinear_flora_cumulative/tuning-nonlinear_flora-wiz-tinyllama-heter-e5-r10,epoch_round_tuning_nonlinear_flora_cumulative/tuning-nonlinear_flora-wiz-tinyllama-heter-e5-r10/seed0/10/log.txt,10,True,score log,Complete,7,34.207688147147884
nonlinear_flora,Nonlinear FLoRA Cumulative,wiz,Wizard,tinyllama,TinyLlama,heter,Heter,5,10,0,epoch_round_tuning_nonlinear_flora_cumulative/tuning-nonlinear_flora-wiz-tinyllama-heter-e5-r10,epoch_round_tuning_nonlinear_flora_cumulative/tuning-nonlinear_flora-wiz-tinyllama-heter-e5-r10/seed0/10/log.txt,10,True,score log,Complete,8,33.05659044291794
nonlinear_flora,Nonlinear FLoRA Cumulative,wiz,Wizard,tinyllama,TinyLlama,heter,Heter,5,10,0,epoch_round_tuning_nonlinear_flora_cumulative/tuning-nonlinear_flora-wiz-tinyllama-heter-e5-r10,epoch_round_tuning_nonlinear_flora_cumulative/tuning-nonlinear_flora-wiz-tinyllama-heter-e5-r10/seed0/10/log.txt,10,True,score log,Complete,9,35.104818630010634
nonlinear_flora,Nonlinear FLoRA Cumulative,wiz,Wizard,tinyllama,TinyLlama,heter,Heter,5,10,0,epoch_round_tuning_nonlinear_flora_cumulative/tuning-nonlinear_flora-wiz-tinyllama-heter-e5-r10,epoch_round_tuning_nonlinear_flora_cumulative/tuning-nonlinear_flora-wiz-tinyllama-heter-e5-r10/seed0/10/log.txt,10,True,score log,Complete,10,34.295502689327115
nonlinear_flora,Nonlinear FLoRA Cumulative,wiz,Wizard,tinyllama,TinyLlama,homo,Homo,1,10,0,epoch_round_tuning_nonlinear_flora_cumulative/tuning-nonlinear_flora-wiz-tinyllama-homo-e1-r10,epoch_round_tuning_nonlinear_flora_cumulative/tuning-nonlinear_flora-wiz-tinyllama-homo-e1-r10/seed0/10/log.txt,10,True,score log,Complete,1,37.05090452151188
nonlinear_flora,Nonlinear FLoRA Cumulative,wiz,Wizard,tinyllama,TinyLlama,homo,Homo,1,10,0,epoch_round_tuning_nonlinear_flora_cumulative/tuning-nonlinear_flora-wiz-tinyllama-homo-e1-r10,epoch_round_tuning_nonlinear_flora_cumulative/tuning-nonlinear_flora-wiz-tinyllama-homo-e1-r10/seed0/10/log.txt,10,True,score log,Complete,2,35.70729726118481
nonlinear_flora,Nonlinear FLoRA Cumulative,wiz,Wizard,tinyllama,TinyLlama,homo,Homo,1,10,0,epoch_round_tuning_nonlinear_flora_cumulative/tuning-nonlinear_flora-wiz-tinyllama-homo-e1-r10,epoch_round_tuning_nonlinear_flora_cumulative/tuning-nonlinear_flora-wiz-tinyllama-homo-e1-r10/seed0/10/log.txt,10,True,score log,Complete,3,38.45480131456653
nonlinear_flora,Nonlinear FLoRA Cumulative,wiz,Wizard,tinyllama,TinyLlama,homo,Homo,1,10,0,epoch_round_tuning_nonlinear_flora_cumulative/tuning-nonlinear_flora-wiz-tinyllama-homo-e1-r10,epoch_round_tuning_nonlinear_flora_cumulative/tuning-nonlinear_flora-wiz-tinyllama-homo-e1-r10/seed0/10/log.txt,10,True,score log,Complete,4,39.000537613711096
nonlinear_flora,Nonlinear FLoRA Cumulative,wiz,Wizard,tinyllama,TinyLlama,homo,Homo,1,10,0,epoch_round_tuning_nonlinear_flora_cumulative/tuning-nonlinear_flora-wiz-tinyllama-homo-e1-r10,epoch_round_tuning_nonlinear_flora_cumulative/tuning-nonlinear_flora-wiz-tinyllama-homo-e1-r10/seed0/10/log.txt,10,True,score log,Complete,5,39.54135756921836
nonlinear_flora,Nonlinear FLoRA Cumulative,wiz,Wizard,tinyllama,TinyLlama,homo,Homo,1,10,0,epoch_round_tuning_nonlinear_flora_cumulative/tuning-nonlinear_flora-wiz-tinyllama-homo-e1-r10,epoch_round_tuning_nonlinear_flora_cumulative/tuning-nonlinear_flora-wiz-tinyllama-homo-e1-r10/seed0/10/log.txt,10,True,score log,Complete,6,39.80446790051658
nonlinear_flora,Nonlinear FLoRA Cumulative,wiz,Wizard,tinyllama,TinyLlama,homo,Homo,1,10,0,epoch_round_tuning_nonlinear_flora_cumulative/tuning-nonlinear_flora-wiz-tinyllama-homo-e1-r10,epoch_round_tuning_nonlinear_flora_cumulative/tuning-nonlinear_flora-wiz-tinyllama-homo-e1-r10/seed0/10/log.txt,10,True,score log,Complete,7,39.3295127284336
nonlinear_flora,Nonlinear FLoRA Cumulative,wiz,Wizard,tinyllama,TinyLlama,homo,Homo,1,10,0,epoch_round_tuning_nonlinear_flora_cumulative/tuning-nonlinear_flora-wiz-tinyllama-homo-e1-r10,epoch_round_tuning_nonlinear_flora_cumulative/tuning-nonlinear_flora-wiz-tinyllama-homo-e1-r10/seed0/10/log.txt,10,True,score log,Complete,8,41.21052693114394
nonlinear_flora,Nonlinear FLoRA Cumulative,wiz,Wizard,tinyllama,TinyLlama,homo,Homo,1,10,0,epoch_round_tuning_nonlinear_flora_cumulative/tuning-nonlinear_flora-wiz-tinyllama-homo-e1-r10,epoch_round_tuning_nonlinear_flora_cumulative/tuning-nonlinear_flora-wiz-tinyllama-homo-e1-r10/seed0/10/log.txt,10,True,score log,Complete,9,41.676938523093256
nonlinear_flora,Nonlinear FLoRA Cumulative,wiz,Wizard,tinyllama,TinyLlama,homo,Homo,1,10,0,epoch_round_tuning_nonlinear_flora_cumulative/tuning-nonlinear_flora-wiz-tinyllama-homo-e1-r10,epoch_round_tuning_nonlinear_flora_cumulative/tuning-nonlinear_flora-wiz-tinyllama-homo-e1-r10/seed0/10/log.txt,10,True,score log,Complete,10,41.082273143940945
nonlinear_flora,Nonlinear FLoRA Cumulative,wiz,Wizard,tinyllama,TinyLlama,homo,Homo,2,10,0,epoch_round_tuning_nonlinear_flora_cumulative/tuning-nonlinear_flora-wiz-tinyllama-homo-e2-r10,epoch_round_tuning_nonlinear_flora_cumulative/tuning-nonlinear_flora-wiz-tinyllama-homo-e2-r10/seed0/10/log.txt,10,True,score log,Complete,1,42.01573477140562
nonlinear_flora,Nonlinear FLoRA Cumulative,wiz,Wizard,tinyllama,TinyLlama,homo,Homo,2,10,0,epoch_round_tuning_nonlinear_flora_cumulative/tuning-nonlinear_flora-wiz-tinyllama-homo-e2-r10,epoch_round_tuning_nonlinear_flora_cumulative/tuning-nonlinear_flora-wiz-tinyllama-homo-e2-r10/seed0/10/log.txt,10,True,score log,Complete,2,40.25846232149045
nonlinear_flora,Nonlinear FLoRA Cumulative,wiz,Wizard,tinyllama,TinyLlama,homo,Homo,2,10,0,epoch_round_tuning_nonlinear_flora_cumulative/tuning-nonlinear_flora-wiz-tinyllama-homo-e2-r10,epoch_round_tuning_nonlinear_flora_cumulative/tuning-nonlinear_flora-wiz-tinyllama-homo-e2-r10/seed0/10/log.txt,10,True,score log,Complete,3,41.18135473459231
nonlinear_flora,Nonlinear FLoRA Cumulative,wiz,Wizard,tinyllama,TinyLlama,homo,Homo,2,10,0,epoch_round_tuning_nonlinear_flora_cumulative/tuning-nonlinear_flora-wiz-tinyllama-homo-e2-r10,epoch_round_tuning_nonlinear_flora_cumulative/tuning-nonlinear_flora-wiz-tinyllama-homo-e2-r10/seed0/10/log.txt,10,True,score log,Complete,4,41.06076548667039
nonlinear_flora,Nonlinear FLoRA Cumulative,wiz,Wizard,tinyllama,TinyLlama,homo,Homo,2,10,0,epoch_round_tuning_nonlinear_flora_cumulative/tuning-nonlinear_flora-wiz-tinyllama-homo-e2-r10,epoch_round_tuning_nonlinear_flora_cumulative/tuning-nonlinear_flora-wiz-tinyllama-homo-e2-r10/seed0/10/log.txt,10,True,score log,Complete,5,40.527876944347554
nonlinear_flora,Nonlinear FLoRA Cumulative,wiz,Wizard,tinyllama,TinyLlama,homo,Homo,2,10,0,epoch_round_tuning_nonlinear_flora_cumulative/tuning-nonlinear_flora-wiz-tinyllama-homo-e2-r10,epoch_round_tuning_nonlinear_flora_cumulative/tuning-nonlinear_flora-wiz-tinyllama-homo-e2-r10/seed0/10/log.txt,10,True,score log,Complete,6,40.3314927659418
nonlinear_flora,Nonlinear FLoRA Cumulative,wiz,Wizard,tinyllama,TinyLlama,homo,Homo,2,10,0,epoch_round_tuning_nonlinear_flora_cumulative/tuning-nonlinear_flora-wiz-tinyllama-homo-e2-r10,epoch_round_tuning_nonlinear_flora_cumulative/tuning-nonlinear_flora-wiz-tinyllama-homo-e2-r10/seed0/10/log.txt,10,True,score log,Complete,7,40.52972106822109
nonlinear_flora,Nonlinear FLoRA Cumulative,wiz,Wizard,tinyllama,TinyLlama,homo,Homo,2,10,0,epoch_round_tuning_nonlinear_flora_cumulative/tuning-nonlinear_flora-wiz-tinyllama-homo-e2-r10,epoch_round_tuning_nonlinear_flora_cumulative/tuning-nonlinear_flora-wiz-tinyllama-homo-e2-r10/seed0/10/log.txt,10,True,score log,Complete,8,39.821489037163914
nonlinear_flora,Nonlinear FLoRA Cumulative,wiz,Wizard,tinyllama,TinyLlama,homo,Homo,2,10,0,epoch_round_tuning_nonlinear_flora_cumulative/tuning-nonlinear_flora-wiz-tinyllama-homo-e2-r10,epoch_round_tuning_nonlinear_flora_cumulative/tuning-nonlinear_flora-wiz-tinyllama-homo-e2-r10/seed0/10/log.txt,10,True,score log,Complete,9,39.859194699280216
nonlinear_flora,Nonlinear FLoRA Cumulative,wiz,Wizard,tinyllama,TinyLlama,homo,Homo,2,10,0,epoch_round_tuning_nonlinear_flora_cumulative/tuning-nonlinear_flora-wiz-tinyllama-homo-e2-r10,epoch_round_tuning_nonlinear_flora_cumulative/tuning-nonlinear_flora-wiz-tinyllama-homo-e2-r10/seed0/10/log.txt,10,True,score log,Complete,10,38.23875488117675
nonlinear_flora,Nonlinear FLoRA Cumulative,wiz,Wizard,tinyllama,TinyLlama,homo,Homo,3,10,0,epoch_round_tuning_nonlinear_flora_cumulative/tuning-nonlinear_flora-wiz-tinyllama-homo-e3-r10,epoch_round_tuning_nonlinear_flora_cumulative/tuning-nonlinear_flora-wiz-tinyllama-homo-e3-r10/seed0/10/log.txt,10,True,score log,Complete,1,40.568602426281096
nonlinear_flora,Nonlinear FLoRA Cumulative,wiz,Wizard,tinyllama,TinyLlama,homo,Homo,3,10,0,epoch_round_tuning_nonlinear_flora_cumulative/tuning-nonlinear_flora-wiz-tinyllama-homo-e3-r10,epoch_round_tuning_nonlinear_flora_cumulative/tuning-nonlinear_flora-wiz-tinyllama-homo-e3-r10/seed0/10/log.txt,10,True,score log,Complete,2,37.02340249768608
nonlinear_flora,Nonlinear FLoRA Cumulative,wiz,Wizard,tinyllama,TinyLlama,homo,Homo,3,10,0,epoch_round_tuning_nonlinear_flora_cumulative/tuning-nonlinear_flora-wiz-tinyllama-homo-e3-r10,epoch_round_tuning_nonlinear_flora_cumulative/tuning-nonlinear_flora-wiz-tinyllama-homo-e3-r10/seed0/10/log.txt,10,True,score log,Complete,3,37.3069053249081
nonlinear_flora,Nonlinear FLoRA Cumulative,wiz,Wizard,tinyllama,TinyLlama,homo,Homo,3,10,0,epoch_round_tuning_nonlinear_flora_cumulative/tuning-nonlinear_flora-wiz-tinyllama-homo-e3-r10,epoch_round_tuning_nonlinear_flora_cumulative/tuning-nonlinear_flora-wiz-tinyllama-homo-e3-r10/seed0/10/log.txt,10,True,score log,Complete,4,37.65083627040766
nonlinear_flora,Nonlinear FLoRA Cumulative,wiz,Wizard,tinyllama,TinyLlama,homo,Homo,3,10,0,epoch_round_tuning_nonlinear_flora_cumulative/tuning-nonlinear_flora-wiz-tinyllama-homo-e3-r10,epoch_round_tuning_nonlinear_flora_cumulative/tuning-nonlinear_flora-wiz-tinyllama-homo-e3-r10/seed0/10/log.txt,10,True,score log,Complete,5,35.50748618841618
nonlinear_flora,Nonlinear FLoRA Cumulative,wiz,Wizard,tinyllama,TinyLlama,homo,Homo,3,10,0,epoch_round_tuning_nonlinear_flora_cumulative/tuning-nonlinear_flora-wiz-tinyllama-homo-e3-r10,epoch_round_tuning_nonlinear_flora_cumulative/tuning-nonlinear_flora-wiz-tinyllama-homo-e3-r10/seed0/10/log.txt,10,True,score log,Complete,6,35.61136323121401
nonlinear_flora,Nonlinear FLoRA Cumulative,wiz,Wizard,tinyllama,TinyLlama,homo,Homo,3,10,0,epoch_round_tuning_nonlinear_flora_cumulative/tuning-nonlinear_flora-wiz-tinyllama-homo-e3-r10,epoch_round_tuning_nonlinear_flora_cumulative/tuning-nonlinear_flora-wiz-tinyllama-homo-e3-r10/seed0/10/log.txt,10,True,score log,Complete,7,35.59452315228036
nonlinear_flora,Nonlinear FLoRA Cumulative,wiz,Wizard,tinyllama,TinyLlama,homo,Homo,3,10,0,epoch_round_tuning_nonlinear_flora_cumulative/tuning-nonlinear_flora-wiz-tinyllama-homo-e3-r10,epoch_round_tuning_nonlinear_flora_cumulative/tuning-nonlinear_flora-wiz-tinyllama-homo-e3-r10/seed0/10/log.txt,10,True,score log,Complete,8,35.42313388605757
nonlinear_flora,Nonlinear FLoRA Cumulative,wiz,Wizard,tinyllama,TinyLlama,homo,Homo,3,10,0,epoch_round_tuning_nonlinear_flora_cumulative/tuning-nonlinear_flora-wiz-tinyllama-homo-e3-r10,epoch_round_tuning_nonlinear_flora_cumulative/tuning-nonlinear_flora-wiz-tinyllama-homo-e3-r10/seed0/10/log.txt,10,True,score log,Complete,9,36.3069420017184
nonlinear_flora,Nonlinear FLoRA Cumulative,wiz,Wizard,tinyllama,TinyLlama,homo,Homo,3,10,0,epoch_round_tuning_nonlinear_flora_cumulative/tuning-nonlinear_flora-wiz-tinyllama-homo-e3-r10,epoch_round_tuning_nonlinear_flora_cumulative/tuning-nonlinear_flora-wiz-tinyllama-homo-e3-r10/seed0/10/log.txt,10,True,score log,Complete,10,34.673016756735734
nonlinear_flora,Nonlinear FLoRA Cumulative,wiz,Wizard,tinyllama,TinyLlama,homo,Homo,5,10,0,epoch_round_tuning_nonlinear_flora_cumulative/tuning-nonlinear_flora-wiz-tinyllama-homo-e5-r10,epoch_round_tuning_nonlinear_flora_cumulative/tuning-nonlinear_flora-wiz-tinyllama-homo-e5-r10/seed0/10/log.txt,10,True,score log,Complete,1,37.08505278001363
nonlinear_flora,Nonlinear FLoRA Cumulative,wiz,Wizard,tinyllama,TinyLlama,homo,Homo,5,10,0,epoch_round_tuning_nonlinear_flora_cumulative/tuning-nonlinear_flora-wiz-tinyllama-homo-e5-r10,epoch_round_tuning_nonlinear_flora_cumulative/tuning-nonlinear_flora-wiz-tinyllama-homo-e5-r10/seed0/10/log.txt,10,True,score log,Complete,2,35.68705406417659
nonlinear_flora,Nonlinear FLoRA Cumulative,wiz,Wizard,tinyllama,TinyLlama,homo,Homo,5,10,0,epoch_round_tuning_nonlinear_flora_cumulative/tuning-nonlinear_flora-wiz-tinyllama-homo-e5-r10,epoch_round_tuning_nonlinear_flora_cumulative/tuning-nonlinear_flora-wiz-tinyllama-homo-e5-r10/seed0/10/log.txt,10,True,score log,Complete,3,34.26244560379585
nonlinear_flora,Nonlinear FLoRA Cumulative,wiz,Wizard,tinyllama,TinyLlama,homo,Homo,5,10,0,epoch_round_tuning_nonlinear_flora_cumulative/tuning-nonlinear_flora-wiz-tinyllama-homo-e5-r10,epoch_round_tuning_nonlinear_flora_cumulative/tuning-nonlinear_flora-wiz-tinyllama-homo-e5-r10/seed0/10/log.txt,10,True,score log,Complete,4,33.68245065114029
nonlinear_flora,Nonlinear FLoRA Cumulative,wiz,Wizard,tinyllama,TinyLlama,homo,Homo,5,10,0,epoch_round_tuning_nonlinear_flora_cumulative/tuning-nonlinear_flora-wiz-tinyllama-homo-e5-r10,epoch_round_tuning_nonlinear_flora_cumulative/tuning-nonlinear_flora-wiz-tinyllama-homo-e5-r10/seed0/10/log.txt,10,True,score log,Complete,5,33.62710703515214
nonlinear_flora,Nonlinear FLoRA Cumulative,wiz,Wizard,tinyllama,TinyLlama,homo,Homo,5,10,0,epoch_round_tuning_nonlinear_flora_cumulative/tuning-nonlinear_flora-wiz-tinyllama-homo-e5-r10,epoch_round_tuning_nonlinear_flora_cumulative/tuning-nonlinear_flora-wiz-tinyllama-homo-e5-r10/seed0/10/log.txt,10,True,score log,Complete,6,34.124460811706555
nonlinear_flora,Nonlinear FLoRA Cumulative,wiz,Wizard,tinyllama,TinyLlama,homo,Homo,5,10,0,epoch_round_tuning_nonlinear_flora_cumulative/tuning-nonlinear_flora-wiz-tinyllama-homo-e5-r10,epoch_round_tuning_nonlinear_flora_cumulative/tuning-nonlinear_flora-wiz-tinyllama-homo-e5-r10/seed0/10/log.txt,10,True,score log,Complete,7,33.71215463903447
nonlinear_flora,Nonlinear FLoRA Cumulative,wiz,Wizard,tinyllama,TinyLlama,homo,Homo,5,10,0,epoch_round_tuning_nonlinear_flora_cumulative/tuning-nonlinear_flora-wiz-tinyllama-homo-e5-r10,epoch_round_tuning_nonlinear_flora_cumulative/tuning-nonlinear_flora-wiz-tinyllama-homo-e5-r10/seed0/10/log.txt,10,True,score log,Complete,8,33.60817355359102
nonlinear_flora,Nonlinear FLoRA Cumulative,wiz,Wizard,tinyllama,TinyLlama,homo,Homo,5,10,0,epoch_round_tuning_nonlinear_flora_cumulative/tuning-nonlinear_flora-wiz-tinyllama-homo-e5-r10,epoch_round_tuning_nonlinear_flora_cumulative/tuning-nonlinear_flora-wiz-tinyllama-homo-e5-r10/seed0/10/log.txt,10,True,score log,Complete,9,32.74586844711227
nonlinear_flora,Nonlinear FLoRA Cumulative,wiz,Wizard,tinyllama,TinyLlama,homo,Homo,5,10,0,epoch_round_tuning_nonlinear_flora_cumulative/tuning-nonlinear_flora-wiz-tinyllama-homo-e5-r10,epoch_round_tuning_nonlinear_flora_cumulative/tuning-nonlinear_flora-wiz-tinyllama-homo-e5-r10/seed0/10/log.txt,10,True,score log,Complete,10,33.35027522302321
nonlinear_flora,Nonlinear FLoRA Cumulative,wiz_stratified,Wizard stratified,tinyllama,TinyLlama,heter,Heter,1,10,0,epoch_round_tuning_nonlinear_flora_cumulative/tuning-nonlinear_flora-wiz_stratified-tinyllama-heter-e1-r10,epoch_round_tuning_nonlinear_flora_cumulative/tuning-nonlinear_flora-wiz_stratified-tinyllama-heter-e1-r10/seed0/10/log.txt,10,True,score log,Complete,1,37.62759031106434
nonlinear_flora,Nonlinear FLoRA Cumulative,wiz_stratified,Wizard stratified,tinyllama,TinyLlama,heter,Heter,1,10,0,epoch_round_tuning_nonlinear_flora_cumulative/tuning-nonlinear_flora-wiz_stratified-tinyllama-heter-e1-r10,epoch_round_tuning_nonlinear_flora_cumulative/tuning-nonlinear_flora-wiz_stratified-tinyllama-heter-e1-r10/seed0/10/log.txt,10,True,score log,Complete,2,39.5209180115286
nonlinear_flora,Nonlinear FLoRA Cumulative,wiz_stratified,Wizard stratified,tinyllama,TinyLlama,heter,Heter,1,10,0,epoch_round_tuning_nonlinear_flora_cumulative/tuning-nonlinear_flora-wiz_stratified-tinyllama-heter-e1-r10,epoch_round_tuning_nonlinear_flora_cumulative/tuning-nonlinear_flora-wiz_stratified-tinyllama-heter-e1-r10/seed0/10/log.txt,10,True,score log,Complete,3,38.97058400816587
nonlinear_flora,Nonlinear FLoRA Cumulative,wiz_stratified,Wizard stratified,tinyllama,TinyLlama,heter,Heter,1,10,0,epoch_round_tuning_nonlinear_flora_cumulative/tuning-nonlinear_flora-wiz_stratified-tinyllama-heter-e1-r10,epoch_round_tuning_nonlinear_flora_cumulative/tuning-nonlinear_flora-wiz_stratified-tinyllama-heter-e1-r10/seed0/10/log.txt,10,True,score log,Complete,4,38.75417241850416
nonlinear_flora,Nonlinear FLoRA Cumulative,wiz_stratified,Wizard stratified,tinyllama,TinyLlama,heter,Heter,1,10,0,epoch_round_tuning_nonlinear_flora_cumulative/tuning-nonlinear_flora-wiz_stratified-tinyllama-heter-e1-r10,epoch_round_tuning_nonlinear_flora_cumulative/tuning-nonlinear_flora-wiz_stratified-tinyllama-heter-e1-r10/seed0/10/log.txt,10,True,score log,Complete,5,37.33056438116408
nonlinear_flora,Nonlinear FLoRA Cumulative,wiz_stratified,Wizard stratified,tinyllama,TinyLlama,heter,Heter,1,10,0,epoch_round_tuning_nonlinear_flora_cumulative/tuning-nonlinear_flora-wiz_stratified-tinyllama-heter-e1-r10,epoch_round_tuning_nonlinear_flora_cumulative/tuning-nonlinear_flora-wiz_stratified-tinyllama-heter-e1-r10/seed0/10/log.txt,10,True,score log,Complete,6,37.55286277275333
nonlinear_flora,Nonlinear FLoRA Cumulative,wiz_stratified,Wizard stratified,tinyllama,TinyLlama,heter,Heter,1,10,0,epoch_round_tuning_nonlinear_flora_cumulative/tuning-nonlinear_flora-wiz_stratified-tinyllama-heter-e1-r10,epoch_round_tuning_nonlinear_flora_cumulative/tuning-nonlinear_flora-wiz_stratified-tinyllama-heter-e1-r10/seed0/10/log.txt,10,True,score log,Complete,7,37.63499189588549
nonlinear_flora,Nonlinear FLoRA Cumulative,wiz_stratified,Wizard stratified,tinyllama,TinyLlama,heter,Heter,1,10,0,epoch_round_tuning_nonlinear_flora_cumulative/tuning-nonlinear_flora-wiz_stratified-tinyllama-heter-e1-r10,epoch_round_tuning_nonlinear_flora_cumulative/tuning-nonlinear_flora-wiz_stratified-tinyllama-heter-e1-r10/seed0/10/log.txt,10,True,score log,Complete,8,39.03042197014309
nonlinear_flora,Nonlinear FLoRA Cumulative,wiz_stratified,Wizard stratified,tinyllama,TinyLlama,heter,Heter,1,10,0,epoch_round_tuning_nonlinear_flora_cumulative/tuning-nonlinear_flora-wiz_stratified-tinyllama-heter-e1-r10,epoch_round_tuning_nonlinear_flora_cumulative/tuning-nonlinear_flora-wiz_stratified-tinyllama-heter-e1-r10/seed0/10/log.txt,10,True,score log,Complete,9,39.57066489217925
nonlinear_flora,Nonlinear FLoRA Cumulative,wiz_stratified,Wizard stratified,tinyllama,TinyLlama,heter,Heter,1,10,0,epoch_round_tuning_nonlinear_flora_cumulative/tuning-nonlinear_flora-wiz_stratified-tinyllama-heter-e1-r10,epoch_round_tuning_nonlinear_flora_cumulative/tuning-nonlinear_flora-wiz_stratified-tinyllama-heter-e1-r10/seed0/10/log.txt,10,True,score log,Complete,10,38.919691625305305
nonlinear_flora,Nonlinear FLoRA Cumulative,wiz_stratified,Wizard stratified,tinyllama,TinyLlama,heter,Heter,2,10,0,epoch_round_tuning_nonlinear_flora_cumulative/tuning-nonlinear_flora-wiz_stratified-tinyllama-heter-e2-r10,epoch_round_tuning_nonlinear_flora_cumulative/tuning-nonlinear_flora-wiz_stratified-tinyllama-heter-e2-r10/seed0/10/log.txt,10,True,score log,Complete,1,38.17825433786213
nonlinear_flora,Nonlinear FLoRA Cumulative,wiz_stratified,Wizard stratified,tinyllama,TinyLlama,heter,Heter,2,10,0,epoch_round_tuning_nonlinear_flora_cumulative/tuning-nonlinear_flora-wiz_stratified-tinyllama-heter-e2-r10,epoch_round_tuning_nonlinear_flora_cumulative/tuning-nonlinear_flora-wiz_stratified-tinyllama-heter-e2-r10/seed0/10/log.txt,10,True,score log,Complete,2,43.750394462293066
nonlinear_flora,Nonlinear FLoRA Cumulative,wiz_stratified,Wizard stratified,tinyllama,TinyLlama,heter,Heter,2,10,0,epoch_round_tuning_nonlinear_flora_cumulative/tuning-nonlinear_flora-wiz_stratified-tinyllama-heter-e2-r10,epoch_round_tuning_nonlinear_flora_cumulative/tuning-nonlinear_flora-wiz_stratified-tinyllama-heter-e2-r10/seed0/10/log.txt,10,True,score log,Complete,3,42.766399439198054
nonlinear_flora,Nonlinear FLoRA Cumulative,wiz_stratified,Wizard stratified,tinyllama,TinyLlama,heter,Heter,2,10,0,epoch_round_tuning_nonlinear_flora_cumulative/tuning-nonlinear_flora-wiz_stratified-tinyllama-heter-e2-r10,epoch_round_tuning_nonlinear_flora_cumulative/tuning-nonlinear_flora-wiz_stratified-tinyllama-heter-e2-r10/seed0/10/log.txt,10,True,score log,Complete,4,41.54241720380633
nonlinear_flora,Nonlinear FLoRA Cumulative,wiz_stratified,Wizard stratified,tinyllama,TinyLlama,heter,Heter,2,10,0,epoch_round_tuning_nonlinear_flora_cumulative/tuning-nonlinear_flora-wiz_stratified-tinyllama-heter-e2-r10,epoch_round_tuning_nonlinear_flora_cumulative/tuning-nonlinear_flora-wiz_stratified-tinyllama-heter-e2-r10/seed0/10/log.txt,10,True,score log,Complete,5,42.30857491337313
nonlinear_flora,Nonlinear FLoRA Cumulative,wiz_stratified,Wizard stratified,tinyllama,TinyLlama,heter,Heter,2,10,0,epoch_round_tuning_nonlinear_flora_cumulative/tuning-nonlinear_flora-wiz_stratified-tinyllama-heter-e2-r10,epoch_round_tuning_nonlinear_flora_cumulative/tuning-nonlinear_flora-wiz_stratified-tinyllama-heter-e2-r10/seed0/10/log.txt,10,True,score log,Complete,6,41.43921769149232
nonlinear_flora,Nonlinear FLoRA Cumulative,wiz_stratified,Wizard stratified,tinyllama,TinyLlama,heter,Heter,2,10,0,epoch_round_tuning_nonlinear_flora_cumulative/tuning-nonlinear_flora-wiz_stratified-tinyllama-heter-e2-r10,epoch_round_tuning_nonlinear_flora_cumulative/tuning-nonlinear_flora-wiz_stratified-tinyllama-heter-e2-r10/seed0/10/log.txt,10,True,score log,Complete,7,41.40160196815773
nonlinear_flora,Nonlinear FLoRA Cumulative,wiz_stratified,Wizard stratified,tinyllama,TinyLlama,heter,Heter,2,10,0,epoch_round_tuning_nonlinear_flora_cumulative/tuning-nonlinear_flora-wiz_stratified-tinyllama-heter-e2-r10,epoch_round_tuning_nonlinear_flora_cumulative/tuning-nonlinear_flora-wiz_stratified-tinyllama-heter-e2-r10/seed0/10/log.txt,10,True,score log,Complete,8,41.25255526715691
nonlinear_flora,Nonlinear FLoRA Cumulative,wiz_stratified,Wizard stratified,tinyllama,TinyLlama,heter,Heter,2,10,0,epoch_round_tuning_nonlinear_flora_cumulative/tuning-nonlinear_flora-wiz_stratified-tinyllama-heter-e2-r10,epoch_round_tuning_nonlinear_flora_cumulative/tuning-nonlinear_flora-wiz_stratified-tinyllama-heter-e2-r10/seed0/10/log.txt,10,True,score log,Complete,9,42.25245270076792
nonlinear_flora,Nonlinear FLoRA Cumulative,wiz_stratified,Wizard stratified,tinyllama,TinyLlama,heter,Heter,2,10,0,epoch_round_tuning_nonlinear_flora_cumulative/tuning-nonlinear_flora-wiz_stratified-tinyllama-heter-e2-r10,epoch_round_tuning_nonlinear_flora_cumulative/tuning-nonlinear_flora-wiz_stratified-tinyllama-heter-e2-r10/seed0/10/log.txt,10,True,score log,Complete,10,40.838792212957806
nonlinear_flora,Nonlinear FLoRA Cumulative,wiz_stratified,Wizard stratified,tinyllama,TinyLlama,heter,Heter,3,10,0,epoch_round_tuning_nonlinear_flora_cumulative/tuning-nonlinear_flora-wiz_stratified-tinyllama-heter-e3-r10,epoch_round_tuning_nonlinear_flora_cumulative/tuning-nonlinear_flora-wiz_stratified-tinyllama-heter-e3-r10/seed0/10/log.txt,10,True,score log,Complete,1,45.377494561705326
nonlinear_flora,Nonlinear FLoRA Cumulative,wiz_stratified,Wizard stratified,tinyllama,TinyLlama,heter,Heter,3,10,0,epoch_round_tuning_nonlinear_flora_cumulative/tuning-nonlinear_flora-wiz_stratified-tinyllama-heter-e3-r10,epoch_round_tuning_nonlinear_flora_cumulative/tuning-nonlinear_flora-wiz_stratified-tinyllama-heter-e3-r10/seed0/10/log.txt,10,True,score log,Complete,2,41.08214118911205
nonlinear_flora,Nonlinear FLoRA Cumulative,wiz_stratified,Wizard stratified,tinyllama,TinyLlama,heter,Heter,3,10,0,epoch_round_tuning_nonlinear_flora_cumulative/tuning-nonlinear_flora-wiz_stratified-tinyllama-heter-e3-r10,epoch_round_tuning_nonlinear_flora_cumulative/tuning-nonlinear_flora-wiz_stratified-tinyllama-heter-e3-r10/seed0/10/log.txt,10,True,score log,Complete,3,41.50742598469234
nonlinear_flora,Nonlinear FLoRA Cumulative,wiz_stratified,Wizard stratified,tinyllama,TinyLlama,heter,Heter,3,10,0,epoch_round_tuning_nonlinear_flora_cumulative/tuning-nonlinear_flora-wiz_stratified-tinyllama-heter-e3-r10,epoch_round_tuning_nonlinear_flora_cumulative/tuning-nonlinear_flora-wiz_stratified-tinyllama-heter-e3-r10/seed0/10/log.txt,10,True,score log,Complete,4,39.50909491852582
nonlinear_flora,Nonlinear FLoRA Cumulative,wiz_stratified,Wizard stratified,tinyllama,TinyLlama,heter,Heter,3,10,0,epoch_round_tuning_nonlinear_flora_cumulative/tuning-nonlinear_flora-wiz_stratified-tinyllama-heter-e3-r10,epoch_round_tuning_nonlinear_flora_cumulative/tuning-nonlinear_flora-wiz_stratified-tinyllama-heter-e3-r10/seed0/10/log.txt,10,True,score log,Complete,5,40.013467000197025
nonlinear_flora,Nonlinear FLoRA Cumulative,wiz_stratified,Wizard stratified,tinyllama,TinyLlama,heter,Heter,3,10,0,epoch_round_tuning_nonlinear_flora_cumulative/tuning-nonlinear_flora-wiz_stratified-tinyllama-heter-e3-r10,epoch_round_tuning_nonlinear_flora_cumulative/tuning-nonlinear_flora-wiz_stratified-tinyllama-heter-e3-r10/seed0/10/log.txt,10,True,score log,Complete,6,38.41577830319722
nonlinear_flora,Nonlinear FLoRA Cumulative,wiz_stratified,Wizard stratified,tinyllama,TinyLlama,heter,Heter,3,10,0,epoch_round_tuning_nonlinear_flora_cumulative/tuning-nonlinear_flora-wiz_stratified-tinyllama-heter-e3-r10,epoch_round_tuning_nonlinear_flora_cumulative/tuning-nonlinear_flora-wiz_stratified-tinyllama-heter-e3-r10/seed0/10/log.txt,10,True,score log,Complete,7,35.09840526993911
nonlinear_flora,Nonlinear FLoRA Cumulative,wiz_stratified,Wizard stratified,tinyllama,TinyLlama,heter,Heter,3,10,0,epoch_round_tuning_nonlinear_flora_cumulative/tuning-nonlinear_flora-wiz_stratified-tinyllama-heter-e3-r10,epoch_round_tuning_nonlinear_flora_cumulative/tuning-nonlinear_flora-wiz_stratified-tinyllama-heter-e3-r10/seed0/10/log.txt,10,True,score log,Complete,8,36.554246744515794
nonlinear_flora,Nonlinear FLoRA Cumulative,wiz_stratified,Wizard stratified,tinyllama,TinyLlama,heter,Heter,3,10,0,epoch_round_tuning_nonlinear_flora_cumulative/tuning-nonlinear_flora-wiz_stratified-tinyllama-heter-e3-r10,epoch_round_tuning_nonlinear_flora_cumulative/tuning-nonlinear_flora-wiz_stratified-tinyllama-heter-e3-r10/seed0/10/log.txt,10,True,score log,Complete,9,35.88332583252124
nonlinear_flora,Nonlinear FLoRA Cumulative,wiz_stratified,Wizard stratified,tinyllama,TinyLlama,heter,Heter,3,10,0,epoch_round_tuning_nonlinear_flora_cumulative/tuning-nonlinear_flora-wiz_stratified-tinyllama-heter-e3-r10,epoch_round_tuning_nonlinear_flora_cumulative/tuning-nonlinear_flora-wiz_stratified-tinyllama-heter-e3-r10/seed0/10/log.txt,10,True,score log,Complete,10,36.89003846809176
nonlinear_flora,Nonlinear FLoRA Cumulative,wiz_stratified,Wizard stratified,tinyllama,TinyLlama,heter,Heter,5,10,0,epoch_round_tuning_nonlinear_flora_cumulative/tuning-nonlinear_flora-wiz_stratified-tinyllama-heter-e5-r10,epoch_round_tuning_nonlinear_flora_cumulative/tuning-nonlinear_flora-wiz_stratified-tinyllama-heter-e5-r10/seed0/10/log.txt,10,True,score log,Complete,1,42.333528348367786
nonlinear_flora,Nonlinear FLoRA Cumulative,wiz_stratified,Wizard stratified,tinyllama,TinyLlama,heter,Heter,5,10,0,epoch_round_tuning_nonlinear_flora_cumulative/tuning-nonlinear_flora-wiz_stratified-tinyllama-heter-e5-r10,epoch_round_tuning_nonlinear_flora_cumulative/tuning-nonlinear_flora-wiz_stratified-tinyllama-heter-e5-r10/seed0/10/log.txt,10,True,score log,Complete,2,37.40343269236933
nonlinear_flora,Nonlinear FLoRA Cumulative,wiz_stratified,Wizard stratified,tinyllama,TinyLlama,heter,Heter,5,10,0,epoch_round_tuning_nonlinear_flora_cumulative/tuning-nonlinear_flora-wiz_stratified-tinyllama-heter-e5-r10,epoch_round_tuning_nonlinear_flora_cumulative/tuning-nonlinear_flora-wiz_stratified-tinyllama-heter-e5-r10/seed0/10/log.txt,10,True,score log,Complete,3,36.766346452421224
nonlinear_flora,Nonlinear FLoRA Cumulative,wiz_stratified,Wizard stratified,tinyllama,TinyLlama,heter,Heter,5,10,0,epoch_round_tuning_nonlinear_flora_cumulative/tuning-nonlinear_flora-wiz_stratified-tinyllama-heter-e5-r10,epoch_round_tuning_nonlinear_flora_cumulative/tuning-nonlinear_flora-wiz_stratified-tinyllama-heter-e5-r10/seed0/10/log.txt,10,True,score log,Complete,4,34.12295566761537
nonlinear_flora,Nonlinear FLoRA Cumulative,wiz_stratified,Wizard stratified,tinyllama,TinyLlama,heter,Heter,5,10,0,epoch_round_tuning_nonlinear_flora_cumulative/tuning-nonlinear_flora-wiz_stratified-tinyllama-heter-e5-r10,epoch_round_tuning_nonlinear_flora_cumulative/tuning-nonlinear_flora-wiz_stratified-tinyllama-heter-e5-r10/seed0/10/log.txt,10,True,score log,Complete,5,35.31840338763508
nonlinear_flora,Nonlinear FLoRA Cumulative,wiz_stratified,Wizard stratified,tinyllama,TinyLlama,heter,Heter,5,10,0,epoch_round_tuning_nonlinear_flora_cumulative/tuning-nonlinear_flora-wiz_stratified-tinyllama-heter-e5-r10,epoch_round_tuning_nonlinear_flora_cumulative/tuning-nonlinear_flora-wiz_stratified-tinyllama-heter-e5-r10/seed0/10/log.txt,10,True,score log,Complete,6,35.129406685298
nonlinear_flora,Nonlinear FLoRA Cumulative,wiz_stratified,Wizard stratified,tinyllama,TinyLlama,heter,Heter,5,10,0,epoch_round_tuning_nonlinear_flora_cumulative/tuning-nonlinear_flora-wiz_stratified-tinyllama-heter-e5-r10,epoch_round_tuning_nonlinear_flora_cumulative/tuning-nonlinear_flora-wiz_stratified-tinyllama-heter-e5-r10/seed0/10/log.txt,10,True,score log,Complete,7,31.997212898375444
nonlinear_flora,Nonlinear FLoRA Cumulative,wiz_stratified,Wizard stratified,tinyllama,TinyLlama,heter,Heter,5,10,0,epoch_round_tuning_nonlinear_flora_cumulative/tuning-nonlinear_flora-wiz_stratified-tinyllama-heter-e5-r10,epoch_round_tuning_nonlinear_flora_cumulative/tuning-nonlinear_flora-wiz_stratified-tinyllama-heter-e5-r10/seed0/10/log.txt,10,True,score log,Complete,8,31.71029242772942
nonlinear_flora,Nonlinear FLoRA Cumulative,wiz_stratified,Wizard stratified,tinyllama,TinyLlama,heter,Heter,5,10,0,epoch_round_tuning_nonlinear_flora_cumulative/tuning-nonlinear_flora-wiz_stratified-tinyllama-heter-e5-r10,epoch_round_tuning_nonlinear_flora_cumulative/tuning-nonlinear_flora-wiz_stratified-tinyllama-heter-e5-r10/seed0/10/log.txt,10,True,score log,Complete,9,32.2709462902521
nonlinear_flora,Nonlinear FLoRA Cumulative,wiz_stratified,Wizard stratified,tinyllama,TinyLlama,heter,Heter,5,10,0,epoch_round_tuning_nonlinear_flora_cumulative/tuning-nonlinear_flora-wiz_stratified-tinyllama-heter-e5-r10,epoch_round_tuning_nonlinear_flora_cumulative/tuning-nonlinear_flora-wiz_stratified-tinyllama-heter-e5-r10/seed0/10/log.txt,10,True,score log,Complete,10,31.672138300711016
nonlinear_flora,Nonlinear FLoRA Cumulative,wiz_stratified,Wizard stratified,tinyllama,TinyLlama,homo,Homo,1,10,0,epoch_round_tuning_nonlinear_flora_cumulative/tuning-nonlinear_flora-wiz_stratified-tinyllama-homo-e1-r10,epoch_round_tuning_nonlinear_flora_cumulative/tuning-nonlinear_flora-wiz_stratified-tinyllama-homo-e1-r10/seed0/10/log.txt,10,True,score log,Complete,1,37.366335057803624
nonlinear_flora,Nonlinear FLoRA Cumulative,wiz_stratified,Wizard stratified,tinyllama,TinyLlama,homo,Homo,1,10,0,epoch_round_tuning_nonlinear_flora_cumulative/tuning-nonlinear_flora-wiz_stratified-tinyllama-homo-e1-r10,epoch_round_tuning_nonlinear_flora_cumulative/tuning-nonlinear_flora-wiz_stratified-tinyllama-homo-e1-r10/seed0/10/log.txt,10,True,score log,Complete,2,35.756062585756446
nonlinear_flora,Nonlinear FLoRA Cumulative,wiz_stratified,Wizard stratified,tinyllama,TinyLlama,homo,Homo,1,10,0,epoch_round_tuning_nonlinear_flora_cumulative/tuning-nonlinear_flora-wiz_stratified-tinyllama-homo-e1-r10,epoch_round_tuning_nonlinear_flora_cumulative/tuning-nonlinear_flora-wiz_stratified-tinyllama-homo-e1-r10/seed0/10/log.txt,10,True,score log,Complete,3,36.136412444339825
nonlinear_flora,Nonlinear FLoRA Cumulative,wiz_stratified,Wizard stratified,tinyllama,TinyLlama,homo,Homo,1,10,0,epoch_round_tuning_nonlinear_flora_cumulative/tuning-nonlinear_flora-wiz_stratified-tinyllama-homo-e1-r10,epoch_round_tuning_nonlinear_flora_cumulative/tuning-nonlinear_flora-wiz_stratified-tinyllama-homo-e1-r10/seed0/10/log.txt,10,True,score log,Complete,4,37.62976207042885
nonlinear_flora,Nonlinear FLoRA Cumulative,wiz_stratified,Wizard stratified,tinyllama,TinyLlama,homo,Homo,1,10,0,epoch_round_tuning_nonlinear_flora_cumulative/tuning-nonlinear_flora-wiz_stratified-tinyllama-homo-e1-r10,epoch_round_tuning_nonlinear_flora_cumulative/tuning-nonlinear_flora-wiz_stratified-tinyllama-homo-e1-r10/seed0/10/log.txt,10,True,score log,Complete,5,39.50138009068701
nonlinear_flora,Nonlinear FLoRA Cumulative,wiz_stratified,Wizard stratified,tinyllama,TinyLlama,homo,Homo,1,10,0,epoch_round_tuning_nonlinear_flora_cumulative/tuning-nonlinear_flora-wiz_stratified-tinyllama-homo-e1-r10,epoch_round_tuning_nonlinear_flora_cumulative/tuning-nonlinear_flora-wiz_stratified-tinyllama-homo-e1-r10/seed0/10/log.txt,10,True,score log,Complete,6,39.21099441045227
nonlinear_flora,Nonlinear FLoRA Cumulative,wiz_stratified,Wizard stratified,tinyllama,TinyLlama,homo,Homo,1,10,0,epoch_round_tuning_nonlinear_flora_cumulative/tuning-nonlinear_flora-wiz_stratified-tinyllama-homo-e1-r10,epoch_round_tuning_nonlinear_flora_cumulative/tuning-nonlinear_flora-wiz_stratified-tinyllama-homo-e1-r10/seed0/10/log.txt,10,True,score log,Complete,7,39.33983876741966
nonlinear_flora,Nonlinear FLoRA Cumulative,wiz_stratified,Wizard stratified,tinyllama,TinyLlama,homo,Homo,1,10,0,epoch_round_tuning_nonlinear_flora_cumulative/tuning-nonlinear_flora-wiz_stratified-tinyllama-homo-e1-r10,epoch_round_tuning_nonlinear_flora_cumulative/tuning-nonlinear_flora-wiz_stratified-tinyllama-homo-e1-r10/seed0/10/log.txt,10,True,score log,Complete,8,39.45095982390248
nonlinear_flora,Nonlinear FLoRA Cumulative,wiz_stratified,Wizard stratified,tinyllama,TinyLlama,homo,Homo,1,10,0,epoch_round_tuning_nonlinear_flora_cumulative/tuning-nonlinear_flora-wiz_stratified-tinyllama-homo-e1-r10,epoch_round_tuning_nonlinear_flora_cumulative/tuning-nonlinear_flora-wiz_stratified-tinyllama-homo-e1-r10/seed0/10/log.txt,10,True,score log,Complete,9,39.49783155167943
nonlinear_flora,Nonlinear FLoRA Cumulative,wiz_stratified,Wizard stratified,tinyllama,TinyLlama,homo,Homo,1,10,0,epoch_round_tuning_nonlinear_flora_cumulative/tuning-nonlinear_flora-wiz_stratified-tinyllama-homo-e1-r10,epoch_round_tuning_nonlinear_flora_cumulative/tuning-nonlinear_flora-wiz_stratified-tinyllama-homo-e1-r10/seed0/10/log.txt,10,True,score log,Complete,10,41.169770338361936
nonlinear_flora,Nonlinear FLoRA Cumulative,wiz_stratified,Wizard stratified,tinyllama,TinyLlama,homo,Homo,2,10,0,epoch_round_tuning_nonlinear_flora_cumulative/tuning-nonlinear_flora-wiz_stratified-tinyllama-homo-e2-r10,epoch_round_tuning_nonlinear_flora_cumulative/tuning-nonlinear_flora-wiz_stratified-tinyllama-homo-e2-r10/seed0/10/log.txt,10,True,score log,Complete,1,41.666271127794005
nonlinear_flora,Nonlinear FLoRA Cumulative,wiz_stratified,Wizard stratified,tinyllama,TinyLlama,homo,Homo,2,10,0,epoch_round_tuning_nonlinear_flora_cumulative/tuning-nonlinear_flora-wiz_stratified-tinyllama-homo-e2-r10,epoch_round_tuning_nonlinear_flora_cumulative/tuning-nonlinear_flora-wiz_stratified-tinyllama-homo-e2-r10/seed0/10/log.txt,10,True,score log,Complete,2,40.87531461167635
nonlinear_flora,Nonlinear FLoRA Cumulative,wiz_stratified,Wizard stratified,tinyllama,TinyLlama,homo,Homo,2,10,0,epoch_round_tuning_nonlinear_flora_cumulative/tuning-nonlinear_flora-wiz_stratified-tinyllama-homo-e2-r10,epoch_round_tuning_nonlinear_flora_cumulative/tuning-nonlinear_flora-wiz_stratified-tinyllama-homo-e2-r10/seed0/10/log.txt,10,True,score log,Complete,3,42.88281806146077
nonlinear_flora,Nonlinear FLoRA Cumulative,wiz_stratified,Wizard stratified,tinyllama,TinyLlama,homo,Homo,2,10,0,epoch_round_tuning_nonlinear_flora_cumulative/tuning-nonlinear_flora-wiz_stratified-tinyllama-homo-e2-r10,epoch_round_tuning_nonlinear_flora_cumulative/tuning-nonlinear_flora-wiz_stratified-tinyllama-homo-e2-r10/seed0/10/log.txt,10,True,score log,Complete,4,40.26954250876913
nonlinear_flora,Nonlinear FLoRA Cumulative,wiz_stratified,Wizard stratified,tinyllama,TinyLlama,homo,Homo,2,10,0,epoch_round_tuning_nonlinear_flora_cumulative/tuning-nonlinear_flora-wiz_stratified-tinyllama-homo-e2-r10,epoch_round_tuning_nonlinear_flora_cumulative/tuning-nonlinear_flora-wiz_stratified-tinyllama-homo-e2-r10/seed0/10/log.txt,10,True,score log,Complete,5,40.859707137950146
nonlinear_flora,Nonlinear FLoRA Cumulative,wiz_stratified,Wizard stratified,tinyllama,TinyLlama,homo,Homo,2,10,0,epoch_round_tuning_nonlinear_flora_cumulative/tuning-nonlinear_flora-wiz_stratified-tinyllama-homo-e2-r10,epoch_round_tuning_nonlinear_flora_cumulative/tuning-nonlinear_flora-wiz_stratified-tinyllama-homo-e2-r10/seed0/10/log.txt,10,True,score log,Complete,6,41.67066604665637
nonlinear_flora,Nonlinear FLoRA Cumulative,wiz_stratified,Wizard stratified,tinyllama,TinyLlama,homo,Homo,2,10,0,epoch_round_tuning_nonlinear_flora_cumulative/tuning-nonlinear_flora-wiz_stratified-tinyllama-homo-e2-r10,epoch_round_tuning_nonlinear_flora_cumulative/tuning-nonlinear_flora-wiz_stratified-tinyllama-homo-e2-r10/seed0/10/log.txt,10,True,score log,Complete,7,40.6669235892268
nonlinear_flora,Nonlinear FLoRA Cumulative,wiz_stratified,Wizard stratified,tinyllama,TinyLlama,homo,Homo,2,10,0,epoch_round_tuning_nonlinear_flora_cumulative/tuning-nonlinear_flora-wiz_stratified-tinyllama-homo-e2-r10,epoch_round_tuning_nonlinear_flora_cumulative/tuning-nonlinear_flora-wiz_stratified-tinyllama-homo-e2-r10/seed0/10/log.txt,10,True,score log,Complete,8,41.30160731470246
nonlinear_flora,Nonlinear FLoRA Cumulative,wiz_stratified,Wizard stratified,tinyllama,TinyLlama,homo,Homo,2,10,0,epoch_round_tuning_nonlinear_flora_cumulative/tuning-nonlinear_flora-wiz_stratified-tinyllama-homo-e2-r10,epoch_round_tuning_nonlinear_flora_cumulative/tuning-nonlinear_flora-wiz_stratified-tinyllama-homo-e2-r10/seed0/10/log.txt,10,True,score log,Complete,9,40.45939269475542
nonlinear_flora,Nonlinear FLoRA Cumulative,wiz_stratified,Wizard stratified,tinyllama,TinyLlama,homo,Homo,2,10,0,epoch_round_tuning_nonlinear_flora_cumulative/tuning-nonlinear_flora-wiz_stratified-tinyllama-homo-e2-r10,epoch_round_tuning_nonlinear_flora_cumulative/tuning-nonlinear_flora-wiz_stratified-tinyllama-homo-e2-r10/seed0/10/log.txt,10,True,score log,Complete,10,40.72181285167423
nonlinear_flora,Nonlinear FLoRA Cumulative,wiz_stratified,Wizard stratified,tinyllama,TinyLlama,homo,Homo,3,10,0,epoch_round_tuning_nonlinear_flora_cumulative/tuning-nonlinear_flora-wiz_stratified-tinyllama-homo-e3-r10,epoch_round_tuning_nonlinear_flora_cumulative/tuning-nonlinear_flora-wiz_stratified-tinyllama-homo-e3-r10/seed0/10/log.txt,10,True,score log,Complete,1,41.79641809118881
nonlinear_flora,Nonlinear FLoRA Cumulative,wiz_stratified,Wizard stratified,tinyllama,TinyLlama,homo,Homo,3,10,0,epoch_round_tuning_nonlinear_flora_cumulative/tuning-nonlinear_flora-wiz_stratified-tinyllama-homo-e3-r10,epoch_round_tuning_nonlinear_flora_cumulative/tuning-nonlinear_flora-wiz_stratified-tinyllama-homo-e3-r10/seed0/10/log.txt,10,True,score log,Complete,2,36.309963840771736
nonlinear_flora,Nonlinear FLoRA Cumulative,wiz_stratified,Wizard stratified,tinyllama,TinyLlama,homo,Homo,3,10,0,epoch_round_tuning_nonlinear_flora_cumulative/tuning-nonlinear_flora-wiz_stratified-tinyllama-homo-e3-r10,epoch_round_tuning_nonlinear_flora_cumulative/tuning-nonlinear_flora-wiz_stratified-tinyllama-homo-e3-r10/seed0/10/log.txt,10,True,score log,Complete,3,36.27871684302966
nonlinear_flora,Nonlinear FLoRA Cumulative,wiz_stratified,Wizard stratified,tinyllama,TinyLlama,homo,Homo,3,10,0,epoch_round_tuning_nonlinear_flora_cumulative/tuning-nonlinear_flora-wiz_stratified-tinyllama-homo-e3-r10,epoch_round_tuning_nonlinear_flora_cumulative/tuning-nonlinear_flora-wiz_stratified-tinyllama-homo-e3-r10/seed0/10/log.txt,10,True,score log,Complete,4,35.51204676447048
nonlinear_flora,Nonlinear FLoRA Cumulative,wiz_stratified,Wizard stratified,tinyllama,TinyLlama,homo,Homo,3,10,0,epoch_round_tuning_nonlinear_flora_cumulative/tuning-nonlinear_flora-wiz_stratified-tinyllama-homo-e3-r10,epoch_round_tuning_nonlinear_flora_cumulative/tuning-nonlinear_flora-wiz_stratified-tinyllama-homo-e3-r10/seed0/10/log.txt,10,True,score log,Complete,5,36.388262289237495
nonlinear_flora,Nonlinear FLoRA Cumulative,wiz_stratified,Wizard stratified,tinyllama,TinyLlama,homo,Homo,3,10,0,epoch_round_tuning_nonlinear_flora_cumulative/tuning-nonlinear_flora-wiz_stratified-tinyllama-homo-e3-r10,epoch_round_tuning_nonlinear_flora_cumulative/tuning-nonlinear_flora-wiz_stratified-tinyllama-homo-e3-r10/seed0/10/log.txt,10,True,score log,Complete,6,35.52867893763009
nonlinear_flora,Nonlinear FLoRA Cumulative,wiz_stratified,Wizard stratified,tinyllama,TinyLlama,homo,Homo,3,10,0,epoch_round_tuning_nonlinear_flora_cumulative/tuning-nonlinear_flora-wiz_stratified-tinyllama-homo-e3-r10,epoch_round_tuning_nonlinear_flora_cumulative/tuning-nonlinear_flora-wiz_stratified-tinyllama-homo-e3-r10/seed0/10/log.txt,10,True,score log,Complete,7,34.82873977583722
nonlinear_flora,Nonlinear FLoRA Cumulative,wiz_stratified,Wizard stratified,tinyllama,TinyLlama,homo,Homo,3,10,0,epoch_round_tuning_nonlinear_flora_cumulative/tuning-nonlinear_flora-wiz_stratified-tinyllama-homo-e3-r10,epoch_round_tuning_nonlinear_flora_cumulative/tuning-nonlinear_flora-wiz_stratified-tinyllama-homo-e3-r10/seed0/10/log.txt,10,True,score log,Complete,8,34.46076607917903
nonlinear_flora,Nonlinear FLoRA Cumulative,wiz_stratified,Wizard stratified,tinyllama,TinyLlama,homo,Homo,3,10,0,epoch_round_tuning_nonlinear_flora_cumulative/tuning-nonlinear_flora-wiz_stratified-tinyllama-homo-e3-r10,epoch_round_tuning_nonlinear_flora_cumulative/tuning-nonlinear_flora-wiz_stratified-tinyllama-homo-e3-r10/seed0/10/log.txt,10,True,score log,Complete,9,34.40274362280598
nonlinear_flora,Nonlinear FLoRA Cumulative,wiz_stratified,Wizard stratified,tinyllama,TinyLlama,homo,Homo,3,10,0,epoch_round_tuning_nonlinear_flora_cumulative/tuning-nonlinear_flora-wiz_stratified-tinyllama-homo-e3-r10,epoch_round_tuning_nonlinear_flora_cumulative/tuning-nonlinear_flora-wiz_stratified-tinyllama-homo-e3-r10/seed0/10/log.txt,10,True,score log,Complete,10,34.428159868390814
nonlinear_flora,Nonlinear FLoRA Cumulative,wiz_stratified,Wizard stratified,tinyllama,TinyLlama,homo,Homo,5,10,0,epoch_round_tuning_nonlinear_flora_cumulative/tuning-nonlinear_flora-wiz_stratified-tinyllama-homo-e5-r10,epoch_round_tuning_nonlinear_flora_cumulative/tuning-nonlinear_flora-wiz_stratified-tinyllama-homo-e5-r10/seed0/10/log.txt,10,True,score log,Complete,1,34.51271845604456
nonlinear_flora,Nonlinear FLoRA Cumulative,wiz_stratified,Wizard stratified,tinyllama,TinyLlama,homo,Homo,5,10,0,epoch_round_tuning_nonlinear_flora_cumulative/tuning-nonlinear_flora-wiz_stratified-tinyllama-homo-e5-r10,epoch_round_tuning_nonlinear_flora_cumulative/tuning-nonlinear_flora-wiz_stratified-tinyllama-homo-e5-r10/seed0/10/log.txt,10,True,score log,Complete,2,36.16460169460753
nonlinear_flora,Nonlinear FLoRA Cumulative,wiz_stratified,Wizard stratified,tinyllama,TinyLlama,homo,Homo,5,10,0,epoch_round_tuning_nonlinear_flora_cumulative/tuning-nonlinear_flora-wiz_stratified-tinyllama-homo-e5-r10,epoch_round_tuning_nonlinear_flora_cumulative/tuning-nonlinear_flora-wiz_stratified-tinyllama-homo-e5-r10/seed0/10/log.txt,10,True,score log,Complete,3,35.568587750544765
nonlinear_flora,Nonlinear FLoRA Cumulative,wiz_stratified,Wizard stratified,tinyllama,TinyLlama,homo,Homo,5,10,0,epoch_round_tuning_nonlinear_flora_cumulative/tuning-nonlinear_flora-wiz_stratified-tinyllama-homo-e5-r10,epoch_round_tuning_nonlinear_flora_cumulative/tuning-nonlinear_flora-wiz_stratified-tinyllama-homo-e5-r10/seed0/10/log.txt,10,True,score log,Complete,4,34.44178468990779
nonlinear_flora,Nonlinear FLoRA Cumulative,wiz_stratified,Wizard stratified,tinyllama,TinyLlama,homo,Homo,5,10,0,epoch_round_tuning_nonlinear_flora_cumulative/tuning-nonlinear_flora-wiz_stratified-tinyllama-homo-e5-r10,epoch_round_tuning_nonlinear_flora_cumulative/tuning-nonlinear_flora-wiz_stratified-tinyllama-homo-e5-r10/seed0/10/log.txt,10,True,score log,Complete,5,33.33093027488856
nonlinear_flora,Nonlinear FLoRA Cumulative,wiz_stratified,Wizard stratified,tinyllama,TinyLlama,homo,Homo,5,10,0,epoch_round_tuning_nonlinear_flora_cumulative/tuning-nonlinear_flora-wiz_stratified-tinyllama-homo-e5-r10,epoch_round_tuning_nonlinear_flora_cumulative/tuning-nonlinear_flora-wiz_stratified-tinyllama-homo-e5-r10/seed0/10/log.txt,10,True,score log,Complete,6,33.779585961177915
nonlinear_flora,Nonlinear FLoRA Cumulative,wiz_stratified,Wizard stratified,tinyllama,TinyLlama,homo,Homo,5,10,0,epoch_round_tuning_nonlinear_flora_cumulative/tuning-nonlinear_flora-wiz_stratified-tinyllama-homo-e5-r10,epoch_round_tuning_nonlinear_flora_cumulative/tuning-nonlinear_flora-wiz_stratified-tinyllama-homo-e5-r10/seed0/10/log.txt,10,True,score log,Complete,7,33.442369729290284
nonlinear_flora,Nonlinear FLoRA Cumulative,wiz_stratified,Wizard stratified,tinyllama,TinyLlama,homo,Homo,5,10,0,epoch_round_tuning_nonlinear_flora_cumulative/tuning-nonlinear_flora-wiz_stratified-tinyllama-homo-e5-r10,epoch_round_tuning_nonlinear_flora_cumulative/tuning-nonlinear_flora-wiz_stratified-tinyllama-homo-e5-r10/seed0/10/log.txt,10,True,score log,Complete,8,31.906663025530797
nonlinear_flora,Nonlinear FLoRA Cumulative,wiz_stratified,Wizard stratified,tinyllama,TinyLlama,homo,Homo,5,10,0,epoch_round_tuning_nonlinear_flora_cumulative/tuning-nonlinear_flora-wiz_stratified-tinyllama-homo-e5-r10,epoch_round_tuning_nonlinear_flora_cumulative/tuning-nonlinear_flora-wiz_stratified-tinyllama-homo-e5-r10/seed0/10/log.txt,10,True,score log,Complete,9,32.87686279091234
nonlinear_flora,Nonlinear FLoRA Cumulative,wiz_stratified,Wizard stratified,tinyllama,TinyLlama,homo,Homo,5,10,0,epoch_round_tuning_nonlinear_flora_cumulative/tuning-nonlinear_flora-wiz_stratified-tinyllama-homo-e5-r10,epoch_round_tuning_nonlinear_flora_cumulative/tuning-nonlinear_flora-wiz_stratified-tinyllama-homo-e5-r10/seed0/10/log.txt,10,True,score log,Complete,10,31.291276784328442
