Method key,Method,Dataset,Dataset label,Model key,Model,Setting key,Setting,Local epochs,Config rounds,Seed,Round,Accuracy,Run dir,Score path,Observed rounds,Complete run,Result source,Run status
ffa,Nonlinear FFA,rte_stratified,RTE stratified,roberta-base,RoBERTa-base,heter,Heter,1,80,0,1,47.292418772563174,epoch_round_tuning/tuning-ffa-rte_stratified-roberta-base-heter-e1-r80,epoch_round_tuning/tuning-ffa-rte_stratified-roberta-base-heter-e1-r80/seed0/10/log.txt,80,True,score log,Complete
ffa,Nonlinear FFA,rte_stratified,RTE stratified,roberta-base,RoBERTa-base,heter,Heter,1,80,0,2,52.34657039711191,epoch_round_tuning/tuning-ffa-rte_stratified-roberta-base-heter-e1-r80,epoch_round_tuning/tuning-ffa-rte_stratified-roberta-base-heter-e1-r80/seed0/10/log.txt,80,True,score log,Complete
ffa,Nonlinear FFA,rte_stratified,RTE stratified,roberta-base,RoBERTa-base,heter,Heter,1,80,0,3,46.931407942238266,epoch_round_tuning/tuning-ffa-rte_stratified-roberta-base-heter-e1-r80,epoch_round_tuning/tuning-ffa-rte_stratified-roberta-base-heter-e1-r80/seed0/10/log.txt,80,True,score log,Complete
ffa,Nonlinear FFA,rte_stratified,RTE stratified,roberta-base,RoBERTa-base,heter,Heter,1,80,0,4,56.317689530685925,epoch_round_tuning/tuning-ffa-rte_stratified-roberta-base-heter-e1-r80,epoch_round_tuning/tuning-ffa-rte_stratified-roberta-base-heter-e1-r80/seed0/10/log.txt,80,True,score log,Complete
ffa,Nonlinear FFA,rte_stratified,RTE stratified,roberta-base,RoBERTa-base,heter,Heter,1,80,0,5,50.90252707581227,epoch_round_tuning/tuning-ffa-rte_stratified-roberta-base-heter-e1-r80,epoch_round_tuning/tuning-ffa-rte_stratified-roberta-base-heter-e1-r80/seed0/10/log.txt,80,True,score log,Complete
ffa,Nonlinear FFA,rte_stratified,RTE stratified,roberta-base,RoBERTa-base,heter,Heter,1,80,0,6,54.151624548736464,epoch_round_tuning/tuning-ffa-rte_stratified-roberta-base-heter-e1-r80,epoch_round_tuning/tuning-ffa-rte_stratified-roberta-base-heter-e1-r80/seed0/10/log.txt,80,True,score log,Complete
ffa,Nonlinear FFA,rte_stratified,RTE stratified,roberta-base,RoBERTa-base,heter,Heter,1,80,0,7,51.624548736462096,epoch_round_tuning/tuning-ffa-rte_stratified-roberta-base-heter-e1-r80,epoch_round_tuning/tuning-ffa-rte_stratified-roberta-base-heter-e1-r80/seed0/10/log.txt,80,True,score log,Complete
ffa,Nonlinear FFA,rte_stratified,RTE stratified,roberta-base,RoBERTa-base,heter,Heter,1,80,0,8,51.985559566786996,epoch_round_tuning/tuning-ffa-rte_stratified-roberta-base-heter-e1-r80,epoch_round_tuning/tuning-ffa-rte_stratified-roberta-base-heter-e1-r80/seed0/10/log.txt,80,True,score log,Complete
ffa,Nonlinear FFA,rte_stratified,RTE stratified,roberta-base,RoBERTa-base,heter,Heter,1,80,0,9,52.34657039711191,epoch_round_tuning/tuning-ffa-rte_stratified-roberta-base-heter-e1-r80,epoch_round_tuning/tuning-ffa-rte_stratified-roberta-base-heter-e1-r80/seed0/10/log.txt,80,True,score log,Complete
ffa,Nonlinear FFA,rte_stratified,RTE stratified,roberta-base,RoBERTa-base,heter,Heter,1,80,0,10,51.985559566786996,epoch_round_tuning/tuning-ffa-rte_stratified-roberta-base-heter-e1-r80,epoch_round_tuning/tuning-ffa-rte_stratified-roberta-base-heter-e1-r80/seed0/10/log.txt,80,True,score log,Complete
ffa,Nonlinear FFA,rte_stratified,RTE stratified,roberta-base,RoBERTa-base,heter,Heter,1,80,0,11,51.985559566786996,epoch_round_tuning/tuning-ffa-rte_stratified-roberta-base-heter-e1-r80,epoch_round_tuning/tuning-ffa-rte_stratified-roberta-base-heter-e1-r80/seed0/10/log.txt,80,True,score log,Complete
ffa,Nonlinear FFA,rte_stratified,RTE stratified,roberta-base,RoBERTa-base,heter,Heter,1,80,0,12,51.985559566786996,epoch_round_tuning/tuning-ffa-rte_stratified-roberta-base-heter-e1-r80,epoch_round_tuning/tuning-ffa-rte_stratified-roberta-base-heter-e1-r80/seed0/10/log.txt,80,True,score log,Complete
ffa,Nonlinear FFA,rte_stratified,RTE stratified,roberta-base,RoBERTa-base,heter,Heter,1,80,0,13,52.34657039711191,epoch_round_tuning/tuning-ffa-rte_stratified-roberta-base-heter-e1-r80,epoch_round_tuning/tuning-ffa-rte_stratified-roberta-base-heter-e1-r80/seed0/10/log.txt,80,True,score log,Complete
ffa,Nonlinear FFA,rte_stratified,RTE stratified,roberta-base,RoBERTa-base,heter,Heter,1,80,0,14,51.985559566786996,epoch_round_tuning/tuning-ffa-rte_stratified-roberta-base-heter-e1-r80,epoch_round_tuning/tuning-ffa-rte_stratified-roberta-base-heter-e1-r80/seed0/10/log.txt,80,True,score log,Complete
ffa,Nonlinear FFA,rte_stratified,RTE stratified,roberta-base,RoBERTa-base,heter,Heter,1,80,0,15,51.985559566786996,epoch_round_tuning/tuning-ffa-rte_stratified-roberta-base-heter-e1-r80,epoch_round_tuning/tuning-ffa-rte_stratified-roberta-base-heter-e1-r80/seed0/10/log.txt,80,True,score log,Complete
ffa,Nonlinear FFA,rte_stratified,RTE stratified,roberta-base,RoBERTa-base,heter,Heter,1,80,0,16,51.624548736462096,epoch_round_tuning/tuning-ffa-rte_stratified-roberta-base-heter-e1-r80,epoch_round_tuning/tuning-ffa-rte_stratified-roberta-base-heter-e1-r80/seed0/10/log.txt,80,True,score log,Complete
ffa,Nonlinear FFA,rte_stratified,RTE stratified,roberta-base,RoBERTa-base,heter,Heter,1,80,0,17,51.624548736462096,epoch_round_tuning/tuning-ffa-rte_stratified-roberta-base-heter-e1-r80,epoch_round_tuning/tuning-ffa-rte_stratified-roberta-base-heter-e1-r80/seed0/10/log.txt,80,True,score log,Complete
ffa,Nonlinear FFA,rte_stratified,RTE stratified,roberta-base,RoBERTa-base,heter,Heter,1,80,0,18,51.985559566786996,epoch_round_tuning/tuning-ffa-rte_stratified-roberta-base-heter-e1-r80,epoch_round_tuning/tuning-ffa-rte_stratified-roberta-base-heter-e1-r80/seed0/10/log.txt,80,True,score log,Complete
ffa,Nonlinear FFA,rte_stratified,RTE stratified,roberta-base,RoBERTa-base,heter,Heter,1,80,0,19,51.985559566786996,epoch_round_tuning/tuning-ffa-rte_stratified-roberta-base-heter-e1-r80,epoch_round_tuning/tuning-ffa-rte_stratified-roberta-base-heter-e1-r80/seed0/10/log.txt,80,True,score log,Complete
ffa,Nonlinear FFA,rte_stratified,RTE stratified,roberta-base,RoBERTa-base,heter,Heter,1,80,0,20,53.42960288808665,epoch_round_tuning/tuning-ffa-rte_stratified-roberta-base-heter-e1-r80,epoch_round_tuning/tuning-ffa-rte_stratified-roberta-base-heter-e1-r80/seed0/10/log.txt,80,True,score log,Complete
ffa,Nonlinear FFA,rte_stratified,RTE stratified,roberta-base,RoBERTa-base,heter,Heter,1,80,0,21,53.79061371841155,epoch_round_tuning/tuning-ffa-rte_stratified-roberta-base-heter-e1-r80,epoch_round_tuning/tuning-ffa-rte_stratified-roberta-base-heter-e1-r80/seed0/10/log.txt,80,True,score log,Complete
ffa,Nonlinear FFA,rte_stratified,RTE stratified,roberta-base,RoBERTa-base,heter,Heter,1,80,0,22,54.151624548736464,epoch_round_tuning/tuning-ffa-rte_stratified-roberta-base-heter-e1-r80,epoch_round_tuning/tuning-ffa-rte_stratified-roberta-base-heter-e1-r80/seed0/10/log.txt,80,True,score log,Complete
ffa,Nonlinear FFA,rte_stratified,RTE stratified,roberta-base,RoBERTa-base,heter,Heter,1,80,0,23,54.51263537906137,epoch_round_tuning/tuning-ffa-rte_stratified-roberta-base-heter-e1-r80,epoch_round_tuning/tuning-ffa-rte_stratified-roberta-base-heter-e1-r80/seed0/10/log.txt,80,True,score log,Complete
ffa,Nonlinear FFA,rte_stratified,RTE stratified,roberta-base,RoBERTa-base,heter,Heter,1,80,0,24,55.23465703971119,epoch_round_tuning/tuning-ffa-rte_stratified-roberta-base-heter-e1-r80,epoch_round_tuning/tuning-ffa-rte_stratified-roberta-base-heter-e1-r80/seed0/10/log.txt,80,True,score log,Complete
ffa,Nonlinear FFA,rte_stratified,RTE stratified,roberta-base,RoBERTa-base,heter,Heter,1,80,0,25,54.87364620938629,epoch_round_tuning/tuning-ffa-rte_stratified-roberta-base-heter-e1-r80,epoch_round_tuning/tuning-ffa-rte_stratified-roberta-base-heter-e1-r80/seed0/10/log.txt,80,True,score log,Complete
ffa,Nonlinear FFA,rte_stratified,RTE stratified,roberta-base,RoBERTa-base,heter,Heter,1,80,0,26,55.23465703971119,epoch_round_tuning/tuning-ffa-rte_stratified-roberta-base-heter-e1-r80,epoch_round_tuning/tuning-ffa-rte_stratified-roberta-base-heter-e1-r80/seed0/10/log.txt,80,True,score log,Complete
ffa,Nonlinear FFA,rte_stratified,RTE stratified,roberta-base,RoBERTa-base,heter,Heter,1,80,0,27,55.5956678700361,epoch_round_tuning/tuning-ffa-rte_stratified-roberta-base-heter-e1-r80,epoch_round_tuning/tuning-ffa-rte_stratified-roberta-base-heter-e1-r80/seed0/10/log.txt,80,True,score log,Complete
ffa,Nonlinear FFA,rte_stratified,RTE stratified,roberta-base,RoBERTa-base,heter,Heter,1,80,0,28,54.51263537906137,epoch_round_tuning/tuning-ffa-rte_stratified-roberta-base-heter-e1-r80,epoch_round_tuning/tuning-ffa-rte_stratified-roberta-base-heter-e1-r80/seed0/10/log.txt,80,True,score log,Complete
ffa,Nonlinear FFA,rte_stratified,RTE stratified,roberta-base,RoBERTa-base,heter,Heter,1,80,0,29,54.87364620938629,epoch_round_tuning/tuning-ffa-rte_stratified-roberta-base-heter-e1-r80,epoch_round_tuning/tuning-ffa-rte_stratified-roberta-base-heter-e1-r80/seed0/10/log.txt,80,True,score log,Complete
ffa,Nonlinear FFA,rte_stratified,RTE stratified,roberta-base,RoBERTa-base,heter,Heter,1,80,0,30,54.87364620938629,epoch_round_tuning/tuning-ffa-rte_stratified-roberta-base-heter-e1-r80,epoch_round_tuning/tuning-ffa-rte_stratified-roberta-base-heter-e1-r80/seed0/10/log.txt,80,True,score log,Complete
ffa,Nonlinear FFA,rte_stratified,RTE stratified,roberta-base,RoBERTa-base,heter,Heter,1,80,0,31,54.51263537906137,epoch_round_tuning/tuning-ffa-rte_stratified-roberta-base-heter-e1-r80,epoch_round_tuning/tuning-ffa-rte_stratified-roberta-base-heter-e1-r80/seed0/10/log.txt,80,True,score log,Complete
ffa,Nonlinear FFA,rte_stratified,RTE stratified,roberta-base,RoBERTa-base,heter,Heter,1,80,0,32,54.87364620938629,epoch_round_tuning/tuning-ffa-rte_stratified-roberta-base-heter-e1-r80,epoch_round_tuning/tuning-ffa-rte_stratified-roberta-base-heter-e1-r80/seed0/10/log.txt,80,True,score log,Complete
ffa,Nonlinear FFA,rte_stratified,RTE stratified,roberta-base,RoBERTa-base,heter,Heter,1,80,0,33,54.87364620938629,epoch_round_tuning/tuning-ffa-rte_stratified-roberta-base-heter-e1-r80,epoch_round_tuning/tuning-ffa-rte_stratified-roberta-base-heter-e1-r80/seed0/10/log.txt,80,True,score log,Complete
ffa,Nonlinear FFA,rte_stratified,RTE stratified,roberta-base,RoBERTa-base,heter,Heter,1,80,0,34,55.23465703971119,epoch_round_tuning/tuning-ffa-rte_stratified-roberta-base-heter-e1-r80,epoch_round_tuning/tuning-ffa-rte_stratified-roberta-base-heter-e1-r80/seed0/10/log.txt,80,True,score log,Complete
ffa,Nonlinear FFA,rte_stratified,RTE stratified,roberta-base,RoBERTa-base,heter,Heter,1,80,0,35,55.23465703971119,epoch_round_tuning/tuning-ffa-rte_stratified-roberta-base-heter-e1-r80,epoch_round_tuning/tuning-ffa-rte_stratified-roberta-base-heter-e1-r80/seed0/10/log.txt,80,True,score log,Complete
ffa,Nonlinear FFA,rte_stratified,RTE stratified,roberta-base,RoBERTa-base,heter,Heter,1,80,0,36,55.23465703971119,epoch_round_tuning/tuning-ffa-rte_stratified-roberta-base-heter-e1-r80,epoch_round_tuning/tuning-ffa-rte_stratified-roberta-base-heter-e1-r80/seed0/10/log.txt,80,True,score log,Complete
ffa,Nonlinear FFA,rte_stratified,RTE stratified,roberta-base,RoBERTa-base,heter,Heter,1,80,0,37,55.23465703971119,epoch_round_tuning/tuning-ffa-rte_stratified-roberta-base-heter-e1-r80,epoch_round_tuning/tuning-ffa-rte_stratified-roberta-base-heter-e1-r80/seed0/10/log.txt,80,True,score log,Complete
ffa,Nonlinear FFA,rte_stratified,RTE stratified,roberta-base,RoBERTa-base,heter,Heter,1,80,0,38,55.23465703971119,epoch_round_tuning/tuning-ffa-rte_stratified-roberta-base-heter-e1-r80,epoch_round_tuning/tuning-ffa-rte_stratified-roberta-base-heter-e1-r80/seed0/10/log.txt,80,True,score log,Complete
ffa,Nonlinear FFA,rte_stratified,RTE stratified,roberta-base,RoBERTa-base,heter,Heter,1,80,0,39,54.87364620938629,epoch_round_tuning/tuning-ffa-rte_stratified-roberta-base-heter-e1-r80,epoch_round_tuning/tuning-ffa-rte_stratified-roberta-base-heter-e1-r80/seed0/10/log.txt,80,True,score log,Complete
ffa,Nonlinear FFA,rte_stratified,RTE stratified,roberta-base,RoBERTa-base,heter,Heter,1,80,0,40,55.23465703971119,epoch_round_tuning/tuning-ffa-rte_stratified-roberta-base-heter-e1-r80,epoch_round_tuning/tuning-ffa-rte_stratified-roberta-base-heter-e1-r80/seed0/10/log.txt,80,True,score log,Complete
ffa,Nonlinear FFA,rte_stratified,RTE stratified,roberta-base,RoBERTa-base,heter,Heter,1,80,0,41,55.23465703971119,epoch_round_tuning/tuning-ffa-rte_stratified-roberta-base-heter-e1-r80,epoch_round_tuning/tuning-ffa-rte_stratified-roberta-base-heter-e1-r80/seed0/10/log.txt,80,True,score log,Complete
ffa,Nonlinear FFA,rte_stratified,RTE stratified,roberta-base,RoBERTa-base,heter,Heter,1,80,0,42,54.87364620938629,epoch_round_tuning/tuning-ffa-rte_stratified-roberta-base-heter-e1-r80,epoch_round_tuning/tuning-ffa-rte_stratified-roberta-base-heter-e1-r80/seed0/10/log.txt,80,True,score log,Complete
ffa,Nonlinear FFA,rte_stratified,RTE stratified,roberta-base,RoBERTa-base,heter,Heter,1,80,0,43,55.23465703971119,epoch_round_tuning/tuning-ffa-rte_stratified-roberta-base-heter-e1-r80,epoch_round_tuning/tuning-ffa-rte_stratified-roberta-base-heter-e1-r80/seed0/10/log.txt,80,True,score log,Complete
ffa,Nonlinear FFA,rte_stratified,RTE stratified,roberta-base,RoBERTa-base,heter,Heter,1,80,0,44,55.23465703971119,epoch_round_tuning/tuning-ffa-rte_stratified-roberta-base-heter-e1-r80,epoch_round_tuning/tuning-ffa-rte_stratified-roberta-base-heter-e1-r80/seed0/10/log.txt,80,True,score log,Complete
ffa,Nonlinear FFA,rte_stratified,RTE stratified,roberta-base,RoBERTa-base,heter,Heter,1,80,0,45,54.87364620938629,epoch_round_tuning/tuning-ffa-rte_stratified-roberta-base-heter-e1-r80,epoch_round_tuning/tuning-ffa-rte_stratified-roberta-base-heter-e1-r80/seed0/10/log.txt,80,True,score log,Complete
ffa,Nonlinear FFA,rte_stratified,RTE stratified,roberta-base,RoBERTa-base,heter,Heter,1,80,0,46,54.87364620938629,epoch_round_tuning/tuning-ffa-rte_stratified-roberta-base-heter-e1-r80,epoch_round_tuning/tuning-ffa-rte_stratified-roberta-base-heter-e1-r80/seed0/10/log.txt,80,True,score log,Complete
ffa,Nonlinear FFA,rte_stratified,RTE stratified,roberta-base,RoBERTa-base,heter,Heter,1,80,0,47,55.23465703971119,epoch_round_tuning/tuning-ffa-rte_stratified-roberta-base-heter-e1-r80,epoch_round_tuning/tuning-ffa-rte_stratified-roberta-base-heter-e1-r80/seed0/10/log.txt,80,True,score log,Complete
ffa,Nonlinear FFA,rte_stratified,RTE stratified,roberta-base,RoBERTa-base,heter,Heter,1,80,0,48,55.23465703971119,epoch_round_tuning/tuning-ffa-rte_stratified-roberta-base-heter-e1-r80,epoch_round_tuning/tuning-ffa-rte_stratified-roberta-base-heter-e1-r80/seed0/10/log.txt,80,True,score log,Complete
ffa,Nonlinear FFA,rte_stratified,RTE stratified,roberta-base,RoBERTa-base,heter,Heter,1,80,0,49,55.5956678700361,epoch_round_tuning/tuning-ffa-rte_stratified-roberta-base-heter-e1-r80,epoch_round_tuning/tuning-ffa-rte_stratified-roberta-base-heter-e1-r80/seed0/10/log.txt,80,True,score log,Complete
ffa,Nonlinear FFA,rte_stratified,RTE stratified,roberta-base,RoBERTa-base,heter,Heter,1,80,0,50,55.5956678700361,epoch_round_tuning/tuning-ffa-rte_stratified-roberta-base-heter-e1-r80,epoch_round_tuning/tuning-ffa-rte_stratified-roberta-base-heter-e1-r80/seed0/10/log.txt,80,True,score log,Complete
ffa,Nonlinear FFA,rte_stratified,RTE stratified,roberta-base,RoBERTa-base,heter,Heter,1,80,0,51,54.87364620938629,epoch_round_tuning/tuning-ffa-rte_stratified-roberta-base-heter-e1-r80,epoch_round_tuning/tuning-ffa-rte_stratified-roberta-base-heter-e1-r80/seed0/10/log.txt,80,True,score log,Complete
ffa,Nonlinear FFA,rte_stratified,RTE stratified,roberta-base,RoBERTa-base,heter,Heter,1,80,0,52,55.23465703971119,epoch_round_tuning/tuning-ffa-rte_stratified-roberta-base-heter-e1-r80,epoch_round_tuning/tuning-ffa-rte_stratified-roberta-base-heter-e1-r80/seed0/10/log.txt,80,True,score log,Complete
ffa,Nonlinear FFA,rte_stratified,RTE stratified,roberta-base,RoBERTa-base,heter,Heter,1,80,0,53,54.151624548736464,epoch_round_tuning/tuning-ffa-rte_stratified-roberta-base-heter-e1-r80,epoch_round_tuning/tuning-ffa-rte_stratified-roberta-base-heter-e1-r80/seed0/10/log.txt,80,True,score log,Complete
ffa,Nonlinear FFA,rte_stratified,RTE stratified,roberta-base,RoBERTa-base,heter,Heter,1,80,0,54,54.51263537906137,epoch_round_tuning/tuning-ffa-rte_stratified-roberta-base-heter-e1-r80,epoch_round_tuning/tuning-ffa-rte_stratified-roberta-base-heter-e1-r80/seed0/10/log.txt,80,True,score log,Complete
ffa,Nonlinear FFA,rte_stratified,RTE stratified,roberta-base,RoBERTa-base,heter,Heter,1,80,0,55,54.51263537906137,epoch_round_tuning/tuning-ffa-rte_stratified-roberta-base-heter-e1-r80,epoch_round_tuning/tuning-ffa-rte_stratified-roberta-base-heter-e1-r80/seed0/10/log.txt,80,True,score log,Complete
ffa,Nonlinear FFA,rte_stratified,RTE stratified,roberta-base,RoBERTa-base,heter,Heter,1,80,0,56,54.151624548736464,epoch_round_tuning/tuning-ffa-rte_stratified-roberta-base-heter-e1-r80,epoch_round_tuning/tuning-ffa-rte_stratified-roberta-base-heter-e1-r80/seed0/10/log.txt,80,True,score log,Complete
ffa,Nonlinear FFA,rte_stratified,RTE stratified,roberta-base,RoBERTa-base,heter,Heter,1,80,0,57,54.51263537906137,epoch_round_tuning/tuning-ffa-rte_stratified-roberta-base-heter-e1-r80,epoch_round_tuning/tuning-ffa-rte_stratified-roberta-base-heter-e1-r80/seed0/10/log.txt,80,True,score log,Complete
ffa,Nonlinear FFA,rte_stratified,RTE stratified,roberta-base,RoBERTa-base,heter,Heter,1,80,0,58,54.51263537906137,epoch_round_tuning/tuning-ffa-rte_stratified-roberta-base-heter-e1-r80,epoch_round_tuning/tuning-ffa-rte_stratified-roberta-base-heter-e1-r80/seed0/10/log.txt,80,True,score log,Complete
ffa,Nonlinear FFA,rte_stratified,RTE stratified,roberta-base,RoBERTa-base,heter,Heter,1,80,0,59,54.87364620938629,epoch_round_tuning/tuning-ffa-rte_stratified-roberta-base-heter-e1-r80,epoch_round_tuning/tuning-ffa-rte_stratified-roberta-base-heter-e1-r80/seed0/10/log.txt,80,True,score log,Complete
ffa,Nonlinear FFA,rte_stratified,RTE stratified,roberta-base,RoBERTa-base,heter,Heter,1,80,0,60,54.87364620938629,epoch_round_tuning/tuning-ffa-rte_stratified-roberta-base-heter-e1-r80,epoch_round_tuning/tuning-ffa-rte_stratified-roberta-base-heter-e1-r80/seed0/10/log.txt,80,True,score log,Complete
ffa,Nonlinear FFA,rte_stratified,RTE stratified,roberta-base,RoBERTa-base,heter,Heter,1,80,0,61,54.87364620938629,epoch_round_tuning/tuning-ffa-rte_stratified-roberta-base-heter-e1-r80,epoch_round_tuning/tuning-ffa-rte_stratified-roberta-base-heter-e1-r80/seed0/10/log.txt,80,True,score log,Complete
ffa,Nonlinear FFA,rte_stratified,RTE stratified,roberta-base,RoBERTa-base,heter,Heter,1,80,0,62,55.5956678700361,epoch_round_tuning/tuning-ffa-rte_stratified-roberta-base-heter-e1-r80,epoch_round_tuning/tuning-ffa-rte_stratified-roberta-base-heter-e1-r80/seed0/10/log.txt,80,True,score log,Complete
ffa,Nonlinear FFA,rte_stratified,RTE stratified,roberta-base,RoBERTa-base,heter,Heter,1,80,0,63,55.5956678700361,epoch_round_tuning/tuning-ffa-rte_stratified-roberta-base-heter-e1-r80,epoch_round_tuning/tuning-ffa-rte_stratified-roberta-base-heter-e1-r80/seed0/10/log.txt,80,True,score log,Complete
ffa,Nonlinear FFA,rte_stratified,RTE stratified,roberta-base,RoBERTa-base,heter,Heter,1,80,0,64,54.87364620938629,epoch_round_tuning/tuning-ffa-rte_stratified-roberta-base-heter-e1-r80,epoch_round_tuning/tuning-ffa-rte_stratified-roberta-base-heter-e1-r80/seed0/10/log.txt,80,True,score log,Complete
ffa,Nonlinear FFA,rte_stratified,RTE stratified,roberta-base,RoBERTa-base,heter,Heter,1,80,0,65,54.87364620938629,epoch_round_tuning/tuning-ffa-rte_stratified-roberta-base-heter-e1-r80,epoch_round_tuning/tuning-ffa-rte_stratified-roberta-base-heter-e1-r80/seed0/10/log.txt,80,True,score log,Complete
ffa,Nonlinear FFA,rte_stratified,RTE stratified,roberta-base,RoBERTa-base,heter,Heter,1,80,0,66,56.678700361010826,epoch_round_tuning/tuning-ffa-rte_stratified-roberta-base-heter-e1-r80,epoch_round_tuning/tuning-ffa-rte_stratified-roberta-base-heter-e1-r80/seed0/10/log.txt,80,True,score log,Complete
ffa,Nonlinear FFA,rte_stratified,RTE stratified,roberta-base,RoBERTa-base,heter,Heter,1,80,0,67,56.678700361010826,epoch_round_tuning/tuning-ffa-rte_stratified-roberta-base-heter-e1-r80,epoch_round_tuning/tuning-ffa-rte_stratified-roberta-base-heter-e1-r80/seed0/10/log.txt,80,True,score log,Complete
ffa,Nonlinear FFA,rte_stratified,RTE stratified,roberta-base,RoBERTa-base,heter,Heter,1,80,0,68,57.03971119133574,epoch_round_tuning/tuning-ffa-rte_stratified-roberta-base-heter-e1-r80,epoch_round_tuning/tuning-ffa-rte_stratified-roberta-base-heter-e1-r80/seed0/10/log.txt,80,True,score log,Complete
ffa,Nonlinear FFA,rte_stratified,RTE stratified,roberta-base,RoBERTa-base,heter,Heter,1,80,0,69,56.678700361010826,epoch_round_tuning/tuning-ffa-rte_stratified-roberta-base-heter-e1-r80,epoch_round_tuning/tuning-ffa-rte_stratified-roberta-base-heter-e1-r80/seed0/10/log.txt,80,True,score log,Complete
ffa,Nonlinear FFA,rte_stratified,RTE stratified,roberta-base,RoBERTa-base,heter,Heter,1,80,0,70,56.317689530685925,epoch_round_tuning/tuning-ffa-rte_stratified-roberta-base-heter-e1-r80,epoch_round_tuning/tuning-ffa-rte_stratified-roberta-base-heter-e1-r80/seed0/10/log.txt,80,True,score log,Complete
ffa,Nonlinear FFA,rte_stratified,RTE stratified,roberta-base,RoBERTa-base,heter,Heter,1,80,0,71,56.317689530685925,epoch_round_tuning/tuning-ffa-rte_stratified-roberta-base-heter-e1-r80,epoch_round_tuning/tuning-ffa-rte_stratified-roberta-base-heter-e1-r80/seed0/10/log.txt,80,True,score log,Complete
ffa,Nonlinear FFA,rte_stratified,RTE stratified,roberta-base,RoBERTa-base,heter,Heter,1,80,0,72,55.95667870036101,epoch_round_tuning/tuning-ffa-rte_stratified-roberta-base-heter-e1-r80,epoch_round_tuning/tuning-ffa-rte_stratified-roberta-base-heter-e1-r80/seed0/10/log.txt,80,True,score log,Complete
ffa,Nonlinear FFA,rte_stratified,RTE stratified,roberta-base,RoBERTa-base,heter,Heter,1,80,0,73,55.5956678700361,epoch_round_tuning/tuning-ffa-rte_stratified-roberta-base-heter-e1-r80,epoch_round_tuning/tuning-ffa-rte_stratified-roberta-base-heter-e1-r80/seed0/10/log.txt,80,True,score log,Complete
ffa,Nonlinear FFA,rte_stratified,RTE stratified,roberta-base,RoBERTa-base,heter,Heter,1,80,0,74,55.95667870036101,epoch_round_tuning/tuning-ffa-rte_stratified-roberta-base-heter-e1-r80,epoch_round_tuning/tuning-ffa-rte_stratified-roberta-base-heter-e1-r80/seed0/10/log.txt,80,True,score log,Complete
ffa,Nonlinear FFA,rte_stratified,RTE stratified,roberta-base,RoBERTa-base,heter,Heter,1,80,0,75,55.95667870036101,epoch_round_tuning/tuning-ffa-rte_stratified-roberta-base-heter-e1-r80,epoch_round_tuning/tuning-ffa-rte_stratified-roberta-base-heter-e1-r80/seed0/10/log.txt,80,True,score log,Complete
ffa,Nonlinear FFA,rte_stratified,RTE stratified,roberta-base,RoBERTa-base,heter,Heter,1,80,0,76,55.5956678700361,epoch_round_tuning/tuning-ffa-rte_stratified-roberta-base-heter-e1-r80,epoch_round_tuning/tuning-ffa-rte_stratified-roberta-base-heter-e1-r80/seed0/10/log.txt,80,True,score log,Complete
ffa,Nonlinear FFA,rte_stratified,RTE stratified,roberta-base,RoBERTa-base,heter,Heter,1,80,0,77,55.95667870036101,epoch_round_tuning/tuning-ffa-rte_stratified-roberta-base-heter-e1-r80,epoch_round_tuning/tuning-ffa-rte_stratified-roberta-base-heter-e1-r80/seed0/10/log.txt,80,True,score log,Complete
ffa,Nonlinear FFA,rte_stratified,RTE stratified,roberta-base,RoBERTa-base,heter,Heter,1,80,0,78,55.5956678700361,epoch_round_tuning/tuning-ffa-rte_stratified-roberta-base-heter-e1-r80,epoch_round_tuning/tuning-ffa-rte_stratified-roberta-base-heter-e1-r80/seed0/10/log.txt,80,True,score log,Complete
ffa,Nonlinear FFA,rte_stratified,RTE stratified,roberta-base,RoBERTa-base,heter,Heter,1,80,0,79,55.5956678700361,epoch_round_tuning/tuning-ffa-rte_stratified-roberta-base-heter-e1-r80,epoch_round_tuning/tuning-ffa-rte_stratified-roberta-base-heter-e1-r80/seed0/10/log.txt,80,True,score log,Complete
ffa,Nonlinear FFA,rte_stratified,RTE stratified,roberta-base,RoBERTa-base,heter,Heter,1,80,0,80,55.95667870036101,epoch_round_tuning/tuning-ffa-rte_stratified-roberta-base-heter-e1-r80,epoch_round_tuning/tuning-ffa-rte_stratified-roberta-base-heter-e1-r80/seed0/10/log.txt,80,True,score log,Complete
ffa,Nonlinear FFA,rte_stratified,RTE stratified,roberta-base,RoBERTa-base,heter,Heter,2,40,0,1,53.068592057761734,epoch_round_tuning/tuning-ffa-rte_stratified-roberta-base-heter-e2-r40,epoch_round_tuning/tuning-ffa-rte_stratified-roberta-base-heter-e2-r40/seed0/10/log.txt,40,True,score log,Complete
ffa,Nonlinear FFA,rte_stratified,RTE stratified,roberta-base,RoBERTa-base,heter,Heter,2,40,0,2,52.707581227436826,epoch_round_tuning/tuning-ffa-rte_stratified-roberta-base-heter-e2-r40,epoch_round_tuning/tuning-ffa-rte_stratified-roberta-base-heter-e2-r40/seed0/10/log.txt,40,True,score log,Complete
ffa,Nonlinear FFA,rte_stratified,RTE stratified,roberta-base,RoBERTa-base,heter,Heter,2,40,0,3,56.678700361010826,epoch_round_tuning/tuning-ffa-rte_stratified-roberta-base-heter-e2-r40,epoch_round_tuning/tuning-ffa-rte_stratified-roberta-base-heter-e2-r40/seed0/10/log.txt,40,True,score log,Complete
ffa,Nonlinear FFA,rte_stratified,RTE stratified,roberta-base,RoBERTa-base,heter,Heter,2,40,0,4,57.400722021660656,epoch_round_tuning/tuning-ffa-rte_stratified-roberta-base-heter-e2-r40,epoch_round_tuning/tuning-ffa-rte_stratified-roberta-base-heter-e2-r40/seed0/10/log.txt,40,True,score log,Complete
ffa,Nonlinear FFA,rte_stratified,RTE stratified,roberta-base,RoBERTa-base,heter,Heter,2,40,0,5,58.12274368231047,epoch_round_tuning/tuning-ffa-rte_stratified-roberta-base-heter-e2-r40,epoch_round_tuning/tuning-ffa-rte_stratified-roberta-base-heter-e2-r40/seed0/10/log.txt,40,True,score log,Complete
ffa,Nonlinear FFA,rte_stratified,RTE stratified,roberta-base,RoBERTa-base,heter,Heter,2,40,0,6,54.87364620938629,epoch_round_tuning/tuning-ffa-rte_stratified-roberta-base-heter-e2-r40,epoch_round_tuning/tuning-ffa-rte_stratified-roberta-base-heter-e2-r40/seed0/10/log.txt,40,True,score log,Complete
ffa,Nonlinear FFA,rte_stratified,RTE stratified,roberta-base,RoBERTa-base,heter,Heter,2,40,0,7,54.151624548736464,epoch_round_tuning/tuning-ffa-rte_stratified-roberta-base-heter-e2-r40,epoch_round_tuning/tuning-ffa-rte_stratified-roberta-base-heter-e2-r40/seed0/10/log.txt,40,True,score log,Complete
ffa,Nonlinear FFA,rte_stratified,RTE stratified,roberta-base,RoBERTa-base,heter,Heter,2,40,0,8,54.51263537906137,epoch_round_tuning/tuning-ffa-rte_stratified-roberta-base-heter-e2-r40,epoch_round_tuning/tuning-ffa-rte_stratified-roberta-base-heter-e2-r40/seed0/10/log.txt,40,True,score log,Complete
ffa,Nonlinear FFA,rte_stratified,RTE stratified,roberta-base,RoBERTa-base,heter,Heter,2,40,0,9,54.87364620938629,epoch_round_tuning/tuning-ffa-rte_stratified-roberta-base-heter-e2-r40,epoch_round_tuning/tuning-ffa-rte_stratified-roberta-base-heter-e2-r40/seed0/10/log.txt,40,True,score log,Complete
ffa,Nonlinear FFA,rte_stratified,RTE stratified,roberta-base,RoBERTa-base,heter,Heter,2,40,0,10,54.51263537906137,epoch_round_tuning/tuning-ffa-rte_stratified-roberta-base-heter-e2-r40,epoch_round_tuning/tuning-ffa-rte_stratified-roberta-base-heter-e2-r40/seed0/10/log.txt,40,True,score log,Complete
ffa,Nonlinear FFA,rte_stratified,RTE stratified,roberta-base,RoBERTa-base,heter,Heter,2,40,0,11,53.42960288808665,epoch_round_tuning/tuning-ffa-rte_stratified-roberta-base-heter-e2-r40,epoch_round_tuning/tuning-ffa-rte_stratified-roberta-base-heter-e2-r40/seed0/10/log.txt,40,True,score log,Complete
ffa,Nonlinear FFA,rte_stratified,RTE stratified,roberta-base,RoBERTa-base,heter,Heter,2,40,0,12,54.151624548736464,epoch_round_tuning/tuning-ffa-rte_stratified-roberta-base-heter-e2-r40,epoch_round_tuning/tuning-ffa-rte_stratified-roberta-base-heter-e2-r40/seed0/10/log.txt,40,True,score log,Complete
ffa,Nonlinear FFA,rte_stratified,RTE stratified,roberta-base,RoBERTa-base,heter,Heter,2,40,0,13,54.87364620938629,epoch_round_tuning/tuning-ffa-rte_stratified-roberta-base-heter-e2-r40,epoch_round_tuning/tuning-ffa-rte_stratified-roberta-base-heter-e2-r40/seed0/10/log.txt,40,True,score log,Complete
ffa,Nonlinear FFA,rte_stratified,RTE stratified,roberta-base,RoBERTa-base,heter,Heter,2,40,0,14,55.23465703971119,epoch_round_tuning/tuning-ffa-rte_stratified-roberta-base-heter-e2-r40,epoch_round_tuning/tuning-ffa-rte_stratified-roberta-base-heter-e2-r40/seed0/10/log.txt,40,True,score log,Complete
ffa,Nonlinear FFA,rte_stratified,RTE stratified,roberta-base,RoBERTa-base,heter,Heter,2,40,0,15,55.5956678700361,epoch_round_tuning/tuning-ffa-rte_stratified-roberta-base-heter-e2-r40,epoch_round_tuning/tuning-ffa-rte_stratified-roberta-base-heter-e2-r40/seed0/10/log.txt,40,True,score log,Complete
ffa,Nonlinear FFA,rte_stratified,RTE stratified,roberta-base,RoBERTa-base,heter,Heter,2,40,0,16,54.87364620938629,epoch_round_tuning/tuning-ffa-rte_stratified-roberta-base-heter-e2-r40,epoch_round_tuning/tuning-ffa-rte_stratified-roberta-base-heter-e2-r40/seed0/10/log.txt,40,True,score log,Complete
ffa,Nonlinear FFA,rte_stratified,RTE stratified,roberta-base,RoBERTa-base,heter,Heter,2,40,0,17,54.51263537906137,epoch_round_tuning/tuning-ffa-rte_stratified-roberta-base-heter-e2-r40,epoch_round_tuning/tuning-ffa-rte_stratified-roberta-base-heter-e2-r40/seed0/10/log.txt,40,True,score log,Complete
ffa,Nonlinear FFA,rte_stratified,RTE stratified,roberta-base,RoBERTa-base,heter,Heter,2,40,0,18,54.151624548736464,epoch_round_tuning/tuning-ffa-rte_stratified-roberta-base-heter-e2-r40,epoch_round_tuning/tuning-ffa-rte_stratified-roberta-base-heter-e2-r40/seed0/10/log.txt,40,True,score log,Complete
ffa,Nonlinear FFA,rte_stratified,RTE stratified,roberta-base,RoBERTa-base,heter,Heter,2,40,0,19,53.79061371841155,epoch_round_tuning/tuning-ffa-rte_stratified-roberta-base-heter-e2-r40,epoch_round_tuning/tuning-ffa-rte_stratified-roberta-base-heter-e2-r40/seed0/10/log.txt,40,True,score log,Complete
ffa,Nonlinear FFA,rte_stratified,RTE stratified,roberta-base,RoBERTa-base,heter,Heter,2,40,0,20,54.151624548736464,epoch_round_tuning/tuning-ffa-rte_stratified-roberta-base-heter-e2-r40,epoch_round_tuning/tuning-ffa-rte_stratified-roberta-base-heter-e2-r40/seed0/10/log.txt,40,True,score log,Complete
ffa,Nonlinear FFA,rte_stratified,RTE stratified,roberta-base,RoBERTa-base,heter,Heter,2,40,0,21,54.151624548736464,epoch_round_tuning/tuning-ffa-rte_stratified-roberta-base-heter-e2-r40,epoch_round_tuning/tuning-ffa-rte_stratified-roberta-base-heter-e2-r40/seed0/10/log.txt,40,True,score log,Complete
ffa,Nonlinear FFA,rte_stratified,RTE stratified,roberta-base,RoBERTa-base,heter,Heter,2,40,0,22,54.51263537906137,epoch_round_tuning/tuning-ffa-rte_stratified-roberta-base-heter-e2-r40,epoch_round_tuning/tuning-ffa-rte_stratified-roberta-base-heter-e2-r40/seed0/10/log.txt,40,True,score log,Complete
ffa,Nonlinear FFA,rte_stratified,RTE stratified,roberta-base,RoBERTa-base,heter,Heter,2,40,0,23,54.51263537906137,epoch_round_tuning/tuning-ffa-rte_stratified-roberta-base-heter-e2-r40,epoch_round_tuning/tuning-ffa-rte_stratified-roberta-base-heter-e2-r40/seed0/10/log.txt,40,True,score log,Complete
ffa,Nonlinear FFA,rte_stratified,RTE stratified,roberta-base,RoBERTa-base,heter,Heter,2,40,0,24,54.151624548736464,epoch_round_tuning/tuning-ffa-rte_stratified-roberta-base-heter-e2-r40,epoch_round_tuning/tuning-ffa-rte_stratified-roberta-base-heter-e2-r40/seed0/10/log.txt,40,True,score log,Complete
ffa,Nonlinear FFA,rte_stratified,RTE stratified,roberta-base,RoBERTa-base,heter,Heter,2,40,0,25,54.51263537906137,epoch_round_tuning/tuning-ffa-rte_stratified-roberta-base-heter-e2-r40,epoch_round_tuning/tuning-ffa-rte_stratified-roberta-base-heter-e2-r40/seed0/10/log.txt,40,True,score log,Complete
ffa,Nonlinear FFA,rte_stratified,RTE stratified,roberta-base,RoBERTa-base,heter,Heter,2,40,0,26,54.87364620938629,epoch_round_tuning/tuning-ffa-rte_stratified-roberta-base-heter-e2-r40,epoch_round_tuning/tuning-ffa-rte_stratified-roberta-base-heter-e2-r40/seed0/10/log.txt,40,True,score log,Complete
ffa,Nonlinear FFA,rte_stratified,RTE stratified,roberta-base,RoBERTa-base,heter,Heter,2,40,0,27,54.87364620938629,epoch_round_tuning/tuning-ffa-rte_stratified-roberta-base-heter-e2-r40,epoch_round_tuning/tuning-ffa-rte_stratified-roberta-base-heter-e2-r40/seed0/10/log.txt,40,True,score log,Complete
ffa,Nonlinear FFA,rte_stratified,RTE stratified,roberta-base,RoBERTa-base,heter,Heter,2,40,0,28,55.23465703971119,epoch_round_tuning/tuning-ffa-rte_stratified-roberta-base-heter-e2-r40,epoch_round_tuning/tuning-ffa-rte_stratified-roberta-base-heter-e2-r40/seed0/10/log.txt,40,True,score log,Complete
ffa,Nonlinear FFA,rte_stratified,RTE stratified,roberta-base,RoBERTa-base,heter,Heter,2,40,0,29,55.5956678700361,epoch_round_tuning/tuning-ffa-rte_stratified-roberta-base-heter-e2-r40,epoch_round_tuning/tuning-ffa-rte_stratified-roberta-base-heter-e2-r40/seed0/10/log.txt,40,True,score log,Complete
ffa,Nonlinear FFA,rte_stratified,RTE stratified,roberta-base,RoBERTa-base,heter,Heter,2,40,0,30,55.5956678700361,epoch_round_tuning/tuning-ffa-rte_stratified-roberta-base-heter-e2-r40,epoch_round_tuning/tuning-ffa-rte_stratified-roberta-base-heter-e2-r40/seed0/10/log.txt,40,True,score log,Complete
ffa,Nonlinear FFA,rte_stratified,RTE stratified,roberta-base,RoBERTa-base,heter,Heter,2,40,0,31,55.5956678700361,epoch_round_tuning/tuning-ffa-rte_stratified-roberta-base-heter-e2-r40,epoch_round_tuning/tuning-ffa-rte_stratified-roberta-base-heter-e2-r40/seed0/10/log.txt,40,True,score log,Complete
ffa,Nonlinear FFA,rte_stratified,RTE stratified,roberta-base,RoBERTa-base,heter,Heter,2,40,0,32,55.95667870036101,epoch_round_tuning/tuning-ffa-rte_stratified-roberta-base-heter-e2-r40,epoch_round_tuning/tuning-ffa-rte_stratified-roberta-base-heter-e2-r40/seed0/10/log.txt,40,True,score log,Complete
ffa,Nonlinear FFA,rte_stratified,RTE stratified,roberta-base,RoBERTa-base,heter,Heter,2,40,0,33,55.95667870036101,epoch_round_tuning/tuning-ffa-rte_stratified-roberta-base-heter-e2-r40,epoch_round_tuning/tuning-ffa-rte_stratified-roberta-base-heter-e2-r40/seed0/10/log.txt,40,True,score log,Complete
ffa,Nonlinear FFA,rte_stratified,RTE stratified,roberta-base,RoBERTa-base,heter,Heter,2,40,0,34,55.95667870036101,epoch_round_tuning/tuning-ffa-rte_stratified-roberta-base-heter-e2-r40,epoch_round_tuning/tuning-ffa-rte_stratified-roberta-base-heter-e2-r40/seed0/10/log.txt,40,True,score log,Complete
ffa,Nonlinear FFA,rte_stratified,RTE stratified,roberta-base,RoBERTa-base,heter,Heter,2,40,0,35,55.95667870036101,epoch_round_tuning/tuning-ffa-rte_stratified-roberta-base-heter-e2-r40,epoch_round_tuning/tuning-ffa-rte_stratified-roberta-base-heter-e2-r40/seed0/10/log.txt,40,True,score log,Complete
ffa,Nonlinear FFA,rte_stratified,RTE stratified,roberta-base,RoBERTa-base,heter,Heter,2,40,0,36,55.95667870036101,epoch_round_tuning/tuning-ffa-rte_stratified-roberta-base-heter-e2-r40,epoch_round_tuning/tuning-ffa-rte_stratified-roberta-base-heter-e2-r40/seed0/10/log.txt,40,True,score log,Complete
ffa,Nonlinear FFA,rte_stratified,RTE stratified,roberta-base,RoBERTa-base,heter,Heter,2,40,0,37,56.317689530685925,epoch_round_tuning/tuning-ffa-rte_stratified-roberta-base-heter-e2-r40,epoch_round_tuning/tuning-ffa-rte_stratified-roberta-base-heter-e2-r40/seed0/10/log.txt,40,True,score log,Complete
ffa,Nonlinear FFA,rte_stratified,RTE stratified,roberta-base,RoBERTa-base,heter,Heter,2,40,0,38,56.317689530685925,epoch_round_tuning/tuning-ffa-rte_stratified-roberta-base-heter-e2-r40,epoch_round_tuning/tuning-ffa-rte_stratified-roberta-base-heter-e2-r40/seed0/10/log.txt,40,True,score log,Complete
ffa,Nonlinear FFA,rte_stratified,RTE stratified,roberta-base,RoBERTa-base,heter,Heter,2,40,0,39,56.317689530685925,epoch_round_tuning/tuning-ffa-rte_stratified-roberta-base-heter-e2-r40,epoch_round_tuning/tuning-ffa-rte_stratified-roberta-base-heter-e2-r40/seed0/10/log.txt,40,True,score log,Complete
ffa,Nonlinear FFA,rte_stratified,RTE stratified,roberta-base,RoBERTa-base,heter,Heter,2,40,0,40,57.03971119133574,epoch_round_tuning/tuning-ffa-rte_stratified-roberta-base-heter-e2-r40,epoch_round_tuning/tuning-ffa-rte_stratified-roberta-base-heter-e2-r40/seed0/10/log.txt,40,True,score log,Complete
ffa,Nonlinear FFA,rte_stratified,RTE stratified,roberta-base,RoBERTa-base,heter,Heter,4,20,0,1,54.87364620938629,epoch_round_tuning/tuning-ffa-rte_stratified-roberta-base-heter-e4-r20,epoch_round_tuning/tuning-ffa-rte_stratified-roberta-base-heter-e4-r20/seed0/10/log.txt,20,True,score log,Complete
ffa,Nonlinear FFA,rte_stratified,RTE stratified,roberta-base,RoBERTa-base,heter,Heter,4,20,0,2,56.317689530685925,epoch_round_tuning/tuning-ffa-rte_stratified-roberta-base-heter-e4-r20,epoch_round_tuning/tuning-ffa-rte_stratified-roberta-base-heter-e4-r20/seed0/10/log.txt,20,True,score log,Complete
ffa,Nonlinear FFA,rte_stratified,RTE stratified,roberta-base,RoBERTa-base,heter,Heter,4,20,0,3,57.03971119133574,epoch_round_tuning/tuning-ffa-rte_stratified-roberta-base-heter-e4-r20,epoch_round_tuning/tuning-ffa-rte_stratified-roberta-base-heter-e4-r20/seed0/10/log.txt,20,True,score log,Complete
ffa,Nonlinear FFA,rte_stratified,RTE stratified,roberta-base,RoBERTa-base,heter,Heter,4,20,0,4,56.317689530685925,epoch_round_tuning/tuning-ffa-rte_stratified-roberta-base-heter-e4-r20,epoch_round_tuning/tuning-ffa-rte_stratified-roberta-base-heter-e4-r20/seed0/10/log.txt,20,True,score log,Complete
ffa,Nonlinear FFA,rte_stratified,RTE stratified,roberta-base,RoBERTa-base,heter,Heter,4,20,0,5,54.51263537906137,epoch_round_tuning/tuning-ffa-rte_stratified-roberta-base-heter-e4-r20,epoch_round_tuning/tuning-ffa-rte_stratified-roberta-base-heter-e4-r20/seed0/10/log.txt,20,True,score log,Complete
ffa,Nonlinear FFA,rte_stratified,RTE stratified,roberta-base,RoBERTa-base,heter,Heter,4,20,0,6,56.317689530685925,epoch_round_tuning/tuning-ffa-rte_stratified-roberta-base-heter-e4-r20,epoch_round_tuning/tuning-ffa-rte_stratified-roberta-base-heter-e4-r20/seed0/10/log.txt,20,True,score log,Complete
ffa,Nonlinear FFA,rte_stratified,RTE stratified,roberta-base,RoBERTa-base,heter,Heter,4,20,0,7,54.87364620938629,epoch_round_tuning/tuning-ffa-rte_stratified-roberta-base-heter-e4-r20,epoch_round_tuning/tuning-ffa-rte_stratified-roberta-base-heter-e4-r20/seed0/10/log.txt,20,True,score log,Complete
ffa,Nonlinear FFA,rte_stratified,RTE stratified,roberta-base,RoBERTa-base,heter,Heter,4,20,0,8,55.5956678700361,epoch_round_tuning/tuning-ffa-rte_stratified-roberta-base-heter-e4-r20,epoch_round_tuning/tuning-ffa-rte_stratified-roberta-base-heter-e4-r20/seed0/10/log.txt,20,True,score log,Complete
ffa,Nonlinear FFA,rte_stratified,RTE stratified,roberta-base,RoBERTa-base,heter,Heter,4,20,0,9,55.95667870036101,epoch_round_tuning/tuning-ffa-rte_stratified-roberta-base-heter-e4-r20,epoch_round_tuning/tuning-ffa-rte_stratified-roberta-base-heter-e4-r20/seed0/10/log.txt,20,True,score log,Complete
ffa,Nonlinear FFA,rte_stratified,RTE stratified,roberta-base,RoBERTa-base,heter,Heter,4,20,0,10,55.23465703971119,epoch_round_tuning/tuning-ffa-rte_stratified-roberta-base-heter-e4-r20,epoch_round_tuning/tuning-ffa-rte_stratified-roberta-base-heter-e4-r20/seed0/10/log.txt,20,True,score log,Complete
ffa,Nonlinear FFA,rte_stratified,RTE stratified,roberta-base,RoBERTa-base,heter,Heter,4,20,0,11,55.23465703971119,epoch_round_tuning/tuning-ffa-rte_stratified-roberta-base-heter-e4-r20,epoch_round_tuning/tuning-ffa-rte_stratified-roberta-base-heter-e4-r20/seed0/10/log.txt,20,True,score log,Complete
ffa,Nonlinear FFA,rte_stratified,RTE stratified,roberta-base,RoBERTa-base,heter,Heter,4,20,0,12,55.5956678700361,epoch_round_tuning/tuning-ffa-rte_stratified-roberta-base-heter-e4-r20,epoch_round_tuning/tuning-ffa-rte_stratified-roberta-base-heter-e4-r20/seed0/10/log.txt,20,True,score log,Complete
ffa,Nonlinear FFA,rte_stratified,RTE stratified,roberta-base,RoBERTa-base,heter,Heter,4,20,0,13,55.23465703971119,epoch_round_tuning/tuning-ffa-rte_stratified-roberta-base-heter-e4-r20,epoch_round_tuning/tuning-ffa-rte_stratified-roberta-base-heter-e4-r20/seed0/10/log.txt,20,True,score log,Complete
ffa,Nonlinear FFA,rte_stratified,RTE stratified,roberta-base,RoBERTa-base,heter,Heter,4,20,0,14,55.23465703971119,epoch_round_tuning/tuning-ffa-rte_stratified-roberta-base-heter-e4-r20,epoch_round_tuning/tuning-ffa-rte_stratified-roberta-base-heter-e4-r20/seed0/10/log.txt,20,True,score log,Complete
ffa,Nonlinear FFA,rte_stratified,RTE stratified,roberta-base,RoBERTa-base,heter,Heter,4,20,0,15,56.678700361010826,epoch_round_tuning/tuning-ffa-rte_stratified-roberta-base-heter-e4-r20,epoch_round_tuning/tuning-ffa-rte_stratified-roberta-base-heter-e4-r20/seed0/10/log.txt,20,True,score log,Complete
ffa,Nonlinear FFA,rte_stratified,RTE stratified,roberta-base,RoBERTa-base,heter,Heter,4,20,0,16,56.678700361010826,epoch_round_tuning/tuning-ffa-rte_stratified-roberta-base-heter-e4-r20,epoch_round_tuning/tuning-ffa-rte_stratified-roberta-base-heter-e4-r20/seed0/10/log.txt,20,True,score log,Complete
ffa,Nonlinear FFA,rte_stratified,RTE stratified,roberta-base,RoBERTa-base,heter,Heter,4,20,0,17,57.400722021660656,epoch_round_tuning/tuning-ffa-rte_stratified-roberta-base-heter-e4-r20,epoch_round_tuning/tuning-ffa-rte_stratified-roberta-base-heter-e4-r20/seed0/10/log.txt,20,True,score log,Complete
ffa,Nonlinear FFA,rte_stratified,RTE stratified,roberta-base,RoBERTa-base,heter,Heter,4,20,0,18,57.400722021660656,epoch_round_tuning/tuning-ffa-rte_stratified-roberta-base-heter-e4-r20,epoch_round_tuning/tuning-ffa-rte_stratified-roberta-base-heter-e4-r20/seed0/10/log.txt,20,True,score log,Complete
ffa,Nonlinear FFA,rte_stratified,RTE stratified,roberta-base,RoBERTa-base,heter,Heter,4,20,0,19,57.400722021660656,epoch_round_tuning/tuning-ffa-rte_stratified-roberta-base-heter-e4-r20,epoch_round_tuning/tuning-ffa-rte_stratified-roberta-base-heter-e4-r20/seed0/10/log.txt,20,True,score log,Complete
ffa,Nonlinear FFA,rte_stratified,RTE stratified,roberta-base,RoBERTa-base,heter,Heter,4,20,0,20,57.761732851985556,epoch_round_tuning/tuning-ffa-rte_stratified-roberta-base-heter-e4-r20,epoch_round_tuning/tuning-ffa-rte_stratified-roberta-base-heter-e4-r20/seed0/10/log.txt,20,True,score log,Complete
ffa,Nonlinear FFA,rte_stratified,RTE stratified,roberta-base,RoBERTa-base,heter,Heter,8,10,0,1,58.48375451263538,epoch_round_tuning/tuning-ffa-rte_stratified-roberta-base-heter-e8-r10,epoch_round_tuning/tuning-ffa-rte_stratified-roberta-base-heter-e8-r10/seed0/10/log.txt,10,True,score log,Complete
ffa,Nonlinear FFA,rte_stratified,RTE stratified,roberta-base,RoBERTa-base,heter,Heter,8,10,0,2,58.12274368231047,epoch_round_tuning/tuning-ffa-rte_stratified-roberta-base-heter-e8-r10,epoch_round_tuning/tuning-ffa-rte_stratified-roberta-base-heter-e8-r10/seed0/10/log.txt,10,True,score log,Complete
ffa,Nonlinear FFA,rte_stratified,RTE stratified,roberta-base,RoBERTa-base,heter,Heter,8,10,0,3,58.48375451263538,epoch_round_tuning/tuning-ffa-rte_stratified-roberta-base-heter-e8-r10,epoch_round_tuning/tuning-ffa-rte_stratified-roberta-base-heter-e8-r10/seed0/10/log.txt,10,True,score log,Complete
ffa,Nonlinear FFA,rte_stratified,RTE stratified,roberta-base,RoBERTa-base,heter,Heter,8,10,0,4,57.400722021660656,epoch_round_tuning/tuning-ffa-rte_stratified-roberta-base-heter-e8-r10,epoch_round_tuning/tuning-ffa-rte_stratified-roberta-base-heter-e8-r10/seed0/10/log.txt,10,True,score log,Complete
ffa,Nonlinear FFA,rte_stratified,RTE stratified,roberta-base,RoBERTa-base,heter,Heter,8,10,0,5,57.400722021660656,epoch_round_tuning/tuning-ffa-rte_stratified-roberta-base-heter-e8-r10,epoch_round_tuning/tuning-ffa-rte_stratified-roberta-base-heter-e8-r10/seed0/10/log.txt,10,True,score log,Complete
ffa,Nonlinear FFA,rte_stratified,RTE stratified,roberta-base,RoBERTa-base,heter,Heter,8,10,0,6,57.400722021660656,epoch_round_tuning/tuning-ffa-rte_stratified-roberta-base-heter-e8-r10,epoch_round_tuning/tuning-ffa-rte_stratified-roberta-base-heter-e8-r10/seed0/10/log.txt,10,True,score log,Complete
ffa,Nonlinear FFA,rte_stratified,RTE stratified,roberta-base,RoBERTa-base,heter,Heter,8,10,0,7,57.400722021660656,epoch_round_tuning/tuning-ffa-rte_stratified-roberta-base-heter-e8-r10,epoch_round_tuning/tuning-ffa-rte_stratified-roberta-base-heter-e8-r10/seed0/10/log.txt,10,True,score log,Complete
ffa,Nonlinear FFA,rte_stratified,RTE stratified,roberta-base,RoBERTa-base,heter,Heter,8,10,0,8,56.678700361010826,epoch_round_tuning/tuning-ffa-rte_stratified-roberta-base-heter-e8-r10,epoch_round_tuning/tuning-ffa-rte_stratified-roberta-base-heter-e8-r10/seed0/10/log.txt,10,True,score log,Complete
ffa,Nonlinear FFA,rte_stratified,RTE stratified,roberta-base,RoBERTa-base,heter,Heter,8,10,0,9,57.03971119133574,epoch_round_tuning/tuning-ffa-rte_stratified-roberta-base-heter-e8-r10,epoch_round_tuning/tuning-ffa-rte_stratified-roberta-base-heter-e8-r10/seed0/10/log.txt,10,True,score log,Complete
ffa,Nonlinear FFA,rte_stratified,RTE stratified,roberta-base,RoBERTa-base,heter,Heter,8,10,0,10,56.678700361010826,epoch_round_tuning/tuning-ffa-rte_stratified-roberta-base-heter-e8-r10,epoch_round_tuning/tuning-ffa-rte_stratified-roberta-base-heter-e8-r10/seed0/10/log.txt,10,True,score log,Complete
ffa,Nonlinear FFA,rte_stratified,RTE stratified,roberta-base,RoBERTa-base,homo,Homo,1,80,0,1,47.292418772563174,epoch_round_tuning/tuning-ffa-rte_stratified-roberta-base-homo-e1-r80,epoch_round_tuning/tuning-ffa-rte_stratified-roberta-base-homo-e1-r80/seed0/10/log.txt,80,True,score log,Complete
ffa,Nonlinear FFA,rte_stratified,RTE stratified,roberta-base,RoBERTa-base,homo,Homo,1,80,0,2,53.068592057761734,epoch_round_tuning/tuning-ffa-rte_stratified-roberta-base-homo-e1-r80,epoch_round_tuning/tuning-ffa-rte_stratified-roberta-base-homo-e1-r80/seed0/10/log.txt,80,True,score log,Complete
ffa,Nonlinear FFA,rte_stratified,RTE stratified,roberta-base,RoBERTa-base,homo,Homo,1,80,0,3,46.20938628158845,epoch_round_tuning/tuning-ffa-rte_stratified-roberta-base-homo-e1-r80,epoch_round_tuning/tuning-ffa-rte_stratified-roberta-base-homo-e1-r80/seed0/10/log.txt,80,True,score log,Complete
ffa,Nonlinear FFA,rte_stratified,RTE stratified,roberta-base,RoBERTa-base,homo,Homo,1,80,0,4,56.317689530685925,epoch_round_tuning/tuning-ffa-rte_stratified-roberta-base-homo-e1-r80,epoch_round_tuning/tuning-ffa-rte_stratified-roberta-base-homo-e1-r80/seed0/10/log.txt,80,True,score log,Complete
ffa,Nonlinear FFA,rte_stratified,RTE stratified,roberta-base,RoBERTa-base,homo,Homo,1,80,0,5,50.54151624548736,epoch_round_tuning/tuning-ffa-rte_stratified-roberta-base-homo-e1-r80,epoch_round_tuning/tuning-ffa-rte_stratified-roberta-base-homo-e1-r80/seed0/10/log.txt,80,True,score log,Complete
ffa,Nonlinear FFA,rte_stratified,RTE stratified,roberta-base,RoBERTa-base,homo,Homo,1,80,0,6,54.151624548736464,epoch_round_tuning/tuning-ffa-rte_stratified-roberta-base-homo-e1-r80,epoch_round_tuning/tuning-ffa-rte_stratified-roberta-base-homo-e1-r80/seed0/10/log.txt,80,True,score log,Complete
ffa,Nonlinear FFA,rte_stratified,RTE stratified,roberta-base,RoBERTa-base,homo,Homo,1,80,0,7,51.624548736462096,epoch_round_tuning/tuning-ffa-rte_stratified-roberta-base-homo-e1-r80,epoch_round_tuning/tuning-ffa-rte_stratified-roberta-base-homo-e1-r80/seed0/10/log.txt,80,True,score log,Complete
ffa,Nonlinear FFA,rte_stratified,RTE stratified,roberta-base,RoBERTa-base,homo,Homo,1,80,0,8,52.34657039711191,epoch_round_tuning/tuning-ffa-rte_stratified-roberta-base-homo-e1-r80,epoch_round_tuning/tuning-ffa-rte_stratified-roberta-base-homo-e1-r80/seed0/10/log.txt,80,True,score log,Complete
ffa,Nonlinear FFA,rte_stratified,RTE stratified,roberta-base,RoBERTa-base,homo,Homo,1,80,0,9,51.624548736462096,epoch_round_tuning/tuning-ffa-rte_stratified-roberta-base-homo-e1-r80,epoch_round_tuning/tuning-ffa-rte_stratified-roberta-base-homo-e1-r80/seed0/10/log.txt,80,True,score log,Complete
ffa,Nonlinear FFA,rte_stratified,RTE stratified,roberta-base,RoBERTa-base,homo,Homo,1,80,0,10,51.985559566786996,epoch_round_tuning/tuning-ffa-rte_stratified-roberta-base-homo-e1-r80,epoch_round_tuning/tuning-ffa-rte_stratified-roberta-base-homo-e1-r80/seed0/10/log.txt,80,True,score log,Complete
ffa,Nonlinear FFA,rte_stratified,RTE stratified,roberta-base,RoBERTa-base,homo,Homo,1,80,0,11,51.624548736462096,epoch_round_tuning/tuning-ffa-rte_stratified-roberta-base-homo-e1-r80,epoch_round_tuning/tuning-ffa-rte_stratified-roberta-base-homo-e1-r80/seed0/10/log.txt,80,True,score log,Complete
ffa,Nonlinear FFA,rte_stratified,RTE stratified,roberta-base,RoBERTa-base,homo,Homo,1,80,0,12,52.707581227436826,epoch_round_tuning/tuning-ffa-rte_stratified-roberta-base-homo-e1-r80,epoch_round_tuning/tuning-ffa-rte_stratified-roberta-base-homo-e1-r80/seed0/10/log.txt,80,True,score log,Complete
ffa,Nonlinear FFA,rte_stratified,RTE stratified,roberta-base,RoBERTa-base,homo,Homo,1,80,0,13,52.34657039711191,epoch_round_tuning/tuning-ffa-rte_stratified-roberta-base-homo-e1-r80,epoch_round_tuning/tuning-ffa-rte_stratified-roberta-base-homo-e1-r80/seed0/10/log.txt,80,True,score log,Complete
ffa,Nonlinear FFA,rte_stratified,RTE stratified,roberta-base,RoBERTa-base,homo,Homo,1,80,0,14,52.707581227436826,epoch_round_tuning/tuning-ffa-rte_stratified-roberta-base-homo-e1-r80,epoch_round_tuning/tuning-ffa-rte_stratified-roberta-base-homo-e1-r80/seed0/10/log.txt,80,True,score log,Complete
ffa,Nonlinear FFA,rte_stratified,RTE stratified,roberta-base,RoBERTa-base,homo,Homo,1,80,0,15,52.34657039711191,epoch_round_tuning/tuning-ffa-rte_stratified-roberta-base-homo-e1-r80,epoch_round_tuning/tuning-ffa-rte_stratified-roberta-base-homo-e1-r80/seed0/10/log.txt,80,True,score log,Complete
ffa,Nonlinear FFA,rte_stratified,RTE stratified,roberta-base,RoBERTa-base,homo,Homo,1,80,0,16,51.985559566786996,epoch_round_tuning/tuning-ffa-rte_stratified-roberta-base-homo-e1-r80,epoch_round_tuning/tuning-ffa-rte_stratified-roberta-base-homo-e1-r80/seed0/10/log.txt,80,True,score log,Complete
ffa,Nonlinear FFA,rte_stratified,RTE stratified,roberta-base,RoBERTa-base,homo,Homo,1,80,0,17,53.42960288808665,epoch_round_tuning/tuning-ffa-rte_stratified-roberta-base-homo-e1-r80,epoch_round_tuning/tuning-ffa-rte_stratified-roberta-base-homo-e1-r80/seed0/10/log.txt,80,True,score log,Complete
ffa,Nonlinear FFA,rte_stratified,RTE stratified,roberta-base,RoBERTa-base,homo,Homo,1,80,0,18,53.42960288808665,epoch_round_tuning/tuning-ffa-rte_stratified-roberta-base-homo-e1-r80,epoch_round_tuning/tuning-ffa-rte_stratified-roberta-base-homo-e1-r80/seed0/10/log.txt,80,True,score log,Complete
ffa,Nonlinear FFA,rte_stratified,RTE stratified,roberta-base,RoBERTa-base,homo,Homo,1,80,0,19,54.151624548736464,epoch_round_tuning/tuning-ffa-rte_stratified-roberta-base-homo-e1-r80,epoch_round_tuning/tuning-ffa-rte_stratified-roberta-base-homo-e1-r80/seed0/10/log.txt,80,True,score log,Complete
ffa,Nonlinear FFA,rte_stratified,RTE stratified,roberta-base,RoBERTa-base,homo,Homo,1,80,0,20,54.151624548736464,epoch_round_tuning/tuning-ffa-rte_stratified-roberta-base-homo-e1-r80,epoch_round_tuning/tuning-ffa-rte_stratified-roberta-base-homo-e1-r80/seed0/10/log.txt,80,True,score log,Complete
ffa,Nonlinear FFA,rte_stratified,RTE stratified,roberta-base,RoBERTa-base,homo,Homo,1,80,0,21,54.151624548736464,epoch_round_tuning/tuning-ffa-rte_stratified-roberta-base-homo-e1-r80,epoch_round_tuning/tuning-ffa-rte_stratified-roberta-base-homo-e1-r80/seed0/10/log.txt,80,True,score log,Complete
ffa,Nonlinear FFA,rte_stratified,RTE stratified,roberta-base,RoBERTa-base,homo,Homo,1,80,0,22,53.79061371841155,epoch_round_tuning/tuning-ffa-rte_stratified-roberta-base-homo-e1-r80,epoch_round_tuning/tuning-ffa-rte_stratified-roberta-base-homo-e1-r80/seed0/10/log.txt,80,True,score log,Complete
ffa,Nonlinear FFA,rte_stratified,RTE stratified,roberta-base,RoBERTa-base,homo,Homo,1,80,0,23,54.87364620938629,epoch_round_tuning/tuning-ffa-rte_stratified-roberta-base-homo-e1-r80,epoch_round_tuning/tuning-ffa-rte_stratified-roberta-base-homo-e1-r80/seed0/10/log.txt,80,True,score log,Complete
ffa,Nonlinear FFA,rte_stratified,RTE stratified,roberta-base,RoBERTa-base,homo,Homo,1,80,0,24,54.51263537906137,epoch_round_tuning/tuning-ffa-rte_stratified-roberta-base-homo-e1-r80,epoch_round_tuning/tuning-ffa-rte_stratified-roberta-base-homo-e1-r80/seed0/10/log.txt,80,True,score log,Complete
ffa,Nonlinear FFA,rte_stratified,RTE stratified,roberta-base,RoBERTa-base,homo,Homo,1,80,0,25,54.51263537906137,epoch_round_tuning/tuning-ffa-rte_stratified-roberta-base-homo-e1-r80,epoch_round_tuning/tuning-ffa-rte_stratified-roberta-base-homo-e1-r80/seed0/10/log.txt,80,True,score log,Complete
ffa,Nonlinear FFA,rte_stratified,RTE stratified,roberta-base,RoBERTa-base,homo,Homo,1,80,0,26,54.87364620938629,epoch_round_tuning/tuning-ffa-rte_stratified-roberta-base-homo-e1-r80,epoch_round_tuning/tuning-ffa-rte_stratified-roberta-base-homo-e1-r80/seed0/10/log.txt,80,True,score log,Complete
ffa,Nonlinear FFA,rte_stratified,RTE stratified,roberta-base,RoBERTa-base,homo,Homo,1,80,0,27,54.87364620938629,epoch_round_tuning/tuning-ffa-rte_stratified-roberta-base-homo-e1-r80,epoch_round_tuning/tuning-ffa-rte_stratified-roberta-base-homo-e1-r80/seed0/10/log.txt,80,True,score log,Complete
ffa,Nonlinear FFA,rte_stratified,RTE stratified,roberta-base,RoBERTa-base,homo,Homo,1,80,0,28,54.87364620938629,epoch_round_tuning/tuning-ffa-rte_stratified-roberta-base-homo-e1-r80,epoch_round_tuning/tuning-ffa-rte_stratified-roberta-base-homo-e1-r80/seed0/10/log.txt,80,True,score log,Complete
ffa,Nonlinear FFA,rte_stratified,RTE stratified,roberta-base,RoBERTa-base,homo,Homo,1,80,0,29,54.51263537906137,epoch_round_tuning/tuning-ffa-rte_stratified-roberta-base-homo-e1-r80,epoch_round_tuning/tuning-ffa-rte_stratified-roberta-base-homo-e1-r80/seed0/10/log.txt,80,True,score log,Complete
ffa,Nonlinear FFA,rte_stratified,RTE stratified,roberta-base,RoBERTa-base,homo,Homo,1,80,0,30,54.87364620938629,epoch_round_tuning/tuning-ffa-rte_stratified-roberta-base-homo-e1-r80,epoch_round_tuning/tuning-ffa-rte_stratified-roberta-base-homo-e1-r80/seed0/10/log.txt,80,True,score log,Complete
ffa,Nonlinear FFA,rte_stratified,RTE stratified,roberta-base,RoBERTa-base,homo,Homo,1,80,0,31,55.23465703971119,epoch_round_tuning/tuning-ffa-rte_stratified-roberta-base-homo-e1-r80,epoch_round_tuning/tuning-ffa-rte_stratified-roberta-base-homo-e1-r80/seed0/10/log.txt,80,True,score log,Complete
ffa,Nonlinear FFA,rte_stratified,RTE stratified,roberta-base,RoBERTa-base,homo,Homo,1,80,0,32,55.5956678700361,epoch_round_tuning/tuning-ffa-rte_stratified-roberta-base-homo-e1-r80,epoch_round_tuning/tuning-ffa-rte_stratified-roberta-base-homo-e1-r80/seed0/10/log.txt,80,True,score log,Complete
ffa,Nonlinear FFA,rte_stratified,RTE stratified,roberta-base,RoBERTa-base,homo,Homo,1,80,0,33,55.5956678700361,epoch_round_tuning/tuning-ffa-rte_stratified-roberta-base-homo-e1-r80,epoch_round_tuning/tuning-ffa-rte_stratified-roberta-base-homo-e1-r80/seed0/10/log.txt,80,True,score log,Complete
ffa,Nonlinear FFA,rte_stratified,RTE stratified,roberta-base,RoBERTa-base,homo,Homo,1,80,0,34,55.95667870036101,epoch_round_tuning/tuning-ffa-rte_stratified-roberta-base-homo-e1-r80,epoch_round_tuning/tuning-ffa-rte_stratified-roberta-base-homo-e1-r80/seed0/10/log.txt,80,True,score log,Complete
ffa,Nonlinear FFA,rte_stratified,RTE stratified,roberta-base,RoBERTa-base,homo,Homo,1,80,0,35,56.317689530685925,epoch_round_tuning/tuning-ffa-rte_stratified-roberta-base-homo-e1-r80,epoch_round_tuning/tuning-ffa-rte_stratified-roberta-base-homo-e1-r80/seed0/10/log.txt,80,True,score log,Complete
ffa,Nonlinear FFA,rte_stratified,RTE stratified,roberta-base,RoBERTa-base,homo,Homo,1,80,0,36,56.317689530685925,epoch_round_tuning/tuning-ffa-rte_stratified-roberta-base-homo-e1-r80,epoch_round_tuning/tuning-ffa-rte_stratified-roberta-base-homo-e1-r80/seed0/10/log.txt,80,True,score log,Complete
ffa,Nonlinear FFA,rte_stratified,RTE stratified,roberta-base,RoBERTa-base,homo,Homo,1,80,0,37,56.678700361010826,epoch_round_tuning/tuning-ffa-rte_stratified-roberta-base-homo-e1-r80,epoch_round_tuning/tuning-ffa-rte_stratified-roberta-base-homo-e1-r80/seed0/10/log.txt,80,True,score log,Complete
ffa,Nonlinear FFA,rte_stratified,RTE stratified,roberta-base,RoBERTa-base,homo,Homo,1,80,0,38,56.678700361010826,epoch_round_tuning/tuning-ffa-rte_stratified-roberta-base-homo-e1-r80,epoch_round_tuning/tuning-ffa-rte_stratified-roberta-base-homo-e1-r80/seed0/10/log.txt,80,True,score log,Complete
ffa,Nonlinear FFA,rte_stratified,RTE stratified,roberta-base,RoBERTa-base,homo,Homo,1,80,0,39,56.678700361010826,epoch_round_tuning/tuning-ffa-rte_stratified-roberta-base-homo-e1-r80,epoch_round_tuning/tuning-ffa-rte_stratified-roberta-base-homo-e1-r80/seed0/10/log.txt,80,True,score log,Complete
ffa,Nonlinear FFA,rte_stratified,RTE stratified,roberta-base,RoBERTa-base,homo,Homo,1,80,0,40,55.95667870036101,epoch_round_tuning/tuning-ffa-rte_stratified-roberta-base-homo-e1-r80,epoch_round_tuning/tuning-ffa-rte_stratified-roberta-base-homo-e1-r80/seed0/10/log.txt,80,True,score log,Complete
ffa,Nonlinear FFA,rte_stratified,RTE stratified,roberta-base,RoBERTa-base,homo,Homo,1,80,0,41,55.95667870036101,epoch_round_tuning/tuning-ffa-rte_stratified-roberta-base-homo-e1-r80,epoch_round_tuning/tuning-ffa-rte_stratified-roberta-base-homo-e1-r80/seed0/10/log.txt,80,True,score log,Complete
ffa,Nonlinear FFA,rte_stratified,RTE stratified,roberta-base,RoBERTa-base,homo,Homo,1,80,0,42,54.87364620938629,epoch_round_tuning/tuning-ffa-rte_stratified-roberta-base-homo-e1-r80,epoch_round_tuning/tuning-ffa-rte_stratified-roberta-base-homo-e1-r80/seed0/10/log.txt,80,True,score log,Complete
ffa,Nonlinear FFA,rte_stratified,RTE stratified,roberta-base,RoBERTa-base,homo,Homo,1,80,0,43,54.51263537906137,epoch_round_tuning/tuning-ffa-rte_stratified-roberta-base-homo-e1-r80,epoch_round_tuning/tuning-ffa-rte_stratified-roberta-base-homo-e1-r80/seed0/10/log.txt,80,True,score log,Complete
ffa,Nonlinear FFA,rte_stratified,RTE stratified,roberta-base,RoBERTa-base,homo,Homo,1,80,0,44,55.23465703971119,epoch_round_tuning/tuning-ffa-rte_stratified-roberta-base-homo-e1-r80,epoch_round_tuning/tuning-ffa-rte_stratified-roberta-base-homo-e1-r80/seed0/10/log.txt,80,True,score log,Complete
ffa,Nonlinear FFA,rte_stratified,RTE stratified,roberta-base,RoBERTa-base,homo,Homo,1,80,0,45,54.87364620938629,epoch_round_tuning/tuning-ffa-rte_stratified-roberta-base-homo-e1-r80,epoch_round_tuning/tuning-ffa-rte_stratified-roberta-base-homo-e1-r80/seed0/10/log.txt,80,True,score log,Complete
ffa,Nonlinear FFA,rte_stratified,RTE stratified,roberta-base,RoBERTa-base,homo,Homo,1,80,0,46,54.151624548736464,epoch_round_tuning/tuning-ffa-rte_stratified-roberta-base-homo-e1-r80,epoch_round_tuning/tuning-ffa-rte_stratified-roberta-base-homo-e1-r80/seed0/10/log.txt,80,True,score log,Complete
ffa,Nonlinear FFA,rte_stratified,RTE stratified,roberta-base,RoBERTa-base,homo,Homo,1,80,0,47,53.42960288808665,epoch_round_tuning/tuning-ffa-rte_stratified-roberta-base-homo-e1-r80,epoch_round_tuning/tuning-ffa-rte_stratified-roberta-base-homo-e1-r80/seed0/10/log.txt,80,True,score log,Complete
ffa,Nonlinear FFA,rte_stratified,RTE stratified,roberta-base,RoBERTa-base,homo,Homo,1,80,0,48,52.707581227436826,epoch_round_tuning/tuning-ffa-rte_stratified-roberta-base-homo-e1-r80,epoch_round_tuning/tuning-ffa-rte_stratified-roberta-base-homo-e1-r80/seed0/10/log.txt,80,True,score log,Complete
ffa,Nonlinear FFA,rte_stratified,RTE stratified,roberta-base,RoBERTa-base,homo,Homo,1,80,0,49,53.42960288808665,epoch_round_tuning/tuning-ffa-rte_stratified-roberta-base-homo-e1-r80,epoch_round_tuning/tuning-ffa-rte_stratified-roberta-base-homo-e1-r80/seed0/10/log.txt,80,True,score log,Complete
ffa,Nonlinear FFA,rte_stratified,RTE stratified,roberta-base,RoBERTa-base,homo,Homo,1,80,0,50,52.707581227436826,epoch_round_tuning/tuning-ffa-rte_stratified-roberta-base-homo-e1-r80,epoch_round_tuning/tuning-ffa-rte_stratified-roberta-base-homo-e1-r80/seed0/10/log.txt,80,True,score log,Complete
ffa,Nonlinear FFA,rte_stratified,RTE stratified,roberta-base,RoBERTa-base,homo,Homo,1,80,0,51,53.42960288808665,epoch_round_tuning/tuning-ffa-rte_stratified-roberta-base-homo-e1-r80,epoch_round_tuning/tuning-ffa-rte_stratified-roberta-base-homo-e1-r80/seed0/10/log.txt,80,True,score log,Complete
ffa,Nonlinear FFA,rte_stratified,RTE stratified,roberta-base,RoBERTa-base,homo,Homo,1,80,0,52,54.151624548736464,epoch_round_tuning/tuning-ffa-rte_stratified-roberta-base-homo-e1-r80,epoch_round_tuning/tuning-ffa-rte_stratified-roberta-base-homo-e1-r80/seed0/10/log.txt,80,True,score log,Complete
ffa,Nonlinear FFA,rte_stratified,RTE stratified,roberta-base,RoBERTa-base,homo,Homo,1,80,0,53,53.79061371841155,epoch_round_tuning/tuning-ffa-rte_stratified-roberta-base-homo-e1-r80,epoch_round_tuning/tuning-ffa-rte_stratified-roberta-base-homo-e1-r80/seed0/10/log.txt,80,True,score log,Complete
ffa,Nonlinear FFA,rte_stratified,RTE stratified,roberta-base,RoBERTa-base,homo,Homo,1,80,0,54,54.151624548736464,epoch_round_tuning/tuning-ffa-rte_stratified-roberta-base-homo-e1-r80,epoch_round_tuning/tuning-ffa-rte_stratified-roberta-base-homo-e1-r80/seed0/10/log.txt,80,True,score log,Complete
ffa,Nonlinear FFA,rte_stratified,RTE stratified,roberta-base,RoBERTa-base,homo,Homo,1,80,0,55,54.151624548736464,epoch_round_tuning/tuning-ffa-rte_stratified-roberta-base-homo-e1-r80,epoch_round_tuning/tuning-ffa-rte_stratified-roberta-base-homo-e1-r80/seed0/10/log.txt,80,True,score log,Complete
ffa,Nonlinear FFA,rte_stratified,RTE stratified,roberta-base,RoBERTa-base,homo,Homo,1,80,0,56,53.79061371841155,epoch_round_tuning/tuning-ffa-rte_stratified-roberta-base-homo-e1-r80,epoch_round_tuning/tuning-ffa-rte_stratified-roberta-base-homo-e1-r80/seed0/10/log.txt,80,True,score log,Complete
ffa,Nonlinear FFA,rte_stratified,RTE stratified,roberta-base,RoBERTa-base,homo,Homo,1,80,0,57,54.151624548736464,epoch_round_tuning/tuning-ffa-rte_stratified-roberta-base-homo-e1-r80,epoch_round_tuning/tuning-ffa-rte_stratified-roberta-base-homo-e1-r80/seed0/10/log.txt,80,True,score log,Complete
ffa,Nonlinear FFA,rte_stratified,RTE stratified,roberta-base,RoBERTa-base,homo,Homo,1,80,0,58,53.79061371841155,epoch_round_tuning/tuning-ffa-rte_stratified-roberta-base-homo-e1-r80,epoch_round_tuning/tuning-ffa-rte_stratified-roberta-base-homo-e1-r80/seed0/10/log.txt,80,True,score log,Complete
ffa,Nonlinear FFA,rte_stratified,RTE stratified,roberta-base,RoBERTa-base,homo,Homo,1,80,0,59,53.42960288808665,epoch_round_tuning/tuning-ffa-rte_stratified-roberta-base-homo-e1-r80,epoch_round_tuning/tuning-ffa-rte_stratified-roberta-base-homo-e1-r80/seed0/10/log.txt,80,True,score log,Complete
ffa,Nonlinear FFA,rte_stratified,RTE stratified,roberta-base,RoBERTa-base,homo,Homo,1,80,0,60,53.42960288808665,epoch_round_tuning/tuning-ffa-rte_stratified-roberta-base-homo-e1-r80,epoch_round_tuning/tuning-ffa-rte_stratified-roberta-base-homo-e1-r80/seed0/10/log.txt,80,True,score log,Complete
ffa,Nonlinear FFA,rte_stratified,RTE stratified,roberta-base,RoBERTa-base,homo,Homo,1,80,0,61,53.42960288808665,epoch_round_tuning/tuning-ffa-rte_stratified-roberta-base-homo-e1-r80,epoch_round_tuning/tuning-ffa-rte_stratified-roberta-base-homo-e1-r80/seed0/10/log.txt,80,True,score log,Complete
ffa,Nonlinear FFA,rte_stratified,RTE stratified,roberta-base,RoBERTa-base,homo,Homo,1,80,0,62,53.42960288808665,epoch_round_tuning/tuning-ffa-rte_stratified-roberta-base-homo-e1-r80,epoch_round_tuning/tuning-ffa-rte_stratified-roberta-base-homo-e1-r80/seed0/10/log.txt,80,True,score log,Complete
ffa,Nonlinear FFA,rte_stratified,RTE stratified,roberta-base,RoBERTa-base,homo,Homo,1,80,0,63,53.42960288808665,epoch_round_tuning/tuning-ffa-rte_stratified-roberta-base-homo-e1-r80,epoch_round_tuning/tuning-ffa-rte_stratified-roberta-base-homo-e1-r80/seed0/10/log.txt,80,True,score log,Complete
ffa,Nonlinear FFA,rte_stratified,RTE stratified,roberta-base,RoBERTa-base,homo,Homo,1,80,0,64,53.068592057761734,epoch_round_tuning/tuning-ffa-rte_stratified-roberta-base-homo-e1-r80,epoch_round_tuning/tuning-ffa-rte_stratified-roberta-base-homo-e1-r80/seed0/10/log.txt,80,True,score log,Complete
ffa,Nonlinear FFA,rte_stratified,RTE stratified,roberta-base,RoBERTa-base,homo,Homo,1,80,0,65,53.068592057761734,epoch_round_tuning/tuning-ffa-rte_stratified-roberta-base-homo-e1-r80,epoch_round_tuning/tuning-ffa-rte_stratified-roberta-base-homo-e1-r80/seed0/10/log.txt,80,True,score log,Complete
ffa,Nonlinear FFA,rte_stratified,RTE stratified,roberta-base,RoBERTa-base,homo,Homo,1,80,0,66,53.79061371841155,epoch_round_tuning/tuning-ffa-rte_stratified-roberta-base-homo-e1-r80,epoch_round_tuning/tuning-ffa-rte_stratified-roberta-base-homo-e1-r80/seed0/10/log.txt,80,True,score log,Complete
ffa,Nonlinear FFA,rte_stratified,RTE stratified,roberta-base,RoBERTa-base,homo,Homo,1,80,0,67,53.42960288808665,epoch_round_tuning/tuning-ffa-rte_stratified-roberta-base-homo-e1-r80,epoch_round_tuning/tuning-ffa-rte_stratified-roberta-base-homo-e1-r80/seed0/10/log.txt,80,True,score log,Complete
ffa,Nonlinear FFA,rte_stratified,RTE stratified,roberta-base,RoBERTa-base,homo,Homo,1,80,0,68,53.42960288808665,epoch_round_tuning/tuning-ffa-rte_stratified-roberta-base-homo-e1-r80,epoch_round_tuning/tuning-ffa-rte_stratified-roberta-base-homo-e1-r80/seed0/10/log.txt,80,True,score log,Complete
ffa,Nonlinear FFA,rte_stratified,RTE stratified,roberta-base,RoBERTa-base,homo,Homo,1,80,0,69,53.068592057761734,epoch_round_tuning/tuning-ffa-rte_stratified-roberta-base-homo-e1-r80,epoch_round_tuning/tuning-ffa-rte_stratified-roberta-base-homo-e1-r80/seed0/10/log.txt,80,True,score log,Complete
ffa,Nonlinear FFA,rte_stratified,RTE stratified,roberta-base,RoBERTa-base,homo,Homo,1,80,0,70,53.068592057761734,epoch_round_tuning/tuning-ffa-rte_stratified-roberta-base-homo-e1-r80,epoch_round_tuning/tuning-ffa-rte_stratified-roberta-base-homo-e1-r80/seed0/10/log.txt,80,True,score log,Complete
ffa,Nonlinear FFA,rte_stratified,RTE stratified,roberta-base,RoBERTa-base,homo,Homo,1,80,0,71,53.42960288808665,epoch_round_tuning/tuning-ffa-rte_stratified-roberta-base-homo-e1-r80,epoch_round_tuning/tuning-ffa-rte_stratified-roberta-base-homo-e1-r80/seed0/10/log.txt,80,True,score log,Complete
ffa,Nonlinear FFA,rte_stratified,RTE stratified,roberta-base,RoBERTa-base,homo,Homo,1,80,0,72,53.42960288808665,epoch_round_tuning/tuning-ffa-rte_stratified-roberta-base-homo-e1-r80,epoch_round_tuning/tuning-ffa-rte_stratified-roberta-base-homo-e1-r80/seed0/10/log.txt,80,True,score log,Complete
ffa,Nonlinear FFA,rte_stratified,RTE stratified,roberta-base,RoBERTa-base,homo,Homo,1,80,0,73,53.068592057761734,epoch_round_tuning/tuning-ffa-rte_stratified-roberta-base-homo-e1-r80,epoch_round_tuning/tuning-ffa-rte_stratified-roberta-base-homo-e1-r80/seed0/10/log.txt,80,True,score log,Complete
ffa,Nonlinear FFA,rte_stratified,RTE stratified,roberta-base,RoBERTa-base,homo,Homo,1,80,0,74,53.42960288808665,epoch_round_tuning/tuning-ffa-rte_stratified-roberta-base-homo-e1-r80,epoch_round_tuning/tuning-ffa-rte_stratified-roberta-base-homo-e1-r80/seed0/10/log.txt,80,True,score log,Complete
ffa,Nonlinear FFA,rte_stratified,RTE stratified,roberta-base,RoBERTa-base,homo,Homo,1,80,0,75,53.068592057761734,epoch_round_tuning/tuning-ffa-rte_stratified-roberta-base-homo-e1-r80,epoch_round_tuning/tuning-ffa-rte_stratified-roberta-base-homo-e1-r80/seed0/10/log.txt,80,True,score log,Complete
ffa,Nonlinear FFA,rte_stratified,RTE stratified,roberta-base,RoBERTa-base,homo,Homo,1,80,0,76,52.707581227436826,epoch_round_tuning/tuning-ffa-rte_stratified-roberta-base-homo-e1-r80,epoch_round_tuning/tuning-ffa-rte_stratified-roberta-base-homo-e1-r80/seed0/10/log.txt,80,True,score log,Complete
ffa,Nonlinear FFA,rte_stratified,RTE stratified,roberta-base,RoBERTa-base,homo,Homo,1,80,0,77,53.068592057761734,epoch_round_tuning/tuning-ffa-rte_stratified-roberta-base-homo-e1-r80,epoch_round_tuning/tuning-ffa-rte_stratified-roberta-base-homo-e1-r80/seed0/10/log.txt,80,True,score log,Complete
ffa,Nonlinear FFA,rte_stratified,RTE stratified,roberta-base,RoBERTa-base,homo,Homo,1,80,0,78,52.34657039711191,epoch_round_tuning/tuning-ffa-rte_stratified-roberta-base-homo-e1-r80,epoch_round_tuning/tuning-ffa-rte_stratified-roberta-base-homo-e1-r80/seed0/10/log.txt,80,True,score log,Complete
ffa,Nonlinear FFA,rte_stratified,RTE stratified,roberta-base,RoBERTa-base,homo,Homo,1,80,0,79,53.068592057761734,epoch_round_tuning/tuning-ffa-rte_stratified-roberta-base-homo-e1-r80,epoch_round_tuning/tuning-ffa-rte_stratified-roberta-base-homo-e1-r80/seed0/10/log.txt,80,True,score log,Complete
ffa,Nonlinear FFA,rte_stratified,RTE stratified,roberta-base,RoBERTa-base,homo,Homo,1,80,0,80,53.42960288808665,epoch_round_tuning/tuning-ffa-rte_stratified-roberta-base-homo-e1-r80,epoch_round_tuning/tuning-ffa-rte_stratified-roberta-base-homo-e1-r80/seed0/10/log.txt,80,True,score log,Complete
ffa,Nonlinear FFA,rte_stratified,RTE stratified,roberta-base,RoBERTa-base,homo,Homo,2,40,0,1,54.51263537906137,epoch_round_tuning/tuning-ffa-rte_stratified-roberta-base-homo-e2-r40,epoch_round_tuning/tuning-ffa-rte_stratified-roberta-base-homo-e2-r40/seed0/10/log.txt,40,True,score log,Complete
ffa,Nonlinear FFA,rte_stratified,RTE stratified,roberta-base,RoBERTa-base,homo,Homo,2,40,0,2,52.34657039711191,epoch_round_tuning/tuning-ffa-rte_stratified-roberta-base-homo-e2-r40,epoch_round_tuning/tuning-ffa-rte_stratified-roberta-base-homo-e2-r40/seed0/10/log.txt,40,True,score log,Complete
ffa,Nonlinear FFA,rte_stratified,RTE stratified,roberta-base,RoBERTa-base,homo,Homo,2,40,0,3,55.95667870036101,epoch_round_tuning/tuning-ffa-rte_stratified-roberta-base-homo-e2-r40,epoch_round_tuning/tuning-ffa-rte_stratified-roberta-base-homo-e2-r40/seed0/10/log.txt,40,True,score log,Complete
ffa,Nonlinear FFA,rte_stratified,RTE stratified,roberta-base,RoBERTa-base,homo,Homo,2,40,0,4,56.317689530685925,epoch_round_tuning/tuning-ffa-rte_stratified-roberta-base-homo-e2-r40,epoch_round_tuning/tuning-ffa-rte_stratified-roberta-base-homo-e2-r40/seed0/10/log.txt,40,True,score log,Complete
ffa,Nonlinear FFA,rte_stratified,RTE stratified,roberta-base,RoBERTa-base,homo,Homo,2,40,0,5,58.48375451263538,epoch_round_tuning/tuning-ffa-rte_stratified-roberta-base-homo-e2-r40,epoch_round_tuning/tuning-ffa-rte_stratified-roberta-base-homo-e2-r40/seed0/10/log.txt,40,True,score log,Complete
ffa,Nonlinear FFA,rte_stratified,RTE stratified,roberta-base,RoBERTa-base,homo,Homo,2,40,0,6,55.23465703971119,epoch_round_tuning/tuning-ffa-rte_stratified-roberta-base-homo-e2-r40,epoch_round_tuning/tuning-ffa-rte_stratified-roberta-base-homo-e2-r40/seed0/10/log.txt,40,True,score log,Complete
ffa,Nonlinear FFA,rte_stratified,RTE stratified,roberta-base,RoBERTa-base,homo,Homo,2,40,0,7,54.151624548736464,epoch_round_tuning/tuning-ffa-rte_stratified-roberta-base-homo-e2-r40,epoch_round_tuning/tuning-ffa-rte_stratified-roberta-base-homo-e2-r40/seed0/10/log.txt,40,True,score log,Complete
ffa,Nonlinear FFA,rte_stratified,RTE stratified,roberta-base,RoBERTa-base,homo,Homo,2,40,0,8,54.87364620938629,epoch_round_tuning/tuning-ffa-rte_stratified-roberta-base-homo-e2-r40,epoch_round_tuning/tuning-ffa-rte_stratified-roberta-base-homo-e2-r40/seed0/10/log.txt,40,True,score log,Complete
ffa,Nonlinear FFA,rte_stratified,RTE stratified,roberta-base,RoBERTa-base,homo,Homo,2,40,0,9,54.87364620938629,epoch_round_tuning/tuning-ffa-rte_stratified-roberta-base-homo-e2-r40,epoch_round_tuning/tuning-ffa-rte_stratified-roberta-base-homo-e2-r40/seed0/10/log.txt,40,True,score log,Complete
ffa,Nonlinear FFA,rte_stratified,RTE stratified,roberta-base,RoBERTa-base,homo,Homo,2,40,0,10,54.51263537906137,epoch_round_tuning/tuning-ffa-rte_stratified-roberta-base-homo-e2-r40,epoch_round_tuning/tuning-ffa-rte_stratified-roberta-base-homo-e2-r40/seed0/10/log.txt,40,True,score log,Complete
ffa,Nonlinear FFA,rte_stratified,RTE stratified,roberta-base,RoBERTa-base,homo,Homo,2,40,0,11,54.87364620938629,epoch_round_tuning/tuning-ffa-rte_stratified-roberta-base-homo-e2-r40,epoch_round_tuning/tuning-ffa-rte_stratified-roberta-base-homo-e2-r40/seed0/10/log.txt,40,True,score log,Complete
ffa,Nonlinear FFA,rte_stratified,RTE stratified,roberta-base,RoBERTa-base,homo,Homo,2,40,0,12,55.5956678700361,epoch_round_tuning/tuning-ffa-rte_stratified-roberta-base-homo-e2-r40,epoch_round_tuning/tuning-ffa-rte_stratified-roberta-base-homo-e2-r40/seed0/10/log.txt,40,True,score log,Complete
ffa,Nonlinear FFA,rte_stratified,RTE stratified,roberta-base,RoBERTa-base,homo,Homo,2,40,0,13,56.317689530685925,epoch_round_tuning/tuning-ffa-rte_stratified-roberta-base-homo-e2-r40,epoch_round_tuning/tuning-ffa-rte_stratified-roberta-base-homo-e2-r40/seed0/10/log.txt,40,True,score log,Complete
ffa,Nonlinear FFA,rte_stratified,RTE stratified,roberta-base,RoBERTa-base,homo,Homo,2,40,0,14,55.95667870036101,epoch_round_tuning/tuning-ffa-rte_stratified-roberta-base-homo-e2-r40,epoch_round_tuning/tuning-ffa-rte_stratified-roberta-base-homo-e2-r40/seed0/10/log.txt,40,True,score log,Complete
ffa,Nonlinear FFA,rte_stratified,RTE stratified,roberta-base,RoBERTa-base,homo,Homo,2,40,0,15,56.678700361010826,epoch_round_tuning/tuning-ffa-rte_stratified-roberta-base-homo-e2-r40,epoch_round_tuning/tuning-ffa-rte_stratified-roberta-base-homo-e2-r40/seed0/10/log.txt,40,True,score log,Complete
ffa,Nonlinear FFA,rte_stratified,RTE stratified,roberta-base,RoBERTa-base,homo,Homo,2,40,0,16,55.95667870036101,epoch_round_tuning/tuning-ffa-rte_stratified-roberta-base-homo-e2-r40,epoch_round_tuning/tuning-ffa-rte_stratified-roberta-base-homo-e2-r40/seed0/10/log.txt,40,True,score log,Complete
ffa,Nonlinear FFA,rte_stratified,RTE stratified,roberta-base,RoBERTa-base,homo,Homo,2,40,0,17,55.95667870036101,epoch_round_tuning/tuning-ffa-rte_stratified-roberta-base-homo-e2-r40,epoch_round_tuning/tuning-ffa-rte_stratified-roberta-base-homo-e2-r40/seed0/10/log.txt,40,True,score log,Complete
ffa,Nonlinear FFA,rte_stratified,RTE stratified,roberta-base,RoBERTa-base,homo,Homo,2,40,0,18,55.95667870036101,epoch_round_tuning/tuning-ffa-rte_stratified-roberta-base-homo-e2-r40,epoch_round_tuning/tuning-ffa-rte_stratified-roberta-base-homo-e2-r40/seed0/10/log.txt,40,True,score log,Complete
ffa,Nonlinear FFA,rte_stratified,RTE stratified,roberta-base,RoBERTa-base,homo,Homo,2,40,0,19,55.95667870036101,epoch_round_tuning/tuning-ffa-rte_stratified-roberta-base-homo-e2-r40,epoch_round_tuning/tuning-ffa-rte_stratified-roberta-base-homo-e2-r40/seed0/10/log.txt,40,True,score log,Complete
ffa,Nonlinear FFA,rte_stratified,RTE stratified,roberta-base,RoBERTa-base,homo,Homo,2,40,0,20,55.5956678700361,epoch_round_tuning/tuning-ffa-rte_stratified-roberta-base-homo-e2-r40,epoch_round_tuning/tuning-ffa-rte_stratified-roberta-base-homo-e2-r40/seed0/10/log.txt,40,True,score log,Complete
ffa,Nonlinear FFA,rte_stratified,RTE stratified,roberta-base,RoBERTa-base,homo,Homo,2,40,0,21,57.03971119133574,epoch_round_tuning/tuning-ffa-rte_stratified-roberta-base-homo-e2-r40,epoch_round_tuning/tuning-ffa-rte_stratified-roberta-base-homo-e2-r40/seed0/10/log.txt,40,True,score log,Complete
ffa,Nonlinear FFA,rte_stratified,RTE stratified,roberta-base,RoBERTa-base,homo,Homo,2,40,0,22,56.678700361010826,epoch_round_tuning/tuning-ffa-rte_stratified-roberta-base-homo-e2-r40,epoch_round_tuning/tuning-ffa-rte_stratified-roberta-base-homo-e2-r40/seed0/10/log.txt,40,True,score log,Complete
ffa,Nonlinear FFA,rte_stratified,RTE stratified,roberta-base,RoBERTa-base,homo,Homo,2,40,0,23,57.03971119133574,epoch_round_tuning/tuning-ffa-rte_stratified-roberta-base-homo-e2-r40,epoch_round_tuning/tuning-ffa-rte_stratified-roberta-base-homo-e2-r40/seed0/10/log.txt,40,True,score log,Complete
ffa,Nonlinear FFA,rte_stratified,RTE stratified,roberta-base,RoBERTa-base,homo,Homo,2,40,0,24,55.95667870036101,epoch_round_tuning/tuning-ffa-rte_stratified-roberta-base-homo-e2-r40,epoch_round_tuning/tuning-ffa-rte_stratified-roberta-base-homo-e2-r40/seed0/10/log.txt,40,True,score log,Complete
ffa,Nonlinear FFA,rte_stratified,RTE stratified,roberta-base,RoBERTa-base,homo,Homo,2,40,0,25,57.03971119133574,epoch_round_tuning/tuning-ffa-rte_stratified-roberta-base-homo-e2-r40,epoch_round_tuning/tuning-ffa-rte_stratified-roberta-base-homo-e2-r40/seed0/10/log.txt,40,True,score log,Complete
ffa,Nonlinear FFA,rte_stratified,RTE stratified,roberta-base,RoBERTa-base,homo,Homo,2,40,0,26,57.03971119133574,epoch_round_tuning/tuning-ffa-rte_stratified-roberta-base-homo-e2-r40,epoch_round_tuning/tuning-ffa-rte_stratified-roberta-base-homo-e2-r40/seed0/10/log.txt,40,True,score log,Complete
ffa,Nonlinear FFA,rte_stratified,RTE stratified,roberta-base,RoBERTa-base,homo,Homo,2,40,0,27,56.317689530685925,epoch_round_tuning/tuning-ffa-rte_stratified-roberta-base-homo-e2-r40,epoch_round_tuning/tuning-ffa-rte_stratified-roberta-base-homo-e2-r40/seed0/10/log.txt,40,True,score log,Complete
ffa,Nonlinear FFA,rte_stratified,RTE stratified,roberta-base,RoBERTa-base,homo,Homo,2,40,0,28,56.678700361010826,epoch_round_tuning/tuning-ffa-rte_stratified-roberta-base-homo-e2-r40,epoch_round_tuning/tuning-ffa-rte_stratified-roberta-base-homo-e2-r40/seed0/10/log.txt,40,True,score log,Complete
ffa,Nonlinear FFA,rte_stratified,RTE stratified,roberta-base,RoBERTa-base,homo,Homo,2,40,0,29,56.678700361010826,epoch_round_tuning/tuning-ffa-rte_stratified-roberta-base-homo-e2-r40,epoch_round_tuning/tuning-ffa-rte_stratified-roberta-base-homo-e2-r40/seed0/10/log.txt,40,True,score log,Complete
ffa,Nonlinear FFA,rte_stratified,RTE stratified,roberta-base,RoBERTa-base,homo,Homo,2,40,0,30,56.317689530685925,epoch_round_tuning/tuning-ffa-rte_stratified-roberta-base-homo-e2-r40,epoch_round_tuning/tuning-ffa-rte_stratified-roberta-base-homo-e2-r40/seed0/10/log.txt,40,True,score log,Complete
ffa,Nonlinear FFA,rte_stratified,RTE stratified,roberta-base,RoBERTa-base,homo,Homo,2,40,0,31,55.95667870036101,epoch_round_tuning/tuning-ffa-rte_stratified-roberta-base-homo-e2-r40,epoch_round_tuning/tuning-ffa-rte_stratified-roberta-base-homo-e2-r40/seed0/10/log.txt,40,True,score log,Complete
ffa,Nonlinear FFA,rte_stratified,RTE stratified,roberta-base,RoBERTa-base,homo,Homo,2,40,0,32,55.5956678700361,epoch_round_tuning/tuning-ffa-rte_stratified-roberta-base-homo-e2-r40,epoch_round_tuning/tuning-ffa-rte_stratified-roberta-base-homo-e2-r40/seed0/10/log.txt,40,True,score log,Complete
ffa,Nonlinear FFA,rte_stratified,RTE stratified,roberta-base,RoBERTa-base,homo,Homo,2,40,0,33,54.51263537906137,epoch_round_tuning/tuning-ffa-rte_stratified-roberta-base-homo-e2-r40,epoch_round_tuning/tuning-ffa-rte_stratified-roberta-base-homo-e2-r40/seed0/10/log.txt,40,True,score log,Complete
ffa,Nonlinear FFA,rte_stratified,RTE stratified,roberta-base,RoBERTa-base,homo,Homo,2,40,0,34,54.87364620938629,epoch_round_tuning/tuning-ffa-rte_stratified-roberta-base-homo-e2-r40,epoch_round_tuning/tuning-ffa-rte_stratified-roberta-base-homo-e2-r40/seed0/10/log.txt,40,True,score log,Complete
ffa,Nonlinear FFA,rte_stratified,RTE stratified,roberta-base,RoBERTa-base,homo,Homo,2,40,0,35,54.51263537906137,epoch_round_tuning/tuning-ffa-rte_stratified-roberta-base-homo-e2-r40,epoch_round_tuning/tuning-ffa-rte_stratified-roberta-base-homo-e2-r40/seed0/10/log.txt,40,True,score log,Complete
ffa,Nonlinear FFA,rte_stratified,RTE stratified,roberta-base,RoBERTa-base,homo,Homo,2,40,0,36,55.5956678700361,epoch_round_tuning/tuning-ffa-rte_stratified-roberta-base-homo-e2-r40,epoch_round_tuning/tuning-ffa-rte_stratified-roberta-base-homo-e2-r40/seed0/10/log.txt,40,True,score log,Complete
ffa,Nonlinear FFA,rte_stratified,RTE stratified,roberta-base,RoBERTa-base,homo,Homo,2,40,0,37,55.5956678700361,epoch_round_tuning/tuning-ffa-rte_stratified-roberta-base-homo-e2-r40,epoch_round_tuning/tuning-ffa-rte_stratified-roberta-base-homo-e2-r40/seed0/10/log.txt,40,True,score log,Complete
ffa,Nonlinear FFA,rte_stratified,RTE stratified,roberta-base,RoBERTa-base,homo,Homo,2,40,0,38,55.5956678700361,epoch_round_tuning/tuning-ffa-rte_stratified-roberta-base-homo-e2-r40,epoch_round_tuning/tuning-ffa-rte_stratified-roberta-base-homo-e2-r40/seed0/10/log.txt,40,True,score log,Complete
ffa,Nonlinear FFA,rte_stratified,RTE stratified,roberta-base,RoBERTa-base,homo,Homo,2,40,0,39,56.317689530685925,epoch_round_tuning/tuning-ffa-rte_stratified-roberta-base-homo-e2-r40,epoch_round_tuning/tuning-ffa-rte_stratified-roberta-base-homo-e2-r40/seed0/10/log.txt,40,True,score log,Complete
ffa,Nonlinear FFA,rte_stratified,RTE stratified,roberta-base,RoBERTa-base,homo,Homo,2,40,0,40,56.678700361010826,epoch_round_tuning/tuning-ffa-rte_stratified-roberta-base-homo-e2-r40,epoch_round_tuning/tuning-ffa-rte_stratified-roberta-base-homo-e2-r40/seed0/10/log.txt,40,True,score log,Complete
ffa,Nonlinear FFA,rte_stratified,RTE stratified,roberta-base,RoBERTa-base,homo,Homo,4,20,0,1,53.79061371841155,epoch_round_tuning/tuning-ffa-rte_stratified-roberta-base-homo-e4-r20,epoch_round_tuning/tuning-ffa-rte_stratified-roberta-base-homo-e4-r20/seed0/10/log.txt,20,True,score log,Complete
ffa,Nonlinear FFA,rte_stratified,RTE stratified,roberta-base,RoBERTa-base,homo,Homo,4,20,0,2,58.48375451263538,epoch_round_tuning/tuning-ffa-rte_stratified-roberta-base-homo-e4-r20,epoch_round_tuning/tuning-ffa-rte_stratified-roberta-base-homo-e4-r20/seed0/10/log.txt,20,True,score log,Complete
ffa,Nonlinear FFA,rte_stratified,RTE stratified,roberta-base,RoBERTa-base,homo,Homo,4,20,0,3,55.95667870036101,epoch_round_tuning/tuning-ffa-rte_stratified-roberta-base-homo-e4-r20,epoch_round_tuning/tuning-ffa-rte_stratified-roberta-base-homo-e4-r20/seed0/10/log.txt,20,True,score log,Complete
ffa,Nonlinear FFA,rte_stratified,RTE stratified,roberta-base,RoBERTa-base,homo,Homo,4,20,0,4,55.23465703971119,epoch_round_tuning/tuning-ffa-rte_stratified-roberta-base-homo-e4-r20,epoch_round_tuning/tuning-ffa-rte_stratified-roberta-base-homo-e4-r20/seed0/10/log.txt,20,True,score log,Complete
ffa,Nonlinear FFA,rte_stratified,RTE stratified,roberta-base,RoBERTa-base,homo,Homo,4,20,0,5,55.5956678700361,epoch_round_tuning/tuning-ffa-rte_stratified-roberta-base-homo-e4-r20,epoch_round_tuning/tuning-ffa-rte_stratified-roberta-base-homo-e4-r20/seed0/10/log.txt,20,True,score log,Complete
ffa,Nonlinear FFA,rte_stratified,RTE stratified,roberta-base,RoBERTa-base,homo,Homo,4,20,0,6,54.87364620938629,epoch_round_tuning/tuning-ffa-rte_stratified-roberta-base-homo-e4-r20,epoch_round_tuning/tuning-ffa-rte_stratified-roberta-base-homo-e4-r20/seed0/10/log.txt,20,True,score log,Complete
ffa,Nonlinear FFA,rte_stratified,RTE stratified,roberta-base,RoBERTa-base,homo,Homo,4,20,0,7,54.87364620938629,epoch_round_tuning/tuning-ffa-rte_stratified-roberta-base-homo-e4-r20,epoch_round_tuning/tuning-ffa-rte_stratified-roberta-base-homo-e4-r20/seed0/10/log.txt,20,True,score log,Complete
ffa,Nonlinear FFA,rte_stratified,RTE stratified,roberta-base,RoBERTa-base,homo,Homo,4,20,0,8,55.5956678700361,epoch_round_tuning/tuning-ffa-rte_stratified-roberta-base-homo-e4-r20,epoch_round_tuning/tuning-ffa-rte_stratified-roberta-base-homo-e4-r20/seed0/10/log.txt,20,True,score log,Complete
ffa,Nonlinear FFA,rte_stratified,RTE stratified,roberta-base,RoBERTa-base,homo,Homo,4,20,0,9,56.317689530685925,epoch_round_tuning/tuning-ffa-rte_stratified-roberta-base-homo-e4-r20,epoch_round_tuning/tuning-ffa-rte_stratified-roberta-base-homo-e4-r20/seed0/10/log.txt,20,True,score log,Complete
ffa,Nonlinear FFA,rte_stratified,RTE stratified,roberta-base,RoBERTa-base,homo,Homo,4,20,0,10,56.678700361010826,epoch_round_tuning/tuning-ffa-rte_stratified-roberta-base-homo-e4-r20,epoch_round_tuning/tuning-ffa-rte_stratified-roberta-base-homo-e4-r20/seed0/10/log.txt,20,True,score log,Complete
ffa,Nonlinear FFA,rte_stratified,RTE stratified,roberta-base,RoBERTa-base,homo,Homo,4,20,0,11,56.317689530685925,epoch_round_tuning/tuning-ffa-rte_stratified-roberta-base-homo-e4-r20,epoch_round_tuning/tuning-ffa-rte_stratified-roberta-base-homo-e4-r20/seed0/10/log.txt,20,True,score log,Complete
ffa,Nonlinear FFA,rte_stratified,RTE stratified,roberta-base,RoBERTa-base,homo,Homo,4,20,0,12,56.317689530685925,epoch_round_tuning/tuning-ffa-rte_stratified-roberta-base-homo-e4-r20,epoch_round_tuning/tuning-ffa-rte_stratified-roberta-base-homo-e4-r20/seed0/10/log.txt,20,True,score log,Complete
ffa,Nonlinear FFA,rte_stratified,RTE stratified,roberta-base,RoBERTa-base,homo,Homo,4,20,0,13,56.317689530685925,epoch_round_tuning/tuning-ffa-rte_stratified-roberta-base-homo-e4-r20,epoch_round_tuning/tuning-ffa-rte_stratified-roberta-base-homo-e4-r20/seed0/10/log.txt,20,True,score log,Complete
ffa,Nonlinear FFA,rte_stratified,RTE stratified,roberta-base,RoBERTa-base,homo,Homo,4,20,0,14,55.5956678700361,epoch_round_tuning/tuning-ffa-rte_stratified-roberta-base-homo-e4-r20,epoch_round_tuning/tuning-ffa-rte_stratified-roberta-base-homo-e4-r20/seed0/10/log.txt,20,True,score log,Complete
ffa,Nonlinear FFA,rte_stratified,RTE stratified,roberta-base,RoBERTa-base,homo,Homo,4,20,0,15,54.87364620938629,epoch_round_tuning/tuning-ffa-rte_stratified-roberta-base-homo-e4-r20,epoch_round_tuning/tuning-ffa-rte_stratified-roberta-base-homo-e4-r20/seed0/10/log.txt,20,True,score log,Complete
ffa,Nonlinear FFA,rte_stratified,RTE stratified,roberta-base,RoBERTa-base,homo,Homo,4,20,0,16,54.87364620938629,epoch_round_tuning/tuning-ffa-rte_stratified-roberta-base-homo-e4-r20,epoch_round_tuning/tuning-ffa-rte_stratified-roberta-base-homo-e4-r20/seed0/10/log.txt,20,True,score log,Complete
ffa,Nonlinear FFA,rte_stratified,RTE stratified,roberta-base,RoBERTa-base,homo,Homo,4,20,0,17,55.23465703971119,epoch_round_tuning/tuning-ffa-rte_stratified-roberta-base-homo-e4-r20,epoch_round_tuning/tuning-ffa-rte_stratified-roberta-base-homo-e4-r20/seed0/10/log.txt,20,True,score log,Complete
ffa,Nonlinear FFA,rte_stratified,RTE stratified,roberta-base,RoBERTa-base,homo,Homo,4,20,0,18,55.5956678700361,epoch_round_tuning/tuning-ffa-rte_stratified-roberta-base-homo-e4-r20,epoch_round_tuning/tuning-ffa-rte_stratified-roberta-base-homo-e4-r20/seed0/10/log.txt,20,True,score log,Complete
ffa,Nonlinear FFA,rte_stratified,RTE stratified,roberta-base,RoBERTa-base,homo,Homo,4,20,0,19,55.5956678700361,epoch_round_tuning/tuning-ffa-rte_stratified-roberta-base-homo-e4-r20,epoch_round_tuning/tuning-ffa-rte_stratified-roberta-base-homo-e4-r20/seed0/10/log.txt,20,True,score log,Complete
ffa,Nonlinear FFA,rte_stratified,RTE stratified,roberta-base,RoBERTa-base,homo,Homo,4,20,0,20,55.95667870036101,epoch_round_tuning/tuning-ffa-rte_stratified-roberta-base-homo-e4-r20,epoch_round_tuning/tuning-ffa-rte_stratified-roberta-base-homo-e4-r20/seed0/10/log.txt,20,True,score log,Complete
ffa,Nonlinear FFA,rte_stratified,RTE stratified,roberta-base,RoBERTa-base,homo,Homo,8,10,0,1,57.761732851985556,epoch_round_tuning/tuning-ffa-rte_stratified-roberta-base-homo-e8-r10,epoch_round_tuning/tuning-ffa-rte_stratified-roberta-base-homo-e8-r10/seed0/10/log.txt,10,True,score log,Complete
ffa,Nonlinear FFA,rte_stratified,RTE stratified,roberta-base,RoBERTa-base,homo,Homo,8,10,0,2,58.48375451263538,epoch_round_tuning/tuning-ffa-rte_stratified-roberta-base-homo-e8-r10,epoch_round_tuning/tuning-ffa-rte_stratified-roberta-base-homo-e8-r10/seed0/10/log.txt,10,True,score log,Complete
ffa,Nonlinear FFA,rte_stratified,RTE stratified,roberta-base,RoBERTa-base,homo,Homo,8,10,0,3,58.48375451263538,epoch_round_tuning/tuning-ffa-rte_stratified-roberta-base-homo-e8-r10,epoch_round_tuning/tuning-ffa-rte_stratified-roberta-base-homo-e8-r10/seed0/10/log.txt,10,True,score log,Complete
ffa,Nonlinear FFA,rte_stratified,RTE stratified,roberta-base,RoBERTa-base,homo,Homo,8,10,0,4,56.317689530685925,epoch_round_tuning/tuning-ffa-rte_stratified-roberta-base-homo-e8-r10,epoch_round_tuning/tuning-ffa-rte_stratified-roberta-base-homo-e8-r10/seed0/10/log.txt,10,True,score log,Complete
ffa,Nonlinear FFA,rte_stratified,RTE stratified,roberta-base,RoBERTa-base,homo,Homo,8,10,0,5,56.317689530685925,epoch_round_tuning/tuning-ffa-rte_stratified-roberta-base-homo-e8-r10,epoch_round_tuning/tuning-ffa-rte_stratified-roberta-base-homo-e8-r10/seed0/10/log.txt,10,True,score log,Complete
ffa,Nonlinear FFA,rte_stratified,RTE stratified,roberta-base,RoBERTa-base,homo,Homo,8,10,0,6,56.678700361010826,epoch_round_tuning/tuning-ffa-rte_stratified-roberta-base-homo-e8-r10,epoch_round_tuning/tuning-ffa-rte_stratified-roberta-base-homo-e8-r10/seed0/10/log.txt,10,True,score log,Complete
ffa,Nonlinear FFA,rte_stratified,RTE stratified,roberta-base,RoBERTa-base,homo,Homo,8,10,0,7,57.03971119133574,epoch_round_tuning/tuning-ffa-rte_stratified-roberta-base-homo-e8-r10,epoch_round_tuning/tuning-ffa-rte_stratified-roberta-base-homo-e8-r10/seed0/10/log.txt,10,True,score log,Complete
ffa,Nonlinear FFA,rte_stratified,RTE stratified,roberta-base,RoBERTa-base,homo,Homo,8,10,0,8,57.761732851985556,epoch_round_tuning/tuning-ffa-rte_stratified-roberta-base-homo-e8-r10,epoch_round_tuning/tuning-ffa-rte_stratified-roberta-base-homo-e8-r10/seed0/10/log.txt,10,True,score log,Complete
ffa,Nonlinear FFA,rte_stratified,RTE stratified,roberta-base,RoBERTa-base,homo,Homo,8,10,0,9,57.03971119133574,epoch_round_tuning/tuning-ffa-rte_stratified-roberta-base-homo-e8-r10,epoch_round_tuning/tuning-ffa-rte_stratified-roberta-base-homo-e8-r10/seed0/10/log.txt,10,True,score log,Complete
ffa,Nonlinear FFA,rte_stratified,RTE stratified,roberta-base,RoBERTa-base,homo,Homo,8,10,0,10,56.678700361010826,epoch_round_tuning/tuning-ffa-rte_stratified-roberta-base-homo-e8-r10,epoch_round_tuning/tuning-ffa-rte_stratified-roberta-base-homo-e8-r10/seed0/10/log.txt,10,True,score log,Complete
flora,Linear FLoRA,rte_stratified,RTE stratified,roberta-base,RoBERTa-base,heter,Heter,1,80,0,1,47.292418772563174,epoch_round_tuning/tuning-flora-rte_stratified-roberta-base-heter-e1-r80,epoch_round_tuning/tuning-flora-rte_stratified-roberta-base-heter-e1-r80/seed0/10log.txt,80,True,score log,Complete
flora,Linear FLoRA,rte_stratified,RTE stratified,roberta-base,RoBERTa-base,heter,Heter,1,80,0,2,53.068592057761734,epoch_round_tuning/tuning-flora-rte_stratified-roberta-base-heter-e1-r80,epoch_round_tuning/tuning-flora-rte_stratified-roberta-base-heter-e1-r80/seed0/10log.txt,80,True,score log,Complete
flora,Linear FLoRA,rte_stratified,RTE stratified,roberta-base,RoBERTa-base,heter,Heter,1,80,0,3,48.014440433213,epoch_round_tuning/tuning-flora-rte_stratified-roberta-base-heter-e1-r80,epoch_round_tuning/tuning-flora-rte_stratified-roberta-base-heter-e1-r80/seed0/10log.txt,80,True,score log,Complete
flora,Linear FLoRA,rte_stratified,RTE stratified,roberta-base,RoBERTa-base,heter,Heter,1,80,0,4,56.678700361010826,epoch_round_tuning/tuning-flora-rte_stratified-roberta-base-heter-e1-r80,epoch_round_tuning/tuning-flora-rte_stratified-roberta-base-heter-e1-r80/seed0/10log.txt,80,True,score log,Complete
flora,Linear FLoRA,rte_stratified,RTE stratified,roberta-base,RoBERTa-base,heter,Heter,1,80,0,5,51.985559566786996,epoch_round_tuning/tuning-flora-rte_stratified-roberta-base-heter-e1-r80,epoch_round_tuning/tuning-flora-rte_stratified-roberta-base-heter-e1-r80/seed0/10log.txt,80,True,score log,Complete
flora,Linear FLoRA,rte_stratified,RTE stratified,roberta-base,RoBERTa-base,heter,Heter,1,80,0,6,55.5956678700361,epoch_round_tuning/tuning-flora-rte_stratified-roberta-base-heter-e1-r80,epoch_round_tuning/tuning-flora-rte_stratified-roberta-base-heter-e1-r80/seed0/10log.txt,80,True,score log,Complete
flora,Linear FLoRA,rte_stratified,RTE stratified,roberta-base,RoBERTa-base,heter,Heter,1,80,0,7,53.068592057761734,epoch_round_tuning/tuning-flora-rte_stratified-roberta-base-heter-e1-r80,epoch_round_tuning/tuning-flora-rte_stratified-roberta-base-heter-e1-r80/seed0/10log.txt,80,True,score log,Complete
flora,Linear FLoRA,rte_stratified,RTE stratified,roberta-base,RoBERTa-base,heter,Heter,1,80,0,8,54.51263537906137,epoch_round_tuning/tuning-flora-rte_stratified-roberta-base-heter-e1-r80,epoch_round_tuning/tuning-flora-rte_stratified-roberta-base-heter-e1-r80/seed0/10log.txt,80,True,score log,Complete
flora,Linear FLoRA,rte_stratified,RTE stratified,roberta-base,RoBERTa-base,heter,Heter,1,80,0,9,54.151624548736464,epoch_round_tuning/tuning-flora-rte_stratified-roberta-base-heter-e1-r80,epoch_round_tuning/tuning-flora-rte_stratified-roberta-base-heter-e1-r80/seed0/10log.txt,80,True,score log,Complete
flora,Linear FLoRA,rte_stratified,RTE stratified,roberta-base,RoBERTa-base,heter,Heter,1,80,0,10,54.87364620938629,epoch_round_tuning/tuning-flora-rte_stratified-roberta-base-heter-e1-r80,epoch_round_tuning/tuning-flora-rte_stratified-roberta-base-heter-e1-r80/seed0/10log.txt,80,True,score log,Complete
flora,Linear FLoRA,rte_stratified,RTE stratified,roberta-base,RoBERTa-base,heter,Heter,1,80,0,11,54.87364620938629,epoch_round_tuning/tuning-flora-rte_stratified-roberta-base-heter-e1-r80,epoch_round_tuning/tuning-flora-rte_stratified-roberta-base-heter-e1-r80/seed0/10log.txt,80,True,score log,Complete
flora,Linear FLoRA,rte_stratified,RTE stratified,roberta-base,RoBERTa-base,heter,Heter,1,80,0,12,54.51263537906137,epoch_round_tuning/tuning-flora-rte_stratified-roberta-base-heter-e1-r80,epoch_round_tuning/tuning-flora-rte_stratified-roberta-base-heter-e1-r80/seed0/10log.txt,80,True,score log,Complete
flora,Linear FLoRA,rte_stratified,RTE stratified,roberta-base,RoBERTa-base,heter,Heter,1,80,0,13,55.5956678700361,epoch_round_tuning/tuning-flora-rte_stratified-roberta-base-heter-e1-r80,epoch_round_tuning/tuning-flora-rte_stratified-roberta-base-heter-e1-r80/seed0/10log.txt,80,True,score log,Complete
flora,Linear FLoRA,rte_stratified,RTE stratified,roberta-base,RoBERTa-base,heter,Heter,1,80,0,14,57.400722021660656,epoch_round_tuning/tuning-flora-rte_stratified-roberta-base-heter-e1-r80,epoch_round_tuning/tuning-flora-rte_stratified-roberta-base-heter-e1-r80/seed0/10log.txt,80,True,score log,Complete
flora,Linear FLoRA,rte_stratified,RTE stratified,roberta-base,RoBERTa-base,heter,Heter,1,80,0,15,58.12274368231047,epoch_round_tuning/tuning-flora-rte_stratified-roberta-base-heter-e1-r80,epoch_round_tuning/tuning-flora-rte_stratified-roberta-base-heter-e1-r80/seed0/10log.txt,80,True,score log,Complete
flora,Linear FLoRA,rte_stratified,RTE stratified,roberta-base,RoBERTa-base,heter,Heter,1,80,0,16,58.12274368231047,epoch_round_tuning/tuning-flora-rte_stratified-roberta-base-heter-e1-r80,epoch_round_tuning/tuning-flora-rte_stratified-roberta-base-heter-e1-r80/seed0/10log.txt,80,True,score log,Complete
flora,Linear FLoRA,rte_stratified,RTE stratified,roberta-base,RoBERTa-base,heter,Heter,1,80,0,17,57.400722021660656,epoch_round_tuning/tuning-flora-rte_stratified-roberta-base-heter-e1-r80,epoch_round_tuning/tuning-flora-rte_stratified-roberta-base-heter-e1-r80/seed0/10log.txt,80,True,score log,Complete
flora,Linear FLoRA,rte_stratified,RTE stratified,roberta-base,RoBERTa-base,heter,Heter,1,80,0,18,56.678700361010826,epoch_round_tuning/tuning-flora-rte_stratified-roberta-base-heter-e1-r80,epoch_round_tuning/tuning-flora-rte_stratified-roberta-base-heter-e1-r80/seed0/10log.txt,80,True,score log,Complete
flora,Linear FLoRA,rte_stratified,RTE stratified,roberta-base,RoBERTa-base,heter,Heter,1,80,0,19,55.5956678700361,epoch_round_tuning/tuning-flora-rte_stratified-roberta-base-heter-e1-r80,epoch_round_tuning/tuning-flora-rte_stratified-roberta-base-heter-e1-r80/seed0/10log.txt,80,True,score log,Complete
flora,Linear FLoRA,rte_stratified,RTE stratified,roberta-base,RoBERTa-base,heter,Heter,1,80,0,20,55.23465703971119,epoch_round_tuning/tuning-flora-rte_stratified-roberta-base-heter-e1-r80,epoch_round_tuning/tuning-flora-rte_stratified-roberta-base-heter-e1-r80/seed0/10log.txt,80,True,score log,Complete
flora,Linear FLoRA,rte_stratified,RTE stratified,roberta-base,RoBERTa-base,heter,Heter,1,80,0,21,54.87364620938629,epoch_round_tuning/tuning-flora-rte_stratified-roberta-base-heter-e1-r80,epoch_round_tuning/tuning-flora-rte_stratified-roberta-base-heter-e1-r80/seed0/10log.txt,80,True,score log,Complete
flora,Linear FLoRA,rte_stratified,RTE stratified,roberta-base,RoBERTa-base,heter,Heter,1,80,0,22,54.51263537906137,epoch_round_tuning/tuning-flora-rte_stratified-roberta-base-heter-e1-r80,epoch_round_tuning/tuning-flora-rte_stratified-roberta-base-heter-e1-r80/seed0/10log.txt,80,True,score log,Complete
flora,Linear FLoRA,rte_stratified,RTE stratified,roberta-base,RoBERTa-base,heter,Heter,1,80,0,23,54.51263537906137,epoch_round_tuning/tuning-flora-rte_stratified-roberta-base-heter-e1-r80,epoch_round_tuning/tuning-flora-rte_stratified-roberta-base-heter-e1-r80/seed0/10log.txt,80,True,score log,Complete
flora,Linear FLoRA,rte_stratified,RTE stratified,roberta-base,RoBERTa-base,heter,Heter,1,80,0,24,54.87364620938629,epoch_round_tuning/tuning-flora-rte_stratified-roberta-base-heter-e1-r80,epoch_round_tuning/tuning-flora-rte_stratified-roberta-base-heter-e1-r80/seed0/10log.txt,80,True,score log,Complete
flora,Linear FLoRA,rte_stratified,RTE stratified,roberta-base,RoBERTa-base,heter,Heter,1,80,0,25,54.87364620938629,epoch_round_tuning/tuning-flora-rte_stratified-roberta-base-heter-e1-r80,epoch_round_tuning/tuning-flora-rte_stratified-roberta-base-heter-e1-r80/seed0/10log.txt,80,True,score log,Complete
flora,Linear FLoRA,rte_stratified,RTE stratified,roberta-base,RoBERTa-base,heter,Heter,1,80,0,26,53.42960288808665,epoch_round_tuning/tuning-flora-rte_stratified-roberta-base-heter-e1-r80,epoch_round_tuning/tuning-flora-rte_stratified-roberta-base-heter-e1-r80/seed0/10log.txt,80,True,score log,Complete
flora,Linear FLoRA,rte_stratified,RTE stratified,roberta-base,RoBERTa-base,heter,Heter,1,80,0,27,53.79061371841155,epoch_round_tuning/tuning-flora-rte_stratified-roberta-base-heter-e1-r80,epoch_round_tuning/tuning-flora-rte_stratified-roberta-base-heter-e1-r80/seed0/10log.txt,80,True,score log,Complete
flora,Linear FLoRA,rte_stratified,RTE stratified,roberta-base,RoBERTa-base,heter,Heter,1,80,0,28,53.79061371841155,epoch_round_tuning/tuning-flora-rte_stratified-roberta-base-heter-e1-r80,epoch_round_tuning/tuning-flora-rte_stratified-roberta-base-heter-e1-r80/seed0/10log.txt,80,True,score log,Complete
flora,Linear FLoRA,rte_stratified,RTE stratified,roberta-base,RoBERTa-base,heter,Heter,1,80,0,29,54.51263537906137,epoch_round_tuning/tuning-flora-rte_stratified-roberta-base-heter-e1-r80,epoch_round_tuning/tuning-flora-rte_stratified-roberta-base-heter-e1-r80/seed0/10log.txt,80,True,score log,Complete
flora,Linear FLoRA,rte_stratified,RTE stratified,roberta-base,RoBERTa-base,heter,Heter,1,80,0,30,55.23465703971119,epoch_round_tuning/tuning-flora-rte_stratified-roberta-base-heter-e1-r80,epoch_round_tuning/tuning-flora-rte_stratified-roberta-base-heter-e1-r80/seed0/10log.txt,80,True,score log,Complete
flora,Linear FLoRA,rte_stratified,RTE stratified,roberta-base,RoBERTa-base,heter,Heter,1,80,0,31,54.87364620938629,epoch_round_tuning/tuning-flora-rte_stratified-roberta-base-heter-e1-r80,epoch_round_tuning/tuning-flora-rte_stratified-roberta-base-heter-e1-r80/seed0/10log.txt,80,True,score log,Complete
flora,Linear FLoRA,rte_stratified,RTE stratified,roberta-base,RoBERTa-base,heter,Heter,1,80,0,32,54.51263537906137,epoch_round_tuning/tuning-flora-rte_stratified-roberta-base-heter-e1-r80,epoch_round_tuning/tuning-flora-rte_stratified-roberta-base-heter-e1-r80/seed0/10log.txt,80,True,score log,Complete
flora,Linear FLoRA,rte_stratified,RTE stratified,roberta-base,RoBERTa-base,heter,Heter,1,80,0,33,52.707581227436826,epoch_round_tuning/tuning-flora-rte_stratified-roberta-base-heter-e1-r80,epoch_round_tuning/tuning-flora-rte_stratified-roberta-base-heter-e1-r80/seed0/10log.txt,80,True,score log,Complete
flora,Linear FLoRA,rte_stratified,RTE stratified,roberta-base,RoBERTa-base,heter,Heter,1,80,0,34,53.42960288808665,epoch_round_tuning/tuning-flora-rte_stratified-roberta-base-heter-e1-r80,epoch_round_tuning/tuning-flora-rte_stratified-roberta-base-heter-e1-r80/seed0/10log.txt,80,True,score log,Complete
flora,Linear FLoRA,rte_stratified,RTE stratified,roberta-base,RoBERTa-base,heter,Heter,1,80,0,35,53.42960288808665,epoch_round_tuning/tuning-flora-rte_stratified-roberta-base-heter-e1-r80,epoch_round_tuning/tuning-flora-rte_stratified-roberta-base-heter-e1-r80/seed0/10log.txt,80,True,score log,Complete
flora,Linear FLoRA,rte_stratified,RTE stratified,roberta-base,RoBERTa-base,heter,Heter,1,80,0,36,52.707581227436826,epoch_round_tuning/tuning-flora-rte_stratified-roberta-base-heter-e1-r80,epoch_round_tuning/tuning-flora-rte_stratified-roberta-base-heter-e1-r80/seed0/10log.txt,80,True,score log,Complete
flora,Linear FLoRA,rte_stratified,RTE stratified,roberta-base,RoBERTa-base,heter,Heter,1,80,0,37,52.707581227436826,epoch_round_tuning/tuning-flora-rte_stratified-roberta-base-heter-e1-r80,epoch_round_tuning/tuning-flora-rte_stratified-roberta-base-heter-e1-r80/seed0/10log.txt,80,True,score log,Complete
flora,Linear FLoRA,rte_stratified,RTE stratified,roberta-base,RoBERTa-base,heter,Heter,1,80,0,38,53.068592057761734,epoch_round_tuning/tuning-flora-rte_stratified-roberta-base-heter-e1-r80,epoch_round_tuning/tuning-flora-rte_stratified-roberta-base-heter-e1-r80/seed0/10log.txt,80,True,score log,Complete
flora,Linear FLoRA,rte_stratified,RTE stratified,roberta-base,RoBERTa-base,heter,Heter,1,80,0,39,54.151624548736464,epoch_round_tuning/tuning-flora-rte_stratified-roberta-base-heter-e1-r80,epoch_round_tuning/tuning-flora-rte_stratified-roberta-base-heter-e1-r80/seed0/10log.txt,80,True,score log,Complete
flora,Linear FLoRA,rte_stratified,RTE stratified,roberta-base,RoBERTa-base,heter,Heter,1,80,0,40,54.87364620938629,epoch_round_tuning/tuning-flora-rte_stratified-roberta-base-heter-e1-r80,epoch_round_tuning/tuning-flora-rte_stratified-roberta-base-heter-e1-r80/seed0/10log.txt,80,True,score log,Complete
flora,Linear FLoRA,rte_stratified,RTE stratified,roberta-base,RoBERTa-base,heter,Heter,1,80,0,41,55.5956678700361,epoch_round_tuning/tuning-flora-rte_stratified-roberta-base-heter-e1-r80,epoch_round_tuning/tuning-flora-rte_stratified-roberta-base-heter-e1-r80/seed0/10log.txt,80,True,score log,Complete
flora,Linear FLoRA,rte_stratified,RTE stratified,roberta-base,RoBERTa-base,heter,Heter,1,80,0,42,55.5956678700361,epoch_round_tuning/tuning-flora-rte_stratified-roberta-base-heter-e1-r80,epoch_round_tuning/tuning-flora-rte_stratified-roberta-base-heter-e1-r80/seed0/10log.txt,80,True,score log,Complete
flora,Linear FLoRA,rte_stratified,RTE stratified,roberta-base,RoBERTa-base,heter,Heter,1,80,0,43,55.5956678700361,epoch_round_tuning/tuning-flora-rte_stratified-roberta-base-heter-e1-r80,epoch_round_tuning/tuning-flora-rte_stratified-roberta-base-heter-e1-r80/seed0/10log.txt,80,True,score log,Complete
flora,Linear FLoRA,rte_stratified,RTE stratified,roberta-base,RoBERTa-base,heter,Heter,1,80,0,44,54.51263537906137,epoch_round_tuning/tuning-flora-rte_stratified-roberta-base-heter-e1-r80,epoch_round_tuning/tuning-flora-rte_stratified-roberta-base-heter-e1-r80/seed0/10log.txt,80,True,score log,Complete
flora,Linear FLoRA,rte_stratified,RTE stratified,roberta-base,RoBERTa-base,heter,Heter,1,80,0,45,54.87364620938629,epoch_round_tuning/tuning-flora-rte_stratified-roberta-base-heter-e1-r80,epoch_round_tuning/tuning-flora-rte_stratified-roberta-base-heter-e1-r80/seed0/10log.txt,80,True,score log,Complete
flora,Linear FLoRA,rte_stratified,RTE stratified,roberta-base,RoBERTa-base,heter,Heter,1,80,0,46,54.87364620938629,epoch_round_tuning/tuning-flora-rte_stratified-roberta-base-heter-e1-r80,epoch_round_tuning/tuning-flora-rte_stratified-roberta-base-heter-e1-r80/seed0/10log.txt,80,True,score log,Complete
flora,Linear FLoRA,rte_stratified,RTE stratified,roberta-base,RoBERTa-base,heter,Heter,1,80,0,47,54.87364620938629,epoch_round_tuning/tuning-flora-rte_stratified-roberta-base-heter-e1-r80,epoch_round_tuning/tuning-flora-rte_stratified-roberta-base-heter-e1-r80/seed0/10log.txt,80,True,score log,Complete
flora,Linear FLoRA,rte_stratified,RTE stratified,roberta-base,RoBERTa-base,heter,Heter,1,80,0,48,54.87364620938629,epoch_round_tuning/tuning-flora-rte_stratified-roberta-base-heter-e1-r80,epoch_round_tuning/tuning-flora-rte_stratified-roberta-base-heter-e1-r80/seed0/10log.txt,80,True,score log,Complete
flora,Linear FLoRA,rte_stratified,RTE stratified,roberta-base,RoBERTa-base,heter,Heter,1,80,0,49,55.23465703971119,epoch_round_tuning/tuning-flora-rte_stratified-roberta-base-heter-e1-r80,epoch_round_tuning/tuning-flora-rte_stratified-roberta-base-heter-e1-r80/seed0/10log.txt,80,True,score log,Complete
flora,Linear FLoRA,rte_stratified,RTE stratified,roberta-base,RoBERTa-base,heter,Heter,1,80,0,50,55.23465703971119,epoch_round_tuning/tuning-flora-rte_stratified-roberta-base-heter-e1-r80,epoch_round_tuning/tuning-flora-rte_stratified-roberta-base-heter-e1-r80/seed0/10log.txt,80,True,score log,Complete
flora,Linear FLoRA,rte_stratified,RTE stratified,roberta-base,RoBERTa-base,heter,Heter,1,80,0,51,55.23465703971119,epoch_round_tuning/tuning-flora-rte_stratified-roberta-base-heter-e1-r80,epoch_round_tuning/tuning-flora-rte_stratified-roberta-base-heter-e1-r80/seed0/10log.txt,80,True,score log,Complete
flora,Linear FLoRA,rte_stratified,RTE stratified,roberta-base,RoBERTa-base,heter,Heter,1,80,0,52,53.79061371841155,epoch_round_tuning/tuning-flora-rte_stratified-roberta-base-heter-e1-r80,epoch_round_tuning/tuning-flora-rte_stratified-roberta-base-heter-e1-r80/seed0/10log.txt,80,True,score log,Complete
flora,Linear FLoRA,rte_stratified,RTE stratified,roberta-base,RoBERTa-base,heter,Heter,1,80,0,53,55.5956678700361,epoch_round_tuning/tuning-flora-rte_stratified-roberta-base-heter-e1-r80,epoch_round_tuning/tuning-flora-rte_stratified-roberta-base-heter-e1-r80/seed0/10log.txt,80,True,score log,Complete
flora,Linear FLoRA,rte_stratified,RTE stratified,roberta-base,RoBERTa-base,heter,Heter,1,80,0,54,55.5956678700361,epoch_round_tuning/tuning-flora-rte_stratified-roberta-base-heter-e1-r80,epoch_round_tuning/tuning-flora-rte_stratified-roberta-base-heter-e1-r80/seed0/10log.txt,80,True,score log,Complete
flora,Linear FLoRA,rte_stratified,RTE stratified,roberta-base,RoBERTa-base,heter,Heter,1,80,0,55,55.5956678700361,epoch_round_tuning/tuning-flora-rte_stratified-roberta-base-heter-e1-r80,epoch_round_tuning/tuning-flora-rte_stratified-roberta-base-heter-e1-r80/seed0/10log.txt,80,True,score log,Complete
flora,Linear FLoRA,rte_stratified,RTE stratified,roberta-base,RoBERTa-base,heter,Heter,1,80,0,56,54.51263537906137,epoch_round_tuning/tuning-flora-rte_stratified-roberta-base-heter-e1-r80,epoch_round_tuning/tuning-flora-rte_stratified-roberta-base-heter-e1-r80/seed0/10log.txt,80,True,score log,Complete
flora,Linear FLoRA,rte_stratified,RTE stratified,roberta-base,RoBERTa-base,heter,Heter,1,80,0,57,55.23465703971119,epoch_round_tuning/tuning-flora-rte_stratified-roberta-base-heter-e1-r80,epoch_round_tuning/tuning-flora-rte_stratified-roberta-base-heter-e1-r80/seed0/10log.txt,80,True,score log,Complete
flora,Linear FLoRA,rte_stratified,RTE stratified,roberta-base,RoBERTa-base,heter,Heter,1,80,0,58,55.23465703971119,epoch_round_tuning/tuning-flora-rte_stratified-roberta-base-heter-e1-r80,epoch_round_tuning/tuning-flora-rte_stratified-roberta-base-heter-e1-r80/seed0/10log.txt,80,True,score log,Complete
flora,Linear FLoRA,rte_stratified,RTE stratified,roberta-base,RoBERTa-base,heter,Heter,1,80,0,59,54.87364620938629,epoch_round_tuning/tuning-flora-rte_stratified-roberta-base-heter-e1-r80,epoch_round_tuning/tuning-flora-rte_stratified-roberta-base-heter-e1-r80/seed0/10log.txt,80,True,score log,Complete
flora,Linear FLoRA,rte_stratified,RTE stratified,roberta-base,RoBERTa-base,heter,Heter,1,80,0,60,54.87364620938629,epoch_round_tuning/tuning-flora-rte_stratified-roberta-base-heter-e1-r80,epoch_round_tuning/tuning-flora-rte_stratified-roberta-base-heter-e1-r80/seed0/10log.txt,80,True,score log,Complete
flora,Linear FLoRA,rte_stratified,RTE stratified,roberta-base,RoBERTa-base,heter,Heter,1,80,0,61,55.5956678700361,epoch_round_tuning/tuning-flora-rte_stratified-roberta-base-heter-e1-r80,epoch_round_tuning/tuning-flora-rte_stratified-roberta-base-heter-e1-r80/seed0/10log.txt,80,True,score log,Complete
flora,Linear FLoRA,rte_stratified,RTE stratified,roberta-base,RoBERTa-base,heter,Heter,1,80,0,62,55.23465703971119,epoch_round_tuning/tuning-flora-rte_stratified-roberta-base-heter-e1-r80,epoch_round_tuning/tuning-flora-rte_stratified-roberta-base-heter-e1-r80/seed0/10log.txt,80,True,score log,Complete
flora,Linear FLoRA,rte_stratified,RTE stratified,roberta-base,RoBERTa-base,heter,Heter,1,80,0,63,55.23465703971119,epoch_round_tuning/tuning-flora-rte_stratified-roberta-base-heter-e1-r80,epoch_round_tuning/tuning-flora-rte_stratified-roberta-base-heter-e1-r80/seed0/10log.txt,80,True,score log,Complete
flora,Linear FLoRA,rte_stratified,RTE stratified,roberta-base,RoBERTa-base,heter,Heter,1,80,0,64,55.5956678700361,epoch_round_tuning/tuning-flora-rte_stratified-roberta-base-heter-e1-r80,epoch_round_tuning/tuning-flora-rte_stratified-roberta-base-heter-e1-r80/seed0/10log.txt,80,True,score log,Complete
flora,Linear FLoRA,rte_stratified,RTE stratified,roberta-base,RoBERTa-base,heter,Heter,1,80,0,65,56.678700361010826,epoch_round_tuning/tuning-flora-rte_stratified-roberta-base-heter-e1-r80,epoch_round_tuning/tuning-flora-rte_stratified-roberta-base-heter-e1-r80/seed0/10log.txt,80,True,score log,Complete
flora,Linear FLoRA,rte_stratified,RTE stratified,roberta-base,RoBERTa-base,heter,Heter,1,80,0,66,55.95667870036101,epoch_round_tuning/tuning-flora-rte_stratified-roberta-base-heter-e1-r80,epoch_round_tuning/tuning-flora-rte_stratified-roberta-base-heter-e1-r80/seed0/10log.txt,80,True,score log,Complete
flora,Linear FLoRA,rte_stratified,RTE stratified,roberta-base,RoBERTa-base,heter,Heter,1,80,0,67,55.95667870036101,epoch_round_tuning/tuning-flora-rte_stratified-roberta-base-heter-e1-r80,epoch_round_tuning/tuning-flora-rte_stratified-roberta-base-heter-e1-r80/seed0/10log.txt,80,True,score log,Complete
flora,Linear FLoRA,rte_stratified,RTE stratified,roberta-base,RoBERTa-base,heter,Heter,1,80,0,68,55.5956678700361,epoch_round_tuning/tuning-flora-rte_stratified-roberta-base-heter-e1-r80,epoch_round_tuning/tuning-flora-rte_stratified-roberta-base-heter-e1-r80/seed0/10log.txt,80,True,score log,Complete
flora,Linear FLoRA,rte_stratified,RTE stratified,roberta-base,RoBERTa-base,heter,Heter,1,80,0,69,55.5956678700361,epoch_round_tuning/tuning-flora-rte_stratified-roberta-base-heter-e1-r80,epoch_round_tuning/tuning-flora-rte_stratified-roberta-base-heter-e1-r80/seed0/10log.txt,80,True,score log,Complete
flora,Linear FLoRA,rte_stratified,RTE stratified,roberta-base,RoBERTa-base,heter,Heter,1,80,0,70,55.95667870036101,epoch_round_tuning/tuning-flora-rte_stratified-roberta-base-heter-e1-r80,epoch_round_tuning/tuning-flora-rte_stratified-roberta-base-heter-e1-r80/seed0/10log.txt,80,True,score log,Complete
flora,Linear FLoRA,rte_stratified,RTE stratified,roberta-base,RoBERTa-base,heter,Heter,1,80,0,71,55.95667870036101,epoch_round_tuning/tuning-flora-rte_stratified-roberta-base-heter-e1-r80,epoch_round_tuning/tuning-flora-rte_stratified-roberta-base-heter-e1-r80/seed0/10log.txt,80,True,score log,Complete
flora,Linear FLoRA,rte_stratified,RTE stratified,roberta-base,RoBERTa-base,heter,Heter,1,80,0,72,55.5956678700361,epoch_round_tuning/tuning-flora-rte_stratified-roberta-base-heter-e1-r80,epoch_round_tuning/tuning-flora-rte_stratified-roberta-base-heter-e1-r80/seed0/10log.txt,80,True,score log,Complete
flora,Linear FLoRA,rte_stratified,RTE stratified,roberta-base,RoBERTa-base,heter,Heter,1,80,0,73,56.317689530685925,epoch_round_tuning/tuning-flora-rte_stratified-roberta-base-heter-e1-r80,epoch_round_tuning/tuning-flora-rte_stratified-roberta-base-heter-e1-r80/seed0/10log.txt,80,True,score log,Complete
flora,Linear FLoRA,rte_stratified,RTE stratified,roberta-base,RoBERTa-base,heter,Heter,1,80,0,74,55.23465703971119,epoch_round_tuning/tuning-flora-rte_stratified-roberta-base-heter-e1-r80,epoch_round_tuning/tuning-flora-rte_stratified-roberta-base-heter-e1-r80/seed0/10log.txt,80,True,score log,Complete
flora,Linear FLoRA,rte_stratified,RTE stratified,roberta-base,RoBERTa-base,heter,Heter,1,80,0,75,55.23465703971119,epoch_round_tuning/tuning-flora-rte_stratified-roberta-base-heter-e1-r80,epoch_round_tuning/tuning-flora-rte_stratified-roberta-base-heter-e1-r80/seed0/10log.txt,80,True,score log,Complete
flora,Linear FLoRA,rte_stratified,RTE stratified,roberta-base,RoBERTa-base,heter,Heter,1,80,0,76,55.23465703971119,epoch_round_tuning/tuning-flora-rte_stratified-roberta-base-heter-e1-r80,epoch_round_tuning/tuning-flora-rte_stratified-roberta-base-heter-e1-r80/seed0/10log.txt,80,True,score log,Complete
flora,Linear FLoRA,rte_stratified,RTE stratified,roberta-base,RoBERTa-base,heter,Heter,1,80,0,77,55.5956678700361,epoch_round_tuning/tuning-flora-rte_stratified-roberta-base-heter-e1-r80,epoch_round_tuning/tuning-flora-rte_stratified-roberta-base-heter-e1-r80/seed0/10log.txt,80,True,score log,Complete
flora,Linear FLoRA,rte_stratified,RTE stratified,roberta-base,RoBERTa-base,heter,Heter,1,80,0,78,56.678700361010826,epoch_round_tuning/tuning-flora-rte_stratified-roberta-base-heter-e1-r80,epoch_round_tuning/tuning-flora-rte_stratified-roberta-base-heter-e1-r80/seed0/10log.txt,80,True,score log,Complete
flora,Linear FLoRA,rte_stratified,RTE stratified,roberta-base,RoBERTa-base,heter,Heter,1,80,0,79,55.95667870036101,epoch_round_tuning/tuning-flora-rte_stratified-roberta-base-heter-e1-r80,epoch_round_tuning/tuning-flora-rte_stratified-roberta-base-heter-e1-r80/seed0/10log.txt,80,True,score log,Complete
flora,Linear FLoRA,rte_stratified,RTE stratified,roberta-base,RoBERTa-base,heter,Heter,1,80,0,80,55.95667870036101,epoch_round_tuning/tuning-flora-rte_stratified-roberta-base-heter-e1-r80,epoch_round_tuning/tuning-flora-rte_stratified-roberta-base-heter-e1-r80/seed0/10log.txt,80,True,score log,Complete
flora,Linear FLoRA,rte_stratified,RTE stratified,roberta-base,RoBERTa-base,heter,Heter,2,40,0,1,53.42960288808665,epoch_round_tuning/tuning-flora-rte_stratified-roberta-base-heter-e2-r40,epoch_round_tuning/tuning-flora-rte_stratified-roberta-base-heter-e2-r40/seed0/10log.txt,40,True,score log,Complete
flora,Linear FLoRA,rte_stratified,RTE stratified,roberta-base,RoBERTa-base,heter,Heter,2,40,0,2,53.068592057761734,epoch_round_tuning/tuning-flora-rte_stratified-roberta-base-heter-e2-r40,epoch_round_tuning/tuning-flora-rte_stratified-roberta-base-heter-e2-r40/seed0/10log.txt,40,True,score log,Complete
flora,Linear FLoRA,rte_stratified,RTE stratified,roberta-base,RoBERTa-base,heter,Heter,2,40,0,3,56.678700361010826,epoch_round_tuning/tuning-flora-rte_stratified-roberta-base-heter-e2-r40,epoch_round_tuning/tuning-flora-rte_stratified-roberta-base-heter-e2-r40/seed0/10log.txt,40,True,score log,Complete
flora,Linear FLoRA,rte_stratified,RTE stratified,roberta-base,RoBERTa-base,heter,Heter,2,40,0,4,58.12274368231047,epoch_round_tuning/tuning-flora-rte_stratified-roberta-base-heter-e2-r40,epoch_round_tuning/tuning-flora-rte_stratified-roberta-base-heter-e2-r40/seed0/10log.txt,40,True,score log,Complete
flora,Linear FLoRA,rte_stratified,RTE stratified,roberta-base,RoBERTa-base,heter,Heter,2,40,0,5,54.87364620938629,epoch_round_tuning/tuning-flora-rte_stratified-roberta-base-heter-e2-r40,epoch_round_tuning/tuning-flora-rte_stratified-roberta-base-heter-e2-r40/seed0/10log.txt,40,True,score log,Complete
flora,Linear FLoRA,rte_stratified,RTE stratified,roberta-base,RoBERTa-base,heter,Heter,2,40,0,6,55.23465703971119,epoch_round_tuning/tuning-flora-rte_stratified-roberta-base-heter-e2-r40,epoch_round_tuning/tuning-flora-rte_stratified-roberta-base-heter-e2-r40/seed0/10log.txt,40,True,score log,Complete
flora,Linear FLoRA,rte_stratified,RTE stratified,roberta-base,RoBERTa-base,heter,Heter,2,40,0,7,55.23465703971119,epoch_round_tuning/tuning-flora-rte_stratified-roberta-base-heter-e2-r40,epoch_round_tuning/tuning-flora-rte_stratified-roberta-base-heter-e2-r40/seed0/10log.txt,40,True,score log,Complete
flora,Linear FLoRA,rte_stratified,RTE stratified,roberta-base,RoBERTa-base,heter,Heter,2,40,0,8,53.79061371841155,epoch_round_tuning/tuning-flora-rte_stratified-roberta-base-heter-e2-r40,epoch_round_tuning/tuning-flora-rte_stratified-roberta-base-heter-e2-r40/seed0/10log.txt,40,True,score log,Complete
flora,Linear FLoRA,rte_stratified,RTE stratified,roberta-base,RoBERTa-base,heter,Heter,2,40,0,9,55.23465703971119,epoch_round_tuning/tuning-flora-rte_stratified-roberta-base-heter-e2-r40,epoch_round_tuning/tuning-flora-rte_stratified-roberta-base-heter-e2-r40/seed0/10log.txt,40,True,score log,Complete
flora,Linear FLoRA,rte_stratified,RTE stratified,roberta-base,RoBERTa-base,heter,Heter,2,40,0,10,55.23465703971119,epoch_round_tuning/tuning-flora-rte_stratified-roberta-base-heter-e2-r40,epoch_round_tuning/tuning-flora-rte_stratified-roberta-base-heter-e2-r40/seed0/10log.txt,40,True,score log,Complete
flora,Linear FLoRA,rte_stratified,RTE stratified,roberta-base,RoBERTa-base,heter,Heter,2,40,0,11,54.87364620938629,epoch_round_tuning/tuning-flora-rte_stratified-roberta-base-heter-e2-r40,epoch_round_tuning/tuning-flora-rte_stratified-roberta-base-heter-e2-r40/seed0/10log.txt,40,True,score log,Complete
flora,Linear FLoRA,rte_stratified,RTE stratified,roberta-base,RoBERTa-base,heter,Heter,2,40,0,12,54.151624548736464,epoch_round_tuning/tuning-flora-rte_stratified-roberta-base-heter-e2-r40,epoch_round_tuning/tuning-flora-rte_stratified-roberta-base-heter-e2-r40/seed0/10log.txt,40,True,score log,Complete
flora,Linear FLoRA,rte_stratified,RTE stratified,roberta-base,RoBERTa-base,heter,Heter,2,40,0,13,54.151624548736464,epoch_round_tuning/tuning-flora-rte_stratified-roberta-base-heter-e2-r40,epoch_round_tuning/tuning-flora-rte_stratified-roberta-base-heter-e2-r40/seed0/10log.txt,40,True,score log,Complete
flora,Linear FLoRA,rte_stratified,RTE stratified,roberta-base,RoBERTa-base,heter,Heter,2,40,0,14,54.151624548736464,epoch_round_tuning/tuning-flora-rte_stratified-roberta-base-heter-e2-r40,epoch_round_tuning/tuning-flora-rte_stratified-roberta-base-heter-e2-r40/seed0/10log.txt,40,True,score log,Complete
flora,Linear FLoRA,rte_stratified,RTE stratified,roberta-base,RoBERTa-base,heter,Heter,2,40,0,15,54.87364620938629,epoch_round_tuning/tuning-flora-rte_stratified-roberta-base-heter-e2-r40,epoch_round_tuning/tuning-flora-rte_stratified-roberta-base-heter-e2-r40/seed0/10log.txt,40,True,score log,Complete
flora,Linear FLoRA,rte_stratified,RTE stratified,roberta-base,RoBERTa-base,heter,Heter,2,40,0,16,54.151624548736464,epoch_round_tuning/tuning-flora-rte_stratified-roberta-base-heter-e2-r40,epoch_round_tuning/tuning-flora-rte_stratified-roberta-base-heter-e2-r40/seed0/10log.txt,40,True,score log,Complete
flora,Linear FLoRA,rte_stratified,RTE stratified,roberta-base,RoBERTa-base,heter,Heter,2,40,0,17,54.87364620938629,epoch_round_tuning/tuning-flora-rte_stratified-roberta-base-heter-e2-r40,epoch_round_tuning/tuning-flora-rte_stratified-roberta-base-heter-e2-r40/seed0/10log.txt,40,True,score log,Complete
flora,Linear FLoRA,rte_stratified,RTE stratified,roberta-base,RoBERTa-base,heter,Heter,2,40,0,18,54.87364620938629,epoch_round_tuning/tuning-flora-rte_stratified-roberta-base-heter-e2-r40,epoch_round_tuning/tuning-flora-rte_stratified-roberta-base-heter-e2-r40/seed0/10log.txt,40,True,score log,Complete
flora,Linear FLoRA,rte_stratified,RTE stratified,roberta-base,RoBERTa-base,heter,Heter,2,40,0,19,55.5956678700361,epoch_round_tuning/tuning-flora-rte_stratified-roberta-base-heter-e2-r40,epoch_round_tuning/tuning-flora-rte_stratified-roberta-base-heter-e2-r40/seed0/10log.txt,40,True,score log,Complete
flora,Linear FLoRA,rte_stratified,RTE stratified,roberta-base,RoBERTa-base,heter,Heter,2,40,0,20,54.87364620938629,epoch_round_tuning/tuning-flora-rte_stratified-roberta-base-heter-e2-r40,epoch_round_tuning/tuning-flora-rte_stratified-roberta-base-heter-e2-r40/seed0/10log.txt,40,True,score log,Complete
flora,Linear FLoRA,rte_stratified,RTE stratified,roberta-base,RoBERTa-base,heter,Heter,2,40,0,21,54.87364620938629,epoch_round_tuning/tuning-flora-rte_stratified-roberta-base-heter-e2-r40,epoch_round_tuning/tuning-flora-rte_stratified-roberta-base-heter-e2-r40/seed0/10log.txt,40,True,score log,Complete
flora,Linear FLoRA,rte_stratified,RTE stratified,roberta-base,RoBERTa-base,heter,Heter,2,40,0,22,56.317689530685925,epoch_round_tuning/tuning-flora-rte_stratified-roberta-base-heter-e2-r40,epoch_round_tuning/tuning-flora-rte_stratified-roberta-base-heter-e2-r40/seed0/10log.txt,40,True,score log,Complete
flora,Linear FLoRA,rte_stratified,RTE stratified,roberta-base,RoBERTa-base,heter,Heter,2,40,0,23,54.51263537906137,epoch_round_tuning/tuning-flora-rte_stratified-roberta-base-heter-e2-r40,epoch_round_tuning/tuning-flora-rte_stratified-roberta-base-heter-e2-r40/seed0/10log.txt,40,True,score log,Complete
flora,Linear FLoRA,rte_stratified,RTE stratified,roberta-base,RoBERTa-base,heter,Heter,2,40,0,24,55.95667870036101,epoch_round_tuning/tuning-flora-rte_stratified-roberta-base-heter-e2-r40,epoch_round_tuning/tuning-flora-rte_stratified-roberta-base-heter-e2-r40/seed0/10log.txt,40,True,score log,Complete
flora,Linear FLoRA,rte_stratified,RTE stratified,roberta-base,RoBERTa-base,heter,Heter,2,40,0,25,55.23465703971119,epoch_round_tuning/tuning-flora-rte_stratified-roberta-base-heter-e2-r40,epoch_round_tuning/tuning-flora-rte_stratified-roberta-base-heter-e2-r40/seed0/10log.txt,40,True,score log,Complete
flora,Linear FLoRA,rte_stratified,RTE stratified,roberta-base,RoBERTa-base,heter,Heter,2,40,0,26,55.95667870036101,epoch_round_tuning/tuning-flora-rte_stratified-roberta-base-heter-e2-r40,epoch_round_tuning/tuning-flora-rte_stratified-roberta-base-heter-e2-r40/seed0/10log.txt,40,True,score log,Complete
flora,Linear FLoRA,rte_stratified,RTE stratified,roberta-base,RoBERTa-base,heter,Heter,2,40,0,27,56.317689530685925,epoch_round_tuning/tuning-flora-rte_stratified-roberta-base-heter-e2-r40,epoch_round_tuning/tuning-flora-rte_stratified-roberta-base-heter-e2-r40/seed0/10log.txt,40,True,score log,Complete
flora,Linear FLoRA,rte_stratified,RTE stratified,roberta-base,RoBERTa-base,heter,Heter,2,40,0,28,56.678700361010826,epoch_round_tuning/tuning-flora-rte_stratified-roberta-base-heter-e2-r40,epoch_round_tuning/tuning-flora-rte_stratified-roberta-base-heter-e2-r40/seed0/10log.txt,40,True,score log,Complete
flora,Linear FLoRA,rte_stratified,RTE stratified,roberta-base,RoBERTa-base,heter,Heter,2,40,0,29,57.03971119133574,epoch_round_tuning/tuning-flora-rte_stratified-roberta-base-heter-e2-r40,epoch_round_tuning/tuning-flora-rte_stratified-roberta-base-heter-e2-r40/seed0/10log.txt,40,True,score log,Complete
flora,Linear FLoRA,rte_stratified,RTE stratified,roberta-base,RoBERTa-base,heter,Heter,2,40,0,30,57.03971119133574,epoch_round_tuning/tuning-flora-rte_stratified-roberta-base-heter-e2-r40,epoch_round_tuning/tuning-flora-rte_stratified-roberta-base-heter-e2-r40/seed0/10log.txt,40,True,score log,Complete
flora,Linear FLoRA,rte_stratified,RTE stratified,roberta-base,RoBERTa-base,heter,Heter,2,40,0,31,57.03971119133574,epoch_round_tuning/tuning-flora-rte_stratified-roberta-base-heter-e2-r40,epoch_round_tuning/tuning-flora-rte_stratified-roberta-base-heter-e2-r40/seed0/10log.txt,40,True,score log,Complete
flora,Linear FLoRA,rte_stratified,RTE stratified,roberta-base,RoBERTa-base,heter,Heter,2,40,0,32,56.678700361010826,epoch_round_tuning/tuning-flora-rte_stratified-roberta-base-heter-e2-r40,epoch_round_tuning/tuning-flora-rte_stratified-roberta-base-heter-e2-r40/seed0/10log.txt,40,True,score log,Complete
flora,Linear FLoRA,rte_stratified,RTE stratified,roberta-base,RoBERTa-base,heter,Heter,2,40,0,33,57.03971119133574,epoch_round_tuning/tuning-flora-rte_stratified-roberta-base-heter-e2-r40,epoch_round_tuning/tuning-flora-rte_stratified-roberta-base-heter-e2-r40/seed0/10log.txt,40,True,score log,Complete
flora,Linear FLoRA,rte_stratified,RTE stratified,roberta-base,RoBERTa-base,heter,Heter,2,40,0,34,56.678700361010826,epoch_round_tuning/tuning-flora-rte_stratified-roberta-base-heter-e2-r40,epoch_round_tuning/tuning-flora-rte_stratified-roberta-base-heter-e2-r40/seed0/10log.txt,40,True,score log,Complete
flora,Linear FLoRA,rte_stratified,RTE stratified,roberta-base,RoBERTa-base,heter,Heter,2,40,0,35,57.03971119133574,epoch_round_tuning/tuning-flora-rte_stratified-roberta-base-heter-e2-r40,epoch_round_tuning/tuning-flora-rte_stratified-roberta-base-heter-e2-r40/seed0/10log.txt,40,True,score log,Complete
flora,Linear FLoRA,rte_stratified,RTE stratified,roberta-base,RoBERTa-base,heter,Heter,2,40,0,36,57.03971119133574,epoch_round_tuning/tuning-flora-rte_stratified-roberta-base-heter-e2-r40,epoch_round_tuning/tuning-flora-rte_stratified-roberta-base-heter-e2-r40/seed0/10log.txt,40,True,score log,Complete
flora,Linear FLoRA,rte_stratified,RTE stratified,roberta-base,RoBERTa-base,heter,Heter,2,40,0,37,57.03971119133574,epoch_round_tuning/tuning-flora-rte_stratified-roberta-base-heter-e2-r40,epoch_round_tuning/tuning-flora-rte_stratified-roberta-base-heter-e2-r40/seed0/10log.txt,40,True,score log,Complete
flora,Linear FLoRA,rte_stratified,RTE stratified,roberta-base,RoBERTa-base,heter,Heter,2,40,0,38,57.03971119133574,epoch_round_tuning/tuning-flora-rte_stratified-roberta-base-heter-e2-r40,epoch_round_tuning/tuning-flora-rte_stratified-roberta-base-heter-e2-r40/seed0/10log.txt,40,True,score log,Complete
flora,Linear FLoRA,rte_stratified,RTE stratified,roberta-base,RoBERTa-base,heter,Heter,2,40,0,39,57.761732851985556,epoch_round_tuning/tuning-flora-rte_stratified-roberta-base-heter-e2-r40,epoch_round_tuning/tuning-flora-rte_stratified-roberta-base-heter-e2-r40/seed0/10log.txt,40,True,score log,Complete
flora,Linear FLoRA,rte_stratified,RTE stratified,roberta-base,RoBERTa-base,heter,Heter,2,40,0,40,57.400722021660656,epoch_round_tuning/tuning-flora-rte_stratified-roberta-base-heter-e2-r40,epoch_round_tuning/tuning-flora-rte_stratified-roberta-base-heter-e2-r40/seed0/10log.txt,40,True,score log,Complete
flora,Linear FLoRA,rte_stratified,RTE stratified,roberta-base,RoBERTa-base,heter,Heter,4,20,0,1,53.42960288808665,epoch_round_tuning/tuning-flora-rte_stratified-roberta-base-heter-e4-r20,epoch_round_tuning/tuning-flora-rte_stratified-roberta-base-heter-e4-r20/seed0/10log.txt,20,True,score log,Complete
flora,Linear FLoRA,rte_stratified,RTE stratified,roberta-base,RoBERTa-base,heter,Heter,4,20,0,2,57.03971119133574,epoch_round_tuning/tuning-flora-rte_stratified-roberta-base-heter-e4-r20,epoch_round_tuning/tuning-flora-rte_stratified-roberta-base-heter-e4-r20/seed0/10log.txt,20,True,score log,Complete
flora,Linear FLoRA,rte_stratified,RTE stratified,roberta-base,RoBERTa-base,heter,Heter,4,20,0,3,56.678700361010826,epoch_round_tuning/tuning-flora-rte_stratified-roberta-base-heter-e4-r20,epoch_round_tuning/tuning-flora-rte_stratified-roberta-base-heter-e4-r20/seed0/10log.txt,20,True,score log,Complete
flora,Linear FLoRA,rte_stratified,RTE stratified,roberta-base,RoBERTa-base,heter,Heter,4,20,0,4,57.03971119133574,epoch_round_tuning/tuning-flora-rte_stratified-roberta-base-heter-e4-r20,epoch_round_tuning/tuning-flora-rte_stratified-roberta-base-heter-e4-r20/seed0/10log.txt,20,True,score log,Complete
flora,Linear FLoRA,rte_stratified,RTE stratified,roberta-base,RoBERTa-base,heter,Heter,4,20,0,5,56.317689530685925,epoch_round_tuning/tuning-flora-rte_stratified-roberta-base-heter-e4-r20,epoch_round_tuning/tuning-flora-rte_stratified-roberta-base-heter-e4-r20/seed0/10log.txt,20,True,score log,Complete
flora,Linear FLoRA,rte_stratified,RTE stratified,roberta-base,RoBERTa-base,heter,Heter,4,20,0,6,56.678700361010826,epoch_round_tuning/tuning-flora-rte_stratified-roberta-base-heter-e4-r20,epoch_round_tuning/tuning-flora-rte_stratified-roberta-base-heter-e4-r20/seed0/10log.txt,20,True,score log,Complete
flora,Linear FLoRA,rte_stratified,RTE stratified,roberta-base,RoBERTa-base,heter,Heter,4,20,0,7,56.678700361010826,epoch_round_tuning/tuning-flora-rte_stratified-roberta-base-heter-e4-r20,epoch_round_tuning/tuning-flora-rte_stratified-roberta-base-heter-e4-r20/seed0/10log.txt,20,True,score log,Complete
flora,Linear FLoRA,rte_stratified,RTE stratified,roberta-base,RoBERTa-base,heter,Heter,4,20,0,8,56.317689530685925,epoch_round_tuning/tuning-flora-rte_stratified-roberta-base-heter-e4-r20,epoch_round_tuning/tuning-flora-rte_stratified-roberta-base-heter-e4-r20/seed0/10log.txt,20,True,score log,Complete
flora,Linear FLoRA,rte_stratified,RTE stratified,roberta-base,RoBERTa-base,heter,Heter,4,20,0,9,57.400722021660656,epoch_round_tuning/tuning-flora-rte_stratified-roberta-base-heter-e4-r20,epoch_round_tuning/tuning-flora-rte_stratified-roberta-base-heter-e4-r20/seed0/10log.txt,20,True,score log,Complete
flora,Linear FLoRA,rte_stratified,RTE stratified,roberta-base,RoBERTa-base,heter,Heter,4,20,0,10,57.400722021660656,epoch_round_tuning/tuning-flora-rte_stratified-roberta-base-heter-e4-r20,epoch_round_tuning/tuning-flora-rte_stratified-roberta-base-heter-e4-r20/seed0/10log.txt,20,True,score log,Complete
flora,Linear FLoRA,rte_stratified,RTE stratified,roberta-base,RoBERTa-base,heter,Heter,4,20,0,11,58.48375451263538,epoch_round_tuning/tuning-flora-rte_stratified-roberta-base-heter-e4-r20,epoch_round_tuning/tuning-flora-rte_stratified-roberta-base-heter-e4-r20/seed0/10log.txt,20,True,score log,Complete
flora,Linear FLoRA,rte_stratified,RTE stratified,roberta-base,RoBERTa-base,heter,Heter,4,20,0,12,58.844765342960294,epoch_round_tuning/tuning-flora-rte_stratified-roberta-base-heter-e4-r20,epoch_round_tuning/tuning-flora-rte_stratified-roberta-base-heter-e4-r20/seed0/10log.txt,20,True,score log,Complete
flora,Linear FLoRA,rte_stratified,RTE stratified,roberta-base,RoBERTa-base,heter,Heter,4,20,0,13,60.28880866425993,epoch_round_tuning/tuning-flora-rte_stratified-roberta-base-heter-e4-r20,epoch_round_tuning/tuning-flora-rte_stratified-roberta-base-heter-e4-r20/seed0/10log.txt,20,True,score log,Complete
flora,Linear FLoRA,rte_stratified,RTE stratified,roberta-base,RoBERTa-base,heter,Heter,4,20,0,14,61.01083032490975,epoch_round_tuning/tuning-flora-rte_stratified-roberta-base-heter-e4-r20,epoch_round_tuning/tuning-flora-rte_stratified-roberta-base-heter-e4-r20/seed0/10log.txt,20,True,score log,Complete
flora,Linear FLoRA,rte_stratified,RTE stratified,roberta-base,RoBERTa-base,heter,Heter,4,20,0,15,62.093862815884485,epoch_round_tuning/tuning-flora-rte_stratified-roberta-base-heter-e4-r20,epoch_round_tuning/tuning-flora-rte_stratified-roberta-base-heter-e4-r20/seed0/10log.txt,20,True,score log,Complete
flora,Linear FLoRA,rte_stratified,RTE stratified,roberta-base,RoBERTa-base,heter,Heter,4,20,0,16,60.28880866425993,epoch_round_tuning/tuning-flora-rte_stratified-roberta-base-heter-e4-r20,epoch_round_tuning/tuning-flora-rte_stratified-roberta-base-heter-e4-r20/seed0/10log.txt,20,True,score log,Complete
flora,Linear FLoRA,rte_stratified,RTE stratified,roberta-base,RoBERTa-base,heter,Heter,4,20,0,17,59.205776173285194,epoch_round_tuning/tuning-flora-rte_stratified-roberta-base-heter-e4-r20,epoch_round_tuning/tuning-flora-rte_stratified-roberta-base-heter-e4-r20/seed0/10log.txt,20,True,score log,Complete
flora,Linear FLoRA,rte_stratified,RTE stratified,roberta-base,RoBERTa-base,heter,Heter,4,20,0,18,60.28880866425993,epoch_round_tuning/tuning-flora-rte_stratified-roberta-base-heter-e4-r20,epoch_round_tuning/tuning-flora-rte_stratified-roberta-base-heter-e4-r20/seed0/10log.txt,20,True,score log,Complete
flora,Linear FLoRA,rte_stratified,RTE stratified,roberta-base,RoBERTa-base,heter,Heter,4,20,0,19,60.28880866425993,epoch_round_tuning/tuning-flora-rte_stratified-roberta-base-heter-e4-r20,epoch_round_tuning/tuning-flora-rte_stratified-roberta-base-heter-e4-r20/seed0/10log.txt,20,True,score log,Complete
flora,Linear FLoRA,rte_stratified,RTE stratified,roberta-base,RoBERTa-base,heter,Heter,4,20,0,20,60.64981949458483,epoch_round_tuning/tuning-flora-rte_stratified-roberta-base-heter-e4-r20,epoch_round_tuning/tuning-flora-rte_stratified-roberta-base-heter-e4-r20/seed0/10log.txt,20,True,score log,Complete
flora,Linear FLoRA,rte_stratified,RTE stratified,roberta-base,RoBERTa-base,heter,Heter,8,10,0,1,57.03971119133574,epoch_round_tuning/tuning-flora-rte_stratified-roberta-base-heter-e8-r10,epoch_round_tuning/tuning-flora-rte_stratified-roberta-base-heter-e8-r10/seed0/10log.txt,10,True,score log,Complete
flora,Linear FLoRA,rte_stratified,RTE stratified,roberta-base,RoBERTa-base,heter,Heter,8,10,0,2,58.48375451263538,epoch_round_tuning/tuning-flora-rte_stratified-roberta-base-heter-e8-r10,epoch_round_tuning/tuning-flora-rte_stratified-roberta-base-heter-e8-r10/seed0/10log.txt,10,True,score log,Complete
flora,Linear FLoRA,rte_stratified,RTE stratified,roberta-base,RoBERTa-base,heter,Heter,8,10,0,3,57.400722021660656,epoch_round_tuning/tuning-flora-rte_stratified-roberta-base-heter-e8-r10,epoch_round_tuning/tuning-flora-rte_stratified-roberta-base-heter-e8-r10/seed0/10log.txt,10,True,score log,Complete
flora,Linear FLoRA,rte_stratified,RTE stratified,roberta-base,RoBERTa-base,heter,Heter,8,10,0,4,57.761732851985556,epoch_round_tuning/tuning-flora-rte_stratified-roberta-base-heter-e8-r10,epoch_round_tuning/tuning-flora-rte_stratified-roberta-base-heter-e8-r10/seed0/10log.txt,10,True,score log,Complete
flora,Linear FLoRA,rte_stratified,RTE stratified,roberta-base,RoBERTa-base,heter,Heter,8,10,0,5,58.12274368231047,epoch_round_tuning/tuning-flora-rte_stratified-roberta-base-heter-e8-r10,epoch_round_tuning/tuning-flora-rte_stratified-roberta-base-heter-e8-r10/seed0/10log.txt,10,True,score log,Complete
flora,Linear FLoRA,rte_stratified,RTE stratified,roberta-base,RoBERTa-base,heter,Heter,8,10,0,6,58.12274368231047,epoch_round_tuning/tuning-flora-rte_stratified-roberta-base-heter-e8-r10,epoch_round_tuning/tuning-flora-rte_stratified-roberta-base-heter-e8-r10/seed0/10log.txt,10,True,score log,Complete
flora,Linear FLoRA,rte_stratified,RTE stratified,roberta-base,RoBERTa-base,heter,Heter,8,10,0,7,58.844765342960294,epoch_round_tuning/tuning-flora-rte_stratified-roberta-base-heter-e8-r10,epoch_round_tuning/tuning-flora-rte_stratified-roberta-base-heter-e8-r10/seed0/10log.txt,10,True,score log,Complete
flora,Linear FLoRA,rte_stratified,RTE stratified,roberta-base,RoBERTa-base,heter,Heter,8,10,0,8,58.844765342960294,epoch_round_tuning/tuning-flora-rte_stratified-roberta-base-heter-e8-r10,epoch_round_tuning/tuning-flora-rte_stratified-roberta-base-heter-e8-r10/seed0/10log.txt,10,True,score log,Complete
flora,Linear FLoRA,rte_stratified,RTE stratified,roberta-base,RoBERTa-base,heter,Heter,8,10,0,9,58.844765342960294,epoch_round_tuning/tuning-flora-rte_stratified-roberta-base-heter-e8-r10,epoch_round_tuning/tuning-flora-rte_stratified-roberta-base-heter-e8-r10/seed0/10log.txt,10,True,score log,Complete
flora,Linear FLoRA,rte_stratified,RTE stratified,roberta-base,RoBERTa-base,heter,Heter,8,10,0,10,60.64981949458483,epoch_round_tuning/tuning-flora-rte_stratified-roberta-base-heter-e8-r10,epoch_round_tuning/tuning-flora-rte_stratified-roberta-base-heter-e8-r10/seed0/10log.txt,10,True,score log,Complete
flora,Linear FLoRA,rte_stratified,RTE stratified,roberta-base,RoBERTa-base,homo,Homo,1,80,0,1,47.292418772563174,epoch_round_tuning/tuning-flora-rte_stratified-roberta-base-homo-e1-r80,epoch_round_tuning/tuning-flora-rte_stratified-roberta-base-homo-e1-r80/seed0/10log.txt,80,True,score log,Complete
flora,Linear FLoRA,rte_stratified,RTE stratified,roberta-base,RoBERTa-base,homo,Homo,1,80,0,2,52.707581227436826,epoch_round_tuning/tuning-flora-rte_stratified-roberta-base-homo-e1-r80,epoch_round_tuning/tuning-flora-rte_stratified-roberta-base-homo-e1-r80/seed0/10log.txt,80,True,score log,Complete
flora,Linear FLoRA,rte_stratified,RTE stratified,roberta-base,RoBERTa-base,homo,Homo,1,80,0,3,46.931407942238266,epoch_round_tuning/tuning-flora-rte_stratified-roberta-base-homo-e1-r80,epoch_round_tuning/tuning-flora-rte_stratified-roberta-base-homo-e1-r80/seed0/10log.txt,80,True,score log,Complete
flora,Linear FLoRA,rte_stratified,RTE stratified,roberta-base,RoBERTa-base,homo,Homo,1,80,0,4,54.51263537906137,epoch_round_tuning/tuning-flora-rte_stratified-roberta-base-homo-e1-r80,epoch_round_tuning/tuning-flora-rte_stratified-roberta-base-homo-e1-r80/seed0/10log.txt,80,True,score log,Complete
flora,Linear FLoRA,rte_stratified,RTE stratified,roberta-base,RoBERTa-base,homo,Homo,1,80,0,5,51.26353790613718,epoch_round_tuning/tuning-flora-rte_stratified-roberta-base-homo-e1-r80,epoch_round_tuning/tuning-flora-rte_stratified-roberta-base-homo-e1-r80/seed0/10log.txt,80,True,score log,Complete
flora,Linear FLoRA,rte_stratified,RTE stratified,roberta-base,RoBERTa-base,homo,Homo,1,80,0,6,54.51263537906137,epoch_round_tuning/tuning-flora-rte_stratified-roberta-base-homo-e1-r80,epoch_round_tuning/tuning-flora-rte_stratified-roberta-base-homo-e1-r80/seed0/10log.txt,80,True,score log,Complete
flora,Linear FLoRA,rte_stratified,RTE stratified,roberta-base,RoBERTa-base,homo,Homo,1,80,0,7,52.707581227436826,epoch_round_tuning/tuning-flora-rte_stratified-roberta-base-homo-e1-r80,epoch_round_tuning/tuning-flora-rte_stratified-roberta-base-homo-e1-r80/seed0/10log.txt,80,True,score log,Complete
flora,Linear FLoRA,rte_stratified,RTE stratified,roberta-base,RoBERTa-base,homo,Homo,1,80,0,8,53.42960288808665,epoch_round_tuning/tuning-flora-rte_stratified-roberta-base-homo-e1-r80,epoch_round_tuning/tuning-flora-rte_stratified-roberta-base-homo-e1-r80/seed0/10log.txt,80,True,score log,Complete
flora,Linear FLoRA,rte_stratified,RTE stratified,roberta-base,RoBERTa-base,homo,Homo,1,80,0,9,53.068592057761734,epoch_round_tuning/tuning-flora-rte_stratified-roberta-base-homo-e1-r80,epoch_round_tuning/tuning-flora-rte_stratified-roberta-base-homo-e1-r80/seed0/10log.txt,80,True,score log,Complete
flora,Linear FLoRA,rte_stratified,RTE stratified,roberta-base,RoBERTa-base,homo,Homo,1,80,0,10,53.79061371841155,epoch_round_tuning/tuning-flora-rte_stratified-roberta-base-homo-e1-r80,epoch_round_tuning/tuning-flora-rte_stratified-roberta-base-homo-e1-r80/seed0/10log.txt,80,True,score log,Complete
flora,Linear FLoRA,rte_stratified,RTE stratified,roberta-base,RoBERTa-base,homo,Homo,1,80,0,11,54.151624548736464,epoch_round_tuning/tuning-flora-rte_stratified-roberta-base-homo-e1-r80,epoch_round_tuning/tuning-flora-rte_stratified-roberta-base-homo-e1-r80/seed0/10log.txt,80,True,score log,Complete
flora,Linear FLoRA,rte_stratified,RTE stratified,roberta-base,RoBERTa-base,homo,Homo,1,80,0,12,53.42960288808665,epoch_round_tuning/tuning-flora-rte_stratified-roberta-base-homo-e1-r80,epoch_round_tuning/tuning-flora-rte_stratified-roberta-base-homo-e1-r80/seed0/10log.txt,80,True,score log,Complete
flora,Linear FLoRA,rte_stratified,RTE stratified,roberta-base,RoBERTa-base,homo,Homo,1,80,0,13,53.79061371841155,epoch_round_tuning/tuning-flora-rte_stratified-roberta-base-homo-e1-r80,epoch_round_tuning/tuning-flora-rte_stratified-roberta-base-homo-e1-r80/seed0/10log.txt,80,True,score log,Complete
flora,Linear FLoRA,rte_stratified,RTE stratified,roberta-base,RoBERTa-base,homo,Homo,1,80,0,14,54.151624548736464,epoch_round_tuning/tuning-flora-rte_stratified-roberta-base-homo-e1-r80,epoch_round_tuning/tuning-flora-rte_stratified-roberta-base-homo-e1-r80/seed0/10log.txt,80,True,score log,Complete
flora,Linear FLoRA,rte_stratified,RTE stratified,roberta-base,RoBERTa-base,homo,Homo,1,80,0,15,54.51263537906137,epoch_round_tuning/tuning-flora-rte_stratified-roberta-base-homo-e1-r80,epoch_round_tuning/tuning-flora-rte_stratified-roberta-base-homo-e1-r80/seed0/10log.txt,80,True,score log,Complete
flora,Linear FLoRA,rte_stratified,RTE stratified,roberta-base,RoBERTa-base,homo,Homo,1,80,0,16,55.23465703971119,epoch_round_tuning/tuning-flora-rte_stratified-roberta-base-homo-e1-r80,epoch_round_tuning/tuning-flora-rte_stratified-roberta-base-homo-e1-r80/seed0/10log.txt,80,True,score log,Complete
flora,Linear FLoRA,rte_stratified,RTE stratified,roberta-base,RoBERTa-base,homo,Homo,1,80,0,17,55.5956678700361,epoch_round_tuning/tuning-flora-rte_stratified-roberta-base-homo-e1-r80,epoch_round_tuning/tuning-flora-rte_stratified-roberta-base-homo-e1-r80/seed0/10log.txt,80,True,score log,Complete
flora,Linear FLoRA,rte_stratified,RTE stratified,roberta-base,RoBERTa-base,homo,Homo,1,80,0,18,55.23465703971119,epoch_round_tuning/tuning-flora-rte_stratified-roberta-base-homo-e1-r80,epoch_round_tuning/tuning-flora-rte_stratified-roberta-base-homo-e1-r80/seed0/10log.txt,80,True,score log,Complete
flora,Linear FLoRA,rte_stratified,RTE stratified,roberta-base,RoBERTa-base,homo,Homo,1,80,0,19,55.95667870036101,epoch_round_tuning/tuning-flora-rte_stratified-roberta-base-homo-e1-r80,epoch_round_tuning/tuning-flora-rte_stratified-roberta-base-homo-e1-r80/seed0/10log.txt,80,True,score log,Complete
flora,Linear FLoRA,rte_stratified,RTE stratified,roberta-base,RoBERTa-base,homo,Homo,1,80,0,20,56.678700361010826,epoch_round_tuning/tuning-flora-rte_stratified-roberta-base-homo-e1-r80,epoch_round_tuning/tuning-flora-rte_stratified-roberta-base-homo-e1-r80/seed0/10log.txt,80,True,score log,Complete
flora,Linear FLoRA,rte_stratified,RTE stratified,roberta-base,RoBERTa-base,homo,Homo,1,80,0,21,56.678700361010826,epoch_round_tuning/tuning-flora-rte_stratified-roberta-base-homo-e1-r80,epoch_round_tuning/tuning-flora-rte_stratified-roberta-base-homo-e1-r80/seed0/10log.txt,80,True,score log,Complete
flora,Linear FLoRA,rte_stratified,RTE stratified,roberta-base,RoBERTa-base,homo,Homo,1,80,0,22,56.317689530685925,epoch_round_tuning/tuning-flora-rte_stratified-roberta-base-homo-e1-r80,epoch_round_tuning/tuning-flora-rte_stratified-roberta-base-homo-e1-r80/seed0/10log.txt,80,True,score log,Complete
flora,Linear FLoRA,rte_stratified,RTE stratified,roberta-base,RoBERTa-base,homo,Homo,1,80,0,23,55.95667870036101,epoch_round_tuning/tuning-flora-rte_stratified-roberta-base-homo-e1-r80,epoch_round_tuning/tuning-flora-rte_stratified-roberta-base-homo-e1-r80/seed0/10log.txt,80,True,score log,Complete
flora,Linear FLoRA,rte_stratified,RTE stratified,roberta-base,RoBERTa-base,homo,Homo,1,80,0,24,56.317689530685925,epoch_round_tuning/tuning-flora-rte_stratified-roberta-base-homo-e1-r80,epoch_round_tuning/tuning-flora-rte_stratified-roberta-base-homo-e1-r80/seed0/10log.txt,80,True,score log,Complete
flora,Linear FLoRA,rte_stratified,RTE stratified,roberta-base,RoBERTa-base,homo,Homo,1,80,0,25,56.317689530685925,epoch_round_tuning/tuning-flora-rte_stratified-roberta-base-homo-e1-r80,epoch_round_tuning/tuning-flora-rte_stratified-roberta-base-homo-e1-r80/seed0/10log.txt,80,True,score log,Complete
flora,Linear FLoRA,rte_stratified,RTE stratified,roberta-base,RoBERTa-base,homo,Homo,1,80,0,26,56.317689530685925,epoch_round_tuning/tuning-flora-rte_stratified-roberta-base-homo-e1-r80,epoch_round_tuning/tuning-flora-rte_stratified-roberta-base-homo-e1-r80/seed0/10log.txt,80,True,score log,Complete
flora,Linear FLoRA,rte_stratified,RTE stratified,roberta-base,RoBERTa-base,homo,Homo,1,80,0,27,54.87364620938629,epoch_round_tuning/tuning-flora-rte_stratified-roberta-base-homo-e1-r80,epoch_round_tuning/tuning-flora-rte_stratified-roberta-base-homo-e1-r80/seed0/10log.txt,80,True,score log,Complete
flora,Linear FLoRA,rte_stratified,RTE stratified,roberta-base,RoBERTa-base,homo,Homo,1,80,0,28,54.87364620938629,epoch_round_tuning/tuning-flora-rte_stratified-roberta-base-homo-e1-r80,epoch_round_tuning/tuning-flora-rte_stratified-roberta-base-homo-e1-r80/seed0/10log.txt,80,True,score log,Complete
flora,Linear FLoRA,rte_stratified,RTE stratified,roberta-base,RoBERTa-base,homo,Homo,1,80,0,29,54.151624548736464,epoch_round_tuning/tuning-flora-rte_stratified-roberta-base-homo-e1-r80,epoch_round_tuning/tuning-flora-rte_stratified-roberta-base-homo-e1-r80/seed0/10log.txt,80,True,score log,Complete
flora,Linear FLoRA,rte_stratified,RTE stratified,roberta-base,RoBERTa-base,homo,Homo,1,80,0,30,52.707581227436826,epoch_round_tuning/tuning-flora-rte_stratified-roberta-base-homo-e1-r80,epoch_round_tuning/tuning-flora-rte_stratified-roberta-base-homo-e1-r80/seed0/10log.txt,80,True,score log,Complete
flora,Linear FLoRA,rte_stratified,RTE stratified,roberta-base,RoBERTa-base,homo,Homo,1,80,0,31,51.985559566786996,epoch_round_tuning/tuning-flora-rte_stratified-roberta-base-homo-e1-r80,epoch_round_tuning/tuning-flora-rte_stratified-roberta-base-homo-e1-r80/seed0/10log.txt,80,True,score log,Complete
flora,Linear FLoRA,rte_stratified,RTE stratified,roberta-base,RoBERTa-base,homo,Homo,1,80,0,32,53.068592057761734,epoch_round_tuning/tuning-flora-rte_stratified-roberta-base-homo-e1-r80,epoch_round_tuning/tuning-flora-rte_stratified-roberta-base-homo-e1-r80/seed0/10log.txt,80,True,score log,Complete
flora,Linear FLoRA,rte_stratified,RTE stratified,roberta-base,RoBERTa-base,homo,Homo,1,80,0,33,51.985559566786996,epoch_round_tuning/tuning-flora-rte_stratified-roberta-base-homo-e1-r80,epoch_round_tuning/tuning-flora-rte_stratified-roberta-base-homo-e1-r80/seed0/10log.txt,80,True,score log,Complete
flora,Linear FLoRA,rte_stratified,RTE stratified,roberta-base,RoBERTa-base,homo,Homo,1,80,0,34,53.068592057761734,epoch_round_tuning/tuning-flora-rte_stratified-roberta-base-homo-e1-r80,epoch_round_tuning/tuning-flora-rte_stratified-roberta-base-homo-e1-r80/seed0/10log.txt,80,True,score log,Complete
flora,Linear FLoRA,rte_stratified,RTE stratified,roberta-base,RoBERTa-base,homo,Homo,1,80,0,35,52.34657039711191,epoch_round_tuning/tuning-flora-rte_stratified-roberta-base-homo-e1-r80,epoch_round_tuning/tuning-flora-rte_stratified-roberta-base-homo-e1-r80/seed0/10log.txt,80,True,score log,Complete
flora,Linear FLoRA,rte_stratified,RTE stratified,roberta-base,RoBERTa-base,homo,Homo,1,80,0,36,53.068592057761734,epoch_round_tuning/tuning-flora-rte_stratified-roberta-base-homo-e1-r80,epoch_round_tuning/tuning-flora-rte_stratified-roberta-base-homo-e1-r80/seed0/10log.txt,80,True,score log,Complete
flora,Linear FLoRA,rte_stratified,RTE stratified,roberta-base,RoBERTa-base,homo,Homo,1,80,0,37,53.79061371841155,epoch_round_tuning/tuning-flora-rte_stratified-roberta-base-homo-e1-r80,epoch_round_tuning/tuning-flora-rte_stratified-roberta-base-homo-e1-r80/seed0/10log.txt,80,True,score log,Complete
flora,Linear FLoRA,rte_stratified,RTE stratified,roberta-base,RoBERTa-base,homo,Homo,1,80,0,38,53.068592057761734,epoch_round_tuning/tuning-flora-rte_stratified-roberta-base-homo-e1-r80,epoch_round_tuning/tuning-flora-rte_stratified-roberta-base-homo-e1-r80/seed0/10log.txt,80,True,score log,Complete
flora,Linear FLoRA,rte_stratified,RTE stratified,roberta-base,RoBERTa-base,homo,Homo,1,80,0,39,53.42960288808665,epoch_round_tuning/tuning-flora-rte_stratified-roberta-base-homo-e1-r80,epoch_round_tuning/tuning-flora-rte_stratified-roberta-base-homo-e1-r80/seed0/10log.txt,80,True,score log,Complete
flora,Linear FLoRA,rte_stratified,RTE stratified,roberta-base,RoBERTa-base,homo,Homo,1,80,0,40,53.42960288808665,epoch_round_tuning/tuning-flora-rte_stratified-roberta-base-homo-e1-r80,epoch_round_tuning/tuning-flora-rte_stratified-roberta-base-homo-e1-r80/seed0/10log.txt,80,True,score log,Complete
flora,Linear FLoRA,rte_stratified,RTE stratified,roberta-base,RoBERTa-base,homo,Homo,1,80,0,41,54.151624548736464,epoch_round_tuning/tuning-flora-rte_stratified-roberta-base-homo-e1-r80,epoch_round_tuning/tuning-flora-rte_stratified-roberta-base-homo-e1-r80/seed0/10log.txt,80,True,score log,Complete
flora,Linear FLoRA,rte_stratified,RTE stratified,roberta-base,RoBERTa-base,homo,Homo,1,80,0,42,53.068592057761734,epoch_round_tuning/tuning-flora-rte_stratified-roberta-base-homo-e1-r80,epoch_round_tuning/tuning-flora-rte_stratified-roberta-base-homo-e1-r80/seed0/10log.txt,80,True,score log,Complete
flora,Linear FLoRA,rte_stratified,RTE stratified,roberta-base,RoBERTa-base,homo,Homo,1,80,0,43,53.79061371841155,epoch_round_tuning/tuning-flora-rte_stratified-roberta-base-homo-e1-r80,epoch_round_tuning/tuning-flora-rte_stratified-roberta-base-homo-e1-r80/seed0/10log.txt,80,True,score log,Complete
flora,Linear FLoRA,rte_stratified,RTE stratified,roberta-base,RoBERTa-base,homo,Homo,1,80,0,44,54.87364620938629,epoch_round_tuning/tuning-flora-rte_stratified-roberta-base-homo-e1-r80,epoch_round_tuning/tuning-flora-rte_stratified-roberta-base-homo-e1-r80/seed0/10log.txt,80,True,score log,Complete
flora,Linear FLoRA,rte_stratified,RTE stratified,roberta-base,RoBERTa-base,homo,Homo,1,80,0,45,54.51263537906137,epoch_round_tuning/tuning-flora-rte_stratified-roberta-base-homo-e1-r80,epoch_round_tuning/tuning-flora-rte_stratified-roberta-base-homo-e1-r80/seed0/10log.txt,80,True,score log,Complete
flora,Linear FLoRA,rte_stratified,RTE stratified,roberta-base,RoBERTa-base,homo,Homo,1,80,0,46,53.79061371841155,epoch_round_tuning/tuning-flora-rte_stratified-roberta-base-homo-e1-r80,epoch_round_tuning/tuning-flora-rte_stratified-roberta-base-homo-e1-r80/seed0/10log.txt,80,True,score log,Complete
flora,Linear FLoRA,rte_stratified,RTE stratified,roberta-base,RoBERTa-base,homo,Homo,1,80,0,47,53.42960288808665,epoch_round_tuning/tuning-flora-rte_stratified-roberta-base-homo-e1-r80,epoch_round_tuning/tuning-flora-rte_stratified-roberta-base-homo-e1-r80/seed0/10log.txt,80,True,score log,Complete
flora,Linear FLoRA,rte_stratified,RTE stratified,roberta-base,RoBERTa-base,homo,Homo,1,80,0,48,53.42960288808665,epoch_round_tuning/tuning-flora-rte_stratified-roberta-base-homo-e1-r80,epoch_round_tuning/tuning-flora-rte_stratified-roberta-base-homo-e1-r80/seed0/10log.txt,80,True,score log,Complete
flora,Linear FLoRA,rte_stratified,RTE stratified,roberta-base,RoBERTa-base,homo,Homo,1,80,0,49,54.87364620938629,epoch_round_tuning/tuning-flora-rte_stratified-roberta-base-homo-e1-r80,epoch_round_tuning/tuning-flora-rte_stratified-roberta-base-homo-e1-r80/seed0/10log.txt,80,True,score log,Complete
flora,Linear FLoRA,rte_stratified,RTE stratified,roberta-base,RoBERTa-base,homo,Homo,1,80,0,50,54.87364620938629,epoch_round_tuning/tuning-flora-rte_stratified-roberta-base-homo-e1-r80,epoch_round_tuning/tuning-flora-rte_stratified-roberta-base-homo-e1-r80/seed0/10log.txt,80,True,score log,Complete
flora,Linear FLoRA,rte_stratified,RTE stratified,roberta-base,RoBERTa-base,homo,Homo,1,80,0,51,57.03971119133574,epoch_round_tuning/tuning-flora-rte_stratified-roberta-base-homo-e1-r80,epoch_round_tuning/tuning-flora-rte_stratified-roberta-base-homo-e1-r80/seed0/10log.txt,80,True,score log,Complete
flora,Linear FLoRA,rte_stratified,RTE stratified,roberta-base,RoBERTa-base,homo,Homo,1,80,0,52,55.95667870036101,epoch_round_tuning/tuning-flora-rte_stratified-roberta-base-homo-e1-r80,epoch_round_tuning/tuning-flora-rte_stratified-roberta-base-homo-e1-r80/seed0/10log.txt,80,True,score log,Complete
flora,Linear FLoRA,rte_stratified,RTE stratified,roberta-base,RoBERTa-base,homo,Homo,1,80,0,53,56.317689530685925,epoch_round_tuning/tuning-flora-rte_stratified-roberta-base-homo-e1-r80,epoch_round_tuning/tuning-flora-rte_stratified-roberta-base-homo-e1-r80/seed0/10log.txt,80,True,score log,Complete
flora,Linear FLoRA,rte_stratified,RTE stratified,roberta-base,RoBERTa-base,homo,Homo,1,80,0,54,55.95667870036101,epoch_round_tuning/tuning-flora-rte_stratified-roberta-base-homo-e1-r80,epoch_round_tuning/tuning-flora-rte_stratified-roberta-base-homo-e1-r80/seed0/10log.txt,80,True,score log,Complete
flora,Linear FLoRA,rte_stratified,RTE stratified,roberta-base,RoBERTa-base,homo,Homo,1,80,0,55,56.317689530685925,epoch_round_tuning/tuning-flora-rte_stratified-roberta-base-homo-e1-r80,epoch_round_tuning/tuning-flora-rte_stratified-roberta-base-homo-e1-r80/seed0/10log.txt,80,True,score log,Complete
flora,Linear FLoRA,rte_stratified,RTE stratified,roberta-base,RoBERTa-base,homo,Homo,1,80,0,56,55.5956678700361,epoch_round_tuning/tuning-flora-rte_stratified-roberta-base-homo-e1-r80,epoch_round_tuning/tuning-flora-rte_stratified-roberta-base-homo-e1-r80/seed0/10log.txt,80,True,score log,Complete
flora,Linear FLoRA,rte_stratified,RTE stratified,roberta-base,RoBERTa-base,homo,Homo,1,80,0,57,54.87364620938629,epoch_round_tuning/tuning-flora-rte_stratified-roberta-base-homo-e1-r80,epoch_round_tuning/tuning-flora-rte_stratified-roberta-base-homo-e1-r80/seed0/10log.txt,80,True,score log,Complete
flora,Linear FLoRA,rte_stratified,RTE stratified,roberta-base,RoBERTa-base,homo,Homo,1,80,0,58,54.51263537906137,epoch_round_tuning/tuning-flora-rte_stratified-roberta-base-homo-e1-r80,epoch_round_tuning/tuning-flora-rte_stratified-roberta-base-homo-e1-r80/seed0/10log.txt,80,True,score log,Complete
flora,Linear FLoRA,rte_stratified,RTE stratified,roberta-base,RoBERTa-base,homo,Homo,1,80,0,59,54.87364620938629,epoch_round_tuning/tuning-flora-rte_stratified-roberta-base-homo-e1-r80,epoch_round_tuning/tuning-flora-rte_stratified-roberta-base-homo-e1-r80/seed0/10log.txt,80,True,score log,Complete
flora,Linear FLoRA,rte_stratified,RTE stratified,roberta-base,RoBERTa-base,homo,Homo,1,80,0,60,55.23465703971119,epoch_round_tuning/tuning-flora-rte_stratified-roberta-base-homo-e1-r80,epoch_round_tuning/tuning-flora-rte_stratified-roberta-base-homo-e1-r80/seed0/10log.txt,80,True,score log,Complete
flora,Linear FLoRA,rte_stratified,RTE stratified,roberta-base,RoBERTa-base,homo,Homo,1,80,0,61,54.151624548736464,epoch_round_tuning/tuning-flora-rte_stratified-roberta-base-homo-e1-r80,epoch_round_tuning/tuning-flora-rte_stratified-roberta-base-homo-e1-r80/seed0/10log.txt,80,True,score log,Complete
flora,Linear FLoRA,rte_stratified,RTE stratified,roberta-base,RoBERTa-base,homo,Homo,1,80,0,62,54.51263537906137,epoch_round_tuning/tuning-flora-rte_stratified-roberta-base-homo-e1-r80,epoch_round_tuning/tuning-flora-rte_stratified-roberta-base-homo-e1-r80/seed0/10log.txt,80,True,score log,Complete
flora,Linear FLoRA,rte_stratified,RTE stratified,roberta-base,RoBERTa-base,homo,Homo,1,80,0,63,56.317689530685925,epoch_round_tuning/tuning-flora-rte_stratified-roberta-base-homo-e1-r80,epoch_round_tuning/tuning-flora-rte_stratified-roberta-base-homo-e1-r80/seed0/10log.txt,80,True,score log,Complete
flora,Linear FLoRA,rte_stratified,RTE stratified,roberta-base,RoBERTa-base,homo,Homo,1,80,0,64,55.5956678700361,epoch_round_tuning/tuning-flora-rte_stratified-roberta-base-homo-e1-r80,epoch_round_tuning/tuning-flora-rte_stratified-roberta-base-homo-e1-r80/seed0/10log.txt,80,True,score log,Complete
flora,Linear FLoRA,rte_stratified,RTE stratified,roberta-base,RoBERTa-base,homo,Homo,1,80,0,65,54.87364620938629,epoch_round_tuning/tuning-flora-rte_stratified-roberta-base-homo-e1-r80,epoch_round_tuning/tuning-flora-rte_stratified-roberta-base-homo-e1-r80/seed0/10log.txt,80,True,score log,Complete
flora,Linear FLoRA,rte_stratified,RTE stratified,roberta-base,RoBERTa-base,homo,Homo,1,80,0,66,55.5956678700361,epoch_round_tuning/tuning-flora-rte_stratified-roberta-base-homo-e1-r80,epoch_round_tuning/tuning-flora-rte_stratified-roberta-base-homo-e1-r80/seed0/10log.txt,80,True,score log,Complete
flora,Linear FLoRA,rte_stratified,RTE stratified,roberta-base,RoBERTa-base,homo,Homo,1,80,0,67,56.678700361010826,epoch_round_tuning/tuning-flora-rte_stratified-roberta-base-homo-e1-r80,epoch_round_tuning/tuning-flora-rte_stratified-roberta-base-homo-e1-r80/seed0/10log.txt,80,True,score log,Complete
flora,Linear FLoRA,rte_stratified,RTE stratified,roberta-base,RoBERTa-base,homo,Homo,1,80,0,68,56.678700361010826,epoch_round_tuning/tuning-flora-rte_stratified-roberta-base-homo-e1-r80,epoch_round_tuning/tuning-flora-rte_stratified-roberta-base-homo-e1-r80/seed0/10log.txt,80,True,score log,Complete
flora,Linear FLoRA,rte_stratified,RTE stratified,roberta-base,RoBERTa-base,homo,Homo,1,80,0,69,55.5956678700361,epoch_round_tuning/tuning-flora-rte_stratified-roberta-base-homo-e1-r80,epoch_round_tuning/tuning-flora-rte_stratified-roberta-base-homo-e1-r80/seed0/10log.txt,80,True,score log,Complete
flora,Linear FLoRA,rte_stratified,RTE stratified,roberta-base,RoBERTa-base,homo,Homo,1,80,0,70,54.87364620938629,epoch_round_tuning/tuning-flora-rte_stratified-roberta-base-homo-e1-r80,epoch_round_tuning/tuning-flora-rte_stratified-roberta-base-homo-e1-r80/seed0/10log.txt,80,True,score log,Complete
flora,Linear FLoRA,rte_stratified,RTE stratified,roberta-base,RoBERTa-base,homo,Homo,1,80,0,71,55.5956678700361,epoch_round_tuning/tuning-flora-rte_stratified-roberta-base-homo-e1-r80,epoch_round_tuning/tuning-flora-rte_stratified-roberta-base-homo-e1-r80/seed0/10log.txt,80,True,score log,Complete
flora,Linear FLoRA,rte_stratified,RTE stratified,roberta-base,RoBERTa-base,homo,Homo,1,80,0,72,55.95667870036101,epoch_round_tuning/tuning-flora-rte_stratified-roberta-base-homo-e1-r80,epoch_round_tuning/tuning-flora-rte_stratified-roberta-base-homo-e1-r80/seed0/10log.txt,80,True,score log,Complete
flora,Linear FLoRA,rte_stratified,RTE stratified,roberta-base,RoBERTa-base,homo,Homo,1,80,0,73,55.23465703971119,epoch_round_tuning/tuning-flora-rte_stratified-roberta-base-homo-e1-r80,epoch_round_tuning/tuning-flora-rte_stratified-roberta-base-homo-e1-r80/seed0/10log.txt,80,True,score log,Complete
flora,Linear FLoRA,rte_stratified,RTE stratified,roberta-base,RoBERTa-base,homo,Homo,1,80,0,74,56.317689530685925,epoch_round_tuning/tuning-flora-rte_stratified-roberta-base-homo-e1-r80,epoch_round_tuning/tuning-flora-rte_stratified-roberta-base-homo-e1-r80/seed0/10log.txt,80,True,score log,Complete
flora,Linear FLoRA,rte_stratified,RTE stratified,roberta-base,RoBERTa-base,homo,Homo,1,80,0,75,57.761732851985556,epoch_round_tuning/tuning-flora-rte_stratified-roberta-base-homo-e1-r80,epoch_round_tuning/tuning-flora-rte_stratified-roberta-base-homo-e1-r80/seed0/10log.txt,80,True,score log,Complete
flora,Linear FLoRA,rte_stratified,RTE stratified,roberta-base,RoBERTa-base,homo,Homo,1,80,0,76,58.12274368231047,epoch_round_tuning/tuning-flora-rte_stratified-roberta-base-homo-e1-r80,epoch_round_tuning/tuning-flora-rte_stratified-roberta-base-homo-e1-r80/seed0/10log.txt,80,True,score log,Complete
flora,Linear FLoRA,rte_stratified,RTE stratified,roberta-base,RoBERTa-base,homo,Homo,1,80,0,77,55.5956678700361,epoch_round_tuning/tuning-flora-rte_stratified-roberta-base-homo-e1-r80,epoch_round_tuning/tuning-flora-rte_stratified-roberta-base-homo-e1-r80/seed0/10log.txt,80,True,score log,Complete
flora,Linear FLoRA,rte_stratified,RTE stratified,roberta-base,RoBERTa-base,homo,Homo,1,80,0,78,57.400722021660656,epoch_round_tuning/tuning-flora-rte_stratified-roberta-base-homo-e1-r80,epoch_round_tuning/tuning-flora-rte_stratified-roberta-base-homo-e1-r80/seed0/10log.txt,80,True,score log,Complete
flora,Linear FLoRA,rte_stratified,RTE stratified,roberta-base,RoBERTa-base,homo,Homo,1,80,0,79,55.5956678700361,epoch_round_tuning/tuning-flora-rte_stratified-roberta-base-homo-e1-r80,epoch_round_tuning/tuning-flora-rte_stratified-roberta-base-homo-e1-r80/seed0/10log.txt,80,True,score log,Complete
flora,Linear FLoRA,rte_stratified,RTE stratified,roberta-base,RoBERTa-base,homo,Homo,1,80,0,80,56.317689530685925,epoch_round_tuning/tuning-flora-rte_stratified-roberta-base-homo-e1-r80,epoch_round_tuning/tuning-flora-rte_stratified-roberta-base-homo-e1-r80/seed0/10log.txt,80,True,score log,Complete
flora,Linear FLoRA,rte_stratified,RTE stratified,roberta-base,RoBERTa-base,homo,Homo,2,40,0,1,53.068592057761734,epoch_round_tuning/tuning-flora-rte_stratified-roberta-base-homo-e2-r40,epoch_round_tuning/tuning-flora-rte_stratified-roberta-base-homo-e2-r40/seed0/10log.txt,40,True,score log,Complete
flora,Linear FLoRA,rte_stratified,RTE stratified,roberta-base,RoBERTa-base,homo,Homo,2,40,0,2,51.985559566786996,epoch_round_tuning/tuning-flora-rte_stratified-roberta-base-homo-e2-r40,epoch_round_tuning/tuning-flora-rte_stratified-roberta-base-homo-e2-r40/seed0/10log.txt,40,True,score log,Complete
flora,Linear FLoRA,rte_stratified,RTE stratified,roberta-base,RoBERTa-base,homo,Homo,2,40,0,3,55.95667870036101,epoch_round_tuning/tuning-flora-rte_stratified-roberta-base-homo-e2-r40,epoch_round_tuning/tuning-flora-rte_stratified-roberta-base-homo-e2-r40/seed0/10log.txt,40,True,score log,Complete
flora,Linear FLoRA,rte_stratified,RTE stratified,roberta-base,RoBERTa-base,homo,Homo,2,40,0,4,56.317689530685925,epoch_round_tuning/tuning-flora-rte_stratified-roberta-base-homo-e2-r40,epoch_round_tuning/tuning-flora-rte_stratified-roberta-base-homo-e2-r40/seed0/10log.txt,40,True,score log,Complete
flora,Linear FLoRA,rte_stratified,RTE stratified,roberta-base,RoBERTa-base,homo,Homo,2,40,0,5,57.03971119133574,epoch_round_tuning/tuning-flora-rte_stratified-roberta-base-homo-e2-r40,epoch_round_tuning/tuning-flora-rte_stratified-roberta-base-homo-e2-r40/seed0/10log.txt,40,True,score log,Complete
flora,Linear FLoRA,rte_stratified,RTE stratified,roberta-base,RoBERTa-base,homo,Homo,2,40,0,6,54.87364620938629,epoch_round_tuning/tuning-flora-rte_stratified-roberta-base-homo-e2-r40,epoch_round_tuning/tuning-flora-rte_stratified-roberta-base-homo-e2-r40/seed0/10log.txt,40,True,score log,Complete
flora,Linear FLoRA,rte_stratified,RTE stratified,roberta-base,RoBERTa-base,homo,Homo,2,40,0,7,54.87364620938629,epoch_round_tuning/tuning-flora-rte_stratified-roberta-base-homo-e2-r40,epoch_round_tuning/tuning-flora-rte_stratified-roberta-base-homo-e2-r40/seed0/10log.txt,40,True,score log,Complete
flora,Linear FLoRA,rte_stratified,RTE stratified,roberta-base,RoBERTa-base,homo,Homo,2,40,0,8,55.95667870036101,epoch_round_tuning/tuning-flora-rte_stratified-roberta-base-homo-e2-r40,epoch_round_tuning/tuning-flora-rte_stratified-roberta-base-homo-e2-r40/seed0/10log.txt,40,True,score log,Complete
flora,Linear FLoRA,rte_stratified,RTE stratified,roberta-base,RoBERTa-base,homo,Homo,2,40,0,9,55.5956678700361,epoch_round_tuning/tuning-flora-rte_stratified-roberta-base-homo-e2-r40,epoch_round_tuning/tuning-flora-rte_stratified-roberta-base-homo-e2-r40/seed0/10log.txt,40,True,score log,Complete
flora,Linear FLoRA,rte_stratified,RTE stratified,roberta-base,RoBERTa-base,homo,Homo,2,40,0,10,57.03971119133574,epoch_round_tuning/tuning-flora-rte_stratified-roberta-base-homo-e2-r40,epoch_round_tuning/tuning-flora-rte_stratified-roberta-base-homo-e2-r40/seed0/10log.txt,40,True,score log,Complete
flora,Linear FLoRA,rte_stratified,RTE stratified,roberta-base,RoBERTa-base,homo,Homo,2,40,0,11,56.678700361010826,epoch_round_tuning/tuning-flora-rte_stratified-roberta-base-homo-e2-r40,epoch_round_tuning/tuning-flora-rte_stratified-roberta-base-homo-e2-r40/seed0/10log.txt,40,True,score log,Complete
flora,Linear FLoRA,rte_stratified,RTE stratified,roberta-base,RoBERTa-base,homo,Homo,2,40,0,12,55.5956678700361,epoch_round_tuning/tuning-flora-rte_stratified-roberta-base-homo-e2-r40,epoch_round_tuning/tuning-flora-rte_stratified-roberta-base-homo-e2-r40/seed0/10log.txt,40,True,score log,Complete
flora,Linear FLoRA,rte_stratified,RTE stratified,roberta-base,RoBERTa-base,homo,Homo,2,40,0,13,55.23465703971119,epoch_round_tuning/tuning-flora-rte_stratified-roberta-base-homo-e2-r40,epoch_round_tuning/tuning-flora-rte_stratified-roberta-base-homo-e2-r40/seed0/10log.txt,40,True,score log,Complete
flora,Linear FLoRA,rte_stratified,RTE stratified,roberta-base,RoBERTa-base,homo,Homo,2,40,0,14,55.23465703971119,epoch_round_tuning/tuning-flora-rte_stratified-roberta-base-homo-e2-r40,epoch_round_tuning/tuning-flora-rte_stratified-roberta-base-homo-e2-r40/seed0/10log.txt,40,True,score log,Complete
flora,Linear FLoRA,rte_stratified,RTE stratified,roberta-base,RoBERTa-base,homo,Homo,2,40,0,15,56.317689530685925,epoch_round_tuning/tuning-flora-rte_stratified-roberta-base-homo-e2-r40,epoch_round_tuning/tuning-flora-rte_stratified-roberta-base-homo-e2-r40/seed0/10log.txt,40,True,score log,Complete
flora,Linear FLoRA,rte_stratified,RTE stratified,roberta-base,RoBERTa-base,homo,Homo,2,40,0,16,57.03971119133574,epoch_round_tuning/tuning-flora-rte_stratified-roberta-base-homo-e2-r40,epoch_round_tuning/tuning-flora-rte_stratified-roberta-base-homo-e2-r40/seed0/10log.txt,40,True,score log,Complete
flora,Linear FLoRA,rte_stratified,RTE stratified,roberta-base,RoBERTa-base,homo,Homo,2,40,0,17,57.03971119133574,epoch_round_tuning/tuning-flora-rte_stratified-roberta-base-homo-e2-r40,epoch_round_tuning/tuning-flora-rte_stratified-roberta-base-homo-e2-r40/seed0/10log.txt,40,True,score log,Complete
flora,Linear FLoRA,rte_stratified,RTE stratified,roberta-base,RoBERTa-base,homo,Homo,2,40,0,18,56.678700361010826,epoch_round_tuning/tuning-flora-rte_stratified-roberta-base-homo-e2-r40,epoch_round_tuning/tuning-flora-rte_stratified-roberta-base-homo-e2-r40/seed0/10log.txt,40,True,score log,Complete
flora,Linear FLoRA,rte_stratified,RTE stratified,roberta-base,RoBERTa-base,homo,Homo,2,40,0,19,56.317689530685925,epoch_round_tuning/tuning-flora-rte_stratified-roberta-base-homo-e2-r40,epoch_round_tuning/tuning-flora-rte_stratified-roberta-base-homo-e2-r40/seed0/10log.txt,40,True,score log,Complete
flora,Linear FLoRA,rte_stratified,RTE stratified,roberta-base,RoBERTa-base,homo,Homo,2,40,0,20,56.317689530685925,epoch_round_tuning/tuning-flora-rte_stratified-roberta-base-homo-e2-r40,epoch_round_tuning/tuning-flora-rte_stratified-roberta-base-homo-e2-r40/seed0/10log.txt,40,True,score log,Complete
flora,Linear FLoRA,rte_stratified,RTE stratified,roberta-base,RoBERTa-base,homo,Homo,2,40,0,21,57.400722021660656,epoch_round_tuning/tuning-flora-rte_stratified-roberta-base-homo-e2-r40,epoch_round_tuning/tuning-flora-rte_stratified-roberta-base-homo-e2-r40/seed0/10log.txt,40,True,score log,Complete
flora,Linear FLoRA,rte_stratified,RTE stratified,roberta-base,RoBERTa-base,homo,Homo,2,40,0,22,57.03971119133574,epoch_round_tuning/tuning-flora-rte_stratified-roberta-base-homo-e2-r40,epoch_round_tuning/tuning-flora-rte_stratified-roberta-base-homo-e2-r40/seed0/10log.txt,40,True,score log,Complete
flora,Linear FLoRA,rte_stratified,RTE stratified,roberta-base,RoBERTa-base,homo,Homo,2,40,0,23,57.761732851985556,epoch_round_tuning/tuning-flora-rte_stratified-roberta-base-homo-e2-r40,epoch_round_tuning/tuning-flora-rte_stratified-roberta-base-homo-e2-r40/seed0/10log.txt,40,True,score log,Complete
flora,Linear FLoRA,rte_stratified,RTE stratified,roberta-base,RoBERTa-base,homo,Homo,2,40,0,24,58.48375451263538,epoch_round_tuning/tuning-flora-rte_stratified-roberta-base-homo-e2-r40,epoch_round_tuning/tuning-flora-rte_stratified-roberta-base-homo-e2-r40/seed0/10log.txt,40,True,score log,Complete
flora,Linear FLoRA,rte_stratified,RTE stratified,roberta-base,RoBERTa-base,homo,Homo,2,40,0,25,58.844765342960294,epoch_round_tuning/tuning-flora-rte_stratified-roberta-base-homo-e2-r40,epoch_round_tuning/tuning-flora-rte_stratified-roberta-base-homo-e2-r40/seed0/10log.txt,40,True,score log,Complete
flora,Linear FLoRA,rte_stratified,RTE stratified,roberta-base,RoBERTa-base,homo,Homo,2,40,0,26,58.48375451263538,epoch_round_tuning/tuning-flora-rte_stratified-roberta-base-homo-e2-r40,epoch_round_tuning/tuning-flora-rte_stratified-roberta-base-homo-e2-r40/seed0/10log.txt,40,True,score log,Complete
flora,Linear FLoRA,rte_stratified,RTE stratified,roberta-base,RoBERTa-base,homo,Homo,2,40,0,27,57.03971119133574,epoch_round_tuning/tuning-flora-rte_stratified-roberta-base-homo-e2-r40,epoch_round_tuning/tuning-flora-rte_stratified-roberta-base-homo-e2-r40/seed0/10log.txt,40,True,score log,Complete
flora,Linear FLoRA,rte_stratified,RTE stratified,roberta-base,RoBERTa-base,homo,Homo,2,40,0,28,57.761732851985556,epoch_round_tuning/tuning-flora-rte_stratified-roberta-base-homo-e2-r40,epoch_round_tuning/tuning-flora-rte_stratified-roberta-base-homo-e2-r40/seed0/10log.txt,40,True,score log,Complete
flora,Linear FLoRA,rte_stratified,RTE stratified,roberta-base,RoBERTa-base,homo,Homo,2,40,0,29,58.12274368231047,epoch_round_tuning/tuning-flora-rte_stratified-roberta-base-homo-e2-r40,epoch_round_tuning/tuning-flora-rte_stratified-roberta-base-homo-e2-r40/seed0/10log.txt,40,True,score log,Complete
flora,Linear FLoRA,rte_stratified,RTE stratified,roberta-base,RoBERTa-base,homo,Homo,2,40,0,30,58.48375451263538,epoch_round_tuning/tuning-flora-rte_stratified-roberta-base-homo-e2-r40,epoch_round_tuning/tuning-flora-rte_stratified-roberta-base-homo-e2-r40/seed0/10log.txt,40,True,score log,Complete
flora,Linear FLoRA,rte_stratified,RTE stratified,roberta-base,RoBERTa-base,homo,Homo,2,40,0,31,58.48375451263538,epoch_round_tuning/tuning-flora-rte_stratified-roberta-base-homo-e2-r40,epoch_round_tuning/tuning-flora-rte_stratified-roberta-base-homo-e2-r40/seed0/10log.txt,40,True,score log,Complete
flora,Linear FLoRA,rte_stratified,RTE stratified,roberta-base,RoBERTa-base,homo,Homo,2,40,0,32,58.48375451263538,epoch_round_tuning/tuning-flora-rte_stratified-roberta-base-homo-e2-r40,epoch_round_tuning/tuning-flora-rte_stratified-roberta-base-homo-e2-r40/seed0/10log.txt,40,True,score log,Complete
flora,Linear FLoRA,rte_stratified,RTE stratified,roberta-base,RoBERTa-base,homo,Homo,2,40,0,33,57.400722021660656,epoch_round_tuning/tuning-flora-rte_stratified-roberta-base-homo-e2-r40,epoch_round_tuning/tuning-flora-rte_stratified-roberta-base-homo-e2-r40/seed0/10log.txt,40,True,score log,Complete
flora,Linear FLoRA,rte_stratified,RTE stratified,roberta-base,RoBERTa-base,homo,Homo,2,40,0,34,57.400722021660656,epoch_round_tuning/tuning-flora-rte_stratified-roberta-base-homo-e2-r40,epoch_round_tuning/tuning-flora-rte_stratified-roberta-base-homo-e2-r40/seed0/10log.txt,40,True,score log,Complete
flora,Linear FLoRA,rte_stratified,RTE stratified,roberta-base,RoBERTa-base,homo,Homo,2,40,0,35,58.12274368231047,epoch_round_tuning/tuning-flora-rte_stratified-roberta-base-homo-e2-r40,epoch_round_tuning/tuning-flora-rte_stratified-roberta-base-homo-e2-r40/seed0/10log.txt,40,True,score log,Complete
flora,Linear FLoRA,rte_stratified,RTE stratified,roberta-base,RoBERTa-base,homo,Homo,2,40,0,36,58.12274368231047,epoch_round_tuning/tuning-flora-rte_stratified-roberta-base-homo-e2-r40,epoch_round_tuning/tuning-flora-rte_stratified-roberta-base-homo-e2-r40/seed0/10log.txt,40,True,score log,Complete
flora,Linear FLoRA,rte_stratified,RTE stratified,roberta-base,RoBERTa-base,homo,Homo,2,40,0,37,58.12274368231047,epoch_round_tuning/tuning-flora-rte_stratified-roberta-base-homo-e2-r40,epoch_round_tuning/tuning-flora-rte_stratified-roberta-base-homo-e2-r40/seed0/10log.txt,40,True,score log,Complete
flora,Linear FLoRA,rte_stratified,RTE stratified,roberta-base,RoBERTa-base,homo,Homo,2,40,0,38,58.48375451263538,epoch_round_tuning/tuning-flora-rte_stratified-roberta-base-homo-e2-r40,epoch_round_tuning/tuning-flora-rte_stratified-roberta-base-homo-e2-r40/seed0/10log.txt,40,True,score log,Complete
flora,Linear FLoRA,rte_stratified,RTE stratified,roberta-base,RoBERTa-base,homo,Homo,2,40,0,39,57.761732851985556,epoch_round_tuning/tuning-flora-rte_stratified-roberta-base-homo-e2-r40,epoch_round_tuning/tuning-flora-rte_stratified-roberta-base-homo-e2-r40/seed0/10log.txt,40,True,score log,Complete
flora,Linear FLoRA,rte_stratified,RTE stratified,roberta-base,RoBERTa-base,homo,Homo,2,40,0,40,57.761732851985556,epoch_round_tuning/tuning-flora-rte_stratified-roberta-base-homo-e2-r40,epoch_round_tuning/tuning-flora-rte_stratified-roberta-base-homo-e2-r40/seed0/10log.txt,40,True,score log,Complete
flora,Linear FLoRA,rte_stratified,RTE stratified,roberta-base,RoBERTa-base,homo,Homo,4,20,0,1,55.5956678700361,epoch_round_tuning/tuning-flora-rte_stratified-roberta-base-homo-e4-r20,epoch_round_tuning/tuning-flora-rte_stratified-roberta-base-homo-e4-r20/seed0/10log.txt,20,True,score log,Complete
flora,Linear FLoRA,rte_stratified,RTE stratified,roberta-base,RoBERTa-base,homo,Homo,4,20,0,2,55.95667870036101,epoch_round_tuning/tuning-flora-rte_stratified-roberta-base-homo-e4-r20,epoch_round_tuning/tuning-flora-rte_stratified-roberta-base-homo-e4-r20/seed0/10log.txt,20,True,score log,Complete
flora,Linear FLoRA,rte_stratified,RTE stratified,roberta-base,RoBERTa-base,homo,Homo,4,20,0,3,55.5956678700361,epoch_round_tuning/tuning-flora-rte_stratified-roberta-base-homo-e4-r20,epoch_round_tuning/tuning-flora-rte_stratified-roberta-base-homo-e4-r20/seed0/10log.txt,20,True,score log,Complete
flora,Linear FLoRA,rte_stratified,RTE stratified,roberta-base,RoBERTa-base,homo,Homo,4,20,0,4,55.95667870036101,epoch_round_tuning/tuning-flora-rte_stratified-roberta-base-homo-e4-r20,epoch_round_tuning/tuning-flora-rte_stratified-roberta-base-homo-e4-r20/seed0/10log.txt,20,True,score log,Complete
flora,Linear FLoRA,rte_stratified,RTE stratified,roberta-base,RoBERTa-base,homo,Homo,4,20,0,5,56.678700361010826,epoch_round_tuning/tuning-flora-rte_stratified-roberta-base-homo-e4-r20,epoch_round_tuning/tuning-flora-rte_stratified-roberta-base-homo-e4-r20/seed0/10log.txt,20,True,score log,Complete
flora,Linear FLoRA,rte_stratified,RTE stratified,roberta-base,RoBERTa-base,homo,Homo,4,20,0,6,55.5956678700361,epoch_round_tuning/tuning-flora-rte_stratified-roberta-base-homo-e4-r20,epoch_round_tuning/tuning-flora-rte_stratified-roberta-base-homo-e4-r20/seed0/10log.txt,20,True,score log,Complete
flora,Linear FLoRA,rte_stratified,RTE stratified,roberta-base,RoBERTa-base,homo,Homo,4,20,0,7,55.95667870036101,epoch_round_tuning/tuning-flora-rte_stratified-roberta-base-homo-e4-r20,epoch_round_tuning/tuning-flora-rte_stratified-roberta-base-homo-e4-r20/seed0/10log.txt,20,True,score log,Complete
flora,Linear FLoRA,rte_stratified,RTE stratified,roberta-base,RoBERTa-base,homo,Homo,4,20,0,8,56.317689530685925,epoch_round_tuning/tuning-flora-rte_stratified-roberta-base-homo-e4-r20,epoch_round_tuning/tuning-flora-rte_stratified-roberta-base-homo-e4-r20/seed0/10log.txt,20,True,score log,Complete
flora,Linear FLoRA,rte_stratified,RTE stratified,roberta-base,RoBERTa-base,homo,Homo,4,20,0,9,57.03971119133574,epoch_round_tuning/tuning-flora-rte_stratified-roberta-base-homo-e4-r20,epoch_round_tuning/tuning-flora-rte_stratified-roberta-base-homo-e4-r20/seed0/10log.txt,20,True,score log,Complete
flora,Linear FLoRA,rte_stratified,RTE stratified,roberta-base,RoBERTa-base,homo,Homo,4,20,0,10,58.12274368231047,epoch_round_tuning/tuning-flora-rte_stratified-roberta-base-homo-e4-r20,epoch_round_tuning/tuning-flora-rte_stratified-roberta-base-homo-e4-r20/seed0/10log.txt,20,True,score log,Complete
flora,Linear FLoRA,rte_stratified,RTE stratified,roberta-base,RoBERTa-base,homo,Homo,4,20,0,11,57.400722021660656,epoch_round_tuning/tuning-flora-rte_stratified-roberta-base-homo-e4-r20,epoch_round_tuning/tuning-flora-rte_stratified-roberta-base-homo-e4-r20/seed0/10log.txt,20,True,score log,Complete
flora,Linear FLoRA,rte_stratified,RTE stratified,roberta-base,RoBERTa-base,homo,Homo,4,20,0,12,60.28880866425993,epoch_round_tuning/tuning-flora-rte_stratified-roberta-base-homo-e4-r20,epoch_round_tuning/tuning-flora-rte_stratified-roberta-base-homo-e4-r20/seed0/10log.txt,20,True,score log,Complete
flora,Linear FLoRA,rte_stratified,RTE stratified,roberta-base,RoBERTa-base,homo,Homo,4,20,0,13,59.92779783393502,epoch_round_tuning/tuning-flora-rte_stratified-roberta-base-homo-e4-r20,epoch_round_tuning/tuning-flora-rte_stratified-roberta-base-homo-e4-r20/seed0/10log.txt,20,True,score log,Complete
flora,Linear FLoRA,rte_stratified,RTE stratified,roberta-base,RoBERTa-base,homo,Homo,4,20,0,14,61.371841155234655,epoch_round_tuning/tuning-flora-rte_stratified-roberta-base-homo-e4-r20,epoch_round_tuning/tuning-flora-rte_stratified-roberta-base-homo-e4-r20/seed0/10log.txt,20,True,score log,Complete
flora,Linear FLoRA,rte_stratified,RTE stratified,roberta-base,RoBERTa-base,homo,Homo,4,20,0,15,60.64981949458483,epoch_round_tuning/tuning-flora-rte_stratified-roberta-base-homo-e4-r20,epoch_round_tuning/tuning-flora-rte_stratified-roberta-base-homo-e4-r20/seed0/10log.txt,20,True,score log,Complete
flora,Linear FLoRA,rte_stratified,RTE stratified,roberta-base,RoBERTa-base,homo,Homo,4,20,0,16,60.28880866425993,epoch_round_tuning/tuning-flora-rte_stratified-roberta-base-homo-e4-r20,epoch_round_tuning/tuning-flora-rte_stratified-roberta-base-homo-e4-r20/seed0/10log.txt,20,True,score log,Complete
flora,Linear FLoRA,rte_stratified,RTE stratified,roberta-base,RoBERTa-base,homo,Homo,4,20,0,17,60.28880866425993,epoch_round_tuning/tuning-flora-rte_stratified-roberta-base-homo-e4-r20,epoch_round_tuning/tuning-flora-rte_stratified-roberta-base-homo-e4-r20/seed0/10log.txt,20,True,score log,Complete
flora,Linear FLoRA,rte_stratified,RTE stratified,roberta-base,RoBERTa-base,homo,Homo,4,20,0,18,59.92779783393502,epoch_round_tuning/tuning-flora-rte_stratified-roberta-base-homo-e4-r20,epoch_round_tuning/tuning-flora-rte_stratified-roberta-base-homo-e4-r20/seed0/10log.txt,20,True,score log,Complete
flora,Linear FLoRA,rte_stratified,RTE stratified,roberta-base,RoBERTa-base,homo,Homo,4,20,0,19,59.92779783393502,epoch_round_tuning/tuning-flora-rte_stratified-roberta-base-homo-e4-r20,epoch_round_tuning/tuning-flora-rte_stratified-roberta-base-homo-e4-r20/seed0/10log.txt,20,True,score log,Complete
flora,Linear FLoRA,rte_stratified,RTE stratified,roberta-base,RoBERTa-base,homo,Homo,4,20,0,20,60.28880866425993,epoch_round_tuning/tuning-flora-rte_stratified-roberta-base-homo-e4-r20,epoch_round_tuning/tuning-flora-rte_stratified-roberta-base-homo-e4-r20/seed0/10log.txt,20,True,score log,Complete
flora,Linear FLoRA,rte_stratified,RTE stratified,roberta-base,RoBERTa-base,homo,Homo,8,10,0,1,57.400722021660656,epoch_round_tuning/tuning-flora-rte_stratified-roberta-base-homo-e8-r10,epoch_round_tuning/tuning-flora-rte_stratified-roberta-base-homo-e8-r10/seed0/10log.txt,10,True,score log,Complete
flora,Linear FLoRA,rte_stratified,RTE stratified,roberta-base,RoBERTa-base,homo,Homo,8,10,0,2,56.317689530685925,epoch_round_tuning/tuning-flora-rte_stratified-roberta-base-homo-e8-r10,epoch_round_tuning/tuning-flora-rte_stratified-roberta-base-homo-e8-r10/seed0/10log.txt,10,True,score log,Complete
flora,Linear FLoRA,rte_stratified,RTE stratified,roberta-base,RoBERTa-base,homo,Homo,8,10,0,3,55.23465703971119,epoch_round_tuning/tuning-flora-rte_stratified-roberta-base-homo-e8-r10,epoch_round_tuning/tuning-flora-rte_stratified-roberta-base-homo-e8-r10/seed0/10log.txt,10,True,score log,Complete
flora,Linear FLoRA,rte_stratified,RTE stratified,roberta-base,RoBERTa-base,homo,Homo,8,10,0,4,58.12274368231047,epoch_round_tuning/tuning-flora-rte_stratified-roberta-base-homo-e8-r10,epoch_round_tuning/tuning-flora-rte_stratified-roberta-base-homo-e8-r10/seed0/10log.txt,10,True,score log,Complete
flora,Linear FLoRA,rte_stratified,RTE stratified,roberta-base,RoBERTa-base,homo,Homo,8,10,0,5,58.12274368231047,epoch_round_tuning/tuning-flora-rte_stratified-roberta-base-homo-e8-r10,epoch_round_tuning/tuning-flora-rte_stratified-roberta-base-homo-e8-r10/seed0/10log.txt,10,True,score log,Complete
flora,Linear FLoRA,rte_stratified,RTE stratified,roberta-base,RoBERTa-base,homo,Homo,8,10,0,6,60.28880866425993,epoch_round_tuning/tuning-flora-rte_stratified-roberta-base-homo-e8-r10,epoch_round_tuning/tuning-flora-rte_stratified-roberta-base-homo-e8-r10/seed0/10log.txt,10,True,score log,Complete
flora,Linear FLoRA,rte_stratified,RTE stratified,roberta-base,RoBERTa-base,homo,Homo,8,10,0,7,60.64981949458483,epoch_round_tuning/tuning-flora-rte_stratified-roberta-base-homo-e8-r10,epoch_round_tuning/tuning-flora-rte_stratified-roberta-base-homo-e8-r10/seed0/10log.txt,10,True,score log,Complete
flora,Linear FLoRA,rte_stratified,RTE stratified,roberta-base,RoBERTa-base,homo,Homo,8,10,0,8,61.73285198555957,epoch_round_tuning/tuning-flora-rte_stratified-roberta-base-homo-e8-r10,epoch_round_tuning/tuning-flora-rte_stratified-roberta-base-homo-e8-r10/seed0/10log.txt,10,True,score log,Complete
flora,Linear FLoRA,rte_stratified,RTE stratified,roberta-base,RoBERTa-base,homo,Homo,8,10,0,9,61.01083032490975,epoch_round_tuning/tuning-flora-rte_stratified-roberta-base-homo-e8-r10,epoch_round_tuning/tuning-flora-rte_stratified-roberta-base-homo-e8-r10/seed0/10log.txt,10,True,score log,Complete
flora,Linear FLoRA,rte_stratified,RTE stratified,roberta-base,RoBERTa-base,homo,Homo,8,10,0,10,61.73285198555957,epoch_round_tuning/tuning-flora-rte_stratified-roberta-base-homo-e8-r10,epoch_round_tuning/tuning-flora-rte_stratified-roberta-base-homo-e8-r10/seed0/10log.txt,10,True,score log,Complete
nonlinear_flora,Nonlinear FLoRA Cumulative,rte_stratified,RTE stratified,roberta-base,RoBERTa-base,heter,Heter,1,80,0,1,47.292418772563174,epoch_round_tuning/tuning-nonlinear_flora-rte_stratified-roberta-base-heter-e1-r80,epoch_round_tuning/tuning-nonlinear_flora-rte_stratified-roberta-base-heter-e1-r80/seed0/10/log.txt,80,True,score log,Complete
nonlinear_flora,Nonlinear FLoRA Cumulative,rte_stratified,RTE stratified,roberta-base,RoBERTa-base,heter,Heter,1,80,0,2,52.707581227436826,epoch_round_tuning/tuning-nonlinear_flora-rte_stratified-roberta-base-heter-e1-r80,epoch_round_tuning/tuning-nonlinear_flora-rte_stratified-roberta-base-heter-e1-r80/seed0/10/log.txt,80,True,score log,Complete
nonlinear_flora,Nonlinear FLoRA Cumulative,rte_stratified,RTE stratified,roberta-base,RoBERTa-base,heter,Heter,1,80,0,3,46.57039711191336,epoch_round_tuning/tuning-nonlinear_flora-rte_stratified-roberta-base-heter-e1-r80,epoch_round_tuning/tuning-nonlinear_flora-rte_stratified-roberta-base-heter-e1-r80/seed0/10/log.txt,80,True,score log,Complete
nonlinear_flora,Nonlinear FLoRA Cumulative,rte_stratified,RTE stratified,roberta-base,RoBERTa-base,heter,Heter,1,80,0,4,56.317689530685925,epoch_round_tuning/tuning-nonlinear_flora-rte_stratified-roberta-base-heter-e1-r80,epoch_round_tuning/tuning-nonlinear_flora-rte_stratified-roberta-base-heter-e1-r80/seed0/10/log.txt,80,True,score log,Complete
nonlinear_flora,Nonlinear FLoRA Cumulative,rte_stratified,RTE stratified,roberta-base,RoBERTa-base,heter,Heter,1,80,0,5,51.26353790613718,epoch_round_tuning/tuning-nonlinear_flora-rte_stratified-roberta-base-heter-e1-r80,epoch_round_tuning/tuning-nonlinear_flora-rte_stratified-roberta-base-heter-e1-r80/seed0/10/log.txt,80,True,score log,Complete
nonlinear_flora,Nonlinear FLoRA Cumulative,rte_stratified,RTE stratified,roberta-base,RoBERTa-base,heter,Heter,1,80,0,6,54.151624548736464,epoch_round_tuning/tuning-nonlinear_flora-rte_stratified-roberta-base-heter-e1-r80,epoch_round_tuning/tuning-nonlinear_flora-rte_stratified-roberta-base-heter-e1-r80/seed0/10/log.txt,80,True,score log,Complete
nonlinear_flora,Nonlinear FLoRA Cumulative,rte_stratified,RTE stratified,roberta-base,RoBERTa-base,heter,Heter,1,80,0,7,51.26353790613718,epoch_round_tuning/tuning-nonlinear_flora-rte_stratified-roberta-base-heter-e1-r80,epoch_round_tuning/tuning-nonlinear_flora-rte_stratified-roberta-base-heter-e1-r80/seed0/10/log.txt,80,True,score log,Complete
nonlinear_flora,Nonlinear FLoRA Cumulative,rte_stratified,RTE stratified,roberta-base,RoBERTa-base,heter,Heter,1,80,0,8,54.151624548736464,epoch_round_tuning/tuning-nonlinear_flora-rte_stratified-roberta-base-heter-e1-r80,epoch_round_tuning/tuning-nonlinear_flora-rte_stratified-roberta-base-heter-e1-r80/seed0/10/log.txt,80,True,score log,Complete
nonlinear_flora,Nonlinear FLoRA Cumulative,rte_stratified,RTE stratified,roberta-base,RoBERTa-base,heter,Heter,1,80,0,9,53.068592057761734,epoch_round_tuning/tuning-nonlinear_flora-rte_stratified-roberta-base-heter-e1-r80,epoch_round_tuning/tuning-nonlinear_flora-rte_stratified-roberta-base-heter-e1-r80/seed0/10/log.txt,80,True,score log,Complete
nonlinear_flora,Nonlinear FLoRA Cumulative,rte_stratified,RTE stratified,roberta-base,RoBERTa-base,heter,Heter,1,80,0,10,52.707581227436826,epoch_round_tuning/tuning-nonlinear_flora-rte_stratified-roberta-base-heter-e1-r80,epoch_round_tuning/tuning-nonlinear_flora-rte_stratified-roberta-base-heter-e1-r80/seed0/10/log.txt,80,True,score log,Complete
nonlinear_flora,Nonlinear FLoRA Cumulative,rte_stratified,RTE stratified,roberta-base,RoBERTa-base,heter,Heter,1,80,0,11,52.707581227436826,epoch_round_tuning/tuning-nonlinear_flora-rte_stratified-roberta-base-heter-e1-r80,epoch_round_tuning/tuning-nonlinear_flora-rte_stratified-roberta-base-heter-e1-r80/seed0/10/log.txt,80,True,score log,Complete
nonlinear_flora,Nonlinear FLoRA Cumulative,rte_stratified,RTE stratified,roberta-base,RoBERTa-base,heter,Heter,1,80,0,12,52.34657039711191,epoch_round_tuning/tuning-nonlinear_flora-rte_stratified-roberta-base-heter-e1-r80,epoch_round_tuning/tuning-nonlinear_flora-rte_stratified-roberta-base-heter-e1-r80/seed0/10/log.txt,80,True,score log,Complete
nonlinear_flora,Nonlinear FLoRA Cumulative,rte_stratified,RTE stratified,roberta-base,RoBERTa-base,heter,Heter,1,80,0,13,51.985559566786996,epoch_round_tuning/tuning-nonlinear_flora-rte_stratified-roberta-base-heter-e1-r80,epoch_round_tuning/tuning-nonlinear_flora-rte_stratified-roberta-base-heter-e1-r80/seed0/10/log.txt,80,True,score log,Complete
nonlinear_flora,Nonlinear FLoRA Cumulative,rte_stratified,RTE stratified,roberta-base,RoBERTa-base,heter,Heter,1,80,0,14,53.068592057761734,epoch_round_tuning/tuning-nonlinear_flora-rte_stratified-roberta-base-heter-e1-r80,epoch_round_tuning/tuning-nonlinear_flora-rte_stratified-roberta-base-heter-e1-r80/seed0/10/log.txt,80,True,score log,Complete
nonlinear_flora,Nonlinear FLoRA Cumulative,rte_stratified,RTE stratified,roberta-base,RoBERTa-base,heter,Heter,1,80,0,15,53.42960288808665,epoch_round_tuning/tuning-nonlinear_flora-rte_stratified-roberta-base-heter-e1-r80,epoch_round_tuning/tuning-nonlinear_flora-rte_stratified-roberta-base-heter-e1-r80/seed0/10/log.txt,80,True,score log,Complete
nonlinear_flora,Nonlinear FLoRA Cumulative,rte_stratified,RTE stratified,roberta-base,RoBERTa-base,heter,Heter,1,80,0,16,53.79061371841155,epoch_round_tuning/tuning-nonlinear_flora-rte_stratified-roberta-base-heter-e1-r80,epoch_round_tuning/tuning-nonlinear_flora-rte_stratified-roberta-base-heter-e1-r80/seed0/10/log.txt,80,True,score log,Complete
nonlinear_flora,Nonlinear FLoRA Cumulative,rte_stratified,RTE stratified,roberta-base,RoBERTa-base,heter,Heter,1,80,0,17,54.51263537906137,epoch_round_tuning/tuning-nonlinear_flora-rte_stratified-roberta-base-heter-e1-r80,epoch_round_tuning/tuning-nonlinear_flora-rte_stratified-roberta-base-heter-e1-r80/seed0/10/log.txt,80,True,score log,Complete
nonlinear_flora,Nonlinear FLoRA Cumulative,rte_stratified,RTE stratified,roberta-base,RoBERTa-base,heter,Heter,1,80,0,18,54.51263537906137,epoch_round_tuning/tuning-nonlinear_flora-rte_stratified-roberta-base-heter-e1-r80,epoch_round_tuning/tuning-nonlinear_flora-rte_stratified-roberta-base-heter-e1-r80/seed0/10/log.txt,80,True,score log,Complete
nonlinear_flora,Nonlinear FLoRA Cumulative,rte_stratified,RTE stratified,roberta-base,RoBERTa-base,heter,Heter,1,80,0,19,54.87364620938629,epoch_round_tuning/tuning-nonlinear_flora-rte_stratified-roberta-base-heter-e1-r80,epoch_round_tuning/tuning-nonlinear_flora-rte_stratified-roberta-base-heter-e1-r80/seed0/10/log.txt,80,True,score log,Complete
nonlinear_flora,Nonlinear FLoRA Cumulative,rte_stratified,RTE stratified,roberta-base,RoBERTa-base,heter,Heter,1,80,0,20,55.5956678700361,epoch_round_tuning/tuning-nonlinear_flora-rte_stratified-roberta-base-heter-e1-r80,epoch_round_tuning/tuning-nonlinear_flora-rte_stratified-roberta-base-heter-e1-r80/seed0/10/log.txt,80,True,score log,Complete
nonlinear_flora,Nonlinear FLoRA Cumulative,rte_stratified,RTE stratified,roberta-base,RoBERTa-base,heter,Heter,1,80,0,21,55.5956678700361,epoch_round_tuning/tuning-nonlinear_flora-rte_stratified-roberta-base-heter-e1-r80,epoch_round_tuning/tuning-nonlinear_flora-rte_stratified-roberta-base-heter-e1-r80/seed0/10/log.txt,80,True,score log,Complete
nonlinear_flora,Nonlinear FLoRA Cumulative,rte_stratified,RTE stratified,roberta-base,RoBERTa-base,heter,Heter,1,80,0,22,55.95667870036101,epoch_round_tuning/tuning-nonlinear_flora-rte_stratified-roberta-base-heter-e1-r80,epoch_round_tuning/tuning-nonlinear_flora-rte_stratified-roberta-base-heter-e1-r80/seed0/10/log.txt,80,True,score log,Complete
nonlinear_flora,Nonlinear FLoRA Cumulative,rte_stratified,RTE stratified,roberta-base,RoBERTa-base,heter,Heter,1,80,0,23,56.317689530685925,epoch_round_tuning/tuning-nonlinear_flora-rte_stratified-roberta-base-heter-e1-r80,epoch_round_tuning/tuning-nonlinear_flora-rte_stratified-roberta-base-heter-e1-r80/seed0/10/log.txt,80,True,score log,Complete
nonlinear_flora,Nonlinear FLoRA Cumulative,rte_stratified,RTE stratified,roberta-base,RoBERTa-base,heter,Heter,1,80,0,24,55.95667870036101,epoch_round_tuning/tuning-nonlinear_flora-rte_stratified-roberta-base-heter-e1-r80,epoch_round_tuning/tuning-nonlinear_flora-rte_stratified-roberta-base-heter-e1-r80/seed0/10/log.txt,80,True,score log,Complete
nonlinear_flora,Nonlinear FLoRA Cumulative,rte_stratified,RTE stratified,roberta-base,RoBERTa-base,heter,Heter,1,80,0,25,56.317689530685925,epoch_round_tuning/tuning-nonlinear_flora-rte_stratified-roberta-base-heter-e1-r80,epoch_round_tuning/tuning-nonlinear_flora-rte_stratified-roberta-base-heter-e1-r80/seed0/10/log.txt,80,True,score log,Complete
nonlinear_flora,Nonlinear FLoRA Cumulative,rte_stratified,RTE stratified,roberta-base,RoBERTa-base,heter,Heter,1,80,0,26,56.678700361010826,epoch_round_tuning/tuning-nonlinear_flora-rte_stratified-roberta-base-heter-e1-r80,epoch_round_tuning/tuning-nonlinear_flora-rte_stratified-roberta-base-heter-e1-r80/seed0/10/log.txt,80,True,score log,Complete
nonlinear_flora,Nonlinear FLoRA Cumulative,rte_stratified,RTE stratified,roberta-base,RoBERTa-base,heter,Heter,1,80,0,27,56.317689530685925,epoch_round_tuning/tuning-nonlinear_flora-rte_stratified-roberta-base-heter-e1-r80,epoch_round_tuning/tuning-nonlinear_flora-rte_stratified-roberta-base-heter-e1-r80/seed0/10/log.txt,80,True,score log,Complete
nonlinear_flora,Nonlinear FLoRA Cumulative,rte_stratified,RTE stratified,roberta-base,RoBERTa-base,heter,Heter,1,80,0,28,56.678700361010826,epoch_round_tuning/tuning-nonlinear_flora-rte_stratified-roberta-base-heter-e1-r80,epoch_round_tuning/tuning-nonlinear_flora-rte_stratified-roberta-base-heter-e1-r80/seed0/10/log.txt,80,True,score log,Complete
nonlinear_flora,Nonlinear FLoRA Cumulative,rte_stratified,RTE stratified,roberta-base,RoBERTa-base,heter,Heter,1,80,0,29,56.317689530685925,epoch_round_tuning/tuning-nonlinear_flora-rte_stratified-roberta-base-heter-e1-r80,epoch_round_tuning/tuning-nonlinear_flora-rte_stratified-roberta-base-heter-e1-r80/seed0/10/log.txt,80,True,score log,Complete
nonlinear_flora,Nonlinear FLoRA Cumulative,rte_stratified,RTE stratified,roberta-base,RoBERTa-base,heter,Heter,1,80,0,30,55.5956678700361,epoch_round_tuning/tuning-nonlinear_flora-rte_stratified-roberta-base-heter-e1-r80,epoch_round_tuning/tuning-nonlinear_flora-rte_stratified-roberta-base-heter-e1-r80/seed0/10/log.txt,80,True,score log,Complete
nonlinear_flora,Nonlinear FLoRA Cumulative,rte_stratified,RTE stratified,roberta-base,RoBERTa-base,heter,Heter,1,80,0,31,55.5956678700361,epoch_round_tuning/tuning-nonlinear_flora-rte_stratified-roberta-base-heter-e1-r80,epoch_round_tuning/tuning-nonlinear_flora-rte_stratified-roberta-base-heter-e1-r80/seed0/10/log.txt,80,True,score log,Complete
nonlinear_flora,Nonlinear FLoRA Cumulative,rte_stratified,RTE stratified,roberta-base,RoBERTa-base,heter,Heter,1,80,0,32,55.5956678700361,epoch_round_tuning/tuning-nonlinear_flora-rte_stratified-roberta-base-heter-e1-r80,epoch_round_tuning/tuning-nonlinear_flora-rte_stratified-roberta-base-heter-e1-r80/seed0/10/log.txt,80,True,score log,Complete
nonlinear_flora,Nonlinear FLoRA Cumulative,rte_stratified,RTE stratified,roberta-base,RoBERTa-base,heter,Heter,1,80,0,33,55.23465703971119,epoch_round_tuning/tuning-nonlinear_flora-rte_stratified-roberta-base-heter-e1-r80,epoch_round_tuning/tuning-nonlinear_flora-rte_stratified-roberta-base-heter-e1-r80/seed0/10/log.txt,80,True,score log,Complete
nonlinear_flora,Nonlinear FLoRA Cumulative,rte_stratified,RTE stratified,roberta-base,RoBERTa-base,heter,Heter,1,80,0,34,54.87364620938629,epoch_round_tuning/tuning-nonlinear_flora-rte_stratified-roberta-base-heter-e1-r80,epoch_round_tuning/tuning-nonlinear_flora-rte_stratified-roberta-base-heter-e1-r80/seed0/10/log.txt,80,True,score log,Complete
nonlinear_flora,Nonlinear FLoRA Cumulative,rte_stratified,RTE stratified,roberta-base,RoBERTa-base,heter,Heter,1,80,0,35,53.79061371841155,epoch_round_tuning/tuning-nonlinear_flora-rte_stratified-roberta-base-heter-e1-r80,epoch_round_tuning/tuning-nonlinear_flora-rte_stratified-roberta-base-heter-e1-r80/seed0/10/log.txt,80,True,score log,Complete
nonlinear_flora,Nonlinear FLoRA Cumulative,rte_stratified,RTE stratified,roberta-base,RoBERTa-base,heter,Heter,1,80,0,36,53.79061371841155,epoch_round_tuning/tuning-nonlinear_flora-rte_stratified-roberta-base-heter-e1-r80,epoch_round_tuning/tuning-nonlinear_flora-rte_stratified-roberta-base-heter-e1-r80/seed0/10/log.txt,80,True,score log,Complete
nonlinear_flora,Nonlinear FLoRA Cumulative,rte_stratified,RTE stratified,roberta-base,RoBERTa-base,heter,Heter,1,80,0,37,53.42960288808665,epoch_round_tuning/tuning-nonlinear_flora-rte_stratified-roberta-base-heter-e1-r80,epoch_round_tuning/tuning-nonlinear_flora-rte_stratified-roberta-base-heter-e1-r80/seed0/10/log.txt,80,True,score log,Complete
nonlinear_flora,Nonlinear FLoRA Cumulative,rte_stratified,RTE stratified,roberta-base,RoBERTa-base,heter,Heter,1,80,0,38,53.068592057761734,epoch_round_tuning/tuning-nonlinear_flora-rte_stratified-roberta-base-heter-e1-r80,epoch_round_tuning/tuning-nonlinear_flora-rte_stratified-roberta-base-heter-e1-r80/seed0/10/log.txt,80,True,score log,Complete
nonlinear_flora,Nonlinear FLoRA Cumulative,rte_stratified,RTE stratified,roberta-base,RoBERTa-base,heter,Heter,1,80,0,39,53.42960288808665,epoch_round_tuning/tuning-nonlinear_flora-rte_stratified-roberta-base-heter-e1-r80,epoch_round_tuning/tuning-nonlinear_flora-rte_stratified-roberta-base-heter-e1-r80/seed0/10/log.txt,80,True,score log,Complete
nonlinear_flora,Nonlinear FLoRA Cumulative,rte_stratified,RTE stratified,roberta-base,RoBERTa-base,heter,Heter,1,80,0,40,52.707581227436826,epoch_round_tuning/tuning-nonlinear_flora-rte_stratified-roberta-base-heter-e1-r80,epoch_round_tuning/tuning-nonlinear_flora-rte_stratified-roberta-base-heter-e1-r80/seed0/10/log.txt,80,True,score log,Complete
nonlinear_flora,Nonlinear FLoRA Cumulative,rte_stratified,RTE stratified,roberta-base,RoBERTa-base,heter,Heter,1,80,0,41,52.34657039711191,epoch_round_tuning/tuning-nonlinear_flora-rte_stratified-roberta-base-heter-e1-r80,epoch_round_tuning/tuning-nonlinear_flora-rte_stratified-roberta-base-heter-e1-r80/seed0/10/log.txt,80,True,score log,Complete
nonlinear_flora,Nonlinear FLoRA Cumulative,rte_stratified,RTE stratified,roberta-base,RoBERTa-base,heter,Heter,1,80,0,42,51.985559566786996,epoch_round_tuning/tuning-nonlinear_flora-rte_stratified-roberta-base-heter-e1-r80,epoch_round_tuning/tuning-nonlinear_flora-rte_stratified-roberta-base-heter-e1-r80/seed0/10/log.txt,80,True,score log,Complete
nonlinear_flora,Nonlinear FLoRA Cumulative,rte_stratified,RTE stratified,roberta-base,RoBERTa-base,heter,Heter,1,80,0,43,54.151624548736464,epoch_round_tuning/tuning-nonlinear_flora-rte_stratified-roberta-base-heter-e1-r80,epoch_round_tuning/tuning-nonlinear_flora-rte_stratified-roberta-base-heter-e1-r80/seed0/10/log.txt,80,True,score log,Complete
nonlinear_flora,Nonlinear FLoRA Cumulative,rte_stratified,RTE stratified,roberta-base,RoBERTa-base,heter,Heter,1,80,0,44,54.151624548736464,epoch_round_tuning/tuning-nonlinear_flora-rte_stratified-roberta-base-heter-e1-r80,epoch_round_tuning/tuning-nonlinear_flora-rte_stratified-roberta-base-heter-e1-r80/seed0/10/log.txt,80,True,score log,Complete
nonlinear_flora,Nonlinear FLoRA Cumulative,rte_stratified,RTE stratified,roberta-base,RoBERTa-base,heter,Heter,1,80,0,45,53.068592057761734,epoch_round_tuning/tuning-nonlinear_flora-rte_stratified-roberta-base-heter-e1-r80,epoch_round_tuning/tuning-nonlinear_flora-rte_stratified-roberta-base-heter-e1-r80/seed0/10/log.txt,80,True,score log,Complete
nonlinear_flora,Nonlinear FLoRA Cumulative,rte_stratified,RTE stratified,roberta-base,RoBERTa-base,heter,Heter,1,80,0,46,52.707581227436826,epoch_round_tuning/tuning-nonlinear_flora-rte_stratified-roberta-base-heter-e1-r80,epoch_round_tuning/tuning-nonlinear_flora-rte_stratified-roberta-base-heter-e1-r80/seed0/10/log.txt,80,True,score log,Complete
nonlinear_flora,Nonlinear FLoRA Cumulative,rte_stratified,RTE stratified,roberta-base,RoBERTa-base,heter,Heter,1,80,0,47,53.42960288808665,epoch_round_tuning/tuning-nonlinear_flora-rte_stratified-roberta-base-heter-e1-r80,epoch_round_tuning/tuning-nonlinear_flora-rte_stratified-roberta-base-heter-e1-r80/seed0/10/log.txt,80,True,score log,Complete
nonlinear_flora,Nonlinear FLoRA Cumulative,rte_stratified,RTE stratified,roberta-base,RoBERTa-base,heter,Heter,1,80,0,48,53.79061371841155,epoch_round_tuning/tuning-nonlinear_flora-rte_stratified-roberta-base-heter-e1-r80,epoch_round_tuning/tuning-nonlinear_flora-rte_stratified-roberta-base-heter-e1-r80/seed0/10/log.txt,80,True,score log,Complete
nonlinear_flora,Nonlinear FLoRA Cumulative,rte_stratified,RTE stratified,roberta-base,RoBERTa-base,heter,Heter,1,80,0,49,53.79061371841155,epoch_round_tuning/tuning-nonlinear_flora-rte_stratified-roberta-base-heter-e1-r80,epoch_round_tuning/tuning-nonlinear_flora-rte_stratified-roberta-base-heter-e1-r80/seed0/10/log.txt,80,True,score log,Complete
nonlinear_flora,Nonlinear FLoRA Cumulative,rte_stratified,RTE stratified,roberta-base,RoBERTa-base,heter,Heter,1,80,0,50,54.87364620938629,epoch_round_tuning/tuning-nonlinear_flora-rte_stratified-roberta-base-heter-e1-r80,epoch_round_tuning/tuning-nonlinear_flora-rte_stratified-roberta-base-heter-e1-r80/seed0/10/log.txt,80,True,score log,Complete
nonlinear_flora,Nonlinear FLoRA Cumulative,rte_stratified,RTE stratified,roberta-base,RoBERTa-base,heter,Heter,1,80,0,51,54.51263537906137,epoch_round_tuning/tuning-nonlinear_flora-rte_stratified-roberta-base-heter-e1-r80,epoch_round_tuning/tuning-nonlinear_flora-rte_stratified-roberta-base-heter-e1-r80/seed0/10/log.txt,80,True,score log,Complete
nonlinear_flora,Nonlinear FLoRA Cumulative,rte_stratified,RTE stratified,roberta-base,RoBERTa-base,heter,Heter,1,80,0,52,54.151624548736464,epoch_round_tuning/tuning-nonlinear_flora-rte_stratified-roberta-base-heter-e1-r80,epoch_round_tuning/tuning-nonlinear_flora-rte_stratified-roberta-base-heter-e1-r80/seed0/10/log.txt,80,True,score log,Complete
nonlinear_flora,Nonlinear FLoRA Cumulative,rte_stratified,RTE stratified,roberta-base,RoBERTa-base,heter,Heter,1,80,0,53,54.87364620938629,epoch_round_tuning/tuning-nonlinear_flora-rte_stratified-roberta-base-heter-e1-r80,epoch_round_tuning/tuning-nonlinear_flora-rte_stratified-roberta-base-heter-e1-r80/seed0/10/log.txt,80,True,score log,Complete
nonlinear_flora,Nonlinear FLoRA Cumulative,rte_stratified,RTE stratified,roberta-base,RoBERTa-base,heter,Heter,1,80,0,54,55.5956678700361,epoch_round_tuning/tuning-nonlinear_flora-rte_stratified-roberta-base-heter-e1-r80,epoch_round_tuning/tuning-nonlinear_flora-rte_stratified-roberta-base-heter-e1-r80/seed0/10/log.txt,80,True,score log,Complete
nonlinear_flora,Nonlinear FLoRA Cumulative,rte_stratified,RTE stratified,roberta-base,RoBERTa-base,heter,Heter,1,80,0,55,55.23465703971119,epoch_round_tuning/tuning-nonlinear_flora-rte_stratified-roberta-base-heter-e1-r80,epoch_round_tuning/tuning-nonlinear_flora-rte_stratified-roberta-base-heter-e1-r80/seed0/10/log.txt,80,True,score log,Complete
nonlinear_flora,Nonlinear FLoRA Cumulative,rte_stratified,RTE stratified,roberta-base,RoBERTa-base,heter,Heter,1,80,0,56,55.95667870036101,epoch_round_tuning/tuning-nonlinear_flora-rte_stratified-roberta-base-heter-e1-r80,epoch_round_tuning/tuning-nonlinear_flora-rte_stratified-roberta-base-heter-e1-r80/seed0/10/log.txt,80,True,score log,Complete
nonlinear_flora,Nonlinear FLoRA Cumulative,rte_stratified,RTE stratified,roberta-base,RoBERTa-base,heter,Heter,1,80,0,57,55.5956678700361,epoch_round_tuning/tuning-nonlinear_flora-rte_stratified-roberta-base-heter-e1-r80,epoch_round_tuning/tuning-nonlinear_flora-rte_stratified-roberta-base-heter-e1-r80/seed0/10/log.txt,80,True,score log,Complete
nonlinear_flora,Nonlinear FLoRA Cumulative,rte_stratified,RTE stratified,roberta-base,RoBERTa-base,heter,Heter,1,80,0,58,55.5956678700361,epoch_round_tuning/tuning-nonlinear_flora-rte_stratified-roberta-base-heter-e1-r80,epoch_round_tuning/tuning-nonlinear_flora-rte_stratified-roberta-base-heter-e1-r80/seed0/10/log.txt,80,True,score log,Complete
nonlinear_flora,Nonlinear FLoRA Cumulative,rte_stratified,RTE stratified,roberta-base,RoBERTa-base,heter,Heter,1,80,0,59,55.5956678700361,epoch_round_tuning/tuning-nonlinear_flora-rte_stratified-roberta-base-heter-e1-r80,epoch_round_tuning/tuning-nonlinear_flora-rte_stratified-roberta-base-heter-e1-r80/seed0/10/log.txt,80,True,score log,Complete
nonlinear_flora,Nonlinear FLoRA Cumulative,rte_stratified,RTE stratified,roberta-base,RoBERTa-base,heter,Heter,1,80,0,60,55.95667870036101,epoch_round_tuning/tuning-nonlinear_flora-rte_stratified-roberta-base-heter-e1-r80,epoch_round_tuning/tuning-nonlinear_flora-rte_stratified-roberta-base-heter-e1-r80/seed0/10/log.txt,80,True,score log,Complete
nonlinear_flora,Nonlinear FLoRA Cumulative,rte_stratified,RTE stratified,roberta-base,RoBERTa-base,heter,Heter,1,80,0,61,55.95667870036101,epoch_round_tuning/tuning-nonlinear_flora-rte_stratified-roberta-base-heter-e1-r80,epoch_round_tuning/tuning-nonlinear_flora-rte_stratified-roberta-base-heter-e1-r80/seed0/10/log.txt,80,True,score log,Complete
nonlinear_flora,Nonlinear FLoRA Cumulative,rte_stratified,RTE stratified,roberta-base,RoBERTa-base,heter,Heter,1,80,0,62,55.5956678700361,epoch_round_tuning/tuning-nonlinear_flora-rte_stratified-roberta-base-heter-e1-r80,epoch_round_tuning/tuning-nonlinear_flora-rte_stratified-roberta-base-heter-e1-r80/seed0/10/log.txt,80,True,score log,Complete
nonlinear_flora,Nonlinear FLoRA Cumulative,rte_stratified,RTE stratified,roberta-base,RoBERTa-base,heter,Heter,1,80,0,63,55.5956678700361,epoch_round_tuning/tuning-nonlinear_flora-rte_stratified-roberta-base-heter-e1-r80,epoch_round_tuning/tuning-nonlinear_flora-rte_stratified-roberta-base-heter-e1-r80/seed0/10/log.txt,80,True,score log,Complete
nonlinear_flora,Nonlinear FLoRA Cumulative,rte_stratified,RTE stratified,roberta-base,RoBERTa-base,heter,Heter,1,80,0,64,54.87364620938629,epoch_round_tuning/tuning-nonlinear_flora-rte_stratified-roberta-base-heter-e1-r80,epoch_round_tuning/tuning-nonlinear_flora-rte_stratified-roberta-base-heter-e1-r80/seed0/10/log.txt,80,True,score log,Complete
nonlinear_flora,Nonlinear FLoRA Cumulative,rte_stratified,RTE stratified,roberta-base,RoBERTa-base,heter,Heter,1,80,0,65,55.23465703971119,epoch_round_tuning/tuning-nonlinear_flora-rte_stratified-roberta-base-heter-e1-r80,epoch_round_tuning/tuning-nonlinear_flora-rte_stratified-roberta-base-heter-e1-r80/seed0/10/log.txt,80,True,score log,Complete
nonlinear_flora,Nonlinear FLoRA Cumulative,rte_stratified,RTE stratified,roberta-base,RoBERTa-base,heter,Heter,1,80,0,66,55.5956678700361,epoch_round_tuning/tuning-nonlinear_flora-rte_stratified-roberta-base-heter-e1-r80,epoch_round_tuning/tuning-nonlinear_flora-rte_stratified-roberta-base-heter-e1-r80/seed0/10/log.txt,80,True,score log,Complete
nonlinear_flora,Nonlinear FLoRA Cumulative,rte_stratified,RTE stratified,roberta-base,RoBERTa-base,heter,Heter,1,80,0,67,55.5956678700361,epoch_round_tuning/tuning-nonlinear_flora-rte_stratified-roberta-base-heter-e1-r80,epoch_round_tuning/tuning-nonlinear_flora-rte_stratified-roberta-base-heter-e1-r80/seed0/10/log.txt,80,True,score log,Complete
nonlinear_flora,Nonlinear FLoRA Cumulative,rte_stratified,RTE stratified,roberta-base,RoBERTa-base,heter,Heter,1,80,0,68,55.5956678700361,epoch_round_tuning/tuning-nonlinear_flora-rte_stratified-roberta-base-heter-e1-r80,epoch_round_tuning/tuning-nonlinear_flora-rte_stratified-roberta-base-heter-e1-r80/seed0/10/log.txt,80,True,score log,Complete
nonlinear_flora,Nonlinear FLoRA Cumulative,rte_stratified,RTE stratified,roberta-base,RoBERTa-base,heter,Heter,1,80,0,69,56.317689530685925,epoch_round_tuning/tuning-nonlinear_flora-rte_stratified-roberta-base-heter-e1-r80,epoch_round_tuning/tuning-nonlinear_flora-rte_stratified-roberta-base-heter-e1-r80/seed0/10/log.txt,80,True,score log,Complete
nonlinear_flora,Nonlinear FLoRA Cumulative,rte_stratified,RTE stratified,roberta-base,RoBERTa-base,heter,Heter,1,80,0,70,56.678700361010826,epoch_round_tuning/tuning-nonlinear_flora-rte_stratified-roberta-base-heter-e1-r80,epoch_round_tuning/tuning-nonlinear_flora-rte_stratified-roberta-base-heter-e1-r80/seed0/10/log.txt,80,True,score log,Complete
nonlinear_flora,Nonlinear FLoRA Cumulative,rte_stratified,RTE stratified,roberta-base,RoBERTa-base,heter,Heter,1,80,0,71,56.317689530685925,epoch_round_tuning/tuning-nonlinear_flora-rte_stratified-roberta-base-heter-e1-r80,epoch_round_tuning/tuning-nonlinear_flora-rte_stratified-roberta-base-heter-e1-r80/seed0/10/log.txt,80,True,score log,Complete
nonlinear_flora,Nonlinear FLoRA Cumulative,rte_stratified,RTE stratified,roberta-base,RoBERTa-base,heter,Heter,1,80,0,72,55.95667870036101,epoch_round_tuning/tuning-nonlinear_flora-rte_stratified-roberta-base-heter-e1-r80,epoch_round_tuning/tuning-nonlinear_flora-rte_stratified-roberta-base-heter-e1-r80/seed0/10/log.txt,80,True,score log,Complete
nonlinear_flora,Nonlinear FLoRA Cumulative,rte_stratified,RTE stratified,roberta-base,RoBERTa-base,heter,Heter,1,80,0,73,55.5956678700361,epoch_round_tuning/tuning-nonlinear_flora-rte_stratified-roberta-base-heter-e1-r80,epoch_round_tuning/tuning-nonlinear_flora-rte_stratified-roberta-base-heter-e1-r80/seed0/10/log.txt,80,True,score log,Complete
nonlinear_flora,Nonlinear FLoRA Cumulative,rte_stratified,RTE stratified,roberta-base,RoBERTa-base,heter,Heter,1,80,0,74,54.151624548736464,epoch_round_tuning/tuning-nonlinear_flora-rte_stratified-roberta-base-heter-e1-r80,epoch_round_tuning/tuning-nonlinear_flora-rte_stratified-roberta-base-heter-e1-r80/seed0/10/log.txt,80,True,score log,Complete
nonlinear_flora,Nonlinear FLoRA Cumulative,rte_stratified,RTE stratified,roberta-base,RoBERTa-base,heter,Heter,1,80,0,75,54.87364620938629,epoch_round_tuning/tuning-nonlinear_flora-rte_stratified-roberta-base-heter-e1-r80,epoch_round_tuning/tuning-nonlinear_flora-rte_stratified-roberta-base-heter-e1-r80/seed0/10/log.txt,80,True,score log,Complete
nonlinear_flora,Nonlinear FLoRA Cumulative,rte_stratified,RTE stratified,roberta-base,RoBERTa-base,heter,Heter,1,80,0,76,53.79061371841155,epoch_round_tuning/tuning-nonlinear_flora-rte_stratified-roberta-base-heter-e1-r80,epoch_round_tuning/tuning-nonlinear_flora-rte_stratified-roberta-base-heter-e1-r80/seed0/10/log.txt,80,True,score log,Complete
nonlinear_flora,Nonlinear FLoRA Cumulative,rte_stratified,RTE stratified,roberta-base,RoBERTa-base,heter,Heter,1,80,0,77,54.87364620938629,epoch_round_tuning/tuning-nonlinear_flora-rte_stratified-roberta-base-heter-e1-r80,epoch_round_tuning/tuning-nonlinear_flora-rte_stratified-roberta-base-heter-e1-r80/seed0/10/log.txt,80,True,score log,Complete
nonlinear_flora,Nonlinear FLoRA Cumulative,rte_stratified,RTE stratified,roberta-base,RoBERTa-base,heter,Heter,1,80,0,78,54.87364620938629,epoch_round_tuning/tuning-nonlinear_flora-rte_stratified-roberta-base-heter-e1-r80,epoch_round_tuning/tuning-nonlinear_flora-rte_stratified-roberta-base-heter-e1-r80/seed0/10/log.txt,80,True,score log,Complete
nonlinear_flora,Nonlinear FLoRA Cumulative,rte_stratified,RTE stratified,roberta-base,RoBERTa-base,heter,Heter,1,80,0,79,55.23465703971119,epoch_round_tuning/tuning-nonlinear_flora-rte_stratified-roberta-base-heter-e1-r80,epoch_round_tuning/tuning-nonlinear_flora-rte_stratified-roberta-base-heter-e1-r80/seed0/10/log.txt,80,True,score log,Complete
nonlinear_flora,Nonlinear FLoRA Cumulative,rte_stratified,RTE stratified,roberta-base,RoBERTa-base,heter,Heter,1,80,0,80,54.87364620938629,epoch_round_tuning/tuning-nonlinear_flora-rte_stratified-roberta-base-heter-e1-r80,epoch_round_tuning/tuning-nonlinear_flora-rte_stratified-roberta-base-heter-e1-r80/seed0/10/log.txt,80,True,score log,Complete
nonlinear_flora,Nonlinear FLoRA Cumulative,rte_stratified,RTE stratified,roberta-base,RoBERTa-base,heter,Heter,2,40,0,1,53.068592057761734,epoch_round_tuning/tuning-nonlinear_flora-rte_stratified-roberta-base-heter-e2-r40,epoch_round_tuning/tuning-nonlinear_flora-rte_stratified-roberta-base-heter-e2-r40/seed0/10/log.txt,40,True,score log,Complete
nonlinear_flora,Nonlinear FLoRA Cumulative,rte_stratified,RTE stratified,roberta-base,RoBERTa-base,heter,Heter,2,40,0,2,53.068592057761734,epoch_round_tuning/tuning-nonlinear_flora-rte_stratified-roberta-base-heter-e2-r40,epoch_round_tuning/tuning-nonlinear_flora-rte_stratified-roberta-base-heter-e2-r40/seed0/10/log.txt,40,True,score log,Complete
nonlinear_flora,Nonlinear FLoRA Cumulative,rte_stratified,RTE stratified,roberta-base,RoBERTa-base,heter,Heter,2,40,0,3,56.678700361010826,epoch_round_tuning/tuning-nonlinear_flora-rte_stratified-roberta-base-heter-e2-r40,epoch_round_tuning/tuning-nonlinear_flora-rte_stratified-roberta-base-heter-e2-r40/seed0/10/log.txt,40,True,score log,Complete
nonlinear_flora,Nonlinear FLoRA Cumulative,rte_stratified,RTE stratified,roberta-base,RoBERTa-base,heter,Heter,2,40,0,4,57.761732851985556,epoch_round_tuning/tuning-nonlinear_flora-rte_stratified-roberta-base-heter-e2-r40,epoch_round_tuning/tuning-nonlinear_flora-rte_stratified-roberta-base-heter-e2-r40/seed0/10/log.txt,40,True,score log,Complete
nonlinear_flora,Nonlinear FLoRA Cumulative,rte_stratified,RTE stratified,roberta-base,RoBERTa-base,heter,Heter,2,40,0,5,56.678700361010826,epoch_round_tuning/tuning-nonlinear_flora-rte_stratified-roberta-base-heter-e2-r40,epoch_round_tuning/tuning-nonlinear_flora-rte_stratified-roberta-base-heter-e2-r40/seed0/10/log.txt,40,True,score log,Complete
nonlinear_flora,Nonlinear FLoRA Cumulative,rte_stratified,RTE stratified,roberta-base,RoBERTa-base,heter,Heter,2,40,0,6,54.151624548736464,epoch_round_tuning/tuning-nonlinear_flora-rte_stratified-roberta-base-heter-e2-r40,epoch_round_tuning/tuning-nonlinear_flora-rte_stratified-roberta-base-heter-e2-r40/seed0/10/log.txt,40,True,score log,Complete
nonlinear_flora,Nonlinear FLoRA Cumulative,rte_stratified,RTE stratified,roberta-base,RoBERTa-base,heter,Heter,2,40,0,7,54.151624548736464,epoch_round_tuning/tuning-nonlinear_flora-rte_stratified-roberta-base-heter-e2-r40,epoch_round_tuning/tuning-nonlinear_flora-rte_stratified-roberta-base-heter-e2-r40/seed0/10/log.txt,40,True,score log,Complete
nonlinear_flora,Nonlinear FLoRA Cumulative,rte_stratified,RTE stratified,roberta-base,RoBERTa-base,heter,Heter,2,40,0,8,54.51263537906137,epoch_round_tuning/tuning-nonlinear_flora-rte_stratified-roberta-base-heter-e2-r40,epoch_round_tuning/tuning-nonlinear_flora-rte_stratified-roberta-base-heter-e2-r40/seed0/10/log.txt,40,True,score log,Complete
nonlinear_flora,Nonlinear FLoRA Cumulative,rte_stratified,RTE stratified,roberta-base,RoBERTa-base,heter,Heter,2,40,0,9,54.87364620938629,epoch_round_tuning/tuning-nonlinear_flora-rte_stratified-roberta-base-heter-e2-r40,epoch_round_tuning/tuning-nonlinear_flora-rte_stratified-roberta-base-heter-e2-r40/seed0/10/log.txt,40,True,score log,Complete
nonlinear_flora,Nonlinear FLoRA Cumulative,rte_stratified,RTE stratified,roberta-base,RoBERTa-base,heter,Heter,2,40,0,10,55.5956678700361,epoch_round_tuning/tuning-nonlinear_flora-rte_stratified-roberta-base-heter-e2-r40,epoch_round_tuning/tuning-nonlinear_flora-rte_stratified-roberta-base-heter-e2-r40/seed0/10/log.txt,40,True,score log,Complete
nonlinear_flora,Nonlinear FLoRA Cumulative,rte_stratified,RTE stratified,roberta-base,RoBERTa-base,heter,Heter,2,40,0,11,55.23465703971119,epoch_round_tuning/tuning-nonlinear_flora-rte_stratified-roberta-base-heter-e2-r40,epoch_round_tuning/tuning-nonlinear_flora-rte_stratified-roberta-base-heter-e2-r40/seed0/10/log.txt,40,True,score log,Complete
nonlinear_flora,Nonlinear FLoRA Cumulative,rte_stratified,RTE stratified,roberta-base,RoBERTa-base,heter,Heter,2,40,0,12,55.23465703971119,epoch_round_tuning/tuning-nonlinear_flora-rte_stratified-roberta-base-heter-e2-r40,epoch_round_tuning/tuning-nonlinear_flora-rte_stratified-roberta-base-heter-e2-r40/seed0/10/log.txt,40,True,score log,Complete
nonlinear_flora,Nonlinear FLoRA Cumulative,rte_stratified,RTE stratified,roberta-base,RoBERTa-base,heter,Heter,2,40,0,13,54.151624548736464,epoch_round_tuning/tuning-nonlinear_flora-rte_stratified-roberta-base-heter-e2-r40,epoch_round_tuning/tuning-nonlinear_flora-rte_stratified-roberta-base-heter-e2-r40/seed0/10/log.txt,40,True,score log,Complete
nonlinear_flora,Nonlinear FLoRA Cumulative,rte_stratified,RTE stratified,roberta-base,RoBERTa-base,heter,Heter,2,40,0,14,53.79061371841155,epoch_round_tuning/tuning-nonlinear_flora-rte_stratified-roberta-base-heter-e2-r40,epoch_round_tuning/tuning-nonlinear_flora-rte_stratified-roberta-base-heter-e2-r40/seed0/10/log.txt,40,True,score log,Complete
nonlinear_flora,Nonlinear FLoRA Cumulative,rte_stratified,RTE stratified,roberta-base,RoBERTa-base,heter,Heter,2,40,0,15,53.79061371841155,epoch_round_tuning/tuning-nonlinear_flora-rte_stratified-roberta-base-heter-e2-r40,epoch_round_tuning/tuning-nonlinear_flora-rte_stratified-roberta-base-heter-e2-r40/seed0/10/log.txt,40,True,score log,Complete
nonlinear_flora,Nonlinear FLoRA Cumulative,rte_stratified,RTE stratified,roberta-base,RoBERTa-base,heter,Heter,2,40,0,16,54.151624548736464,epoch_round_tuning/tuning-nonlinear_flora-rte_stratified-roberta-base-heter-e2-r40,epoch_round_tuning/tuning-nonlinear_flora-rte_stratified-roberta-base-heter-e2-r40/seed0/10/log.txt,40,True,score log,Complete
nonlinear_flora,Nonlinear FLoRA Cumulative,rte_stratified,RTE stratified,roberta-base,RoBERTa-base,heter,Heter,2,40,0,17,53.42960288808665,epoch_round_tuning/tuning-nonlinear_flora-rte_stratified-roberta-base-heter-e2-r40,epoch_round_tuning/tuning-nonlinear_flora-rte_stratified-roberta-base-heter-e2-r40/seed0/10/log.txt,40,True,score log,Complete
nonlinear_flora,Nonlinear FLoRA Cumulative,rte_stratified,RTE stratified,roberta-base,RoBERTa-base,heter,Heter,2,40,0,18,53.42960288808665,epoch_round_tuning/tuning-nonlinear_flora-rte_stratified-roberta-base-heter-e2-r40,epoch_round_tuning/tuning-nonlinear_flora-rte_stratified-roberta-base-heter-e2-r40/seed0/10/log.txt,40,True,score log,Complete
nonlinear_flora,Nonlinear FLoRA Cumulative,rte_stratified,RTE stratified,roberta-base,RoBERTa-base,heter,Heter,2,40,0,19,53.42960288808665,epoch_round_tuning/tuning-nonlinear_flora-rte_stratified-roberta-base-heter-e2-r40,epoch_round_tuning/tuning-nonlinear_flora-rte_stratified-roberta-base-heter-e2-r40/seed0/10/log.txt,40,True,score log,Complete
nonlinear_flora,Nonlinear FLoRA Cumulative,rte_stratified,RTE stratified,roberta-base,RoBERTa-base,heter,Heter,2,40,0,20,54.151624548736464,epoch_round_tuning/tuning-nonlinear_flora-rte_stratified-roberta-base-heter-e2-r40,epoch_round_tuning/tuning-nonlinear_flora-rte_stratified-roberta-base-heter-e2-r40/seed0/10/log.txt,40,True,score log,Complete
nonlinear_flora,Nonlinear FLoRA Cumulative,rte_stratified,RTE stratified,roberta-base,RoBERTa-base,heter,Heter,2,40,0,21,54.87364620938629,epoch_round_tuning/tuning-nonlinear_flora-rte_stratified-roberta-base-heter-e2-r40,epoch_round_tuning/tuning-nonlinear_flora-rte_stratified-roberta-base-heter-e2-r40/seed0/10/log.txt,40,True,score log,Complete
nonlinear_flora,Nonlinear FLoRA Cumulative,rte_stratified,RTE stratified,roberta-base,RoBERTa-base,heter,Heter,2,40,0,22,54.151624548736464,epoch_round_tuning/tuning-nonlinear_flora-rte_stratified-roberta-base-heter-e2-r40,epoch_round_tuning/tuning-nonlinear_flora-rte_stratified-roberta-base-heter-e2-r40/seed0/10/log.txt,40,True,score log,Complete
nonlinear_flora,Nonlinear FLoRA Cumulative,rte_stratified,RTE stratified,roberta-base,RoBERTa-base,heter,Heter,2,40,0,23,54.51263537906137,epoch_round_tuning/tuning-nonlinear_flora-rte_stratified-roberta-base-heter-e2-r40,epoch_round_tuning/tuning-nonlinear_flora-rte_stratified-roberta-base-heter-e2-r40/seed0/10/log.txt,40,True,score log,Complete
nonlinear_flora,Nonlinear FLoRA Cumulative,rte_stratified,RTE stratified,roberta-base,RoBERTa-base,heter,Heter,2,40,0,24,55.95667870036101,epoch_round_tuning/tuning-nonlinear_flora-rte_stratified-roberta-base-heter-e2-r40,epoch_round_tuning/tuning-nonlinear_flora-rte_stratified-roberta-base-heter-e2-r40/seed0/10/log.txt,40,True,score log,Complete
nonlinear_flora,Nonlinear FLoRA Cumulative,rte_stratified,RTE stratified,roberta-base,RoBERTa-base,heter,Heter,2,40,0,25,56.317689530685925,epoch_round_tuning/tuning-nonlinear_flora-rte_stratified-roberta-base-heter-e2-r40,epoch_round_tuning/tuning-nonlinear_flora-rte_stratified-roberta-base-heter-e2-r40/seed0/10/log.txt,40,True,score log,Complete
nonlinear_flora,Nonlinear FLoRA Cumulative,rte_stratified,RTE stratified,roberta-base,RoBERTa-base,heter,Heter,2,40,0,26,56.678700361010826,epoch_round_tuning/tuning-nonlinear_flora-rte_stratified-roberta-base-heter-e2-r40,epoch_round_tuning/tuning-nonlinear_flora-rte_stratified-roberta-base-heter-e2-r40/seed0/10/log.txt,40,True,score log,Complete
nonlinear_flora,Nonlinear FLoRA Cumulative,rte_stratified,RTE stratified,roberta-base,RoBERTa-base,heter,Heter,2,40,0,27,55.95667870036101,epoch_round_tuning/tuning-nonlinear_flora-rte_stratified-roberta-base-heter-e2-r40,epoch_round_tuning/tuning-nonlinear_flora-rte_stratified-roberta-base-heter-e2-r40/seed0/10/log.txt,40,True,score log,Complete
nonlinear_flora,Nonlinear FLoRA Cumulative,rte_stratified,RTE stratified,roberta-base,RoBERTa-base,heter,Heter,2,40,0,28,55.95667870036101,epoch_round_tuning/tuning-nonlinear_flora-rte_stratified-roberta-base-heter-e2-r40,epoch_round_tuning/tuning-nonlinear_flora-rte_stratified-roberta-base-heter-e2-r40/seed0/10/log.txt,40,True,score log,Complete
nonlinear_flora,Nonlinear FLoRA Cumulative,rte_stratified,RTE stratified,roberta-base,RoBERTa-base,heter,Heter,2,40,0,29,55.5956678700361,epoch_round_tuning/tuning-nonlinear_flora-rte_stratified-roberta-base-heter-e2-r40,epoch_round_tuning/tuning-nonlinear_flora-rte_stratified-roberta-base-heter-e2-r40/seed0/10/log.txt,40,True,score log,Complete
nonlinear_flora,Nonlinear FLoRA Cumulative,rte_stratified,RTE stratified,roberta-base,RoBERTa-base,heter,Heter,2,40,0,30,55.5956678700361,epoch_round_tuning/tuning-nonlinear_flora-rte_stratified-roberta-base-heter-e2-r40,epoch_round_tuning/tuning-nonlinear_flora-rte_stratified-roberta-base-heter-e2-r40/seed0/10/log.txt,40,True,score log,Complete
nonlinear_flora,Nonlinear FLoRA Cumulative,rte_stratified,RTE stratified,roberta-base,RoBERTa-base,heter,Heter,2,40,0,31,55.23465703971119,epoch_round_tuning/tuning-nonlinear_flora-rte_stratified-roberta-base-heter-e2-r40,epoch_round_tuning/tuning-nonlinear_flora-rte_stratified-roberta-base-heter-e2-r40/seed0/10/log.txt,40,True,score log,Complete
nonlinear_flora,Nonlinear FLoRA Cumulative,rte_stratified,RTE stratified,roberta-base,RoBERTa-base,heter,Heter,2,40,0,32,55.23465703971119,epoch_round_tuning/tuning-nonlinear_flora-rte_stratified-roberta-base-heter-e2-r40,epoch_round_tuning/tuning-nonlinear_flora-rte_stratified-roberta-base-heter-e2-r40/seed0/10/log.txt,40,True,score log,Complete
nonlinear_flora,Nonlinear FLoRA Cumulative,rte_stratified,RTE stratified,roberta-base,RoBERTa-base,heter,Heter,2,40,0,33,55.95667870036101,epoch_round_tuning/tuning-nonlinear_flora-rte_stratified-roberta-base-heter-e2-r40,epoch_round_tuning/tuning-nonlinear_flora-rte_stratified-roberta-base-heter-e2-r40/seed0/10/log.txt,40,True,score log,Complete
nonlinear_flora,Nonlinear FLoRA Cumulative,rte_stratified,RTE stratified,roberta-base,RoBERTa-base,heter,Heter,2,40,0,34,56.317689530685925,epoch_round_tuning/tuning-nonlinear_flora-rte_stratified-roberta-base-heter-e2-r40,epoch_round_tuning/tuning-nonlinear_flora-rte_stratified-roberta-base-heter-e2-r40/seed0/10/log.txt,40,True,score log,Complete
nonlinear_flora,Nonlinear FLoRA Cumulative,rte_stratified,RTE stratified,roberta-base,RoBERTa-base,heter,Heter,2,40,0,35,57.03971119133574,epoch_round_tuning/tuning-nonlinear_flora-rte_stratified-roberta-base-heter-e2-r40,epoch_round_tuning/tuning-nonlinear_flora-rte_stratified-roberta-base-heter-e2-r40/seed0/10/log.txt,40,True,score log,Complete
nonlinear_flora,Nonlinear FLoRA Cumulative,rte_stratified,RTE stratified,roberta-base,RoBERTa-base,heter,Heter,2,40,0,36,57.400722021660656,epoch_round_tuning/tuning-nonlinear_flora-rte_stratified-roberta-base-heter-e2-r40,epoch_round_tuning/tuning-nonlinear_flora-rte_stratified-roberta-base-heter-e2-r40/seed0/10/log.txt,40,True,score log,Complete
nonlinear_flora,Nonlinear FLoRA Cumulative,rte_stratified,RTE stratified,roberta-base,RoBERTa-base,heter,Heter,2,40,0,37,57.400722021660656,epoch_round_tuning/tuning-nonlinear_flora-rte_stratified-roberta-base-heter-e2-r40,epoch_round_tuning/tuning-nonlinear_flora-rte_stratified-roberta-base-heter-e2-r40/seed0/10/log.txt,40,True,score log,Complete
nonlinear_flora,Nonlinear FLoRA Cumulative,rte_stratified,RTE stratified,roberta-base,RoBERTa-base,heter,Heter,2,40,0,38,58.12274368231047,epoch_round_tuning/tuning-nonlinear_flora-rte_stratified-roberta-base-heter-e2-r40,epoch_round_tuning/tuning-nonlinear_flora-rte_stratified-roberta-base-heter-e2-r40/seed0/10/log.txt,40,True,score log,Complete
nonlinear_flora,Nonlinear FLoRA Cumulative,rte_stratified,RTE stratified,roberta-base,RoBERTa-base,heter,Heter,2,40,0,39,57.761732851985556,epoch_round_tuning/tuning-nonlinear_flora-rte_stratified-roberta-base-heter-e2-r40,epoch_round_tuning/tuning-nonlinear_flora-rte_stratified-roberta-base-heter-e2-r40/seed0/10/log.txt,40,True,score log,Complete
nonlinear_flora,Nonlinear FLoRA Cumulative,rte_stratified,RTE stratified,roberta-base,RoBERTa-base,heter,Heter,2,40,0,40,58.12274368231047,epoch_round_tuning/tuning-nonlinear_flora-rte_stratified-roberta-base-heter-e2-r40,epoch_round_tuning/tuning-nonlinear_flora-rte_stratified-roberta-base-heter-e2-r40/seed0/10/log.txt,40,True,score log,Complete
nonlinear_flora,Nonlinear FLoRA Cumulative,rte_stratified,RTE stratified,roberta-base,RoBERTa-base,heter,Heter,4,20,0,1,54.51263537906137,epoch_round_tuning/tuning-nonlinear_flora-rte_stratified-roberta-base-heter-e4-r20,epoch_round_tuning/tuning-nonlinear_flora-rte_stratified-roberta-base-heter-e4-r20/seed0/10/log.txt,20,True,score log,Complete
nonlinear_flora,Nonlinear FLoRA Cumulative,rte_stratified,RTE stratified,roberta-base,RoBERTa-base,heter,Heter,4,20,0,2,58.12274368231047,epoch_round_tuning/tuning-nonlinear_flora-rte_stratified-roberta-base-heter-e4-r20,epoch_round_tuning/tuning-nonlinear_flora-rte_stratified-roberta-base-heter-e4-r20/seed0/10/log.txt,20,True,score log,Complete
nonlinear_flora,Nonlinear FLoRA Cumulative,rte_stratified,RTE stratified,roberta-base,RoBERTa-base,heter,Heter,4,20,0,3,55.95667870036101,epoch_round_tuning/tuning-nonlinear_flora-rte_stratified-roberta-base-heter-e4-r20,epoch_round_tuning/tuning-nonlinear_flora-rte_stratified-roberta-base-heter-e4-r20/seed0/10/log.txt,20,True,score log,Complete
nonlinear_flora,Nonlinear FLoRA Cumulative,rte_stratified,RTE stratified,roberta-base,RoBERTa-base,heter,Heter,4,20,0,4,56.678700361010826,epoch_round_tuning/tuning-nonlinear_flora-rte_stratified-roberta-base-heter-e4-r20,epoch_round_tuning/tuning-nonlinear_flora-rte_stratified-roberta-base-heter-e4-r20/seed0/10/log.txt,20,True,score log,Complete
nonlinear_flora,Nonlinear FLoRA Cumulative,rte_stratified,RTE stratified,roberta-base,RoBERTa-base,heter,Heter,4,20,0,5,56.678700361010826,epoch_round_tuning/tuning-nonlinear_flora-rte_stratified-roberta-base-heter-e4-r20,epoch_round_tuning/tuning-nonlinear_flora-rte_stratified-roberta-base-heter-e4-r20/seed0/10/log.txt,20,True,score log,Complete
nonlinear_flora,Nonlinear FLoRA Cumulative,rte_stratified,RTE stratified,roberta-base,RoBERTa-base,heter,Heter,4,20,0,6,54.87364620938629,epoch_round_tuning/tuning-nonlinear_flora-rte_stratified-roberta-base-heter-e4-r20,epoch_round_tuning/tuning-nonlinear_flora-rte_stratified-roberta-base-heter-e4-r20/seed0/10/log.txt,20,True,score log,Complete
nonlinear_flora,Nonlinear FLoRA Cumulative,rte_stratified,RTE stratified,roberta-base,RoBERTa-base,heter,Heter,4,20,0,7,55.23465703971119,epoch_round_tuning/tuning-nonlinear_flora-rte_stratified-roberta-base-heter-e4-r20,epoch_round_tuning/tuning-nonlinear_flora-rte_stratified-roberta-base-heter-e4-r20/seed0/10/log.txt,20,True,score log,Complete
nonlinear_flora,Nonlinear FLoRA Cumulative,rte_stratified,RTE stratified,roberta-base,RoBERTa-base,heter,Heter,4,20,0,8,55.23465703971119,epoch_round_tuning/tuning-nonlinear_flora-rte_stratified-roberta-base-heter-e4-r20,epoch_round_tuning/tuning-nonlinear_flora-rte_stratified-roberta-base-heter-e4-r20/seed0/10/log.txt,20,True,score log,Complete
nonlinear_flora,Nonlinear FLoRA Cumulative,rte_stratified,RTE stratified,roberta-base,RoBERTa-base,heter,Heter,4,20,0,9,55.95667870036101,epoch_round_tuning/tuning-nonlinear_flora-rte_stratified-roberta-base-heter-e4-r20,epoch_round_tuning/tuning-nonlinear_flora-rte_stratified-roberta-base-heter-e4-r20/seed0/10/log.txt,20,True,score log,Complete
nonlinear_flora,Nonlinear FLoRA Cumulative,rte_stratified,RTE stratified,roberta-base,RoBERTa-base,heter,Heter,4,20,0,10,57.03971119133574,epoch_round_tuning/tuning-nonlinear_flora-rte_stratified-roberta-base-heter-e4-r20,epoch_round_tuning/tuning-nonlinear_flora-rte_stratified-roberta-base-heter-e4-r20/seed0/10/log.txt,20,True,score log,Complete
nonlinear_flora,Nonlinear FLoRA Cumulative,rte_stratified,RTE stratified,roberta-base,RoBERTa-base,heter,Heter,4,20,0,11,55.95667870036101,epoch_round_tuning/tuning-nonlinear_flora-rte_stratified-roberta-base-heter-e4-r20,epoch_round_tuning/tuning-nonlinear_flora-rte_stratified-roberta-base-heter-e4-r20/seed0/10/log.txt,20,True,score log,Complete
nonlinear_flora,Nonlinear FLoRA Cumulative,rte_stratified,RTE stratified,roberta-base,RoBERTa-base,heter,Heter,4,20,0,12,56.317689530685925,epoch_round_tuning/tuning-nonlinear_flora-rte_stratified-roberta-base-heter-e4-r20,epoch_round_tuning/tuning-nonlinear_flora-rte_stratified-roberta-base-heter-e4-r20/seed0/10/log.txt,20,True,score log,Complete
nonlinear_flora,Nonlinear FLoRA Cumulative,rte_stratified,RTE stratified,roberta-base,RoBERTa-base,heter,Heter,4,20,0,13,55.5956678700361,epoch_round_tuning/tuning-nonlinear_flora-rte_stratified-roberta-base-heter-e4-r20,epoch_round_tuning/tuning-nonlinear_flora-rte_stratified-roberta-base-heter-e4-r20/seed0/10/log.txt,20,True,score log,Complete
nonlinear_flora,Nonlinear FLoRA Cumulative,rte_stratified,RTE stratified,roberta-base,RoBERTa-base,heter,Heter,4,20,0,14,55.95667870036101,epoch_round_tuning/tuning-nonlinear_flora-rte_stratified-roberta-base-heter-e4-r20,epoch_round_tuning/tuning-nonlinear_flora-rte_stratified-roberta-base-heter-e4-r20/seed0/10/log.txt,20,True,score log,Complete
nonlinear_flora,Nonlinear FLoRA Cumulative,rte_stratified,RTE stratified,roberta-base,RoBERTa-base,heter,Heter,4,20,0,15,58.12274368231047,epoch_round_tuning/tuning-nonlinear_flora-rte_stratified-roberta-base-heter-e4-r20,epoch_round_tuning/tuning-nonlinear_flora-rte_stratified-roberta-base-heter-e4-r20/seed0/10/log.txt,20,True,score log,Complete
nonlinear_flora,Nonlinear FLoRA Cumulative,rte_stratified,RTE stratified,roberta-base,RoBERTa-base,heter,Heter,4,20,0,16,57.761732851985556,epoch_round_tuning/tuning-nonlinear_flora-rte_stratified-roberta-base-heter-e4-r20,epoch_round_tuning/tuning-nonlinear_flora-rte_stratified-roberta-base-heter-e4-r20/seed0/10/log.txt,20,True,score log,Complete
nonlinear_flora,Nonlinear FLoRA Cumulative,rte_stratified,RTE stratified,roberta-base,RoBERTa-base,heter,Heter,4,20,0,17,58.844765342960294,epoch_round_tuning/tuning-nonlinear_flora-rte_stratified-roberta-base-heter-e4-r20,epoch_round_tuning/tuning-nonlinear_flora-rte_stratified-roberta-base-heter-e4-r20/seed0/10/log.txt,20,True,score log,Complete
nonlinear_flora,Nonlinear FLoRA Cumulative,rte_stratified,RTE stratified,roberta-base,RoBERTa-base,heter,Heter,4,20,0,18,59.205776173285194,epoch_round_tuning/tuning-nonlinear_flora-rte_stratified-roberta-base-heter-e4-r20,epoch_round_tuning/tuning-nonlinear_flora-rte_stratified-roberta-base-heter-e4-r20/seed0/10/log.txt,20,True,score log,Complete
nonlinear_flora,Nonlinear FLoRA Cumulative,rte_stratified,RTE stratified,roberta-base,RoBERTa-base,heter,Heter,4,20,0,19,58.844765342960294,epoch_round_tuning/tuning-nonlinear_flora-rte_stratified-roberta-base-heter-e4-r20,epoch_round_tuning/tuning-nonlinear_flora-rte_stratified-roberta-base-heter-e4-r20/seed0/10/log.txt,20,True,score log,Complete
nonlinear_flora,Nonlinear FLoRA Cumulative,rte_stratified,RTE stratified,roberta-base,RoBERTa-base,heter,Heter,4,20,0,20,59.56678700361011,epoch_round_tuning/tuning-nonlinear_flora-rte_stratified-roberta-base-heter-e4-r20,epoch_round_tuning/tuning-nonlinear_flora-rte_stratified-roberta-base-heter-e4-r20/seed0/10/log.txt,20,True,score log,Complete
nonlinear_flora,Nonlinear FLoRA Cumulative,rte_stratified,RTE stratified,roberta-base,RoBERTa-base,heter,Heter,8,10,0,1,58.12274368231047,epoch_round_tuning/tuning-nonlinear_flora-rte_stratified-roberta-base-heter-e8-r10,epoch_round_tuning/tuning-nonlinear_flora-rte_stratified-roberta-base-heter-e8-r10/seed0/10/log.txt,10,True,score log,Complete
nonlinear_flora,Nonlinear FLoRA Cumulative,rte_stratified,RTE stratified,roberta-base,RoBERTa-base,heter,Heter,8,10,0,2,58.48375451263538,epoch_round_tuning/tuning-nonlinear_flora-rte_stratified-roberta-base-heter-e8-r10,epoch_round_tuning/tuning-nonlinear_flora-rte_stratified-roberta-base-heter-e8-r10/seed0/10/log.txt,10,True,score log,Complete
nonlinear_flora,Nonlinear FLoRA Cumulative,rte_stratified,RTE stratified,roberta-base,RoBERTa-base,heter,Heter,8,10,0,3,59.205776173285194,epoch_round_tuning/tuning-nonlinear_flora-rte_stratified-roberta-base-heter-e8-r10,epoch_round_tuning/tuning-nonlinear_flora-rte_stratified-roberta-base-heter-e8-r10/seed0/10/log.txt,10,True,score log,Complete
nonlinear_flora,Nonlinear FLoRA Cumulative,rte_stratified,RTE stratified,roberta-base,RoBERTa-base,heter,Heter,8,10,0,4,55.23465703971119,epoch_round_tuning/tuning-nonlinear_flora-rte_stratified-roberta-base-heter-e8-r10,epoch_round_tuning/tuning-nonlinear_flora-rte_stratified-roberta-base-heter-e8-r10/seed0/10/log.txt,10,True,score log,Complete
nonlinear_flora,Nonlinear FLoRA Cumulative,rte_stratified,RTE stratified,roberta-base,RoBERTa-base,heter,Heter,8,10,0,5,58.12274368231047,epoch_round_tuning/tuning-nonlinear_flora-rte_stratified-roberta-base-heter-e8-r10,epoch_round_tuning/tuning-nonlinear_flora-rte_stratified-roberta-base-heter-e8-r10/seed0/10/log.txt,10,True,score log,Complete
nonlinear_flora,Nonlinear FLoRA Cumulative,rte_stratified,RTE stratified,roberta-base,RoBERTa-base,heter,Heter,8,10,0,6,60.28880866425993,epoch_round_tuning/tuning-nonlinear_flora-rte_stratified-roberta-base-heter-e8-r10,epoch_round_tuning/tuning-nonlinear_flora-rte_stratified-roberta-base-heter-e8-r10/seed0/10/log.txt,10,True,score log,Complete
nonlinear_flora,Nonlinear FLoRA Cumulative,rte_stratified,RTE stratified,roberta-base,RoBERTa-base,heter,Heter,8,10,0,7,61.371841155234655,epoch_round_tuning/tuning-nonlinear_flora-rte_stratified-roberta-base-heter-e8-r10,epoch_round_tuning/tuning-nonlinear_flora-rte_stratified-roberta-base-heter-e8-r10/seed0/10/log.txt,10,True,score log,Complete
nonlinear_flora,Nonlinear FLoRA Cumulative,rte_stratified,RTE stratified,roberta-base,RoBERTa-base,heter,Heter,8,10,0,8,61.01083032490975,epoch_round_tuning/tuning-nonlinear_flora-rte_stratified-roberta-base-heter-e8-r10,epoch_round_tuning/tuning-nonlinear_flora-rte_stratified-roberta-base-heter-e8-r10/seed0/10/log.txt,10,True,score log,Complete
nonlinear_flora,Nonlinear FLoRA Cumulative,rte_stratified,RTE stratified,roberta-base,RoBERTa-base,heter,Heter,8,10,0,9,61.01083032490975,epoch_round_tuning/tuning-nonlinear_flora-rte_stratified-roberta-base-heter-e8-r10,epoch_round_tuning/tuning-nonlinear_flora-rte_stratified-roberta-base-heter-e8-r10/seed0/10/log.txt,10,True,score log,Complete
nonlinear_flora,Nonlinear FLoRA Cumulative,rte_stratified,RTE stratified,roberta-base,RoBERTa-base,heter,Heter,8,10,0,10,61.371841155234655,epoch_round_tuning/tuning-nonlinear_flora-rte_stratified-roberta-base-heter-e8-r10,epoch_round_tuning/tuning-nonlinear_flora-rte_stratified-roberta-base-heter-e8-r10/seed0/10/log.txt,10,True,score log,Complete
nonlinear_flora,Nonlinear FLoRA Cumulative,rte_stratified,RTE stratified,roberta-base,RoBERTa-base,homo,Homo,1,80,0,1,47.292418772563174,epoch_round_tuning/tuning-nonlinear_flora-rte_stratified-roberta-base-homo-e1-r80,epoch_round_tuning/tuning-nonlinear_flora-rte_stratified-roberta-base-homo-e1-r80/seed0/10/log.txt,80,True,score log,Complete
nonlinear_flora,Nonlinear FLoRA Cumulative,rte_stratified,RTE stratified,roberta-base,RoBERTa-base,homo,Homo,1,80,0,2,53.068592057761734,epoch_round_tuning/tuning-nonlinear_flora-rte_stratified-roberta-base-homo-e1-r80,epoch_round_tuning/tuning-nonlinear_flora-rte_stratified-roberta-base-homo-e1-r80/seed0/10/log.txt,80,True,score log,Complete
nonlinear_flora,Nonlinear FLoRA Cumulative,rte_stratified,RTE stratified,roberta-base,RoBERTa-base,homo,Homo,1,80,0,3,46.20938628158845,epoch_round_tuning/tuning-nonlinear_flora-rte_stratified-roberta-base-homo-e1-r80,epoch_round_tuning/tuning-nonlinear_flora-rte_stratified-roberta-base-homo-e1-r80/seed0/10/log.txt,80,True,score log,Complete
nonlinear_flora,Nonlinear FLoRA Cumulative,rte_stratified,RTE stratified,roberta-base,RoBERTa-base,homo,Homo,1,80,0,4,56.317689530685925,epoch_round_tuning/tuning-nonlinear_flora-rte_stratified-roberta-base-homo-e1-r80,epoch_round_tuning/tuning-nonlinear_flora-rte_stratified-roberta-base-homo-e1-r80/seed0/10/log.txt,80,True,score log,Complete
nonlinear_flora,Nonlinear FLoRA Cumulative,rte_stratified,RTE stratified,roberta-base,RoBERTa-base,homo,Homo,1,80,0,5,50.90252707581227,epoch_round_tuning/tuning-nonlinear_flora-rte_stratified-roberta-base-homo-e1-r80,epoch_round_tuning/tuning-nonlinear_flora-rte_stratified-roberta-base-homo-e1-r80/seed0/10/log.txt,80,True,score log,Complete
nonlinear_flora,Nonlinear FLoRA Cumulative,rte_stratified,RTE stratified,roberta-base,RoBERTa-base,homo,Homo,1,80,0,6,54.151624548736464,epoch_round_tuning/tuning-nonlinear_flora-rte_stratified-roberta-base-homo-e1-r80,epoch_round_tuning/tuning-nonlinear_flora-rte_stratified-roberta-base-homo-e1-r80/seed0/10/log.txt,80,True,score log,Complete
nonlinear_flora,Nonlinear FLoRA Cumulative,rte_stratified,RTE stratified,roberta-base,RoBERTa-base,homo,Homo,1,80,0,7,51.26353790613718,epoch_round_tuning/tuning-nonlinear_flora-rte_stratified-roberta-base-homo-e1-r80,epoch_round_tuning/tuning-nonlinear_flora-rte_stratified-roberta-base-homo-e1-r80/seed0/10/log.txt,80,True,score log,Complete
nonlinear_flora,Nonlinear FLoRA Cumulative,rte_stratified,RTE stratified,roberta-base,RoBERTa-base,homo,Homo,1,80,0,8,52.707581227436826,epoch_round_tuning/tuning-nonlinear_flora-rte_stratified-roberta-base-homo-e1-r80,epoch_round_tuning/tuning-nonlinear_flora-rte_stratified-roberta-base-homo-e1-r80/seed0/10/log.txt,80,True,score log,Complete
nonlinear_flora,Nonlinear FLoRA Cumulative,rte_stratified,RTE stratified,roberta-base,RoBERTa-base,homo,Homo,1,80,0,9,51.985559566786996,epoch_round_tuning/tuning-nonlinear_flora-rte_stratified-roberta-base-homo-e1-r80,epoch_round_tuning/tuning-nonlinear_flora-rte_stratified-roberta-base-homo-e1-r80/seed0/10/log.txt,80,True,score log,Complete
nonlinear_flora,Nonlinear FLoRA Cumulative,rte_stratified,RTE stratified,roberta-base,RoBERTa-base,homo,Homo,1,80,0,10,51.985559566786996,epoch_round_tuning/tuning-nonlinear_flora-rte_stratified-roberta-base-homo-e1-r80,epoch_round_tuning/tuning-nonlinear_flora-rte_stratified-roberta-base-homo-e1-r80/seed0/10/log.txt,80,True,score log,Complete
nonlinear_flora,Nonlinear FLoRA Cumulative,rte_stratified,RTE stratified,roberta-base,RoBERTa-base,homo,Homo,1,80,0,11,51.624548736462096,epoch_round_tuning/tuning-nonlinear_flora-rte_stratified-roberta-base-homo-e1-r80,epoch_round_tuning/tuning-nonlinear_flora-rte_stratified-roberta-base-homo-e1-r80/seed0/10/log.txt,80,True,score log,Complete
nonlinear_flora,Nonlinear FLoRA Cumulative,rte_stratified,RTE stratified,roberta-base,RoBERTa-base,homo,Homo,1,80,0,12,52.707581227436826,epoch_round_tuning/tuning-nonlinear_flora-rte_stratified-roberta-base-homo-e1-r80,epoch_round_tuning/tuning-nonlinear_flora-rte_stratified-roberta-base-homo-e1-r80/seed0/10/log.txt,80,True,score log,Complete
nonlinear_flora,Nonlinear FLoRA Cumulative,rte_stratified,RTE stratified,roberta-base,RoBERTa-base,homo,Homo,1,80,0,13,52.34657039711191,epoch_round_tuning/tuning-nonlinear_flora-rte_stratified-roberta-base-homo-e1-r80,epoch_round_tuning/tuning-nonlinear_flora-rte_stratified-roberta-base-homo-e1-r80/seed0/10/log.txt,80,True,score log,Complete
nonlinear_flora,Nonlinear FLoRA Cumulative,rte_stratified,RTE stratified,roberta-base,RoBERTa-base,homo,Homo,1,80,0,14,51.985559566786996,epoch_round_tuning/tuning-nonlinear_flora-rte_stratified-roberta-base-homo-e1-r80,epoch_round_tuning/tuning-nonlinear_flora-rte_stratified-roberta-base-homo-e1-r80/seed0/10/log.txt,80,True,score log,Complete
nonlinear_flora,Nonlinear FLoRA Cumulative,rte_stratified,RTE stratified,roberta-base,RoBERTa-base,homo,Homo,1,80,0,15,52.34657039711191,epoch_round_tuning/tuning-nonlinear_flora-rte_stratified-roberta-base-homo-e1-r80,epoch_round_tuning/tuning-nonlinear_flora-rte_stratified-roberta-base-homo-e1-r80/seed0/10/log.txt,80,True,score log,Complete
nonlinear_flora,Nonlinear FLoRA Cumulative,rte_stratified,RTE stratified,roberta-base,RoBERTa-base,homo,Homo,1,80,0,16,53.42960288808665,epoch_round_tuning/tuning-nonlinear_flora-rte_stratified-roberta-base-homo-e1-r80,epoch_round_tuning/tuning-nonlinear_flora-rte_stratified-roberta-base-homo-e1-r80/seed0/10/log.txt,80,True,score log,Complete
nonlinear_flora,Nonlinear FLoRA Cumulative,rte_stratified,RTE stratified,roberta-base,RoBERTa-base,homo,Homo,1,80,0,17,53.79061371841155,epoch_round_tuning/tuning-nonlinear_flora-rte_stratified-roberta-base-homo-e1-r80,epoch_round_tuning/tuning-nonlinear_flora-rte_stratified-roberta-base-homo-e1-r80/seed0/10/log.txt,80,True,score log,Complete
nonlinear_flora,Nonlinear FLoRA Cumulative,rte_stratified,RTE stratified,roberta-base,RoBERTa-base,homo,Homo,1,80,0,18,54.151624548736464,epoch_round_tuning/tuning-nonlinear_flora-rte_stratified-roberta-base-homo-e1-r80,epoch_round_tuning/tuning-nonlinear_flora-rte_stratified-roberta-base-homo-e1-r80/seed0/10/log.txt,80,True,score log,Complete
nonlinear_flora,Nonlinear FLoRA Cumulative,rte_stratified,RTE stratified,roberta-base,RoBERTa-base,homo,Homo,1,80,0,19,54.51263537906137,epoch_round_tuning/tuning-nonlinear_flora-rte_stratified-roberta-base-homo-e1-r80,epoch_round_tuning/tuning-nonlinear_flora-rte_stratified-roberta-base-homo-e1-r80/seed0/10/log.txt,80,True,score log,Complete
nonlinear_flora,Nonlinear FLoRA Cumulative,rte_stratified,RTE stratified,roberta-base,RoBERTa-base,homo,Homo,1,80,0,20,54.51263537906137,epoch_round_tuning/tuning-nonlinear_flora-rte_stratified-roberta-base-homo-e1-r80,epoch_round_tuning/tuning-nonlinear_flora-rte_stratified-roberta-base-homo-e1-r80/seed0/10/log.txt,80,True,score log,Complete
nonlinear_flora,Nonlinear FLoRA Cumulative,rte_stratified,RTE stratified,roberta-base,RoBERTa-base,homo,Homo,1,80,0,21,54.51263537906137,epoch_round_tuning/tuning-nonlinear_flora-rte_stratified-roberta-base-homo-e1-r80,epoch_round_tuning/tuning-nonlinear_flora-rte_stratified-roberta-base-homo-e1-r80/seed0/10/log.txt,80,True,score log,Complete
nonlinear_flora,Nonlinear FLoRA Cumulative,rte_stratified,RTE stratified,roberta-base,RoBERTa-base,homo,Homo,1,80,0,22,54.151624548736464,epoch_round_tuning/tuning-nonlinear_flora-rte_stratified-roberta-base-homo-e1-r80,epoch_round_tuning/tuning-nonlinear_flora-rte_stratified-roberta-base-homo-e1-r80/seed0/10/log.txt,80,True,score log,Complete
nonlinear_flora,Nonlinear FLoRA Cumulative,rte_stratified,RTE stratified,roberta-base,RoBERTa-base,homo,Homo,1,80,0,23,54.151624548736464,epoch_round_tuning/tuning-nonlinear_flora-rte_stratified-roberta-base-homo-e1-r80,epoch_round_tuning/tuning-nonlinear_flora-rte_stratified-roberta-base-homo-e1-r80/seed0/10/log.txt,80,True,score log,Complete
nonlinear_flora,Nonlinear FLoRA Cumulative,rte_stratified,RTE stratified,roberta-base,RoBERTa-base,homo,Homo,1,80,0,24,55.23465703971119,epoch_round_tuning/tuning-nonlinear_flora-rte_stratified-roberta-base-homo-e1-r80,epoch_round_tuning/tuning-nonlinear_flora-rte_stratified-roberta-base-homo-e1-r80/seed0/10/log.txt,80,True,score log,Complete
nonlinear_flora,Nonlinear FLoRA Cumulative,rte_stratified,RTE stratified,roberta-base,RoBERTa-base,homo,Homo,1,80,0,25,55.23465703971119,epoch_round_tuning/tuning-nonlinear_flora-rte_stratified-roberta-base-homo-e1-r80,epoch_round_tuning/tuning-nonlinear_flora-rte_stratified-roberta-base-homo-e1-r80/seed0/10/log.txt,80,True,score log,Complete
nonlinear_flora,Nonlinear FLoRA Cumulative,rte_stratified,RTE stratified,roberta-base,RoBERTa-base,homo,Homo,1,80,0,26,55.5956678700361,epoch_round_tuning/tuning-nonlinear_flora-rte_stratified-roberta-base-homo-e1-r80,epoch_round_tuning/tuning-nonlinear_flora-rte_stratified-roberta-base-homo-e1-r80/seed0/10/log.txt,80,True,score log,Complete
nonlinear_flora,Nonlinear FLoRA Cumulative,rte_stratified,RTE stratified,roberta-base,RoBERTa-base,homo,Homo,1,80,0,27,55.23465703971119,epoch_round_tuning/tuning-nonlinear_flora-rte_stratified-roberta-base-homo-e1-r80,epoch_round_tuning/tuning-nonlinear_flora-rte_stratified-roberta-base-homo-e1-r80/seed0/10/log.txt,80,True,score log,Complete
nonlinear_flora,Nonlinear FLoRA Cumulative,rte_stratified,RTE stratified,roberta-base,RoBERTa-base,homo,Homo,1,80,0,28,55.5956678700361,epoch_round_tuning/tuning-nonlinear_flora-rte_stratified-roberta-base-homo-e1-r80,epoch_round_tuning/tuning-nonlinear_flora-rte_stratified-roberta-base-homo-e1-r80/seed0/10/log.txt,80,True,score log,Complete
nonlinear_flora,Nonlinear FLoRA Cumulative,rte_stratified,RTE stratified,roberta-base,RoBERTa-base,homo,Homo,1,80,0,29,55.95667870036101,epoch_round_tuning/tuning-nonlinear_flora-rte_stratified-roberta-base-homo-e1-r80,epoch_round_tuning/tuning-nonlinear_flora-rte_stratified-roberta-base-homo-e1-r80/seed0/10/log.txt,80,True,score log,Complete
nonlinear_flora,Nonlinear FLoRA Cumulative,rte_stratified,RTE stratified,roberta-base,RoBERTa-base,homo,Homo,1,80,0,30,54.87364620938629,epoch_round_tuning/tuning-nonlinear_flora-rte_stratified-roberta-base-homo-e1-r80,epoch_round_tuning/tuning-nonlinear_flora-rte_stratified-roberta-base-homo-e1-r80/seed0/10/log.txt,80,True,score log,Complete
nonlinear_flora,Nonlinear FLoRA Cumulative,rte_stratified,RTE stratified,roberta-base,RoBERTa-base,homo,Homo,1,80,0,31,54.51263537906137,epoch_round_tuning/tuning-nonlinear_flora-rte_stratified-roberta-base-homo-e1-r80,epoch_round_tuning/tuning-nonlinear_flora-rte_stratified-roberta-base-homo-e1-r80/seed0/10/log.txt,80,True,score log,Complete
nonlinear_flora,Nonlinear FLoRA Cumulative,rte_stratified,RTE stratified,roberta-base,RoBERTa-base,homo,Homo,1,80,0,32,54.51263537906137,epoch_round_tuning/tuning-nonlinear_flora-rte_stratified-roberta-base-homo-e1-r80,epoch_round_tuning/tuning-nonlinear_flora-rte_stratified-roberta-base-homo-e1-r80/seed0/10/log.txt,80,True,score log,Complete
nonlinear_flora,Nonlinear FLoRA Cumulative,rte_stratified,RTE stratified,roberta-base,RoBERTa-base,homo,Homo,1,80,0,33,54.87364620938629,epoch_round_tuning/tuning-nonlinear_flora-rte_stratified-roberta-base-homo-e1-r80,epoch_round_tuning/tuning-nonlinear_flora-rte_stratified-roberta-base-homo-e1-r80/seed0/10/log.txt,80,True,score log,Complete
nonlinear_flora,Nonlinear FLoRA Cumulative,rte_stratified,RTE stratified,roberta-base,RoBERTa-base,homo,Homo,1,80,0,34,55.23465703971119,epoch_round_tuning/tuning-nonlinear_flora-rte_stratified-roberta-base-homo-e1-r80,epoch_round_tuning/tuning-nonlinear_flora-rte_stratified-roberta-base-homo-e1-r80/seed0/10/log.txt,80,True,score log,Complete
nonlinear_flora,Nonlinear FLoRA Cumulative,rte_stratified,RTE stratified,roberta-base,RoBERTa-base,homo,Homo,1,80,0,35,55.23465703971119,epoch_round_tuning/tuning-nonlinear_flora-rte_stratified-roberta-base-homo-e1-r80,epoch_round_tuning/tuning-nonlinear_flora-rte_stratified-roberta-base-homo-e1-r80/seed0/10/log.txt,80,True,score log,Complete
nonlinear_flora,Nonlinear FLoRA Cumulative,rte_stratified,RTE stratified,roberta-base,RoBERTa-base,homo,Homo,1,80,0,36,55.5956678700361,epoch_round_tuning/tuning-nonlinear_flora-rte_stratified-roberta-base-homo-e1-r80,epoch_round_tuning/tuning-nonlinear_flora-rte_stratified-roberta-base-homo-e1-r80/seed0/10/log.txt,80,True,score log,Complete
nonlinear_flora,Nonlinear FLoRA Cumulative,rte_stratified,RTE stratified,roberta-base,RoBERTa-base,homo,Homo,1,80,0,37,54.87364620938629,epoch_round_tuning/tuning-nonlinear_flora-rte_stratified-roberta-base-homo-e1-r80,epoch_round_tuning/tuning-nonlinear_flora-rte_stratified-roberta-base-homo-e1-r80/seed0/10/log.txt,80,True,score log,Complete
nonlinear_flora,Nonlinear FLoRA Cumulative,rte_stratified,RTE stratified,roberta-base,RoBERTa-base,homo,Homo,1,80,0,38,53.79061371841155,epoch_round_tuning/tuning-nonlinear_flora-rte_stratified-roberta-base-homo-e1-r80,epoch_round_tuning/tuning-nonlinear_flora-rte_stratified-roberta-base-homo-e1-r80/seed0/10/log.txt,80,True,score log,Complete
nonlinear_flora,Nonlinear FLoRA Cumulative,rte_stratified,RTE stratified,roberta-base,RoBERTa-base,homo,Homo,1,80,0,39,53.79061371841155,epoch_round_tuning/tuning-nonlinear_flora-rte_stratified-roberta-base-homo-e1-r80,epoch_round_tuning/tuning-nonlinear_flora-rte_stratified-roberta-base-homo-e1-r80/seed0/10/log.txt,80,True,score log,Complete
nonlinear_flora,Nonlinear FLoRA Cumulative,rte_stratified,RTE stratified,roberta-base,RoBERTa-base,homo,Homo,1,80,0,40,53.79061371841155,epoch_round_tuning/tuning-nonlinear_flora-rte_stratified-roberta-base-homo-e1-r80,epoch_round_tuning/tuning-nonlinear_flora-rte_stratified-roberta-base-homo-e1-r80/seed0/10/log.txt,80,True,score log,Complete
nonlinear_flora,Nonlinear FLoRA Cumulative,rte_stratified,RTE stratified,roberta-base,RoBERTa-base,homo,Homo,1,80,0,41,52.707581227436826,epoch_round_tuning/tuning-nonlinear_flora-rte_stratified-roberta-base-homo-e1-r80,epoch_round_tuning/tuning-nonlinear_flora-rte_stratified-roberta-base-homo-e1-r80/seed0/10/log.txt,80,True,score log,Complete
nonlinear_flora,Nonlinear FLoRA Cumulative,rte_stratified,RTE stratified,roberta-base,RoBERTa-base,homo,Homo,1,80,0,42,53.79061371841155,epoch_round_tuning/tuning-nonlinear_flora-rte_stratified-roberta-base-homo-e1-r80,epoch_round_tuning/tuning-nonlinear_flora-rte_stratified-roberta-base-homo-e1-r80/seed0/10/log.txt,80,True,score log,Complete
nonlinear_flora,Nonlinear FLoRA Cumulative,rte_stratified,RTE stratified,roberta-base,RoBERTa-base,homo,Homo,1,80,0,43,51.26353790613718,epoch_round_tuning/tuning-nonlinear_flora-rte_stratified-roberta-base-homo-e1-r80,epoch_round_tuning/tuning-nonlinear_flora-rte_stratified-roberta-base-homo-e1-r80/seed0/10/log.txt,80,True,score log,Complete
nonlinear_flora,Nonlinear FLoRA Cumulative,rte_stratified,RTE stratified,roberta-base,RoBERTa-base,homo,Homo,1,80,0,44,52.707581227436826,epoch_round_tuning/tuning-nonlinear_flora-rte_stratified-roberta-base-homo-e1-r80,epoch_round_tuning/tuning-nonlinear_flora-rte_stratified-roberta-base-homo-e1-r80/seed0/10/log.txt,80,True,score log,Complete
nonlinear_flora,Nonlinear FLoRA Cumulative,rte_stratified,RTE stratified,roberta-base,RoBERTa-base,homo,Homo,1,80,0,45,51.26353790613718,epoch_round_tuning/tuning-nonlinear_flora-rte_stratified-roberta-base-homo-e1-r80,epoch_round_tuning/tuning-nonlinear_flora-rte_stratified-roberta-base-homo-e1-r80/seed0/10/log.txt,80,True,score log,Complete
nonlinear_flora,Nonlinear FLoRA Cumulative,rte_stratified,RTE stratified,roberta-base,RoBERTa-base,homo,Homo,1,80,0,46,52.707581227436826,epoch_round_tuning/tuning-nonlinear_flora-rte_stratified-roberta-base-homo-e1-r80,epoch_round_tuning/tuning-nonlinear_flora-rte_stratified-roberta-base-homo-e1-r80/seed0/10/log.txt,80,True,score log,Complete
nonlinear_flora,Nonlinear FLoRA Cumulative,rte_stratified,RTE stratified,roberta-base,RoBERTa-base,homo,Homo,1,80,0,47,51.26353790613718,epoch_round_tuning/tuning-nonlinear_flora-rte_stratified-roberta-base-homo-e1-r80,epoch_round_tuning/tuning-nonlinear_flora-rte_stratified-roberta-base-homo-e1-r80/seed0/10/log.txt,80,True,score log,Complete
nonlinear_flora,Nonlinear FLoRA Cumulative,rte_stratified,RTE stratified,roberta-base,RoBERTa-base,homo,Homo,1,80,0,48,50.54151624548736,epoch_round_tuning/tuning-nonlinear_flora-rte_stratified-roberta-base-homo-e1-r80,epoch_round_tuning/tuning-nonlinear_flora-rte_stratified-roberta-base-homo-e1-r80/seed0/10/log.txt,80,True,score log,Complete
nonlinear_flora,Nonlinear FLoRA Cumulative,rte_stratified,RTE stratified,roberta-base,RoBERTa-base,homo,Homo,1,80,0,49,50.90252707581227,epoch_round_tuning/tuning-nonlinear_flora-rte_stratified-roberta-base-homo-e1-r80,epoch_round_tuning/tuning-nonlinear_flora-rte_stratified-roberta-base-homo-e1-r80/seed0/10/log.txt,80,True,score log,Complete
nonlinear_flora,Nonlinear FLoRA Cumulative,rte_stratified,RTE stratified,roberta-base,RoBERTa-base,homo,Homo,1,80,0,50,50.18050541516246,epoch_round_tuning/tuning-nonlinear_flora-rte_stratified-roberta-base-homo-e1-r80,epoch_round_tuning/tuning-nonlinear_flora-rte_stratified-roberta-base-homo-e1-r80/seed0/10/log.txt,80,True,score log,Complete
nonlinear_flora,Nonlinear FLoRA Cumulative,rte_stratified,RTE stratified,roberta-base,RoBERTa-base,homo,Homo,1,80,0,51,51.624548736462096,epoch_round_tuning/tuning-nonlinear_flora-rte_stratified-roberta-base-homo-e1-r80,epoch_round_tuning/tuning-nonlinear_flora-rte_stratified-roberta-base-homo-e1-r80/seed0/10/log.txt,80,True,score log,Complete
nonlinear_flora,Nonlinear FLoRA Cumulative,rte_stratified,RTE stratified,roberta-base,RoBERTa-base,homo,Homo,1,80,0,52,51.624548736462096,epoch_round_tuning/tuning-nonlinear_flora-rte_stratified-roberta-base-homo-e1-r80,epoch_round_tuning/tuning-nonlinear_flora-rte_stratified-roberta-base-homo-e1-r80/seed0/10/log.txt,80,True,score log,Complete
nonlinear_flora,Nonlinear FLoRA Cumulative,rte_stratified,RTE stratified,roberta-base,RoBERTa-base,homo,Homo,1,80,0,53,51.624548736462096,epoch_round_tuning/tuning-nonlinear_flora-rte_stratified-roberta-base-homo-e1-r80,epoch_round_tuning/tuning-nonlinear_flora-rte_stratified-roberta-base-homo-e1-r80/seed0/10/log.txt,80,True,score log,Complete
nonlinear_flora,Nonlinear FLoRA Cumulative,rte_stratified,RTE stratified,roberta-base,RoBERTa-base,homo,Homo,1,80,0,54,52.34657039711191,epoch_round_tuning/tuning-nonlinear_flora-rte_stratified-roberta-base-homo-e1-r80,epoch_round_tuning/tuning-nonlinear_flora-rte_stratified-roberta-base-homo-e1-r80/seed0/10/log.txt,80,True,score log,Complete
nonlinear_flora,Nonlinear FLoRA Cumulative,rte_stratified,RTE stratified,roberta-base,RoBERTa-base,homo,Homo,1,80,0,55,51.624548736462096,epoch_round_tuning/tuning-nonlinear_flora-rte_stratified-roberta-base-homo-e1-r80,epoch_round_tuning/tuning-nonlinear_flora-rte_stratified-roberta-base-homo-e1-r80/seed0/10/log.txt,80,True,score log,Complete
nonlinear_flora,Nonlinear FLoRA Cumulative,rte_stratified,RTE stratified,roberta-base,RoBERTa-base,homo,Homo,1,80,0,56,52.34657039711191,epoch_round_tuning/tuning-nonlinear_flora-rte_stratified-roberta-base-homo-e1-r80,epoch_round_tuning/tuning-nonlinear_flora-rte_stratified-roberta-base-homo-e1-r80/seed0/10/log.txt,80,True,score log,Complete
nonlinear_flora,Nonlinear FLoRA Cumulative,rte_stratified,RTE stratified,roberta-base,RoBERTa-base,homo,Homo,1,80,0,57,51.985559566786996,epoch_round_tuning/tuning-nonlinear_flora-rte_stratified-roberta-base-homo-e1-r80,epoch_round_tuning/tuning-nonlinear_flora-rte_stratified-roberta-base-homo-e1-r80/seed0/10/log.txt,80,True,score log,Complete
nonlinear_flora,Nonlinear FLoRA Cumulative,rte_stratified,RTE stratified,roberta-base,RoBERTa-base,homo,Homo,1,80,0,58,51.985559566786996,epoch_round_tuning/tuning-nonlinear_flora-rte_stratified-roberta-base-homo-e1-r80,epoch_round_tuning/tuning-nonlinear_flora-rte_stratified-roberta-base-homo-e1-r80/seed0/10/log.txt,80,True,score log,Complete
nonlinear_flora,Nonlinear FLoRA Cumulative,rte_stratified,RTE stratified,roberta-base,RoBERTa-base,homo,Homo,1,80,0,59,51.624548736462096,epoch_round_tuning/tuning-nonlinear_flora-rte_stratified-roberta-base-homo-e1-r80,epoch_round_tuning/tuning-nonlinear_flora-rte_stratified-roberta-base-homo-e1-r80/seed0/10/log.txt,80,True,score log,Complete
nonlinear_flora,Nonlinear FLoRA Cumulative,rte_stratified,RTE stratified,roberta-base,RoBERTa-base,homo,Homo,1,80,0,60,51.985559566786996,epoch_round_tuning/tuning-nonlinear_flora-rte_stratified-roberta-base-homo-e1-r80,epoch_round_tuning/tuning-nonlinear_flora-rte_stratified-roberta-base-homo-e1-r80/seed0/10/log.txt,80,True,score log,Complete
nonlinear_flora,Nonlinear FLoRA Cumulative,rte_stratified,RTE stratified,roberta-base,RoBERTa-base,homo,Homo,1,80,0,61,52.707581227436826,epoch_round_tuning/tuning-nonlinear_flora-rte_stratified-roberta-base-homo-e1-r80,epoch_round_tuning/tuning-nonlinear_flora-rte_stratified-roberta-base-homo-e1-r80/seed0/10/log.txt,80,True,score log,Complete
nonlinear_flora,Nonlinear FLoRA Cumulative,rte_stratified,RTE stratified,roberta-base,RoBERTa-base,homo,Homo,1,80,0,62,53.42960288808665,epoch_round_tuning/tuning-nonlinear_flora-rte_stratified-roberta-base-homo-e1-r80,epoch_round_tuning/tuning-nonlinear_flora-rte_stratified-roberta-base-homo-e1-r80/seed0/10/log.txt,80,True,score log,Complete
nonlinear_flora,Nonlinear FLoRA Cumulative,rte_stratified,RTE stratified,roberta-base,RoBERTa-base,homo,Homo,1,80,0,63,53.42960288808665,epoch_round_tuning/tuning-nonlinear_flora-rte_stratified-roberta-base-homo-e1-r80,epoch_round_tuning/tuning-nonlinear_flora-rte_stratified-roberta-base-homo-e1-r80/seed0/10/log.txt,80,True,score log,Complete
nonlinear_flora,Nonlinear FLoRA Cumulative,rte_stratified,RTE stratified,roberta-base,RoBERTa-base,homo,Homo,1,80,0,64,53.42960288808665,epoch_round_tuning/tuning-nonlinear_flora-rte_stratified-roberta-base-homo-e1-r80,epoch_round_tuning/tuning-nonlinear_flora-rte_stratified-roberta-base-homo-e1-r80/seed0/10/log.txt,80,True,score log,Complete
nonlinear_flora,Nonlinear FLoRA Cumulative,rte_stratified,RTE stratified,roberta-base,RoBERTa-base,homo,Homo,1,80,0,65,53.068592057761734,epoch_round_tuning/tuning-nonlinear_flora-rte_stratified-roberta-base-homo-e1-r80,epoch_round_tuning/tuning-nonlinear_flora-rte_stratified-roberta-base-homo-e1-r80/seed0/10/log.txt,80,True,score log,Complete
nonlinear_flora,Nonlinear FLoRA Cumulative,rte_stratified,RTE stratified,roberta-base,RoBERTa-base,homo,Homo,1,80,0,66,53.068592057761734,epoch_round_tuning/tuning-nonlinear_flora-rte_stratified-roberta-base-homo-e1-r80,epoch_round_tuning/tuning-nonlinear_flora-rte_stratified-roberta-base-homo-e1-r80/seed0/10/log.txt,80,True,score log,Complete
nonlinear_flora,Nonlinear FLoRA Cumulative,rte_stratified,RTE stratified,roberta-base,RoBERTa-base,homo,Homo,1,80,0,67,53.79061371841155,epoch_round_tuning/tuning-nonlinear_flora-rte_stratified-roberta-base-homo-e1-r80,epoch_round_tuning/tuning-nonlinear_flora-rte_stratified-roberta-base-homo-e1-r80/seed0/10/log.txt,80,True,score log,Complete
nonlinear_flora,Nonlinear FLoRA Cumulative,rte_stratified,RTE stratified,roberta-base,RoBERTa-base,homo,Homo,1,80,0,68,53.42960288808665,epoch_round_tuning/tuning-nonlinear_flora-rte_stratified-roberta-base-homo-e1-r80,epoch_round_tuning/tuning-nonlinear_flora-rte_stratified-roberta-base-homo-e1-r80/seed0/10/log.txt,80,True,score log,Complete
nonlinear_flora,Nonlinear FLoRA Cumulative,rte_stratified,RTE stratified,roberta-base,RoBERTa-base,homo,Homo,1,80,0,69,54.51263537906137,epoch_round_tuning/tuning-nonlinear_flora-rte_stratified-roberta-base-homo-e1-r80,epoch_round_tuning/tuning-nonlinear_flora-rte_stratified-roberta-base-homo-e1-r80/seed0/10/log.txt,80,True,score log,Complete
nonlinear_flora,Nonlinear FLoRA Cumulative,rte_stratified,RTE stratified,roberta-base,RoBERTa-base,homo,Homo,1,80,0,70,54.51263537906137,epoch_round_tuning/tuning-nonlinear_flora-rte_stratified-roberta-base-homo-e1-r80,epoch_round_tuning/tuning-nonlinear_flora-rte_stratified-roberta-base-homo-e1-r80/seed0/10/log.txt,80,True,score log,Complete
nonlinear_flora,Nonlinear FLoRA Cumulative,rte_stratified,RTE stratified,roberta-base,RoBERTa-base,homo,Homo,1,80,0,71,54.151624548736464,epoch_round_tuning/tuning-nonlinear_flora-rte_stratified-roberta-base-homo-e1-r80,epoch_round_tuning/tuning-nonlinear_flora-rte_stratified-roberta-base-homo-e1-r80/seed0/10/log.txt,80,True,score log,Complete
nonlinear_flora,Nonlinear FLoRA Cumulative,rte_stratified,RTE stratified,roberta-base,RoBERTa-base,homo,Homo,1,80,0,72,53.42960288808665,epoch_round_tuning/tuning-nonlinear_flora-rte_stratified-roberta-base-homo-e1-r80,epoch_round_tuning/tuning-nonlinear_flora-rte_stratified-roberta-base-homo-e1-r80/seed0/10/log.txt,80,True,score log,Complete
nonlinear_flora,Nonlinear FLoRA Cumulative,rte_stratified,RTE stratified,roberta-base,RoBERTa-base,homo,Homo,1,80,0,73,53.068592057761734,epoch_round_tuning/tuning-nonlinear_flora-rte_stratified-roberta-base-homo-e1-r80,epoch_round_tuning/tuning-nonlinear_flora-rte_stratified-roberta-base-homo-e1-r80/seed0/10/log.txt,80,True,score log,Complete
nonlinear_flora,Nonlinear FLoRA Cumulative,rte_stratified,RTE stratified,roberta-base,RoBERTa-base,homo,Homo,1,80,0,74,53.79061371841155,epoch_round_tuning/tuning-nonlinear_flora-rte_stratified-roberta-base-homo-e1-r80,epoch_round_tuning/tuning-nonlinear_flora-rte_stratified-roberta-base-homo-e1-r80/seed0/10/log.txt,80,True,score log,Complete
nonlinear_flora,Nonlinear FLoRA Cumulative,rte_stratified,RTE stratified,roberta-base,RoBERTa-base,homo,Homo,1,80,0,75,54.151624548736464,epoch_round_tuning/tuning-nonlinear_flora-rte_stratified-roberta-base-homo-e1-r80,epoch_round_tuning/tuning-nonlinear_flora-rte_stratified-roberta-base-homo-e1-r80/seed0/10/log.txt,80,True,score log,Complete
nonlinear_flora,Nonlinear FLoRA Cumulative,rte_stratified,RTE stratified,roberta-base,RoBERTa-base,homo,Homo,1,80,0,76,54.151624548736464,epoch_round_tuning/tuning-nonlinear_flora-rte_stratified-roberta-base-homo-e1-r80,epoch_round_tuning/tuning-nonlinear_flora-rte_stratified-roberta-base-homo-e1-r80/seed0/10/log.txt,80,True,score log,Complete
nonlinear_flora,Nonlinear FLoRA Cumulative,rte_stratified,RTE stratified,roberta-base,RoBERTa-base,homo,Homo,1,80,0,77,54.51263537906137,epoch_round_tuning/tuning-nonlinear_flora-rte_stratified-roberta-base-homo-e1-r80,epoch_round_tuning/tuning-nonlinear_flora-rte_stratified-roberta-base-homo-e1-r80/seed0/10/log.txt,80,True,score log,Complete
nonlinear_flora,Nonlinear FLoRA Cumulative,rte_stratified,RTE stratified,roberta-base,RoBERTa-base,homo,Homo,1,80,0,78,53.79061371841155,epoch_round_tuning/tuning-nonlinear_flora-rte_stratified-roberta-base-homo-e1-r80,epoch_round_tuning/tuning-nonlinear_flora-rte_stratified-roberta-base-homo-e1-r80/seed0/10/log.txt,80,True,score log,Complete
nonlinear_flora,Nonlinear FLoRA Cumulative,rte_stratified,RTE stratified,roberta-base,RoBERTa-base,homo,Homo,1,80,0,79,54.151624548736464,epoch_round_tuning/tuning-nonlinear_flora-rte_stratified-roberta-base-homo-e1-r80,epoch_round_tuning/tuning-nonlinear_flora-rte_stratified-roberta-base-homo-e1-r80/seed0/10/log.txt,80,True,score log,Complete
nonlinear_flora,Nonlinear FLoRA Cumulative,rte_stratified,RTE stratified,roberta-base,RoBERTa-base,homo,Homo,1,80,0,80,54.151624548736464,epoch_round_tuning/tuning-nonlinear_flora-rte_stratified-roberta-base-homo-e1-r80,epoch_round_tuning/tuning-nonlinear_flora-rte_stratified-roberta-base-homo-e1-r80/seed0/10/log.txt,80,True,score log,Complete
nonlinear_flora,Nonlinear FLoRA Cumulative,rte_stratified,RTE stratified,roberta-base,RoBERTa-base,homo,Homo,2,40,0,1,54.151624548736464,epoch_round_tuning/tuning-nonlinear_flora-rte_stratified-roberta-base-homo-e2-r40,epoch_round_tuning/tuning-nonlinear_flora-rte_stratified-roberta-base-homo-e2-r40/seed0/10/log.txt,40,True,score log,Complete
nonlinear_flora,Nonlinear FLoRA Cumulative,rte_stratified,RTE stratified,roberta-base,RoBERTa-base,homo,Homo,2,40,0,2,52.34657039711191,epoch_round_tuning/tuning-nonlinear_flora-rte_stratified-roberta-base-homo-e2-r40,epoch_round_tuning/tuning-nonlinear_flora-rte_stratified-roberta-base-homo-e2-r40/seed0/10/log.txt,40,True,score log,Complete
nonlinear_flora,Nonlinear FLoRA Cumulative,rte_stratified,RTE stratified,roberta-base,RoBERTa-base,homo,Homo,2,40,0,3,55.5956678700361,epoch_round_tuning/tuning-nonlinear_flora-rte_stratified-roberta-base-homo-e2-r40,epoch_round_tuning/tuning-nonlinear_flora-rte_stratified-roberta-base-homo-e2-r40/seed0/10/log.txt,40,True,score log,Complete
nonlinear_flora,Nonlinear FLoRA Cumulative,rte_stratified,RTE stratified,roberta-base,RoBERTa-base,homo,Homo,2,40,0,4,56.317689530685925,epoch_round_tuning/tuning-nonlinear_flora-rte_stratified-roberta-base-homo-e2-r40,epoch_round_tuning/tuning-nonlinear_flora-rte_stratified-roberta-base-homo-e2-r40/seed0/10/log.txt,40,True,score log,Complete
nonlinear_flora,Nonlinear FLoRA Cumulative,rte_stratified,RTE stratified,roberta-base,RoBERTa-base,homo,Homo,2,40,0,5,57.761732851985556,epoch_round_tuning/tuning-nonlinear_flora-rte_stratified-roberta-base-homo-e2-r40,epoch_round_tuning/tuning-nonlinear_flora-rte_stratified-roberta-base-homo-e2-r40/seed0/10/log.txt,40,True,score log,Complete
nonlinear_flora,Nonlinear FLoRA Cumulative,rte_stratified,RTE stratified,roberta-base,RoBERTa-base,homo,Homo,2,40,0,6,55.23465703971119,epoch_round_tuning/tuning-nonlinear_flora-rte_stratified-roberta-base-homo-e2-r40,epoch_round_tuning/tuning-nonlinear_flora-rte_stratified-roberta-base-homo-e2-r40/seed0/10/log.txt,40,True,score log,Complete
nonlinear_flora,Nonlinear FLoRA Cumulative,rte_stratified,RTE stratified,roberta-base,RoBERTa-base,homo,Homo,2,40,0,7,53.79061371841155,epoch_round_tuning/tuning-nonlinear_flora-rte_stratified-roberta-base-homo-e2-r40,epoch_round_tuning/tuning-nonlinear_flora-rte_stratified-roberta-base-homo-e2-r40/seed0/10/log.txt,40,True,score log,Complete
nonlinear_flora,Nonlinear FLoRA Cumulative,rte_stratified,RTE stratified,roberta-base,RoBERTa-base,homo,Homo,2,40,0,8,55.5956678700361,epoch_round_tuning/tuning-nonlinear_flora-rte_stratified-roberta-base-homo-e2-r40,epoch_round_tuning/tuning-nonlinear_flora-rte_stratified-roberta-base-homo-e2-r40/seed0/10/log.txt,40,True,score log,Complete
nonlinear_flora,Nonlinear FLoRA Cumulative,rte_stratified,RTE stratified,roberta-base,RoBERTa-base,homo,Homo,2,40,0,9,54.151624548736464,epoch_round_tuning/tuning-nonlinear_flora-rte_stratified-roberta-base-homo-e2-r40,epoch_round_tuning/tuning-nonlinear_flora-rte_stratified-roberta-base-homo-e2-r40/seed0/10/log.txt,40,True,score log,Complete
nonlinear_flora,Nonlinear FLoRA Cumulative,rte_stratified,RTE stratified,roberta-base,RoBERTa-base,homo,Homo,2,40,0,10,54.51263537906137,epoch_round_tuning/tuning-nonlinear_flora-rte_stratified-roberta-base-homo-e2-r40,epoch_round_tuning/tuning-nonlinear_flora-rte_stratified-roberta-base-homo-e2-r40/seed0/10/log.txt,40,True,score log,Complete
nonlinear_flora,Nonlinear FLoRA Cumulative,rte_stratified,RTE stratified,roberta-base,RoBERTa-base,homo,Homo,2,40,0,11,55.23465703971119,epoch_round_tuning/tuning-nonlinear_flora-rte_stratified-roberta-base-homo-e2-r40,epoch_round_tuning/tuning-nonlinear_flora-rte_stratified-roberta-base-homo-e2-r40/seed0/10/log.txt,40,True,score log,Complete
nonlinear_flora,Nonlinear FLoRA Cumulative,rte_stratified,RTE stratified,roberta-base,RoBERTa-base,homo,Homo,2,40,0,12,55.95667870036101,epoch_round_tuning/tuning-nonlinear_flora-rte_stratified-roberta-base-homo-e2-r40,epoch_round_tuning/tuning-nonlinear_flora-rte_stratified-roberta-base-homo-e2-r40/seed0/10/log.txt,40,True,score log,Complete
nonlinear_flora,Nonlinear FLoRA Cumulative,rte_stratified,RTE stratified,roberta-base,RoBERTa-base,homo,Homo,2,40,0,13,56.317689530685925,epoch_round_tuning/tuning-nonlinear_flora-rte_stratified-roberta-base-homo-e2-r40,epoch_round_tuning/tuning-nonlinear_flora-rte_stratified-roberta-base-homo-e2-r40/seed0/10/log.txt,40,True,score log,Complete
nonlinear_flora,Nonlinear FLoRA Cumulative,rte_stratified,RTE stratified,roberta-base,RoBERTa-base,homo,Homo,2,40,0,14,56.317689530685925,epoch_round_tuning/tuning-nonlinear_flora-rte_stratified-roberta-base-homo-e2-r40,epoch_round_tuning/tuning-nonlinear_flora-rte_stratified-roberta-base-homo-e2-r40/seed0/10/log.txt,40,True,score log,Complete
nonlinear_flora,Nonlinear FLoRA Cumulative,rte_stratified,RTE stratified,roberta-base,RoBERTa-base,homo,Homo,2,40,0,15,55.95667870036101,epoch_round_tuning/tuning-nonlinear_flora-rte_stratified-roberta-base-homo-e2-r40,epoch_round_tuning/tuning-nonlinear_flora-rte_stratified-roberta-base-homo-e2-r40/seed0/10/log.txt,40,True,score log,Complete
nonlinear_flora,Nonlinear FLoRA Cumulative,rte_stratified,RTE stratified,roberta-base,RoBERTa-base,homo,Homo,2,40,0,16,56.317689530685925,epoch_round_tuning/tuning-nonlinear_flora-rte_stratified-roberta-base-homo-e2-r40,epoch_round_tuning/tuning-nonlinear_flora-rte_stratified-roberta-base-homo-e2-r40/seed0/10/log.txt,40,True,score log,Complete
nonlinear_flora,Nonlinear FLoRA Cumulative,rte_stratified,RTE stratified,roberta-base,RoBERTa-base,homo,Homo,2,40,0,17,56.317689530685925,epoch_round_tuning/tuning-nonlinear_flora-rte_stratified-roberta-base-homo-e2-r40,epoch_round_tuning/tuning-nonlinear_flora-rte_stratified-roberta-base-homo-e2-r40/seed0/10/log.txt,40,True,score log,Complete
nonlinear_flora,Nonlinear FLoRA Cumulative,rte_stratified,RTE stratified,roberta-base,RoBERTa-base,homo,Homo,2,40,0,18,55.95667870036101,epoch_round_tuning/tuning-nonlinear_flora-rte_stratified-roberta-base-homo-e2-r40,epoch_round_tuning/tuning-nonlinear_flora-rte_stratified-roberta-base-homo-e2-r40/seed0/10/log.txt,40,True,score log,Complete
nonlinear_flora,Nonlinear FLoRA Cumulative,rte_stratified,RTE stratified,roberta-base,RoBERTa-base,homo,Homo,2,40,0,19,56.317689530685925,epoch_round_tuning/tuning-nonlinear_flora-rte_stratified-roberta-base-homo-e2-r40,epoch_round_tuning/tuning-nonlinear_flora-rte_stratified-roberta-base-homo-e2-r40/seed0/10/log.txt,40,True,score log,Complete
nonlinear_flora,Nonlinear FLoRA Cumulative,rte_stratified,RTE stratified,roberta-base,RoBERTa-base,homo,Homo,2,40,0,20,56.678700361010826,epoch_round_tuning/tuning-nonlinear_flora-rte_stratified-roberta-base-homo-e2-r40,epoch_round_tuning/tuning-nonlinear_flora-rte_stratified-roberta-base-homo-e2-r40/seed0/10/log.txt,40,True,score log,Complete
nonlinear_flora,Nonlinear FLoRA Cumulative,rte_stratified,RTE stratified,roberta-base,RoBERTa-base,homo,Homo,2,40,0,21,57.03971119133574,epoch_round_tuning/tuning-nonlinear_flora-rte_stratified-roberta-base-homo-e2-r40,epoch_round_tuning/tuning-nonlinear_flora-rte_stratified-roberta-base-homo-e2-r40/seed0/10/log.txt,40,True,score log,Complete
nonlinear_flora,Nonlinear FLoRA Cumulative,rte_stratified,RTE stratified,roberta-base,RoBERTa-base,homo,Homo,2,40,0,22,55.5956678700361,epoch_round_tuning/tuning-nonlinear_flora-rte_stratified-roberta-base-homo-e2-r40,epoch_round_tuning/tuning-nonlinear_flora-rte_stratified-roberta-base-homo-e2-r40/seed0/10/log.txt,40,True,score log,Complete
nonlinear_flora,Nonlinear FLoRA Cumulative,rte_stratified,RTE stratified,roberta-base,RoBERTa-base,homo,Homo,2,40,0,23,56.317689530685925,epoch_round_tuning/tuning-nonlinear_flora-rte_stratified-roberta-base-homo-e2-r40,epoch_round_tuning/tuning-nonlinear_flora-rte_stratified-roberta-base-homo-e2-r40/seed0/10/log.txt,40,True,score log,Complete
nonlinear_flora,Nonlinear FLoRA Cumulative,rte_stratified,RTE stratified,roberta-base,RoBERTa-base,homo,Homo,2,40,0,24,56.678700361010826,epoch_round_tuning/tuning-nonlinear_flora-rte_stratified-roberta-base-homo-e2-r40,epoch_round_tuning/tuning-nonlinear_flora-rte_stratified-roberta-base-homo-e2-r40/seed0/10/log.txt,40,True,score log,Complete
nonlinear_flora,Nonlinear FLoRA Cumulative,rte_stratified,RTE stratified,roberta-base,RoBERTa-base,homo,Homo,2,40,0,25,57.400722021660656,epoch_round_tuning/tuning-nonlinear_flora-rte_stratified-roberta-base-homo-e2-r40,epoch_round_tuning/tuning-nonlinear_flora-rte_stratified-roberta-base-homo-e2-r40/seed0/10/log.txt,40,True,score log,Complete
nonlinear_flora,Nonlinear FLoRA Cumulative,rte_stratified,RTE stratified,roberta-base,RoBERTa-base,homo,Homo,2,40,0,26,56.317689530685925,epoch_round_tuning/tuning-nonlinear_flora-rte_stratified-roberta-base-homo-e2-r40,epoch_round_tuning/tuning-nonlinear_flora-rte_stratified-roberta-base-homo-e2-r40/seed0/10/log.txt,40,True,score log,Complete
nonlinear_flora,Nonlinear FLoRA Cumulative,rte_stratified,RTE stratified,roberta-base,RoBERTa-base,homo,Homo,2,40,0,27,56.317689530685925,epoch_round_tuning/tuning-nonlinear_flora-rte_stratified-roberta-base-homo-e2-r40,epoch_round_tuning/tuning-nonlinear_flora-rte_stratified-roberta-base-homo-e2-r40/seed0/10/log.txt,40,True,score log,Complete
nonlinear_flora,Nonlinear FLoRA Cumulative,rte_stratified,RTE stratified,roberta-base,RoBERTa-base,homo,Homo,2,40,0,28,56.678700361010826,epoch_round_tuning/tuning-nonlinear_flora-rte_stratified-roberta-base-homo-e2-r40,epoch_round_tuning/tuning-nonlinear_flora-rte_stratified-roberta-base-homo-e2-r40/seed0/10/log.txt,40,True,score log,Complete
nonlinear_flora,Nonlinear FLoRA Cumulative,rte_stratified,RTE stratified,roberta-base,RoBERTa-base,homo,Homo,2,40,0,29,55.95667870036101,epoch_round_tuning/tuning-nonlinear_flora-rte_stratified-roberta-base-homo-e2-r40,epoch_round_tuning/tuning-nonlinear_flora-rte_stratified-roberta-base-homo-e2-r40/seed0/10/log.txt,40,True,score log,Complete
nonlinear_flora,Nonlinear FLoRA Cumulative,rte_stratified,RTE stratified,roberta-base,RoBERTa-base,homo,Homo,2,40,0,30,55.95667870036101,epoch_round_tuning/tuning-nonlinear_flora-rte_stratified-roberta-base-homo-e2-r40,epoch_round_tuning/tuning-nonlinear_flora-rte_stratified-roberta-base-homo-e2-r40/seed0/10/log.txt,40,True,score log,Complete
nonlinear_flora,Nonlinear FLoRA Cumulative,rte_stratified,RTE stratified,roberta-base,RoBERTa-base,homo,Homo,2,40,0,31,54.87364620938629,epoch_round_tuning/tuning-nonlinear_flora-rte_stratified-roberta-base-homo-e2-r40,epoch_round_tuning/tuning-nonlinear_flora-rte_stratified-roberta-base-homo-e2-r40/seed0/10/log.txt,40,True,score log,Complete
nonlinear_flora,Nonlinear FLoRA Cumulative,rte_stratified,RTE stratified,roberta-base,RoBERTa-base,homo,Homo,2,40,0,32,55.23465703971119,epoch_round_tuning/tuning-nonlinear_flora-rte_stratified-roberta-base-homo-e2-r40,epoch_round_tuning/tuning-nonlinear_flora-rte_stratified-roberta-base-homo-e2-r40/seed0/10/log.txt,40,True,score log,Complete
nonlinear_flora,Nonlinear FLoRA Cumulative,rte_stratified,RTE stratified,roberta-base,RoBERTa-base,homo,Homo,2,40,0,33,56.317689530685925,epoch_round_tuning/tuning-nonlinear_flora-rte_stratified-roberta-base-homo-e2-r40,epoch_round_tuning/tuning-nonlinear_flora-rte_stratified-roberta-base-homo-e2-r40/seed0/10/log.txt,40,True,score log,Complete
nonlinear_flora,Nonlinear FLoRA Cumulative,rte_stratified,RTE stratified,roberta-base,RoBERTa-base,homo,Homo,2,40,0,34,56.678700361010826,epoch_round_tuning/tuning-nonlinear_flora-rte_stratified-roberta-base-homo-e2-r40,epoch_round_tuning/tuning-nonlinear_flora-rte_stratified-roberta-base-homo-e2-r40/seed0/10/log.txt,40,True,score log,Complete
nonlinear_flora,Nonlinear FLoRA Cumulative,rte_stratified,RTE stratified,roberta-base,RoBERTa-base,homo,Homo,2,40,0,35,57.400722021660656,epoch_round_tuning/tuning-nonlinear_flora-rte_stratified-roberta-base-homo-e2-r40,epoch_round_tuning/tuning-nonlinear_flora-rte_stratified-roberta-base-homo-e2-r40/seed0/10/log.txt,40,True,score log,Complete
nonlinear_flora,Nonlinear FLoRA Cumulative,rte_stratified,RTE stratified,roberta-base,RoBERTa-base,homo,Homo,2,40,0,36,57.400722021660656,epoch_round_tuning/tuning-nonlinear_flora-rte_stratified-roberta-base-homo-e2-r40,epoch_round_tuning/tuning-nonlinear_flora-rte_stratified-roberta-base-homo-e2-r40/seed0/10/log.txt,40,True,score log,Complete
nonlinear_flora,Nonlinear FLoRA Cumulative,rte_stratified,RTE stratified,roberta-base,RoBERTa-base,homo,Homo,2,40,0,37,57.761732851985556,epoch_round_tuning/tuning-nonlinear_flora-rte_stratified-roberta-base-homo-e2-r40,epoch_round_tuning/tuning-nonlinear_flora-rte_stratified-roberta-base-homo-e2-r40/seed0/10/log.txt,40,True,score log,Complete
nonlinear_flora,Nonlinear FLoRA Cumulative,rte_stratified,RTE stratified,roberta-base,RoBERTa-base,homo,Homo,2,40,0,38,57.400722021660656,epoch_round_tuning/tuning-nonlinear_flora-rte_stratified-roberta-base-homo-e2-r40,epoch_round_tuning/tuning-nonlinear_flora-rte_stratified-roberta-base-homo-e2-r40/seed0/10/log.txt,40,True,score log,Complete
nonlinear_flora,Nonlinear FLoRA Cumulative,rte_stratified,RTE stratified,roberta-base,RoBERTa-base,homo,Homo,2,40,0,39,58.12274368231047,epoch_round_tuning/tuning-nonlinear_flora-rte_stratified-roberta-base-homo-e2-r40,epoch_round_tuning/tuning-nonlinear_flora-rte_stratified-roberta-base-homo-e2-r40/seed0/10/log.txt,40,True,score log,Complete
nonlinear_flora,Nonlinear FLoRA Cumulative,rte_stratified,RTE stratified,roberta-base,RoBERTa-base,homo,Homo,2,40,0,40,58.12274368231047,epoch_round_tuning/tuning-nonlinear_flora-rte_stratified-roberta-base-homo-e2-r40,epoch_round_tuning/tuning-nonlinear_flora-rte_stratified-roberta-base-homo-e2-r40/seed0/10/log.txt,40,True,score log,Complete
nonlinear_flora,Nonlinear FLoRA Cumulative,rte_stratified,RTE stratified,roberta-base,RoBERTa-base,homo,Homo,4,20,0,1,54.151624548736464,epoch_round_tuning/tuning-nonlinear_flora-rte_stratified-roberta-base-homo-e4-r20,epoch_round_tuning/tuning-nonlinear_flora-rte_stratified-roberta-base-homo-e4-r20/seed0/10/log.txt,20,True,score log,Complete
nonlinear_flora,Nonlinear FLoRA Cumulative,rte_stratified,RTE stratified,roberta-base,RoBERTa-base,homo,Homo,4,20,0,2,58.48375451263538,epoch_round_tuning/tuning-nonlinear_flora-rte_stratified-roberta-base-homo-e4-r20,epoch_round_tuning/tuning-nonlinear_flora-rte_stratified-roberta-base-homo-e4-r20/seed0/10/log.txt,20,True,score log,Complete
nonlinear_flora,Nonlinear FLoRA Cumulative,rte_stratified,RTE stratified,roberta-base,RoBERTa-base,homo,Homo,4,20,0,3,56.678700361010826,epoch_round_tuning/tuning-nonlinear_flora-rte_stratified-roberta-base-homo-e4-r20,epoch_round_tuning/tuning-nonlinear_flora-rte_stratified-roberta-base-homo-e4-r20/seed0/10/log.txt,20,True,score log,Complete
nonlinear_flora,Nonlinear FLoRA Cumulative,rte_stratified,RTE stratified,roberta-base,RoBERTa-base,homo,Homo,4,20,0,4,54.87364620938629,epoch_round_tuning/tuning-nonlinear_flora-rte_stratified-roberta-base-homo-e4-r20,epoch_round_tuning/tuning-nonlinear_flora-rte_stratified-roberta-base-homo-e4-r20/seed0/10/log.txt,20,True,score log,Complete
nonlinear_flora,Nonlinear FLoRA Cumulative,rte_stratified,RTE stratified,roberta-base,RoBERTa-base,homo,Homo,4,20,0,5,55.5956678700361,epoch_round_tuning/tuning-nonlinear_flora-rte_stratified-roberta-base-homo-e4-r20,epoch_round_tuning/tuning-nonlinear_flora-rte_stratified-roberta-base-homo-e4-r20/seed0/10/log.txt,20,True,score log,Complete
nonlinear_flora,Nonlinear FLoRA Cumulative,rte_stratified,RTE stratified,roberta-base,RoBERTa-base,homo,Homo,4,20,0,6,55.95667870036101,epoch_round_tuning/tuning-nonlinear_flora-rte_stratified-roberta-base-homo-e4-r20,epoch_round_tuning/tuning-nonlinear_flora-rte_stratified-roberta-base-homo-e4-r20/seed0/10/log.txt,20,True,score log,Complete
nonlinear_flora,Nonlinear FLoRA Cumulative,rte_stratified,RTE stratified,roberta-base,RoBERTa-base,homo,Homo,4,20,0,7,55.23465703971119,epoch_round_tuning/tuning-nonlinear_flora-rte_stratified-roberta-base-homo-e4-r20,epoch_round_tuning/tuning-nonlinear_flora-rte_stratified-roberta-base-homo-e4-r20/seed0/10/log.txt,20,True,score log,Complete
nonlinear_flora,Nonlinear FLoRA Cumulative,rte_stratified,RTE stratified,roberta-base,RoBERTa-base,homo,Homo,4,20,0,8,55.5956678700361,epoch_round_tuning/tuning-nonlinear_flora-rte_stratified-roberta-base-homo-e4-r20,epoch_round_tuning/tuning-nonlinear_flora-rte_stratified-roberta-base-homo-e4-r20/seed0/10/log.txt,20,True,score log,Complete
nonlinear_flora,Nonlinear FLoRA Cumulative,rte_stratified,RTE stratified,roberta-base,RoBERTa-base,homo,Homo,4,20,0,9,55.5956678700361,epoch_round_tuning/tuning-nonlinear_flora-rte_stratified-roberta-base-homo-e4-r20,epoch_round_tuning/tuning-nonlinear_flora-rte_stratified-roberta-base-homo-e4-r20/seed0/10/log.txt,20,True,score log,Complete
nonlinear_flora,Nonlinear FLoRA Cumulative,rte_stratified,RTE stratified,roberta-base,RoBERTa-base,homo,Homo,4,20,0,10,55.5956678700361,epoch_round_tuning/tuning-nonlinear_flora-rte_stratified-roberta-base-homo-e4-r20,epoch_round_tuning/tuning-nonlinear_flora-rte_stratified-roberta-base-homo-e4-r20/seed0/10/log.txt,20,True,score log,Complete
nonlinear_flora,Nonlinear FLoRA Cumulative,rte_stratified,RTE stratified,roberta-base,RoBERTa-base,homo,Homo,4,20,0,11,55.23465703971119,epoch_round_tuning/tuning-nonlinear_flora-rte_stratified-roberta-base-homo-e4-r20,epoch_round_tuning/tuning-nonlinear_flora-rte_stratified-roberta-base-homo-e4-r20/seed0/10/log.txt,20,True,score log,Complete
nonlinear_flora,Nonlinear FLoRA Cumulative,rte_stratified,RTE stratified,roberta-base,RoBERTa-base,homo,Homo,4,20,0,12,54.87364620938629,epoch_round_tuning/tuning-nonlinear_flora-rte_stratified-roberta-base-homo-e4-r20,epoch_round_tuning/tuning-nonlinear_flora-rte_stratified-roberta-base-homo-e4-r20/seed0/10/log.txt,20,True,score log,Complete
nonlinear_flora,Nonlinear FLoRA Cumulative,rte_stratified,RTE stratified,roberta-base,RoBERTa-base,homo,Homo,4,20,0,13,55.5956678700361,epoch_round_tuning/tuning-nonlinear_flora-rte_stratified-roberta-base-homo-e4-r20,epoch_round_tuning/tuning-nonlinear_flora-rte_stratified-roberta-base-homo-e4-r20/seed0/10/log.txt,20,True,score log,Complete
nonlinear_flora,Nonlinear FLoRA Cumulative,rte_stratified,RTE stratified,roberta-base,RoBERTa-base,homo,Homo,4,20,0,14,55.95667870036101,epoch_round_tuning/tuning-nonlinear_flora-rte_stratified-roberta-base-homo-e4-r20,epoch_round_tuning/tuning-nonlinear_flora-rte_stratified-roberta-base-homo-e4-r20/seed0/10/log.txt,20,True,score log,Complete
nonlinear_flora,Nonlinear FLoRA Cumulative,rte_stratified,RTE stratified,roberta-base,RoBERTa-base,homo,Homo,4,20,0,15,56.678700361010826,epoch_round_tuning/tuning-nonlinear_flora-rte_stratified-roberta-base-homo-e4-r20,epoch_round_tuning/tuning-nonlinear_flora-rte_stratified-roberta-base-homo-e4-r20/seed0/10/log.txt,20,True,score log,Complete
nonlinear_flora,Nonlinear FLoRA Cumulative,rte_stratified,RTE stratified,roberta-base,RoBERTa-base,homo,Homo,4,20,0,16,56.317689530685925,epoch_round_tuning/tuning-nonlinear_flora-rte_stratified-roberta-base-homo-e4-r20,epoch_round_tuning/tuning-nonlinear_flora-rte_stratified-roberta-base-homo-e4-r20/seed0/10/log.txt,20,True,score log,Complete
nonlinear_flora,Nonlinear FLoRA Cumulative,rte_stratified,RTE stratified,roberta-base,RoBERTa-base,homo,Homo,4,20,0,17,57.400722021660656,epoch_round_tuning/tuning-nonlinear_flora-rte_stratified-roberta-base-homo-e4-r20,epoch_round_tuning/tuning-nonlinear_flora-rte_stratified-roberta-base-homo-e4-r20/seed0/10/log.txt,20,True,score log,Complete
nonlinear_flora,Nonlinear FLoRA Cumulative,rte_stratified,RTE stratified,roberta-base,RoBERTa-base,homo,Homo,4,20,0,18,57.400722021660656,epoch_round_tuning/tuning-nonlinear_flora-rte_stratified-roberta-base-homo-e4-r20,epoch_round_tuning/tuning-nonlinear_flora-rte_stratified-roberta-base-homo-e4-r20/seed0/10/log.txt,20,True,score log,Complete
nonlinear_flora,Nonlinear FLoRA Cumulative,rte_stratified,RTE stratified,roberta-base,RoBERTa-base,homo,Homo,4,20,0,19,58.844765342960294,epoch_round_tuning/tuning-nonlinear_flora-rte_stratified-roberta-base-homo-e4-r20,epoch_round_tuning/tuning-nonlinear_flora-rte_stratified-roberta-base-homo-e4-r20/seed0/10/log.txt,20,True,score log,Complete
nonlinear_flora,Nonlinear FLoRA Cumulative,rte_stratified,RTE stratified,roberta-base,RoBERTa-base,homo,Homo,4,20,0,20,58.844765342960294,epoch_round_tuning/tuning-nonlinear_flora-rte_stratified-roberta-base-homo-e4-r20,epoch_round_tuning/tuning-nonlinear_flora-rte_stratified-roberta-base-homo-e4-r20/seed0/10/log.txt,20,True,score log,Complete
nonlinear_flora,Nonlinear FLoRA Cumulative,rte_stratified,RTE stratified,roberta-base,RoBERTa-base,homo,Homo,8,10,0,1,57.400722021660656,epoch_round_tuning/tuning-nonlinear_flora-rte_stratified-roberta-base-homo-e8-r10,epoch_round_tuning/tuning-nonlinear_flora-rte_stratified-roberta-base-homo-e8-r10/seed0/10/log.txt,10,True,score log,Complete
nonlinear_flora,Nonlinear FLoRA Cumulative,rte_stratified,RTE stratified,roberta-base,RoBERTa-base,homo,Homo,8,10,0,2,59.56678700361011,epoch_round_tuning/tuning-nonlinear_flora-rte_stratified-roberta-base-homo-e8-r10,epoch_round_tuning/tuning-nonlinear_flora-rte_stratified-roberta-base-homo-e8-r10/seed0/10/log.txt,10,True,score log,Complete
nonlinear_flora,Nonlinear FLoRA Cumulative,rte_stratified,RTE stratified,roberta-base,RoBERTa-base,homo,Homo,8,10,0,3,57.03971119133574,epoch_round_tuning/tuning-nonlinear_flora-rte_stratified-roberta-base-homo-e8-r10,epoch_round_tuning/tuning-nonlinear_flora-rte_stratified-roberta-base-homo-e8-r10/seed0/10/log.txt,10,True,score log,Complete
nonlinear_flora,Nonlinear FLoRA Cumulative,rte_stratified,RTE stratified,roberta-base,RoBERTa-base,homo,Homo,8,10,0,4,55.23465703971119,epoch_round_tuning/tuning-nonlinear_flora-rte_stratified-roberta-base-homo-e8-r10,epoch_round_tuning/tuning-nonlinear_flora-rte_stratified-roberta-base-homo-e8-r10/seed0/10/log.txt,10,True,score log,Complete
nonlinear_flora,Nonlinear FLoRA Cumulative,rte_stratified,RTE stratified,roberta-base,RoBERTa-base,homo,Homo,8,10,0,5,55.5956678700361,epoch_round_tuning/tuning-nonlinear_flora-rte_stratified-roberta-base-homo-e8-r10,epoch_round_tuning/tuning-nonlinear_flora-rte_stratified-roberta-base-homo-e8-r10/seed0/10/log.txt,10,True,score log,Complete
nonlinear_flora,Nonlinear FLoRA Cumulative,rte_stratified,RTE stratified,roberta-base,RoBERTa-base,homo,Homo,8,10,0,6,56.678700361010826,epoch_round_tuning/tuning-nonlinear_flora-rte_stratified-roberta-base-homo-e8-r10,epoch_round_tuning/tuning-nonlinear_flora-rte_stratified-roberta-base-homo-e8-r10/seed0/10/log.txt,10,True,score log,Complete
nonlinear_flora,Nonlinear FLoRA Cumulative,rte_stratified,RTE stratified,roberta-base,RoBERTa-base,homo,Homo,8,10,0,7,57.400722021660656,epoch_round_tuning/tuning-nonlinear_flora-rte_stratified-roberta-base-homo-e8-r10,epoch_round_tuning/tuning-nonlinear_flora-rte_stratified-roberta-base-homo-e8-r10/seed0/10/log.txt,10,True,score log,Complete
nonlinear_flora,Nonlinear FLoRA Cumulative,rte_stratified,RTE stratified,roberta-base,RoBERTa-base,homo,Homo,8,10,0,8,57.761732851985556,epoch_round_tuning/tuning-nonlinear_flora-rte_stratified-roberta-base-homo-e8-r10,epoch_round_tuning/tuning-nonlinear_flora-rte_stratified-roberta-base-homo-e8-r10/seed0/10/log.txt,10,True,score log,Complete
nonlinear_flora,Nonlinear FLoRA Cumulative,rte_stratified,RTE stratified,roberta-base,RoBERTa-base,homo,Homo,8,10,0,9,58.12274368231047,epoch_round_tuning/tuning-nonlinear_flora-rte_stratified-roberta-base-homo-e8-r10,epoch_round_tuning/tuning-nonlinear_flora-rte_stratified-roberta-base-homo-e8-r10/seed0/10/log.txt,10,True,score log,Complete
nonlinear_flora,Nonlinear FLoRA Cumulative,rte_stratified,RTE stratified,roberta-base,RoBERTa-base,homo,Homo,8,10,0,10,59.56678700361011,epoch_round_tuning/tuning-nonlinear_flora-rte_stratified-roberta-base-homo-e8-r10,epoch_round_tuning/tuning-nonlinear_flora-rte_stratified-roberta-base-homo-e8-r10/seed0/10/log.txt,10,True,score log,Complete
