Run source,Run root,Method key,Method,Dataset,Dataset label,Model key,Model,Setting key,Setting,Local epochs,Config rounds,Client count,Client count label,Communication round,Round id,Mean Matthews correlation,Std Matthews correlation,Mean accuracy (%),Seed count,Result source
nguyen repo,/homes/neumann/nguyen/fedlora/FederatedLLM/epoch_round_tuning_cola_client_count,flora,Linear FLoRA,cola_stratified,CoLA stratified,roberta-base,RoBERTa-base,homo,Homo,20,150,3,3,1,0,0.5429398231122686,0.0,81.49568552253116,1,round_config.json
nguyen repo,/homes/neumann/nguyen/fedlora/FederatedLLM/epoch_round_tuning_cola_client_count,flora,Linear FLoRA,cola_stratified,CoLA stratified,roberta-base,RoBERTa-base,homo,Homo,20,150,3,3,2,1,0.5541614866719362,0.0,81.87919463087249,1,round_config.json
nguyen repo,/homes/neumann/nguyen/fedlora/FederatedLLM/epoch_round_tuning_cola_client_count,flora,Linear FLoRA,cola_stratified,CoLA stratified,roberta-base,RoBERTa-base,homo,Homo,20,150,3,3,3,2,0.5590042613014093,0.0,82.07094918504313,1,round_config.json
nguyen repo,/homes/neumann/nguyen/fedlora/FederatedLLM/epoch_round_tuning_cola_client_count,flora,Linear FLoRA,cola_stratified,CoLA stratified,roberta-base,RoBERTa-base,homo,Homo,20,150,3,3,4,3,0.5638613324305274,0.0,82.2627037392138,1,round_config.json
nguyen repo,/homes/neumann/nguyen/fedlora/FederatedLLM/epoch_round_tuning_cola_client_count,flora,Linear FLoRA,cola_stratified,CoLA stratified,roberta-base,RoBERTa-base,homo,Homo,20,150,3,3,5,4,0.5661745589126856,0.0,82.35858101629914,1,round_config.json
nguyen repo,/homes/neumann/nguyen/fedlora/FederatedLLM/epoch_round_tuning_cola_client_count,flora,Linear FLoRA,cola_stratified,CoLA stratified,roberta-base,RoBERTa-base,homo,Homo,20,150,3,3,6,5,0.5636121316930314,0.0,82.2627037392138,1,round_config.json
nguyen repo,/homes/neumann/nguyen/fedlora/FederatedLLM/epoch_round_tuning_cola_client_count,flora,Linear FLoRA,cola_stratified,CoLA stratified,roberta-base,RoBERTa-base,homo,Homo,20,150,3,3,7,6,0.5685115636716958,0.0,82.45445829338448,1,round_config.json
nguyen repo,/homes/neumann/nguyen/fedlora/FederatedLLM/epoch_round_tuning_cola_client_count,flora,Linear FLoRA,cola_stratified,CoLA stratified,roberta-base,RoBERTa-base,homo,Homo,20,150,3,3,8,7,0.5604411498024476,0.0,82.16682646212847,1,round_config.json
nguyen repo,/homes/neumann/nguyen/fedlora/FederatedLLM/epoch_round_tuning_cola_client_count,flora,Linear FLoRA,cola_stratified,CoLA stratified,roberta-base,RoBERTa-base,homo,Homo,20,150,3,3,9,8,0.5606182756735524,0.0,82.16682646212847,1,round_config.json
nguyen repo,/homes/neumann/nguyen/fedlora/FederatedLLM/epoch_round_tuning_cola_client_count,flora,Linear FLoRA,cola_stratified,CoLA stratified,roberta-base,RoBERTa-base,homo,Homo,20,150,3,3,10,9,0.5526991664576107,0.0,81.87919463087249,1,round_config.json
nguyen repo,/homes/neumann/nguyen/fedlora/FederatedLLM/epoch_round_tuning_cola_client_count,flora,Linear FLoRA,cola_stratified,CoLA stratified,roberta-base,RoBERTa-base,homo,Homo,20,150,3,3,11,10,0.5580435869782275,0.0,82.07094918504313,1,round_config.json
nguyen repo,/homes/neumann/nguyen/fedlora/FederatedLLM/epoch_round_tuning_cola_client_count,flora,Linear FLoRA,cola_stratified,CoLA stratified,roberta-base,RoBERTa-base,homo,Homo,20,150,3,3,12,11,0.5580435869782275,0.0,82.07094918504313,1,round_config.json
nguyen repo,/homes/neumann/nguyen/fedlora/FederatedLLM/epoch_round_tuning_cola_client_count,flora,Linear FLoRA,cola_stratified,CoLA stratified,roberta-base,RoBERTa-base,homo,Homo,20,150,3,3,13,12,0.5580435869782275,0.0,82.07094918504313,1,round_config.json
nguyen repo,/homes/neumann/nguyen/fedlora/FederatedLLM/epoch_round_tuning_cola_client_count,flora,Linear FLoRA,cola_stratified,CoLA stratified,roberta-base,RoBERTa-base,homo,Homo,20,150,3,3,14,13,0.5554642168473025,0.0,81.97507190795783,1,round_config.json
nguyen repo,/homes/neumann/nguyen/fedlora/FederatedLLM/epoch_round_tuning_cola_client_count,flora,Linear FLoRA,cola_stratified,CoLA stratified,roberta-base,RoBERTa-base,homo,Homo,20,150,3,3,15,14,0.5528800923802824,0.0,81.87919463087249,1,round_config.json
nguyen repo,/homes/neumann/nguyen/fedlora/FederatedLLM/epoch_round_tuning_cola_client_count,flora,Linear FLoRA,cola_stratified,CoLA stratified,roberta-base,RoBERTa-base,homo,Homo,20,150,3,3,16,15,0.5501090458146111,0.0,81.78331735378715,1,round_config.json
nguyen repo,/homes/neumann/nguyen/fedlora/FederatedLLM/epoch_round_tuning_cola_client_count,flora,Linear FLoRA,cola_stratified,CoLA stratified,roberta-base,RoBERTa-base,homo,Homo,20,150,3,3,17,16,0.5580435869782275,0.0,82.07094918504313,1,round_config.json
nguyen repo,/homes/neumann/nguyen/fedlora/FederatedLLM/epoch_round_tuning_cola_client_count,flora,Linear FLoRA,cola_stratified,CoLA stratified,roberta-base,RoBERTa-base,homo,Homo,20,150,3,3,18,17,0.5554642168473025,0.0,81.97507190795783,1,round_config.json
nguyen repo,/homes/neumann/nguyen/fedlora/FederatedLLM/epoch_round_tuning_cola_client_count,flora,Linear FLoRA,cola_stratified,CoLA stratified,roberta-base,RoBERTa-base,homo,Homo,20,150,3,3,19,18,0.5554642168473025,0.0,81.97507190795783,1,round_config.json
nguyen repo,/homes/neumann/nguyen/fedlora/FederatedLLM/epoch_round_tuning_cola_client_count,flora,Linear FLoRA,cola_stratified,CoLA stratified,roberta-base,RoBERTa-base,homo,Homo,20,150,3,3,20,19,0.5608193878799941,0.0,82.16682646212847,1,round_config.json
nguyen repo,/homes/neumann/nguyen/fedlora/FederatedLLM/epoch_round_tuning_cola_client_count,flora,Linear FLoRA,cola_stratified,CoLA stratified,roberta-base,RoBERTa-base,homo,Homo,20,150,3,3,21,20,0.5582461120366569,0.0,82.07094918504313,1,round_config.json
nguyen repo,/homes/neumann/nguyen/fedlora/FederatedLLM/epoch_round_tuning_cola_client_count,flora,Linear FLoRA,cola_stratified,CoLA stratified,roberta-base,RoBERTa-base,homo,Homo,20,150,3,3,22,21,0.5608193878799941,0.0,82.16682646212847,1,round_config.json
nguyen repo,/homes/neumann/nguyen/fedlora/FederatedLLM/epoch_round_tuning_cola_client_count,flora,Linear FLoRA,cola_stratified,CoLA stratified,roberta-base,RoBERTa-base,homo,Homo,20,150,3,3,23,22,0.5582461120366569,0.0,82.07094918504313,1,round_config.json
nguyen repo,/homes/neumann/nguyen/fedlora/FederatedLLM/epoch_round_tuning_cola_client_count,flora,Linear FLoRA,cola_stratified,CoLA stratified,roberta-base,RoBERTa-base,homo,Homo,20,150,3,3,24,23,0.5582461120366569,0.0,82.07094918504313,1,round_config.json
nguyen repo,/homes/neumann/nguyen/fedlora/FederatedLLM/epoch_round_tuning_cola_client_count,flora,Linear FLoRA,cola_stratified,CoLA stratified,roberta-base,RoBERTa-base,homo,Homo,20,150,3,3,25,24,0.5584733161070394,0.0,82.07094918504313,1,round_config.json
nguyen repo,/homes/neumann/nguyen/fedlora/FederatedLLM/epoch_round_tuning_cola_client_count,flora,Linear FLoRA,cola_stratified,CoLA stratified,roberta-base,RoBERTa-base,homo,Homo,20,150,3,3,26,25,0.5580435869782275,0.0,82.07094918504313,1,round_config.json
nguyen repo,/homes/neumann/nguyen/fedlora/FederatedLLM/epoch_round_tuning_cola_client_count,flora,Linear FLoRA,cola_stratified,CoLA stratified,roberta-base,RoBERTa-base,homo,Homo,20,150,3,3,27,26,0.5687324280194611,0.0,82.45445829338448,1,round_config.json
nguyen repo,/homes/neumann/nguyen/fedlora/FederatedLLM/epoch_round_tuning_cola_client_count,flora,Linear FLoRA,cola_stratified,CoLA stratified,roberta-base,RoBERTa-base,homo,Homo,20,150,3,3,28,27,0.5608193878799941,0.0,82.16682646212847,1,round_config.json
nguyen repo,/homes/neumann/nguyen/fedlora/FederatedLLM/epoch_round_tuning_cola_client_count,flora,Linear FLoRA,cola_stratified,CoLA stratified,roberta-base,RoBERTa-base,homo,Homo,20,150,3,3,29,28,0.5606182756735524,0.0,82.16682646212847,1,round_config.json
nguyen repo,/homes/neumann/nguyen/fedlora/FederatedLLM/epoch_round_tuning_cola_client_count,flora,Linear FLoRA,cola_stratified,CoLA stratified,roberta-base,RoBERTa-base,homo,Homo,20,150,3,3,30,29,0.5631883547866908,0.0,82.2627037392138,1,round_config.json
nguyen repo,/homes/neumann/nguyen/fedlora/FederatedLLM/epoch_round_tuning_cola_client_count,flora,Linear FLoRA,cola_stratified,CoLA stratified,roberta-base,RoBERTa-base,homo,Homo,20,150,3,3,31,30,0.557865145901686,0.0,82.07094918504313,1,round_config.json
nguyen repo,/homes/neumann/nguyen/fedlora/FederatedLLM/epoch_round_tuning_cola_client_count,flora,Linear FLoRA,cola_stratified,CoLA stratified,roberta-base,RoBERTa-base,homo,Homo,20,150,3,3,32,31,0.5633880074988443,0.0,82.2627037392138,1,round_config.json
nguyen repo,/homes/neumann/nguyen/fedlora/FederatedLLM/epoch_round_tuning_cola_client_count,flora,Linear FLoRA,cola_stratified,CoLA stratified,roberta-base,RoBERTa-base,homo,Homo,20,150,3,3,33,32,0.5633880074988443,0.0,82.2627037392138,1,round_config.json
nguyen repo,/homes/neumann/nguyen/fedlora/FederatedLLM/epoch_round_tuning_cola_client_count,flora,Linear FLoRA,cola_stratified,CoLA stratified,roberta-base,RoBERTa-base,homo,Homo,20,150,3,3,34,33,0.5556681072632618,0.0,81.97507190795783,1,round_config.json
nguyen repo,/homes/neumann/nguyen/fedlora/FederatedLLM/epoch_round_tuning_cola_client_count,flora,Linear FLoRA,cola_stratified,CoLA stratified,roberta-base,RoBERTa-base,homo,Homo,20,150,3,3,35,34,0.5582461120366569,0.0,82.07094918504313,1,round_config.json
nguyen repo,/homes/neumann/nguyen/fedlora/FederatedLLM/epoch_round_tuning_cola_client_count,flora,Linear FLoRA,cola_stratified,CoLA stratified,roberta-base,RoBERTa-base,homo,Homo,20,150,3,3,36,35,0.5556681072632618,0.0,81.97507190795783,1,round_config.json
nguyen repo,/homes/neumann/nguyen/fedlora/FederatedLLM/epoch_round_tuning_cola_client_count,flora,Linear FLoRA,cola_stratified,CoLA stratified,roberta-base,RoBERTa-base,homo,Homo,20,150,3,3,37,36,0.5530852997835514,0.0,81.87919463087249,1,round_config.json
nguyen repo,/homes/neumann/nguyen/fedlora/FederatedLLM/epoch_round_tuning_cola_client_count,flora,Linear FLoRA,cola_stratified,CoLA stratified,roberta-base,RoBERTa-base,homo,Homo,20,150,3,3,38,37,0.5556681072632618,0.0,81.97507190795783,1,round_config.json
nguyen repo,/homes/neumann/nguyen/fedlora/FederatedLLM/epoch_round_tuning_cola_client_count,flora,Linear FLoRA,cola_stratified,CoLA stratified,roberta-base,RoBERTa-base,homo,Homo,20,150,3,3,39,38,0.5556681072632618,0.0,81.97507190795783,1,round_config.json
nguyen repo,/homes/neumann/nguyen/fedlora/FederatedLLM/epoch_round_tuning_cola_client_count,flora,Linear FLoRA,cola_stratified,CoLA stratified,roberta-base,RoBERTa-base,homo,Homo,20,150,3,3,40,39,0.5556681072632618,0.0,81.97507190795783,1,round_config.json
nguyen repo,/homes/neumann/nguyen/fedlora/FederatedLLM/epoch_round_tuning_cola_client_count,flora,Linear FLoRA,cola_stratified,CoLA stratified,roberta-base,RoBERTa-base,homo,Homo,20,150,3,3,41,40,0.5659520425514886,0.0,82.35858101629914,1,round_config.json
nguyen repo,/homes/neumann/nguyen/fedlora/FederatedLLM/epoch_round_tuning_cola_client_count,flora,Linear FLoRA,cola_stratified,CoLA stratified,roberta-base,RoBERTa-base,homo,Homo,20,150,3,3,42,41,0.5633880074988443,0.0,82.2627037392138,1,round_config.json
nguyen repo,/homes/neumann/nguyen/fedlora/FederatedLLM/epoch_round_tuning_cola_client_count,flora,Linear FLoRA,cola_stratified,CoLA stratified,roberta-base,RoBERTa-base,homo,Homo,20,150,3,3,43,42,0.5556681072632618,0.0,81.97507190795783,1,round_config.json
nguyen repo,/homes/neumann/nguyen/fedlora/FederatedLLM/epoch_round_tuning_cola_client_count,flora,Linear FLoRA,cola_stratified,CoLA stratified,roberta-base,RoBERTa-base,homo,Homo,20,150,3,3,44,43,0.5608193878799941,0.0,82.16682646212847,1,round_config.json
nguyen repo,/homes/neumann/nguyen/fedlora/FederatedLLM/epoch_round_tuning_cola_client_count,flora,Linear FLoRA,cola_stratified,CoLA stratified,roberta-base,RoBERTa-base,homo,Homo,20,150,3,3,45,44,0.5633880074988443,0.0,82.2627037392138,1,round_config.json
nguyen repo,/homes/neumann/nguyen/fedlora/FederatedLLM/epoch_round_tuning_cola_client_count,flora,Linear FLoRA,cola_stratified,CoLA stratified,roberta-base,RoBERTa-base,homo,Homo,20,150,3,3,46,45,0.5608193878799941,0.0,82.16682646212847,1,round_config.json
nguyen repo,/homes/neumann/nguyen/fedlora/FederatedLLM/epoch_round_tuning_cola_client_count,flora,Linear FLoRA,cola_stratified,CoLA stratified,roberta-base,RoBERTa-base,homo,Homo,20,150,3,3,47,46,0.5608193878799941,0.0,82.16682646212847,1,round_config.json
nguyen repo,/homes/neumann/nguyen/fedlora/FederatedLLM/epoch_round_tuning_cola_client_count,flora,Linear FLoRA,cola_stratified,CoLA stratified,roberta-base,RoBERTa-base,homo,Homo,20,150,3,3,48,47,0.5736173416598102,0.0,82.64621284755513,1,round_config.json
nguyen repo,/homes/neumann/nguyen/fedlora/FederatedLLM/epoch_round_tuning_cola_client_count,flora,Linear FLoRA,cola_stratified,CoLA stratified,roberta-base,RoBERTa-base,homo,Homo,20,150,3,3,49,48,0.5710666404909023,0.0,82.5503355704698,1,round_config.json
nguyen repo,/homes/neumann/nguyen/fedlora/FederatedLLM/epoch_round_tuning_cola_client_count,flora,Linear FLoRA,cola_stratified,CoLA stratified,roberta-base,RoBERTa-base,homo,Homo,20,150,3,3,50,49,0.5633880074988443,0.0,82.2627037392138,1,round_config.json
nguyen repo,/homes/neumann/nguyen/fedlora/FederatedLLM/epoch_round_tuning_cola_client_count,flora,Linear FLoRA,cola_stratified,CoLA stratified,roberta-base,RoBERTa-base,homo,Homo,20,150,3,3,51,50,0.5530852997835514,0.0,81.87919463087249,1,round_config.json
nguyen repo,/homes/neumann/nguyen/fedlora/FederatedLLM/epoch_round_tuning_cola_client_count,flora,Linear FLoRA,cola_stratified,CoLA stratified,roberta-base,RoBERTa-base,homo,Homo,20,150,3,3,52,51,0.5608193878799941,0.0,82.16682646212847,1,round_config.json
nguyen repo,/homes/neumann/nguyen/fedlora/FederatedLLM/epoch_round_tuning_cola_client_count,flora,Linear FLoRA,cola_stratified,CoLA stratified,roberta-base,RoBERTa-base,homo,Homo,20,150,3,3,53,52,0.5530852997835514,0.0,81.87919463087249,1,round_config.json
nguyen repo,/homes/neumann/nguyen/fedlora/FederatedLLM/epoch_round_tuning_cola_client_count,flora,Linear FLoRA,cola_stratified,CoLA stratified,roberta-base,RoBERTa-base,homo,Homo,20,150,3,3,54,53,0.5608193878799941,0.0,82.16682646212847,1,round_config.json
nguyen repo,/homes/neumann/nguyen/fedlora/FederatedLLM/epoch_round_tuning_cola_client_count,flora,Linear FLoRA,cola_stratified,CoLA stratified,roberta-base,RoBERTa-base,homo,Homo,20,150,3,3,55,54,0.5659520425514886,0.0,82.35858101629914,1,round_config.json
nguyen repo,/homes/neumann/nguyen/fedlora/FederatedLLM/epoch_round_tuning_cola_client_count,flora,Linear FLoRA,cola_stratified,CoLA stratified,roberta-base,RoBERTa-base,homo,Homo,20,150,3,3,56,55,0.5685115636716958,0.0,82.45445829338448,1,round_config.json
nguyen repo,/homes/neumann/nguyen/fedlora/FederatedLLM/epoch_round_tuning_cola_client_count,flora,Linear FLoRA,cola_stratified,CoLA stratified,roberta-base,RoBERTa-base,homo,Homo,20,150,3,3,57,56,0.5659520425514886,0.0,82.35858101629914,1,round_config.json
nguyen repo,/homes/neumann/nguyen/fedlora/FederatedLLM/epoch_round_tuning_cola_client_count,flora,Linear FLoRA,cola_stratified,CoLA stratified,roberta-base,RoBERTa-base,homo,Homo,20,150,3,3,58,57,0.5633880074988443,0.0,82.2627037392138,1,round_config.json
nguyen repo,/homes/neumann/nguyen/fedlora/FederatedLLM/epoch_round_tuning_cola_client_count,flora,Linear FLoRA,cola_stratified,CoLA stratified,roberta-base,RoBERTa-base,homo,Homo,20,150,3,3,59,58,0.565753895146675,0.0,82.35858101629914,1,round_config.json
nguyen repo,/homes/neumann/nguyen/fedlora/FederatedLLM/epoch_round_tuning_cola_client_count,flora,Linear FLoRA,cola_stratified,CoLA stratified,roberta-base,RoBERTa-base,homo,Homo,20,150,3,3,60,59,0.5683149665802574,0.0,82.45445829338448,1,round_config.json
nguyen repo,/homes/neumann/nguyen/fedlora/FederatedLLM/epoch_round_tuning_cola_client_count,flora,Linear FLoRA,cola_stratified,CoLA stratified,roberta-base,RoBERTa-base,homo,Homo,20,150,3,3,61,60,0.5710666404909023,0.0,82.5503355704698,1,round_config.json
nguyen repo,/homes/neumann/nguyen/fedlora/FederatedLLM/epoch_round_tuning_cola_client_count,flora,Linear FLoRA,cola_stratified,CoLA stratified,roberta-base,RoBERTa-base,homo,Homo,20,150,3,3,62,61,0.565753895146675,0.0,82.35858101629914,1,round_config.json
nguyen repo,/homes/neumann/nguyen/fedlora/FederatedLLM/epoch_round_tuning_cola_client_count,flora,Linear FLoRA,cola_stratified,CoLA stratified,roberta-base,RoBERTa-base,homo,Homo,20,150,3,3,63,62,0.5630125915007046,0.0,82.2627037392138,1,round_config.json
nguyen repo,/homes/neumann/nguyen/fedlora/FederatedLLM/epoch_round_tuning_cola_client_count,flora,Linear FLoRA,cola_stratified,CoLA stratified,roberta-base,RoBERTa-base,homo,Homo,20,150,3,3,64,63,0.5708716379334386,0.0,82.5503355704698,1,round_config.json
nguyen repo,/homes/neumann/nguyen/fedlora/FederatedLLM/epoch_round_tuning_cola_client_count,flora,Linear FLoRA,cola_stratified,CoLA stratified,roberta-base,RoBERTa-base,homo,Homo,20,150,3,3,65,64,0.5683149665802574,0.0,82.45445829338448,1,round_config.json
nguyen repo,/homes/neumann/nguyen/fedlora/FederatedLLM/epoch_round_tuning_cola_client_count,flora,Linear FLoRA,cola_stratified,CoLA stratified,roberta-base,RoBERTa-base,homo,Homo,20,150,3,3,66,65,0.5606182756735524,0.0,82.16682646212847,1,round_config.json
nguyen repo,/homes/neumann/nguyen/fedlora/FederatedLLM/epoch_round_tuning_cola_client_count,flora,Linear FLoRA,cola_stratified,CoLA stratified,roberta-base,RoBERTa-base,homo,Homo,20,150,3,3,67,66,0.5631883547866908,0.0,82.2627037392138,1,round_config.json
nguyen repo,/homes/neumann/nguyen/fedlora/FederatedLLM/epoch_round_tuning_cola_client_count,flora,Linear FLoRA,cola_stratified,CoLA stratified,roberta-base,RoBERTa-base,homo,Homo,20,150,3,3,68,67,0.5604411498024476,0.0,82.16682646212847,1,round_config.json
nguyen repo,/homes/neumann/nguyen/fedlora/FederatedLLM/epoch_round_tuning_cola_client_count,flora,Linear FLoRA,cola_stratified,CoLA stratified,roberta-base,RoBERTa-base,homo,Homo,20,150,3,3,69,68,0.5552845087956161,0.0,81.97507190795783,1,round_config.json
nguyen repo,/homes/neumann/nguyen/fedlora/FederatedLLM/epoch_round_tuning_cola_client_count,flora,Linear FLoRA,cola_stratified,CoLA stratified,roberta-base,RoBERTa-base,homo,Homo,20,150,3,3,70,69,0.565753895146675,0.0,82.35858101629914,1,round_config.json
nguyen repo,/homes/neumann/nguyen/fedlora/FederatedLLM/epoch_round_tuning_cola_client_count,flora,Linear FLoRA,cola_stratified,CoLA stratified,roberta-base,RoBERTa-base,homo,Homo,20,150,3,3,71,70,0.5631883547866908,0.0,82.2627037392138,1,round_config.json
nguyen repo,/homes/neumann/nguyen/fedlora/FederatedLLM/epoch_round_tuning_cola_client_count,flora,Linear FLoRA,cola_stratified,CoLA stratified,roberta-base,RoBERTa-base,homo,Homo,20,150,3,3,72,71,0.5502911396062787,0.0,81.78331735378715,1,round_config.json
nguyen repo,/homes/neumann/nguyen/fedlora/FederatedLLM/epoch_round_tuning_cola_client_count,flora,Linear FLoRA,cola_stratified,CoLA stratified,roberta-base,RoBERTa-base,homo,Homo,20,150,3,3,73,72,0.5606182756735524,0.0,82.16682646212847,1,round_config.json
nguyen repo,/homes/neumann/nguyen/fedlora/FederatedLLM/epoch_round_tuning_cola_client_count,flora,Linear FLoRA,cola_stratified,CoLA stratified,roberta-base,RoBERTa-base,homo,Homo,20,150,3,3,74,73,0.5631883547866908,0.0,82.2627037392138,1,round_config.json
nguyen repo,/homes/neumann/nguyen/fedlora/FederatedLLM/epoch_round_tuning_cola_client_count,flora,Linear FLoRA,cola_stratified,CoLA stratified,roberta-base,RoBERTa-base,homo,Homo,20,150,3,3,75,74,0.565753895146675,0.0,82.35858101629914,1,round_config.json
nguyen repo,/homes/neumann/nguyen/fedlora/FederatedLLM/epoch_round_tuning_cola_client_count,flora,Linear FLoRA,cola_stratified,CoLA stratified,roberta-base,RoBERTa-base,homo,Homo,20,150,3,3,76,75,0.5606182756735524,0.0,82.16682646212847,1,round_config.json
nguyen repo,/homes/neumann/nguyen/fedlora/FederatedLLM/epoch_round_tuning_cola_client_count,flora,Linear FLoRA,cola_stratified,CoLA stratified,roberta-base,RoBERTa-base,homo,Homo,20,150,3,3,77,76,0.5633880074988443,0.0,82.2627037392138,1,round_config.json
nguyen repo,/homes/neumann/nguyen/fedlora/FederatedLLM/epoch_round_tuning_cola_client_count,flora,Linear FLoRA,cola_stratified,CoLA stratified,roberta-base,RoBERTa-base,homo,Homo,20,150,3,3,78,77,0.5608193878799941,0.0,82.16682646212847,1,round_config.json
nguyen repo,/homes/neumann/nguyen/fedlora/FederatedLLM/epoch_round_tuning_cola_client_count,flora,Linear FLoRA,cola_stratified,CoLA stratified,roberta-base,RoBERTa-base,homo,Homo,20,150,3,3,79,78,0.565579540997454,0.0,82.35858101629914,1,round_config.json
nguyen repo,/homes/neumann/nguyen/fedlora/FederatedLLM/epoch_round_tuning_cola_client_count,flora,Linear FLoRA,cola_stratified,CoLA stratified,roberta-base,RoBERTa-base,homo,Homo,20,150,3,3,80,79,0.5526991664576107,0.0,81.87919463087249,1,round_config.json
nguyen repo,/homes/neumann/nguyen/fedlora/FederatedLLM/epoch_round_tuning_cola_client_count,flora,Linear FLoRA,cola_stratified,CoLA stratified,roberta-base,RoBERTa-base,homo,Homo,20,150,3,3,81,80,0.5708716379334386,0.0,82.5503355704698,1,round_config.json
nguyen repo,/homes/neumann/nguyen/fedlora/FederatedLLM/epoch_round_tuning_cola_client_count,flora,Linear FLoRA,cola_stratified,CoLA stratified,roberta-base,RoBERTa-base,homo,Homo,20,150,3,3,82,81,0.565753895146675,0.0,82.35858101629914,1,round_config.json
nguyen repo,/homes/neumann/nguyen/fedlora/FederatedLLM/epoch_round_tuning_cola_client_count,flora,Linear FLoRA,cola_stratified,CoLA stratified,roberta-base,RoBERTa-base,homo,Homo,20,150,3,3,83,82,0.5708716379334386,0.0,82.5503355704698,1,round_config.json
nguyen repo,/homes/neumann/nguyen/fedlora/FederatedLLM/epoch_round_tuning_cola_client_count,flora,Linear FLoRA,cola_stratified,CoLA stratified,roberta-base,RoBERTa-base,homo,Homo,20,150,3,3,84,83,0.5633880074988443,0.0,82.2627037392138,1,round_config.json
nguyen repo,/homes/neumann/nguyen/fedlora/FederatedLLM/epoch_round_tuning_cola_client_count,flora,Linear FLoRA,cola_stratified,CoLA stratified,roberta-base,RoBERTa-base,homo,Homo,20,150,3,3,85,84,0.5604411498024476,0.0,82.16682646212847,1,round_config.json
nguyen repo,/homes/neumann/nguyen/fedlora/FederatedLLM/epoch_round_tuning_cola_client_count,flora,Linear FLoRA,cola_stratified,CoLA stratified,roberta-base,RoBERTa-base,homo,Homo,20,150,3,3,86,85,0.5631883547866908,0.0,82.2627037392138,1,round_config.json
nguyen repo,/homes/neumann/nguyen/fedlora/FederatedLLM/epoch_round_tuning_cola_client_count,flora,Linear FLoRA,cola_stratified,CoLA stratified,roberta-base,RoBERTa-base,homo,Homo,20,150,3,3,87,86,0.5606182756735524,0.0,82.16682646212847,1,round_config.json
nguyen repo,/homes/neumann/nguyen/fedlora/FederatedLLM/epoch_round_tuning_cola_client_count,flora,Linear FLoRA,cola_stratified,CoLA stratified,roberta-base,RoBERTa-base,homo,Homo,20,150,3,3,88,87,0.5710666404909023,0.0,82.5503355704698,1,round_config.json
nguyen repo,/homes/neumann/nguyen/fedlora/FederatedLLM/epoch_round_tuning_cola_client_count,flora,Linear FLoRA,cola_stratified,CoLA stratified,roberta-base,RoBERTa-base,homo,Homo,20,150,3,3,89,88,0.565753895146675,0.0,82.35858101629914,1,round_config.json
nguyen repo,/homes/neumann/nguyen/fedlora/FederatedLLM/epoch_round_tuning_cola_client_count,flora,Linear FLoRA,cola_stratified,CoLA stratified,roberta-base,RoBERTa-base,homo,Homo,20,150,3,3,90,89,0.5683149665802574,0.0,82.45445829338448,1,round_config.json
nguyen repo,/homes/neumann/nguyen/fedlora/FederatedLLM/epoch_round_tuning_cola_client_count,flora,Linear FLoRA,cola_stratified,CoLA stratified,roberta-base,RoBERTa-base,homo,Homo,20,150,3,3,91,90,0.5633880074988443,0.0,82.2627037392138,1,round_config.json
nguyen repo,/homes/neumann/nguyen/fedlora/FederatedLLM/epoch_round_tuning_cola_client_count,flora,Linear FLoRA,cola_stratified,CoLA stratified,roberta-base,RoBERTa-base,homo,Homo,20,150,3,3,92,91,0.565753895146675,0.0,82.35858101629914,1,round_config.json
nguyen repo,/homes/neumann/nguyen/fedlora/FederatedLLM/epoch_round_tuning_cola_client_count,flora,Linear FLoRA,cola_stratified,CoLA stratified,roberta-base,RoBERTa-base,homo,Homo,20,150,3,3,93,92,0.5683149665802574,0.0,82.45445829338448,1,round_config.json
nguyen repo,/homes/neumann/nguyen/fedlora/FederatedLLM/epoch_round_tuning_cola_client_count,flora,Linear FLoRA,cola_stratified,CoLA stratified,roberta-base,RoBERTa-base,homo,Homo,20,150,3,3,94,93,0.565753895146675,0.0,82.35858101629914,1,round_config.json
nguyen repo,/homes/neumann/nguyen/fedlora/FederatedLLM/epoch_round_tuning_cola_client_count,flora,Linear FLoRA,cola_stratified,CoLA stratified,roberta-base,RoBERTa-base,homo,Homo,20,150,3,3,95,94,0.5712858094294248,0.0,82.5503355704698,1,round_config.json
nguyen repo,/homes/neumann/nguyen/fedlora/FederatedLLM/epoch_round_tuning_cola_client_count,flora,Linear FLoRA,cola_stratified,CoLA stratified,roberta-base,RoBERTa-base,homo,Homo,20,150,3,3,96,95,0.5736173416598102,0.0,82.64621284755513,1,round_config.json
nguyen repo,/homes/neumann/nguyen/fedlora/FederatedLLM/epoch_round_tuning_cola_client_count,flora,Linear FLoRA,cola_stratified,CoLA stratified,roberta-base,RoBERTa-base,homo,Homo,20,150,3,3,97,96,0.5736173416598102,0.0,82.64621284755513,1,round_config.json
nguyen repo,/homes/neumann/nguyen/fedlora/FederatedLLM/epoch_round_tuning_cola_client_count,flora,Linear FLoRA,cola_stratified,CoLA stratified,roberta-base,RoBERTa-base,homo,Homo,20,150,3,3,98,97,0.573423977092437,0.0,82.64621284755513,1,round_config.json
nguyen repo,/homes/neumann/nguyen/fedlora/FederatedLLM/epoch_round_tuning_cola_client_count,flora,Linear FLoRA,cola_stratified,CoLA stratified,roberta-base,RoBERTa-base,homo,Homo,20,150,3,3,99,98,0.573423977092437,0.0,82.64621284755513,1,round_config.json
nguyen repo,/homes/neumann/nguyen/fedlora/FederatedLLM/epoch_round_tuning_cola_client_count,flora,Linear FLoRA,cola_stratified,CoLA stratified,roberta-base,RoBERTa-base,homo,Homo,20,150,3,3,100,99,0.5681420673133338,0.0,82.45445829338448,1,round_config.json
nguyen repo,/homes/neumann/nguyen/fedlora/FederatedLLM/epoch_round_tuning_cola_client_count,flora,Linear FLoRA,cola_stratified,CoLA stratified,roberta-base,RoBERTa-base,homo,Homo,20,150,3,3,101,100,0.565579540997454,0.0,82.35858101629914,1,round_config.json
nguyen repo,/homes/neumann/nguyen/fedlora/FederatedLLM/epoch_round_tuning_cola_client_count,flora,Linear FLoRA,cola_stratified,CoLA stratified,roberta-base,RoBERTa-base,homo,Homo,20,150,3,3,102,101,0.5606182756735524,0.0,82.16682646212847,1,round_config.json
nguyen repo,/homes/neumann/nguyen/fedlora/FederatedLLM/epoch_round_tuning_cola_client_count,flora,Linear FLoRA,cola_stratified,CoLA stratified,roberta-base,RoBERTa-base,homo,Homo,20,150,3,3,103,102,0.5736173416598102,0.0,82.64621284755513,1,round_config.json
nguyen repo,/homes/neumann/nguyen/fedlora/FederatedLLM/epoch_round_tuning_cola_client_count,flora,Linear FLoRA,cola_stratified,CoLA stratified,roberta-base,RoBERTa-base,homo,Homo,20,150,3,3,104,103,0.5606182756735524,0.0,82.16682646212847,1,round_config.json
nguyen repo,/homes/neumann/nguyen/fedlora/FederatedLLM/epoch_round_tuning_cola_client_count,flora,Linear FLoRA,cola_stratified,CoLA stratified,roberta-base,RoBERTa-base,homo,Homo,20,150,3,3,105,104,0.5759720510041162,0.0,82.74209012464046,1,round_config.json
nguyen repo,/homes/neumann/nguyen/fedlora/FederatedLLM/epoch_round_tuning_cola_client_count,flora,Linear FLoRA,cola_stratified,CoLA stratified,roberta-base,RoBERTa-base,homo,Homo,20,150,3,3,106,105,0.565753895146675,0.0,82.35858101629914,1,round_config.json
nguyen repo,/homes/neumann/nguyen/fedlora/FederatedLLM/epoch_round_tuning_cola_client_count,flora,Linear FLoRA,cola_stratified,CoLA stratified,roberta-base,RoBERTa-base,homo,Homo,20,150,3,3,107,106,0.5685115636716958,0.0,82.45445829338448,1,round_config.json
nguyen repo,/homes/neumann/nguyen/fedlora/FederatedLLM/epoch_round_tuning_cola_client_count,flora,Linear FLoRA,cola_stratified,CoLA stratified,roberta-base,RoBERTa-base,homo,Homo,20,150,3,3,108,107,0.5708716379334386,0.0,82.5503355704698,1,round_config.json
nguyen repo,/homes/neumann/nguyen/fedlora/FederatedLLM/epoch_round_tuning_cola_client_count,flora,Linear FLoRA,cola_stratified,CoLA stratified,roberta-base,RoBERTa-base,homo,Homo,20,150,3,3,109,108,0.5708716379334386,0.0,82.5503355704698,1,round_config.json
nguyen repo,/homes/neumann/nguyen/fedlora/FederatedLLM/epoch_round_tuning_cola_client_count,flora,Linear FLoRA,cola_stratified,CoLA stratified,roberta-base,RoBERTa-base,homo,Homo,20,150,3,3,110,109,0.573423977092437,0.0,82.64621284755513,1,round_config.json
nguyen repo,/homes/neumann/nguyen/fedlora/FederatedLLM/epoch_round_tuning_cola_client_count,flora,Linear FLoRA,cola_stratified,CoLA stratified,roberta-base,RoBERTa-base,homo,Homo,20,150,3,3,111,110,0.5683149665802574,0.0,82.45445829338448,1,round_config.json
nguyen repo,/homes/neumann/nguyen/fedlora/FederatedLLM/epoch_round_tuning_cola_client_count,flora,Linear FLoRA,cola_stratified,CoLA stratified,roberta-base,RoBERTa-base,homo,Homo,20,150,3,3,112,111,0.5685115636716958,0.0,82.45445829338448,1,round_config.json
nguyen repo,/homes/neumann/nguyen/fedlora/FederatedLLM/epoch_round_tuning_cola_client_count,flora,Linear FLoRA,cola_stratified,CoLA stratified,roberta-base,RoBERTa-base,homo,Homo,20,150,3,3,113,112,0.5681420673133338,0.0,82.45445829338448,1,round_config.json
nguyen repo,/homes/neumann/nguyen/fedlora/FederatedLLM/epoch_round_tuning_cola_client_count,flora,Linear FLoRA,cola_stratified,CoLA stratified,roberta-base,RoBERTa-base,homo,Homo,20,150,3,3,114,113,0.5630125915007046,0.0,82.2627037392138,1,round_config.json
nguyen repo,/homes/neumann/nguyen/fedlora/FederatedLLM/epoch_round_tuning_cola_client_count,flora,Linear FLoRA,cola_stratified,CoLA stratified,roberta-base,RoBERTa-base,homo,Homo,20,150,3,3,115,114,0.565579540997454,0.0,82.35858101629914,1,round_config.json
nguyen repo,/homes/neumann/nguyen/fedlora/FederatedLLM/epoch_round_tuning_cola_client_count,flora,Linear FLoRA,cola_stratified,CoLA stratified,roberta-base,RoBERTa-base,homo,Homo,20,150,3,3,116,115,0.565579540997454,0.0,82.35858101629914,1,round_config.json
nguyen repo,/homes/neumann/nguyen/fedlora/FederatedLLM/epoch_round_tuning_cola_client_count,flora,Linear FLoRA,cola_stratified,CoLA stratified,roberta-base,RoBERTa-base,homo,Homo,20,150,3,3,117,116,0.5708716379334386,0.0,82.5503355704698,1,round_config.json
nguyen repo,/homes/neumann/nguyen/fedlora/FederatedLLM/epoch_round_tuning_cola_client_count,flora,Linear FLoRA,cola_stratified,CoLA stratified,roberta-base,RoBERTa-base,homo,Homo,20,150,3,3,118,117,0.565579540997454,0.0,82.35858101629914,1,round_config.json
nguyen repo,/homes/neumann/nguyen/fedlora/FederatedLLM/epoch_round_tuning_cola_client_count,flora,Linear FLoRA,cola_stratified,CoLA stratified,roberta-base,RoBERTa-base,homo,Homo,20,150,3,3,119,118,0.5600481335616141,0.0,82.16682646212847,1,round_config.json
nguyen repo,/homes/neumann/nguyen/fedlora/FederatedLLM/epoch_round_tuning_cola_client_count,flora,Linear FLoRA,cola_stratified,CoLA stratified,roberta-base,RoBERTa-base,homo,Homo,20,150,3,3,120,119,0.565579540997454,0.0,82.35858101629914,1,round_config.json
nguyen repo,/homes/neumann/nguyen/fedlora/FederatedLLM/epoch_round_tuning_cola_client_count,flora,Linear FLoRA,cola_stratified,CoLA stratified,roberta-base,RoBERTa-base,homo,Homo,20,150,3,3,121,120,0.5653000167449913,0.0,82.35858101629914,1,round_config.json
nguyen repo,/homes/neumann/nguyen/fedlora/FederatedLLM/epoch_round_tuning_cola_client_count,flora,Linear FLoRA,cola_stratified,CoLA stratified,roberta-base,RoBERTa-base,homo,Homo,20,150,3,3,122,121,0.5654284260149138,0.0,82.35858101629914,1,round_config.json
nguyen repo,/homes/neumann/nguyen/fedlora/FederatedLLM/epoch_round_tuning_cola_client_count,flora,Linear FLoRA,cola_stratified,CoLA stratified,roberta-base,RoBERTa-base,homo,Homo,20,150,3,3,123,122,0.5602874440614692,0.0,82.16682646212847,1,round_config.json
nguyen repo,/homes/neumann/nguyen/fedlora/FederatedLLM/epoch_round_tuning_cola_client_count,flora,Linear FLoRA,cola_stratified,CoLA stratified,roberta-base,RoBERTa-base,homo,Homo,20,150,3,3,124,123,0.565579540997454,0.0,82.35858101629914,1,round_config.json
nguyen repo,/homes/neumann/nguyen/fedlora/FederatedLLM/epoch_round_tuning_cola_client_count,flora,Linear FLoRA,cola_stratified,CoLA stratified,roberta-base,RoBERTa-base,homo,Homo,20,150,3,3,125,124,0.5549953471254846,0.0,81.97507190795783,1,round_config.json
nguyen repo,/homes/neumann/nguyen/fedlora/FederatedLLM/epoch_round_tuning_cola_client_count,flora,Linear FLoRA,cola_stratified,CoLA stratified,roberta-base,RoBERTa-base,homo,Homo,20,150,3,3,126,125,0.5602874440614692,0.0,82.16682646212847,1,round_config.json
nguyen repo,/homes/neumann/nguyen/fedlora/FederatedLLM/epoch_round_tuning_cola_client_count,flora,Linear FLoRA,cola_stratified,CoLA stratified,roberta-base,RoBERTa-base,homo,Homo,20,150,3,3,127,126,0.5575782477551274,0.0,82.07094918504313,1,round_config.json
nguyen repo,/homes/neumann/nguyen/fedlora/FederatedLLM/epoch_round_tuning_cola_client_count,flora,Linear FLoRA,cola_stratified,CoLA stratified,roberta-base,RoBERTa-base,homo,Homo,20,150,3,3,128,127,0.565579540997454,0.0,82.35858101629914,1,round_config.json
nguyen repo,/homes/neumann/nguyen/fedlora/FederatedLLM/epoch_round_tuning_cola_client_count,flora,Linear FLoRA,cola_stratified,CoLA stratified,roberta-base,RoBERTa-base,homo,Homo,20,150,3,3,129,128,0.573423977092437,0.0,82.64621284755513,1,round_config.json
nguyen repo,/homes/neumann/nguyen/fedlora/FederatedLLM/epoch_round_tuning_cola_client_count,flora,Linear FLoRA,cola_stratified,CoLA stratified,roberta-base,RoBERTa-base,homo,Homo,20,150,3,3,130,129,0.570700238509515,0.0,82.5503355704698,1,round_config.json
nguyen repo,/homes/neumann/nguyen/fedlora/FederatedLLM/epoch_round_tuning_cola_client_count,flora,Linear FLoRA,cola_stratified,CoLA stratified,roberta-base,RoBERTa-base,homo,Homo,20,150,3,3,131,130,0.573423977092437,0.0,82.64621284755513,1,round_config.json
nguyen repo,/homes/neumann/nguyen/fedlora/FederatedLLM/epoch_round_tuning_cola_client_count,flora,Linear FLoRA,cola_stratified,CoLA stratified,roberta-base,RoBERTa-base,homo,Homo,20,150,3,3,132,131,0.5681420673133338,0.0,82.45445829338448,1,round_config.json
nguyen repo,/homes/neumann/nguyen/fedlora/FederatedLLM/epoch_round_tuning_cola_client_count,flora,Linear FLoRA,cola_stratified,CoLA stratified,roberta-base,RoBERTa-base,homo,Homo,20,150,3,3,133,132,0.5732541217080575,0.0,82.64621284755513,1,round_config.json
nguyen repo,/homes/neumann/nguyen/fedlora/FederatedLLM/epoch_round_tuning_cola_client_count,flora,Linear FLoRA,cola_stratified,CoLA stratified,roberta-base,RoBERTa-base,homo,Homo,20,150,3,3,134,133,0.570700238509515,0.0,82.5503355704698,1,round_config.json
nguyen repo,/homes/neumann/nguyen/fedlora/FederatedLLM/epoch_round_tuning_cola_client_count,flora,Linear FLoRA,cola_stratified,CoLA stratified,roberta-base,RoBERTa-base,homo,Homo,20,150,3,3,135,134,0.5731072389988161,0.0,82.64621284755513,1,round_config.json
nguyen repo,/homes/neumann/nguyen/fedlora/FederatedLLM/epoch_round_tuning_cola_client_count,flora,Linear FLoRA,cola_stratified,CoLA stratified,roberta-base,RoBERTa-base,homo,Homo,20,150,3,3,136,135,0.5731072389988161,0.0,82.64621284755513,1,round_config.json
nguyen repo,/homes/neumann/nguyen/fedlora/FederatedLLM/epoch_round_tuning_cola_client_count,flora,Linear FLoRA,cola_stratified,CoLA stratified,roberta-base,RoBERTa-base,homo,Homo,20,150,3,3,137,136,0.5758037831117457,0.0,82.74209012464046,1,round_config.json
nguyen repo,/homes/neumann/nguyen/fedlora/FederatedLLM/epoch_round_tuning_cola_client_count,flora,Linear FLoRA,cola_stratified,CoLA stratified,roberta-base,RoBERTa-base,homo,Homo,20,150,3,3,138,137,0.5732541217080575,0.0,82.64621284755513,1,round_config.json
nguyen repo,/homes/neumann/nguyen/fedlora/FederatedLLM/epoch_round_tuning_cola_client_count,flora,Linear FLoRA,cola_stratified,CoLA stratified,roberta-base,RoBERTa-base,homo,Homo,20,150,3,3,139,138,0.5732541217080575,0.0,82.64621284755513,1,round_config.json
nguyen repo,/homes/neumann/nguyen/fedlora/FederatedLLM/epoch_round_tuning_cola_client_count,flora,Linear FLoRA,cola_stratified,CoLA stratified,roberta-base,RoBERTa-base,homo,Homo,20,150,3,3,140,139,0.565753895146675,0.0,82.35858101629914,1,round_config.json
nguyen repo,/homes/neumann/nguyen/fedlora/FederatedLLM/epoch_round_tuning_cola_client_count,ffa,Nonlinear FFA,cola_stratified,CoLA stratified,roberta-base,RoBERTa-base,homo,Homo,20,150,3,3,1,0,0.44482389645822606,0.0,78.04410354745926,1,round_config.json
nguyen repo,/homes/neumann/nguyen/fedlora/FederatedLLM/epoch_round_tuning_cola_client_count,ffa,Nonlinear FFA,cola_stratified,CoLA stratified,roberta-base,RoBERTa-base,homo,Homo,20,150,3,3,2,1,0.5021501283308087,0.0,80.0575263662512,1,round_config.json
nguyen repo,/homes/neumann/nguyen/fedlora/FederatedLLM/epoch_round_tuning_cola_client_count,ffa,Nonlinear FFA,cola_stratified,CoLA stratified,roberta-base,RoBERTa-base,homo,Homo,20,150,3,3,3,2,0.5233331906511532,0.0,80.82454458293384,1,round_config.json
nguyen repo,/homes/neumann/nguyen/fedlora/FederatedLLM/epoch_round_tuning_cola_client_count,ffa,Nonlinear FFA,cola_stratified,CoLA stratified,roberta-base,RoBERTa-base,homo,Homo,20,150,3,3,4,3,0.5366659048957605,0.0,81.30393096836049,1,round_config.json
nguyen repo,/homes/neumann/nguyen/fedlora/FederatedLLM/epoch_round_tuning_cola_client_count,ffa,Nonlinear FFA,cola_stratified,CoLA stratified,roberta-base,RoBERTa-base,homo,Homo,20,150,3,3,5,4,0.5420103254163773,0.0,81.49568552253116,1,round_config.json
nguyen repo,/homes/neumann/nguyen/fedlora/FederatedLLM/epoch_round_tuning_cola_client_count,ffa,Nonlinear FFA,cola_stratified,CoLA stratified,roberta-base,RoBERTa-base,homo,Homo,20,150,3,3,6,5,0.5286156744059349,0.0,81.01629913710451,1,round_config.json
nguyen repo,/homes/neumann/nguyen/fedlora/FederatedLLM/epoch_round_tuning_cola_client_count,ffa,Nonlinear FFA,cola_stratified,CoLA stratified,roberta-base,RoBERTa-base,homo,Homo,20,150,3,3,7,6,0.5259258925916567,0.0,80.92042186001918,1,round_config.json
nguyen repo,/homes/neumann/nguyen/fedlora/FederatedLLM/epoch_round_tuning_cola_client_count,ffa,Nonlinear FFA,cola_stratified,CoLA stratified,roberta-base,RoBERTa-base,homo,Homo,20,150,3,3,8,7,0.5232819075279987,0.0,80.82454458293384,1,round_config.json
nguyen repo,/homes/neumann/nguyen/fedlora/FederatedLLM/epoch_round_tuning_cola_client_count,ffa,Nonlinear FFA,cola_stratified,CoLA stratified,roberta-base,RoBERTa-base,homo,Homo,20,150,3,3,9,8,0.5259770638545269,0.0,80.92042186001918,1,round_config.json
nguyen repo,/homes/neumann/nguyen/fedlora/FederatedLLM/epoch_round_tuning_cola_client_count,ffa,Nonlinear FFA,cola_stratified,CoLA stratified,roberta-base,RoBERTa-base,homo,Homo,20,150,3,3,10,9,0.5286156744059349,0.0,81.01629913710451,1,round_config.json
nguyen repo,/homes/neumann/nguyen/fedlora/FederatedLLM/epoch_round_tuning_cola_client_count,ffa,Nonlinear FFA,cola_stratified,CoLA stratified,roberta-base,RoBERTa-base,homo,Homo,20,150,3,3,11,10,0.5286156744059349,0.0,81.01629913710451,1,round_config.json
nguyen repo,/homes/neumann/nguyen/fedlora/FederatedLLM/epoch_round_tuning_cola_client_count,ffa,Nonlinear FFA,cola_stratified,CoLA stratified,roberta-base,RoBERTa-base,homo,Homo,20,150,3,3,12,11,0.5259258925916567,0.0,80.92042186001918,1,round_config.json
nguyen repo,/homes/neumann/nguyen/fedlora/FederatedLLM/epoch_round_tuning_cola_client_count,ffa,Nonlinear FFA,cola_stratified,CoLA stratified,roberta-base,RoBERTa-base,homo,Homo,20,150,3,3,13,12,0.5311983410233877,0.0,81.11217641418985,1,round_config.json
nguyen repo,/homes/neumann/nguyen/fedlora/FederatedLLM/epoch_round_tuning_cola_client_count,ffa,Nonlinear FFA,cola_stratified,CoLA stratified,roberta-base,RoBERTa-base,homo,Homo,20,150,3,3,14,13,0.5417325184178179,0.0,81.49568552253116,1,round_config.json
nguyen repo,/homes/neumann/nguyen/fedlora/FederatedLLM/epoch_round_tuning_cola_client_count,ffa,Nonlinear FFA,cola_stratified,CoLA stratified,roberta-base,RoBERTa-base,homo,Homo,20,150,3,3,15,14,0.5444111532535151,0.0,81.5915627996165,1,round_config.json
nguyen repo,/homes/neumann/nguyen/fedlora/FederatedLLM/epoch_round_tuning_cola_client_count,ffa,Nonlinear FFA,cola_stratified,CoLA stratified,roberta-base,RoBERTa-base,homo,Homo,20,150,3,3,16,15,0.5445029137697658,0.0,81.5915627996165,1,round_config.json
nguyen repo,/homes/neumann/nguyen/fedlora/FederatedLLM/epoch_round_tuning_cola_client_count,ffa,Nonlinear FFA,cola_stratified,CoLA stratified,roberta-base,RoBERTa-base,homo,Homo,20,150,3,3,17,16,0.5366659048957605,0.0,81.30393096836049,1,round_config.json
nguyen repo,/homes/neumann/nguyen/fedlora/FederatedLLM/epoch_round_tuning_cola_client_count,ffa,Nonlinear FFA,cola_stratified,CoLA stratified,roberta-base,RoBERTa-base,homo,Homo,20,150,3,3,18,17,0.5421480530675332,0.0,81.49568552253116,1,round_config.json
nguyen repo,/homes/neumann/nguyen/fedlora/FederatedLLM/epoch_round_tuning_cola_client_count,ffa,Nonlinear FFA,cola_stratified,CoLA stratified,roberta-base,RoBERTa-base,homo,Homo,20,150,3,3,19,18,0.5449141719492956,0.0,81.5915627996165,1,round_config.json
nguyen repo,/homes/neumann/nguyen/fedlora/FederatedLLM/epoch_round_tuning_cola_client_count,ffa,Nonlinear FFA,cola_stratified,CoLA stratified,roberta-base,RoBERTa-base,homo,Homo,20,150,3,3,20,19,0.5315332344895993,0.0,81.11217641418985,1,round_config.json
nguyen repo,/homes/neumann/nguyen/fedlora/FederatedLLM/epoch_round_tuning_cola_client_count,ffa,Nonlinear FFA,cola_stratified,CoLA stratified,roberta-base,RoBERTa-base,homo,Homo,20,150,3,3,21,20,0.5314160137547841,0.0,81.11217641418985,1,round_config.json
nguyen repo,/homes/neumann/nguyen/fedlora/FederatedLLM/epoch_round_tuning_cola_client_count,ffa,Nonlinear FFA,cola_stratified,CoLA stratified,roberta-base,RoBERTa-base,homo,Homo,20,150,3,3,22,21,0.5340435327165364,0.0,81.20805369127517,1,round_config.json
nguyen repo,/homes/neumann/nguyen/fedlora/FederatedLLM/epoch_round_tuning_cola_client_count,ffa,Nonlinear FFA,cola_stratified,CoLA stratified,roberta-base,RoBERTa-base,homo,Homo,20,150,3,3,23,22,0.5472187281316763,0.0,81.68744007670182,1,round_config.json
nguyen repo,/homes/neumann/nguyen/fedlora/FederatedLLM/epoch_round_tuning_cola_client_count,ffa,Nonlinear FFA,cola_stratified,CoLA stratified,roberta-base,RoBERTa-base,homo,Homo,20,150,3,3,24,23,0.5524078413415989,0.0,81.87919463087249,1,round_config.json
nguyen repo,/homes/neumann/nguyen/fedlora/FederatedLLM/epoch_round_tuning_cola_client_count,ffa,Nonlinear FFA,cola_stratified,CoLA stratified,roberta-base,RoBERTa-base,homo,Homo,20,150,3,3,25,24,0.5524078413415989,0.0,81.87919463087249,1,round_config.json
nguyen repo,/homes/neumann/nguyen/fedlora/FederatedLLM/epoch_round_tuning_cola_client_count,ffa,Nonlinear FFA,cola_stratified,CoLA stratified,roberta-base,RoBERTa-base,homo,Homo,20,150,3,3,26,25,0.5522963379760243,0.0,81.87919463087249,1,round_config.json
nguyen repo,/homes/neumann/nguyen/fedlora/FederatedLLM/epoch_round_tuning_cola_client_count,ffa,Nonlinear FFA,cola_stratified,CoLA stratified,roberta-base,RoBERTa-base,homo,Homo,20,150,3,3,27,26,0.5524078413415989,0.0,81.87919463087249,1,round_config.json
nguyen repo,/homes/neumann/nguyen/fedlora/FederatedLLM/epoch_round_tuning_cola_client_count,ffa,Nonlinear FFA,cola_stratified,CoLA stratified,roberta-base,RoBERTa-base,homo,Homo,20,150,3,3,28,27,0.5471054662620461,0.0,81.68744007670182,1,round_config.json
nguyen repo,/homes/neumann/nguyen/fedlora/FederatedLLM/epoch_round_tuning_cola_client_count,ffa,Nonlinear FFA,cola_stratified,CoLA stratified,roberta-base,RoBERTa-base,homo,Homo,20,150,3,3,29,28,0.5498156591139931,0.0,81.78331735378715,1,round_config.json
nguyen repo,/homes/neumann/nguyen/fedlora/FederatedLLM/epoch_round_tuning_cola_client_count,ffa,Nonlinear FFA,cola_stratified,CoLA stratified,roberta-base,RoBERTa-base,homo,Homo,20,150,3,3,30,29,0.5497032501894998,0.0,81.78331735378715,1,round_config.json
nguyen repo,/homes/neumann/nguyen/fedlora/FederatedLLM/epoch_round_tuning_cola_client_count,ffa,Nonlinear FFA,cola_stratified,CoLA stratified,roberta-base,RoBERTa-base,homo,Homo,20,150,3,3,31,30,0.5417325184178179,0.0,81.49568552253116,1,round_config.json
nguyen repo,/homes/neumann/nguyen/fedlora/FederatedLLM/epoch_round_tuning_cola_client_count,ffa,Nonlinear FFA,cola_stratified,CoLA stratified,roberta-base,RoBERTa-base,homo,Homo,20,150,3,3,32,31,0.5444111532535151,0.0,81.5915627996165,1,round_config.json
nguyen repo,/homes/neumann/nguyen/fedlora/FederatedLLM/epoch_round_tuning_cola_client_count,ffa,Nonlinear FFA,cola_stratified,CoLA stratified,roberta-base,RoBERTa-base,homo,Homo,20,150,3,3,33,32,0.5391901684255385,0.0,81.39980824544583,1,round_config.json
nguyen repo,/homes/neumann/nguyen/fedlora/FederatedLLM/epoch_round_tuning_cola_client_count,ffa,Nonlinear FFA,cola_stratified,CoLA stratified,roberta-base,RoBERTa-base,homo,Homo,20,150,3,3,34,33,0.5391901684255385,0.0,81.39980824544583,1,round_config.json
nguyen repo,/homes/neumann/nguyen/fedlora/FederatedLLM/epoch_round_tuning_cola_client_count,ffa,Nonlinear FFA,cola_stratified,CoLA stratified,roberta-base,RoBERTa-base,homo,Homo,20,150,3,3,35,34,0.5391190563175304,0.0,81.39980824544583,1,round_config.json
nguyen repo,/homes/neumann/nguyen/fedlora/FederatedLLM/epoch_round_tuning_cola_client_count,ffa,Nonlinear FFA,cola_stratified,CoLA stratified,roberta-base,RoBERTa-base,homo,Homo,20,150,3,3,36,35,0.5339494412838712,0.0,81.20805369127517,1,round_config.json
nguyen repo,/homes/neumann/nguyen/fedlora/FederatedLLM/epoch_round_tuning_cola_client_count,ffa,Nonlinear FFA,cola_stratified,CoLA stratified,roberta-base,RoBERTa-base,homo,Homo,20,150,3,3,37,36,0.5364506086387147,0.0,81.30393096836049,1,round_config.json
nguyen repo,/homes/neumann/nguyen/fedlora/FederatedLLM/epoch_round_tuning_cola_client_count,ffa,Nonlinear FFA,cola_stratified,CoLA stratified,roberta-base,RoBERTa-base,homo,Homo,20,150,3,3,38,37,0.5365007161029405,0.0,81.30393096836049,1,round_config.json
nguyen repo,/homes/neumann/nguyen/fedlora/FederatedLLM/epoch_round_tuning_cola_client_count,ffa,Nonlinear FFA,cola_stratified,CoLA stratified,roberta-base,RoBERTa-base,homo,Homo,20,150,3,3,39,38,0.5469451017688902,0.0,81.68744007670182,1,round_config.json
nguyen repo,/homes/neumann/nguyen/fedlora/FederatedLLM/epoch_round_tuning_cola_client_count,ffa,Nonlinear FFA,cola_stratified,CoLA stratified,roberta-base,RoBERTa-base,homo,Homo,20,150,3,3,40,39,0.5392832081618074,0.0,81.39980824544583,1,round_config.json
nguyen repo,/homes/neumann/nguyen/fedlora/FederatedLLM/epoch_round_tuning_cola_client_count,ffa,Nonlinear FFA,cola_stratified,CoLA stratified,roberta-base,RoBERTa-base,homo,Homo,20,150,3,3,41,40,0.5232519323928566,0.0,80.82454458293384,1,round_config.json
nguyen repo,/homes/neumann/nguyen/fedlora/FederatedLLM/epoch_round_tuning_cola_client_count,ffa,Nonlinear FFA,cola_stratified,CoLA stratified,roberta-base,RoBERTa-base,homo,Homo,20,150,3,3,42,41,0.5179780196184617,0.0,80.63279002876318,1,round_config.json
nguyen repo,/homes/neumann/nguyen/fedlora/FederatedLLM/epoch_round_tuning_cola_client_count,ffa,Nonlinear FFA,cola_stratified,CoLA stratified,roberta-base,RoBERTa-base,homo,Homo,20,150,3,3,43,42,0.5179481406500624,0.0,80.63279002876318,1,round_config.json
nguyen repo,/homes/neumann/nguyen/fedlora/FederatedLLM/epoch_round_tuning_cola_client_count,ffa,Nonlinear FFA,cola_stratified,CoLA stratified,roberta-base,RoBERTa-base,homo,Homo,20,150,3,3,44,43,0.5285348624455609,0.0,81.01629913710451,1,round_config.json
nguyen repo,/homes/neumann/nguyen/fedlora/FederatedLLM/epoch_round_tuning_cola_client_count,ffa,Nonlinear FFA,cola_stratified,CoLA stratified,roberta-base,RoBERTa-base,homo,Homo,20,150,3,3,45,44,0.5232427655095763,0.0,80.82454458293384,1,round_config.json
nguyen repo,/homes/neumann/nguyen/fedlora/FederatedLLM/epoch_round_tuning_cola_client_count,ffa,Nonlinear FFA,cola_stratified,CoLA stratified,roberta-base,RoBERTa-base,homo,Homo,20,150,3,3,46,45,0.5179506685735915,0.0,80.63279002876318,1,round_config.json
nguyen repo,/homes/neumann/nguyen/fedlora/FederatedLLM/epoch_round_tuning_cola_client_count,ffa,Nonlinear FFA,cola_stratified,CoLA stratified,roberta-base,RoBERTa-base,homo,Homo,20,150,3,3,47,46,0.512626441704402,0.0,80.44103547459252,1,round_config.json
nguyen repo,/homes/neumann/nguyen/fedlora/FederatedLLM/epoch_round_tuning_cola_client_count,ffa,Nonlinear FFA,cola_stratified,CoLA stratified,roberta-base,RoBERTa-base,homo,Homo,20,150,3,3,48,47,0.5099888407051765,0.0,80.34515819750719,1,round_config.json
nguyen repo,/homes/neumann/nguyen/fedlora/FederatedLLM/epoch_round_tuning_cola_client_count,ffa,Nonlinear FFA,cola_stratified,CoLA stratified,roberta-base,RoBERTa-base,homo,Homo,20,150,3,3,49,48,0.5152912157847293,0.0,80.53691275167785,1,round_config.json
nguyen repo,/homes/neumann/nguyen/fedlora/FederatedLLM/epoch_round_tuning_cola_client_count,ffa,Nonlinear FFA,cola_stratified,CoLA stratified,roberta-base,RoBERTa-base,homo,Homo,20,150,3,3,50,49,0.5126585716376069,0.0,80.44103547459252,1,round_config.json
nguyen repo,/homes/neumann/nguyen/fedlora/FederatedLLM/epoch_round_tuning_cola_client_count,ffa,Nonlinear FFA,cola_stratified,CoLA stratified,roberta-base,RoBERTa-base,homo,Homo,20,150,3,3,51,50,0.512626441704402,0.0,80.44103547459252,1,round_config.json
nguyen repo,/homes/neumann/nguyen/fedlora/FederatedLLM/epoch_round_tuning_cola_client_count,ffa,Nonlinear FFA,cola_stratified,CoLA stratified,roberta-base,RoBERTa-base,homo,Homo,20,150,3,3,52,51,0.5073136963601746,0.0,80.24928092042187,1,round_config.json
nguyen repo,/homes/neumann/nguyen/fedlora/FederatedLLM/epoch_round_tuning_cola_client_count,ffa,Nonlinear FFA,cola_stratified,CoLA stratified,roberta-base,RoBERTa-base,homo,Homo,20,150,3,3,53,52,0.523253926058104,0.0,80.82454458293384,1,round_config.json
nguyen repo,/homes/neumann/nguyen/fedlora/FederatedLLM/epoch_round_tuning_cola_client_count,ffa,Nonlinear FFA,cola_stratified,CoLA stratified,roberta-base,RoBERTa-base,homo,Homo,20,150,3,3,54,53,0.5072676775530786,0.0,80.24928092042187,1,round_config.json
nguyen repo,/homes/neumann/nguyen/fedlora/FederatedLLM/epoch_round_tuning_cola_client_count,ffa,Nonlinear FFA,cola_stratified,CoLA stratified,roberta-base,RoBERTa-base,homo,Homo,20,150,3,3,55,54,0.5046330570516372,0.0,80.15340364333653,1,round_config.json
nguyen repo,/homes/neumann/nguyen/fedlora/FederatedLLM/epoch_round_tuning_cola_client_count,ffa,Nonlinear FFA,cola_stratified,CoLA stratified,roberta-base,RoBERTa-base,homo,Homo,20,150,3,3,56,55,0.5232427655095763,0.0,80.82454458293384,1,round_config.json
nguyen repo,/homes/neumann/nguyen/fedlora/FederatedLLM/epoch_round_tuning_cola_client_count,ffa,Nonlinear FFA,cola_stratified,CoLA stratified,roberta-base,RoBERTa-base,homo,Homo,20,150,3,3,57,56,0.5152912157847293,0.0,80.53691275167785,1,round_config.json
nguyen repo,/homes/neumann/nguyen/fedlora/FederatedLLM/epoch_round_tuning_cola_client_count,ffa,Nonlinear FFA,cola_stratified,CoLA stratified,roberta-base,RoBERTa-base,homo,Homo,20,150,3,3,58,57,0.5179391870486293,0.0,80.63279002876318,1,round_config.json
nguyen repo,/homes/neumann/nguyen/fedlora/FederatedLLM/epoch_round_tuning_cola_client_count,ffa,Nonlinear FFA,cola_stratified,CoLA stratified,roberta-base,RoBERTa-base,homo,Homo,20,150,3,3,59,58,0.5045993817720598,0.0,80.15340364333653,1,round_config.json
nguyen repo,/homes/neumann/nguyen/fedlora/FederatedLLM/epoch_round_tuning_cola_client_count,ffa,Nonlinear FFA,cola_stratified,CoLA stratified,roberta-base,RoBERTa-base,homo,Homo,20,150,3,3,60,59,0.510112473854056,0.0,80.34515819750719,1,round_config.json
nguyen repo,/homes/neumann/nguyen/fedlora/FederatedLLM/epoch_round_tuning_cola_client_count,ffa,Nonlinear FFA,cola_stratified,CoLA stratified,roberta-base,RoBERTa-base,homo,Homo,20,150,3,3,61,60,0.5045859154729114,0.0,80.15340364333653,1,round_config.json
nguyen repo,/homes/neumann/nguyen/fedlora/FederatedLLM/epoch_round_tuning_cola_client_count,ffa,Nonlinear FFA,cola_stratified,CoLA stratified,roberta-base,RoBERTa-base,homo,Homo,20,150,3,3,62,61,0.5020743777656373,0.0,80.0575263662512,1,round_config.json
nguyen repo,/homes/neumann/nguyen/fedlora/FederatedLLM/epoch_round_tuning_cola_client_count,ffa,Nonlinear FFA,cola_stratified,CoLA stratified,roberta-base,RoBERTa-base,homo,Homo,20,150,3,3,63,62,0.5073664747016221,0.0,80.24928092042187,1,round_config.json
nguyen repo,/homes/neumann/nguyen/fedlora/FederatedLLM/epoch_round_tuning_cola_client_count,ffa,Nonlinear FFA,cola_stratified,CoLA stratified,roberta-base,RoBERTa-base,homo,Homo,20,150,3,3,64,63,0.5127103010689016,0.0,80.44103547459252,1,round_config.json
nguyen repo,/homes/neumann/nguyen/fedlora/FederatedLLM/epoch_round_tuning_cola_client_count,ffa,Nonlinear FFA,cola_stratified,CoLA stratified,roberta-base,RoBERTa-base,homo,Homo,20,150,3,3,65,64,0.5075293017278419,0.0,80.24928092042187,1,round_config.json
nguyen repo,/homes/neumann/nguyen/fedlora/FederatedLLM/epoch_round_tuning_cola_client_count,ffa,Nonlinear FFA,cola_stratified,CoLA stratified,roberta-base,RoBERTa-base,homo,Homo,20,150,3,3,66,65,0.5047591499640957,0.0,80.15340364333653,1,round_config.json
nguyen repo,/homes/neumann/nguyen/fedlora/FederatedLLM/epoch_round_tuning_cola_client_count,ffa,Nonlinear FFA,cola_stratified,CoLA stratified,roberta-base,RoBERTa-base,homo,Homo,20,150,3,3,67,66,0.5046864656256237,0.0,80.15340364333653,1,round_config.json
nguyen repo,/homes/neumann/nguyen/fedlora/FederatedLLM/epoch_round_tuning_cola_client_count,ffa,Nonlinear FFA,cola_stratified,CoLA stratified,roberta-base,RoBERTa-base,homo,Homo,20,150,3,3,68,67,0.5020743777656373,0.0,80.0575263662512,1,round_config.json
nguyen repo,/homes/neumann/nguyen/fedlora/FederatedLLM/epoch_round_tuning_cola_client_count,ffa,Nonlinear FFA,cola_stratified,CoLA stratified,roberta-base,RoBERTa-base,homo,Homo,20,150,3,3,69,68,0.49149018389366794,0.0,79.67401725790988,1,round_config.json
nguyen repo,/homes/neumann/nguyen/fedlora/FederatedLLM/epoch_round_tuning_cola_client_count,ffa,Nonlinear FFA,cola_stratified,CoLA stratified,roberta-base,RoBERTa-base,homo,Homo,20,150,3,3,70,69,0.5076384942390241,0.0,80.24928092042187,1,round_config.json
nguyen repo,/homes/neumann/nguyen/fedlora/FederatedLLM/epoch_round_tuning_cola_client_count,ffa,Nonlinear FFA,cola_stratified,CoLA stratified,roberta-base,RoBERTa-base,homo,Homo,20,150,3,3,71,70,0.499588865878389,0.0,79.96164908916586,1,round_config.json
nguyen repo,/homes/neumann/nguyen/fedlora/FederatedLLM/epoch_round_tuning_cola_client_count,ffa,Nonlinear FFA,cola_stratified,CoLA stratified,roberta-base,RoBERTa-base,homo,Homo,20,150,3,3,72,71,0.4860627149832655,0.0,79.48226270373921,1,round_config.json
nguyen repo,/homes/neumann/nguyen/fedlora/FederatedLLM/epoch_round_tuning_cola_client_count,ffa,Nonlinear FFA,cola_stratified,CoLA stratified,roberta-base,RoBERTa-base,homo,Homo,20,150,3,3,73,72,0.49127930626038135,0.0,79.67401725790988,1,round_config.json
nguyen repo,/homes/neumann/nguyen/fedlora/FederatedLLM/epoch_round_tuning_cola_client_count,ffa,Nonlinear FFA,cola_stratified,CoLA stratified,roberta-base,RoBERTa-base,homo,Homo,20,150,3,3,74,73,0.5046864656256237,0.0,80.15340364333653,1,round_config.json
nguyen repo,/homes/neumann/nguyen/fedlora/FederatedLLM/epoch_round_tuning_cola_client_count,ffa,Nonlinear FFA,cola_stratified,CoLA stratified,roberta-base,RoBERTa-base,homo,Homo,20,150,3,3,75,74,0.4940817154665181,0.0,79.76989453499522,1,round_config.json
nguyen repo,/homes/neumann/nguyen/fedlora/FederatedLLM/epoch_round_tuning_cola_client_count,ffa,Nonlinear FFA,cola_stratified,CoLA stratified,roberta-base,RoBERTa-base,homo,Homo,20,150,3,3,76,75,0.49127930626038135,0.0,79.67401725790988,1,round_config.json
nguyen repo,/homes/neumann/nguyen/fedlora/FederatedLLM/epoch_round_tuning_cola_client_count,ffa,Nonlinear FFA,cola_stratified,CoLA stratified,roberta-base,RoBERTa-base,homo,Homo,20,150,3,3,77,76,0.49127930626038135,0.0,79.67401725790988,1,round_config.json
nguyen repo,/homes/neumann/nguyen/fedlora/FederatedLLM/epoch_round_tuning_cola_client_count,ffa,Nonlinear FFA,cola_stratified,CoLA stratified,roberta-base,RoBERTa-base,homo,Homo,20,150,3,3,78,77,0.48848785650378773,0.0,79.57813998082455,1,round_config.json
nguyen repo,/homes/neumann/nguyen/fedlora/FederatedLLM/epoch_round_tuning_cola_client_count,ffa,Nonlinear FFA,cola_stratified,CoLA stratified,roberta-base,RoBERTa-base,homo,Homo,20,150,3,3,79,78,0.4943270618905556,0.0,79.76989453499522,1,round_config.json
nguyen repo,/homes/neumann/nguyen/fedlora/FederatedLLM/epoch_round_tuning_cola_client_count,ffa,Nonlinear FFA,cola_stratified,CoLA stratified,roberta-base,RoBERTa-base,homo,Homo,20,150,3,3,80,79,0.4939105407308262,0.0,79.76989453499522,1,round_config.json
nguyen repo,/homes/neumann/nguyen/fedlora/FederatedLLM/epoch_round_tuning_cola_client_count,ffa,Nonlinear FFA,cola_stratified,CoLA stratified,roberta-base,RoBERTa-base,homo,Homo,20,150,3,3,81,80,0.48304108757820724,0.0,79.38638542665389,1,round_config.json
nguyen repo,/homes/neumann/nguyen/fedlora/FederatedLLM/epoch_round_tuning_cola_client_count,ffa,Nonlinear FFA,cola_stratified,CoLA stratified,roberta-base,RoBERTa-base,homo,Homo,20,150,3,3,82,81,0.4993098481666323,0.0,79.96164908916586,1,round_config.json
nguyen repo,/homes/neumann/nguyen/fedlora/FederatedLLM/epoch_round_tuning_cola_client_count,ffa,Nonlinear FFA,cola_stratified,CoLA stratified,roberta-base,RoBERTa-base,homo,Homo,20,150,3,3,83,82,0.499254961251443,0.0,79.96164908916586,1,round_config.json
nguyen repo,/homes/neumann/nguyen/fedlora/FederatedLLM/epoch_round_tuning_cola_client_count,ffa,Nonlinear FFA,cola_stratified,CoLA stratified,roberta-base,RoBERTa-base,homo,Homo,20,150,3,3,84,83,0.5045993817720598,0.0,80.15340364333653,1,round_config.json
nguyen repo,/homes/neumann/nguyen/fedlora/FederatedLLM/epoch_round_tuning_cola_client_count,ffa,Nonlinear FFA,cola_stratified,CoLA stratified,roberta-base,RoBERTa-base,homo,Homo,20,150,3,3,85,84,0.4965573354876954,0.0,79.86577181208054,1,round_config.json
nguyen repo,/homes/neumann/nguyen/fedlora/FederatedLLM/epoch_round_tuning_cola_client_count,ffa,Nonlinear FFA,cola_stratified,CoLA stratified,roberta-base,RoBERTa-base,homo,Homo,20,150,3,3,86,85,0.5020009510159473,0.0,80.0575263662512,1,round_config.json
nguyen repo,/homes/neumann/nguyen/fedlora/FederatedLLM/epoch_round_tuning_cola_client_count,ffa,Nonlinear FFA,cola_stratified,CoLA stratified,roberta-base,RoBERTa-base,homo,Homo,20,150,3,3,87,86,0.5020743777656373,0.0,80.0575263662512,1,round_config.json
nguyen repo,/homes/neumann/nguyen/fedlora/FederatedLLM/epoch_round_tuning_cola_client_count,ffa,Nonlinear FFA,cola_stratified,CoLA stratified,roberta-base,RoBERTa-base,homo,Homo,20,150,3,3,88,87,0.5046864656256237,0.0,80.15340364333653,1,round_config.json
nguyen repo,/homes/neumann/nguyen/fedlora/FederatedLLM/epoch_round_tuning_cola_client_count,ffa,Nonlinear FFA,cola_stratified,CoLA stratified,roberta-base,RoBERTa-base,homo,Homo,20,150,3,3,89,88,0.5020009510159473,0.0,80.0575263662512,1,round_config.json
nguyen repo,/homes/neumann/nguyen/fedlora/FederatedLLM/epoch_round_tuning_cola_client_count,ffa,Nonlinear FFA,cola_stratified,CoLA stratified,roberta-base,RoBERTa-base,homo,Homo,20,150,3,3,90,89,0.4940817154665181,0.0,79.76989453499522,1,round_config.json
nguyen repo,/homes/neumann/nguyen/fedlora/FederatedLLM/epoch_round_tuning_cola_client_count,ffa,Nonlinear FFA,cola_stratified,CoLA stratified,roberta-base,RoBERTa-base,homo,Homo,20,150,3,3,91,90,0.4938538761601623,0.0,79.76989453499522,1,round_config.json
nguyen repo,/homes/neumann/nguyen/fedlora/FederatedLLM/epoch_round_tuning_cola_client_count,ffa,Nonlinear FFA,cola_stratified,CoLA stratified,roberta-base,RoBERTa-base,homo,Homo,20,150,3,3,92,91,0.4778772791689758,0.0,79.19463087248322,1,round_config.json
nguyen repo,/homes/neumann/nguyen/fedlora/FederatedLLM/epoch_round_tuning_cola_client_count,ffa,Nonlinear FFA,cola_stratified,CoLA stratified,roberta-base,RoBERTa-base,homo,Homo,20,150,3,3,93,92,0.48877934038696524,0.0,79.57813998082455,1,round_config.json
nguyen repo,/homes/neumann/nguyen/fedlora/FederatedLLM/epoch_round_tuning_cola_client_count,ffa,Nonlinear FFA,cola_stratified,CoLA stratified,roberta-base,RoBERTa-base,homo,Homo,20,150,3,3,94,93,0.5020009510159473,0.0,80.0575263662512,1,round_config.json
nguyen repo,/homes/neumann/nguyen/fedlora/FederatedLLM/epoch_round_tuning_cola_client_count,ffa,Nonlinear FFA,cola_stratified,CoLA stratified,roberta-base,RoBERTa-base,homo,Homo,20,150,3,3,95,94,0.4968948635850979,0.0,79.86577181208054,1,round_config.json
nguyen repo,/homes/neumann/nguyen/fedlora/FederatedLLM/epoch_round_tuning_cola_client_count,ffa,Nonlinear FFA,cola_stratified,CoLA stratified,roberta-base,RoBERTa-base,homo,Homo,20,150,3,3,96,95,0.49668820567172006,0.0,79.86577181208054,1,round_config.json
nguyen repo,/homes/neumann/nguyen/fedlora/FederatedLLM/epoch_round_tuning_cola_client_count,ffa,Nonlinear FFA,cola_stratified,CoLA stratified,roberta-base,RoBERTa-base,homo,Homo,20,150,3,3,97,96,0.49678228082965264,0.0,79.86577181208054,1,round_config.json
nguyen repo,/homes/neumann/nguyen/fedlora/FederatedLLM/epoch_round_tuning_cola_client_count,ffa,Nonlinear FFA,cola_stratified,CoLA stratified,roberta-base,RoBERTa-base,homo,Homo,20,150,3,3,98,97,0.5020743777656373,0.0,80.0575263662512,1,round_config.json
nguyen repo,/homes/neumann/nguyen/fedlora/FederatedLLM/epoch_round_tuning_cola_client_count,ffa,Nonlinear FFA,cola_stratified,CoLA stratified,roberta-base,RoBERTa-base,homo,Homo,20,150,3,3,99,98,0.49127930626038135,0.0,79.67401725790988,1,round_config.json
nguyen repo,/homes/neumann/nguyen/fedlora/FederatedLLM/epoch_round_tuning_cola_client_count,ffa,Nonlinear FFA,cola_stratified,CoLA stratified,roberta-base,RoBERTa-base,homo,Homo,20,150,3,3,100,99,0.501912506520387,0.0,80.0575263662512,1,round_config.json
nguyen repo,/homes/neumann/nguyen/fedlora/FederatedLLM/epoch_round_tuning_cola_client_count,ffa,Nonlinear FFA,cola_stratified,CoLA stratified,roberta-base,RoBERTa-base,homo,Homo,20,150,3,3,101,100,0.5126585716376069,0.0,80.44103547459252,1,round_config.json
nguyen repo,/homes/neumann/nguyen/fedlora/FederatedLLM/epoch_round_tuning_cola_client_count,ffa,Nonlinear FFA,cola_stratified,CoLA stratified,roberta-base,RoBERTa-base,homo,Homo,20,150,3,3,102,101,0.5046330570516372,0.0,80.15340364333653,1,round_config.json
nguyen repo,/homes/neumann/nguyen/fedlora/FederatedLLM/epoch_round_tuning_cola_client_count,ffa,Nonlinear FFA,cola_stratified,CoLA stratified,roberta-base,RoBERTa-base,homo,Homo,20,150,3,3,103,102,0.5046864656256237,0.0,80.15340364333653,1,round_config.json
nguyen repo,/homes/neumann/nguyen/fedlora/FederatedLLM/epoch_round_tuning_cola_client_count,ffa,Nonlinear FFA,cola_stratified,CoLA stratified,roberta-base,RoBERTa-base,homo,Homo,20,150,3,3,104,103,0.5103111740675049,0.0,80.34515819750719,1,round_config.json
nguyen repo,/homes/neumann/nguyen/fedlora/FederatedLLM/epoch_round_tuning_cola_client_count,ffa,Nonlinear FFA,cola_stratified,CoLA stratified,roberta-base,RoBERTa-base,homo,Homo,20,150,3,3,105,104,0.49938409054607086,0.0,79.96164908916586,1,round_config.json
nguyen repo,/homes/neumann/nguyen/fedlora/FederatedLLM/epoch_round_tuning_cola_client_count,ffa,Nonlinear FFA,cola_stratified,CoLA stratified,roberta-base,RoBERTa-base,homo,Homo,20,150,3,3,106,105,0.4997185526543391,0.0,79.96164908916586,1,round_config.json
nguyen repo,/homes/neumann/nguyen/fedlora/FederatedLLM/epoch_round_tuning_cola_client_count,ffa,Nonlinear FFA,cola_stratified,CoLA stratified,roberta-base,RoBERTa-base,homo,Homo,20,150,3,3,107,106,0.4939866392816274,0.0,79.76989453499522,1,round_config.json
nguyen repo,/homes/neumann/nguyen/fedlora/FederatedLLM/epoch_round_tuning_cola_client_count,ffa,Nonlinear FFA,cola_stratified,CoLA stratified,roberta-base,RoBERTa-base,homo,Homo,20,150,3,3,108,107,0.5021666760796991,0.0,80.0575263662512,1,round_config.json
nguyen repo,/homes/neumann/nguyen/fedlora/FederatedLLM/epoch_round_tuning_cola_client_count,ffa,Nonlinear FFA,cola_stratified,CoLA stratified,roberta-base,RoBERTa-base,homo,Homo,20,150,3,3,109,108,0.48576752772248133,0.0,79.48226270373921,1,round_config.json
nguyen repo,/homes/neumann/nguyen/fedlora/FederatedLLM/epoch_round_tuning_cola_client_count,ffa,Nonlinear FFA,cola_stratified,CoLA stratified,roberta-base,RoBERTa-base,homo,Homo,20,150,3,3,110,109,0.5046864656256237,0.0,80.15340364333653,1,round_config.json
nguyen repo,/homes/neumann/nguyen/fedlora/FederatedLLM/epoch_round_tuning_cola_client_count,ffa,Nonlinear FFA,cola_stratified,CoLA stratified,roberta-base,RoBERTa-base,homo,Homo,20,150,3,3,111,110,0.49668820567172006,0.0,79.86577181208054,1,round_config.json
nguyen repo,/homes/neumann/nguyen/fedlora/FederatedLLM/epoch_round_tuning_cola_client_count,ffa,Nonlinear FFA,cola_stratified,CoLA stratified,roberta-base,RoBERTa-base,homo,Homo,20,150,3,3,112,111,0.5099888407051765,0.0,80.34515819750719,1,round_config.json
nguyen repo,/homes/neumann/nguyen/fedlora/FederatedLLM/epoch_round_tuning_cola_client_count,ffa,Nonlinear FFA,cola_stratified,CoLA stratified,roberta-base,RoBERTa-base,homo,Homo,20,150,3,3,113,112,0.5019468400162538,0.0,80.0575263662512,1,round_config.json
nguyen repo,/homes/neumann/nguyen/fedlora/FederatedLLM/epoch_round_tuning_cola_client_count,ffa,Nonlinear FFA,cola_stratified,CoLA stratified,roberta-base,RoBERTa-base,homo,Homo,20,150,3,3,114,113,0.5047591499640957,0.0,80.15340364333653,1,round_config.json
nguyen repo,/homes/neumann/nguyen/fedlora/FederatedLLM/epoch_round_tuning_cola_client_count,ffa,Nonlinear FFA,cola_stratified,CoLA stratified,roberta-base,RoBERTa-base,homo,Homo,20,150,3,3,115,114,0.501912506520387,0.0,80.0575263662512,1,round_config.json
nguyen repo,/homes/neumann/nguyen/fedlora/FederatedLLM/epoch_round_tuning_cola_client_count,ffa,Nonlinear FFA,cola_stratified,CoLA stratified,roberta-base,RoBERTa-base,homo,Homo,20,150,3,3,116,115,0.4940817154665181,0.0,79.76989453499522,1,round_config.json
nguyen repo,/homes/neumann/nguyen/fedlora/FederatedLLM/epoch_round_tuning_cola_client_count,ffa,Nonlinear FFA,cola_stratified,CoLA stratified,roberta-base,RoBERTa-base,homo,Homo,20,150,3,3,117,116,0.4966130731383176,0.0,79.86577181208054,1,round_config.json
nguyen repo,/homes/neumann/nguyen/fedlora/FederatedLLM/epoch_round_tuning_cola_client_count,ffa,Nonlinear FFA,cola_stratified,CoLA stratified,roberta-base,RoBERTa-base,homo,Homo,20,150,3,3,118,117,0.49162305109049664,0.0,79.67401725790988,1,round_config.json
nguyen repo,/homes/neumann/nguyen/fedlora/FederatedLLM/epoch_round_tuning_cola_client_count,ffa,Nonlinear FFA,cola_stratified,CoLA stratified,roberta-base,RoBERTa-base,homo,Homo,20,150,3,3,119,118,0.4860627149832655,0.0,79.48226270373921,1,round_config.json
nguyen repo,/homes/neumann/nguyen/fedlora/FederatedLLM/epoch_round_tuning_cola_client_count,ffa,Nonlinear FFA,cola_stratified,CoLA stratified,roberta-base,RoBERTa-base,homo,Homo,20,150,3,3,120,119,0.49137546032749274,0.0,79.67401725790988,1,round_config.json
nguyen repo,/homes/neumann/nguyen/fedlora/FederatedLLM/epoch_round_tuning_cola_client_count,ffa,Nonlinear FFA,cola_stratified,CoLA stratified,roberta-base,RoBERTa-base,homo,Homo,20,150,3,3,121,120,0.48380345391488866,0.0,79.38638542665389,1,round_config.json
nguyen repo,/homes/neumann/nguyen/fedlora/FederatedLLM/epoch_round_tuning_cola_client_count,ffa,Nonlinear FFA,cola_stratified,CoLA stratified,roberta-base,RoBERTa-base,homo,Homo,20,150,3,3,122,121,0.48347696530741247,0.0,79.38638542665389,1,round_config.json
nguyen repo,/homes/neumann/nguyen/fedlora/FederatedLLM/epoch_round_tuning_cola_client_count,ffa,Nonlinear FFA,cola_stratified,CoLA stratified,roberta-base,RoBERTa-base,homo,Homo,20,150,3,3,123,122,0.4832216996895926,0.0,79.38638542665389,1,round_config.json
nguyen repo,/homes/neumann/nguyen/fedlora/FederatedLLM/epoch_round_tuning_cola_client_count,ffa,Nonlinear FFA,cola_stratified,CoLA stratified,roberta-base,RoBERTa-base,homo,Homo,20,150,3,3,124,123,0.49652146303644756,0.0,79.86577181208054,1,round_config.json
nguyen repo,/homes/neumann/nguyen/fedlora/FederatedLLM/epoch_round_tuning_cola_client_count,ffa,Nonlinear FFA,cola_stratified,CoLA stratified,roberta-base,RoBERTa-base,homo,Homo,20,150,3,3,125,124,0.48334022151161765,0.0,79.38638542665389,1,round_config.json
nguyen repo,/homes/neumann/nguyen/fedlora/FederatedLLM/epoch_round_tuning_cola_client_count,ffa,Nonlinear FFA,cola_stratified,CoLA stratified,roberta-base,RoBERTa-base,homo,Homo,20,150,3,3,126,125,0.49668820567172006,0.0,79.86577181208054,1,round_config.json
nguyen repo,/homes/neumann/nguyen/fedlora/FederatedLLM/epoch_round_tuning_cola_client_count,ffa,Nonlinear FFA,cola_stratified,CoLA stratified,roberta-base,RoBERTa-base,homo,Homo,20,150,3,3,127,126,0.49717389329248085,0.0,79.86577181208054,1,round_config.json
nguyen repo,/homes/neumann/nguyen/fedlora/FederatedLLM/epoch_round_tuning_cola_client_count,ffa,Nonlinear FFA,cola_stratified,CoLA stratified,roberta-base,RoBERTa-base,homo,Homo,20,150,3,3,128,127,0.5049606016789446,0.0,80.15340364333653,1,round_config.json
nguyen repo,/homes/neumann/nguyen/fedlora/FederatedLLM/epoch_round_tuning_cola_client_count,flora,Linear FLoRA,cola_stratified,CoLA stratified,roberta-base,RoBERTa-base,homo,Homo,20,150,10,10,1,0,0.42013178301366794,0.0,77.18120805369128,1,round_config.json
nguyen repo,/homes/neumann/nguyen/fedlora/FederatedLLM/epoch_round_tuning_cola_client_count,flora,Linear FLoRA,cola_stratified,CoLA stratified,roberta-base,RoBERTa-base,homo,Homo,20,150,10,10,2,1,0.48082075308138933,0.0,79.29050814956855,1,round_config.json
nguyen repo,/homes/neumann/nguyen/fedlora/FederatedLLM/epoch_round_tuning_cola_client_count,flora,Linear FLoRA,cola_stratified,CoLA stratified,roberta-base,RoBERTa-base,homo,Homo,20,150,10,10,3,2,0.48886510271911465,0.0,79.57813998082455,1,round_config.json
nguyen repo,/homes/neumann/nguyen/fedlora/FederatedLLM/epoch_round_tuning_cola_client_count,flora,Linear FLoRA,cola_stratified,CoLA stratified,roberta-base,RoBERTa-base,homo,Homo,20,150,10,10,4,3,0.4914459913724542,0.0,79.67401725790988,1,round_config.json
nguyen repo,/homes/neumann/nguyen/fedlora/FederatedLLM/epoch_round_tuning_cola_client_count,flora,Linear FLoRA,cola_stratified,CoLA stratified,roberta-base,RoBERTa-base,homo,Homo,20,150,10,10,5,4,0.49416142552618536,0.0,79.76989453499522,1,round_config.json
nguyen repo,/homes/neumann/nguyen/fedlora/FederatedLLM/epoch_round_tuning_cola_client_count,flora,Linear FLoRA,cola_stratified,CoLA stratified,roberta-base,RoBERTa-base,homo,Homo,20,150,10,10,6,5,0.49430354503894686,0.0,79.76989453499522,1,round_config.json
nguyen repo,/homes/neumann/nguyen/fedlora/FederatedLLM/epoch_round_tuning_cola_client_count,flora,Linear FLoRA,cola_stratified,CoLA stratified,roberta-base,RoBERTa-base,homo,Homo,20,150,10,10,7,6,0.49988318353976524,0.0,79.96164908916586,1,round_config.json
nguyen repo,/homes/neumann/nguyen/fedlora/FederatedLLM/epoch_round_tuning_cola_client_count,flora,Linear FLoRA,cola_stratified,CoLA stratified,roberta-base,RoBERTa-base,homo,Homo,20,150,10,10,8,7,0.49988318353976524,0.0,79.96164908916586,1,round_config.json
nguyen repo,/homes/neumann/nguyen/fedlora/FederatedLLM/epoch_round_tuning_cola_client_count,flora,Linear FLoRA,cola_stratified,CoLA stratified,roberta-base,RoBERTa-base,homo,Homo,20,150,10,10,9,8,0.5025795557201045,0.0,80.0575263662512,1,round_config.json
nguyen repo,/homes/neumann/nguyen/fedlora/FederatedLLM/epoch_round_tuning_cola_client_count,flora,Linear FLoRA,cola_stratified,CoLA stratified,roberta-base,RoBERTa-base,homo,Homo,20,150,10,10,10,9,0.5077854223436783,0.0,80.24928092042187,1,round_config.json
nguyen repo,/homes/neumann/nguyen/fedlora/FederatedLLM/epoch_round_tuning_cola_client_count,flora,Linear FLoRA,cola_stratified,CoLA stratified,roberta-base,RoBERTa-base,homo,Homo,20,150,10,10,11,10,0.5134946392219878,0.0,80.44103547459252,1,round_config.json
nguyen repo,/homes/neumann/nguyen/fedlora/FederatedLLM/epoch_round_tuning_cola_client_count,flora,Linear FLoRA,cola_stratified,CoLA stratified,roberta-base,RoBERTa-base,homo,Homo,20,150,10,10,12,11,0.5161596159953151,0.0,80.53691275167785,1,round_config.json
nguyen repo,/homes/neumann/nguyen/fedlora/FederatedLLM/epoch_round_tuning_cola_client_count,flora,Linear FLoRA,cola_stratified,CoLA stratified,roberta-base,RoBERTa-base,homo,Homo,20,150,10,10,13,12,0.5216885723420658,0.0,80.72866730584852,1,round_config.json
nguyen repo,/homes/neumann/nguyen/fedlora/FederatedLLM/epoch_round_tuning_cola_client_count,flora,Linear FLoRA,cola_stratified,CoLA stratified,roberta-base,RoBERTa-base,homo,Homo,20,150,10,10,14,13,0.5243351914860497,0.0,80.82454458293384,1,round_config.json
nguyen repo,/homes/neumann/nguyen/fedlora/FederatedLLM/epoch_round_tuning_cola_client_count,flora,Linear FLoRA,cola_stratified,CoLA stratified,roberta-base,RoBERTa-base,homo,Homo,20,150,10,10,15,14,0.5296111755015093,0.0,81.01629913710451,1,round_config.json
nguyen repo,/homes/neumann/nguyen/fedlora/FederatedLLM/epoch_round_tuning_cola_client_count,flora,Linear FLoRA,cola_stratified,CoLA stratified,roberta-base,RoBERTa-base,homo,Homo,20,150,10,10,16,15,0.5322407163754954,0.0,81.11217641418985,1,round_config.json
nguyen repo,/homes/neumann/nguyen/fedlora/FederatedLLM/epoch_round_tuning_cola_client_count,flora,Linear FLoRA,cola_stratified,CoLA stratified,roberta-base,RoBERTa-base,homo,Homo,20,150,10,10,17,16,0.5353683709142973,0.0,81.20805369127517,1,round_config.json
nguyen repo,/homes/neumann/nguyen/fedlora/FederatedLLM/epoch_round_tuning_cola_client_count,flora,Linear FLoRA,cola_stratified,CoLA stratified,roberta-base,RoBERTa-base,homo,Homo,20,150,10,10,18,17,0.5412018534046763,0.0,81.39980824544583,1,round_config.json
nguyen repo,/homes/neumann/nguyen/fedlora/FederatedLLM/epoch_round_tuning_cola_client_count,flora,Linear FLoRA,cola_stratified,CoLA stratified,roberta-base,RoBERTa-base,homo,Homo,20,150,10,10,19,18,0.5438043977290685,0.0,81.49568552253116,1,round_config.json
nguyen repo,/homes/neumann/nguyen/fedlora/FederatedLLM/epoch_round_tuning_cola_client_count,flora,Linear FLoRA,cola_stratified,CoLA stratified,roberta-base,RoBERTa-base,homo,Homo,20,150,10,10,20,19,0.5382754413823179,0.0,81.30393096836049,1,round_config.json
nguyen repo,/homes/neumann/nguyen/fedlora/FederatedLLM/epoch_round_tuning_cola_client_count,flora,Linear FLoRA,cola_stratified,CoLA stratified,roberta-base,RoBERTa-base,homo,Homo,20,150,10,10,21,20,0.5327464850355671,0.0,81.11217641418985,1,round_config.json
nguyen repo,/homes/neumann/nguyen/fedlora/FederatedLLM/epoch_round_tuning_cola_client_count,flora,Linear FLoRA,cola_stratified,CoLA stratified,roberta-base,RoBERTa-base,homo,Homo,20,150,10,10,22,21,0.5301189677316009,0.0,81.01629913710451,1,round_config.json
nguyen repo,/homes/neumann/nguyen/fedlora/FederatedLLM/epoch_round_tuning_cola_client_count,flora,Linear FLoRA,cola_stratified,CoLA stratified,roberta-base,RoBERTa-base,homo,Homo,20,150,10,10,23,22,0.5274857307551519,0.0,80.92042186001918,1,round_config.json
nguyen repo,/homes/neumann/nguyen/fedlora/FederatedLLM/epoch_round_tuning_cola_client_count,flora,Linear FLoRA,cola_stratified,CoLA stratified,roberta-base,RoBERTa-base,homo,Homo,20,150,10,10,24,23,0.5301189677316009,0.0,81.01629913710451,1,round_config.json
nguyen repo,/homes/neumann/nguyen/fedlora/FederatedLLM/epoch_round_tuning_cola_client_count,flora,Linear FLoRA,cola_stratified,CoLA stratified,roberta-base,RoBERTa-base,homo,Homo,20,150,10,10,25,24,0.5330397816266463,0.0,81.11217641418985,1,round_config.json
nguyen repo,/homes/neumann/nguyen/fedlora/FederatedLLM/epoch_round_tuning_cola_client_count,flora,Linear FLoRA,cola_stratified,CoLA stratified,roberta-base,RoBERTa-base,homo,Homo,20,150,10,10,26,25,0.5356604105681386,0.0,81.20805369127517,1,round_config.json
nguyen repo,/homes/neumann/nguyen/fedlora/FederatedLLM/epoch_round_tuning_cola_client_count,flora,Linear FLoRA,cola_stratified,CoLA stratified,roberta-base,RoBERTa-base,homo,Homo,20,150,10,10,27,26,0.5359802487630552,0.0,81.20805369127517,1,round_config.json
nguyen repo,/homes/neumann/nguyen/fedlora/FederatedLLM/epoch_round_tuning_cola_client_count,flora,Linear FLoRA,cola_stratified,CoLA stratified,roberta-base,RoBERTa-base,homo,Homo,20,150,10,10,28,27,0.5382754413823179,0.0,81.30393096836049,1,round_config.json
nguyen repo,/homes/neumann/nguyen/fedlora/FederatedLLM/epoch_round_tuning_cola_client_count,flora,Linear FLoRA,cola_stratified,CoLA stratified,roberta-base,RoBERTa-base,homo,Homo,20,150,10,10,29,28,0.5356604105681386,0.0,81.20805369127517,1,round_config.json
nguyen repo,/homes/neumann/nguyen/fedlora/FederatedLLM/epoch_round_tuning_cola_client_count,flora,Linear FLoRA,cola_stratified,CoLA stratified,roberta-base,RoBERTa-base,homo,Homo,20,150,10,10,30,29,0.546743296241214,0.0,81.5915627996165,1,round_config.json
nguyen repo,/homes/neumann/nguyen/fedlora/FederatedLLM/epoch_round_tuning_cola_client_count,flora,Linear FLoRA,cola_stratified,CoLA stratified,roberta-base,RoBERTa-base,homo,Homo,20,150,10,10,31,30,0.5415470309368803,0.0,81.39980824544583,1,round_config.json
nguyen repo,/homes/neumann/nguyen/fedlora/FederatedLLM/epoch_round_tuning_cola_client_count,flora,Linear FLoRA,cola_stratified,CoLA stratified,roberta-base,RoBERTa-base,homo,Homo,20,150,10,10,32,31,0.5438043977290685,0.0,81.49568552253116,1,round_config.json
nguyen repo,/homes/neumann/nguyen/fedlora/FederatedLLM/epoch_round_tuning_cola_client_count,flora,Linear FLoRA,cola_stratified,CoLA stratified,roberta-base,RoBERTa-base,homo,Homo,20,150,10,10,33,32,0.5441478833696352,0.0,81.49568552253116,1,round_config.json
nguyen repo,/homes/neumann/nguyen/fedlora/FederatedLLM/epoch_round_tuning_cola_client_count,flora,Linear FLoRA,cola_stratified,CoLA stratified,roberta-base,RoBERTa-base,homo,Homo,20,150,10,10,34,33,0.5493333540758192,0.0,81.68744007670182,1,round_config.json
nguyen repo,/homes/neumann/nguyen/fedlora/FederatedLLM/epoch_round_tuning_cola_client_count,flora,Linear FLoRA,cola_stratified,CoLA stratified,roberta-base,RoBERTa-base,homo,Homo,20,150,10,10,35,34,0.5438043977290685,0.0,81.49568552253116,1,round_config.json
nguyen repo,/homes/neumann/nguyen/fedlora/FederatedLLM/epoch_round_tuning_cola_client_count,flora,Linear FLoRA,cola_stratified,CoLA stratified,roberta-base,RoBERTa-base,homo,Homo,20,150,10,10,36,35,0.5497019342411297,0.0,81.68744007670182,1,round_config.json
nguyen repo,/homes/neumann/nguyen/fedlora/FederatedLLM/epoch_round_tuning_cola_client_count,flora,Linear FLoRA,cola_stratified,CoLA stratified,roberta-base,RoBERTa-base,homo,Homo,20,150,10,10,37,36,0.5522847390777518,0.0,81.78331735378715,1,round_config.json
nguyen repo,/homes/neumann/nguyen/fedlora/FederatedLLM/epoch_round_tuning_cola_client_count,flora,Linear FLoRA,cola_stratified,CoLA stratified,roberta-base,RoBERTa-base,homo,Homo,20,150,10,10,38,37,0.5522847390777518,0.0,81.78331735378715,1,round_config.json
nguyen repo,/homes/neumann/nguyen/fedlora/FederatedLLM/epoch_round_tuning_cola_client_count,flora,Linear FLoRA,cola_stratified,CoLA stratified,roberta-base,RoBERTa-base,homo,Homo,20,150,10,10,39,38,0.5600020773413192,0.0,82.07094918504313,1,round_config.json
nguyen repo,/homes/neumann/nguyen/fedlora/FederatedLLM/epoch_round_tuning_cola_client_count,flora,Linear FLoRA,cola_stratified,CoLA stratified,roberta-base,RoBERTa-base,homo,Homo,20,150,10,10,40,39,0.5489933947733587,0.0,81.68744007670182,1,round_config.json
nguyen repo,/homes/neumann/nguyen/fedlora/FederatedLLM/epoch_round_tuning_cola_client_count,flora,Linear FLoRA,cola_stratified,CoLA stratified,roberta-base,RoBERTa-base,homo,Homo,20,150,10,10,41,40,0.554497736057339,0.0,81.87919463087249,1,round_config.json
nguyen repo,/homes/neumann/nguyen/fedlora/FederatedLLM/epoch_round_tuning_cola_client_count,flora,Linear FLoRA,cola_stratified,CoLA stratified,roberta-base,RoBERTa-base,homo,Homo,20,150,10,10,42,41,0.5570722226722097,0.0,81.97507190795783,1,round_config.json
nguyen repo,/homes/neumann/nguyen/fedlora/FederatedLLM/epoch_round_tuning_cola_client_count,flora,Linear FLoRA,cola_stratified,CoLA stratified,roberta-base,RoBERTa-base,homo,Homo,20,150,10,10,43,42,0.5622061839027462,0.0,82.16682646212847,1,round_config.json
nguyen repo,/homes/neumann/nguyen/fedlora/FederatedLLM/epoch_round_tuning_cola_client_count,flora,Linear FLoRA,cola_stratified,CoLA stratified,roberta-base,RoBERTa-base,homo,Homo,20,150,10,10,44,43,0.5515800132380696,0.0,81.78331735378715,1,round_config.json
nguyen repo,/homes/neumann/nguyen/fedlora/FederatedLLM/epoch_round_tuning_cola_client_count,flora,Linear FLoRA,cola_stratified,CoLA stratified,roberta-base,RoBERTa-base,homo,Homo,20,150,10,10,45,44,0.554497736057339,0.0,81.87919463087249,1,round_config.json
nguyen repo,/homes/neumann/nguyen/fedlora/FederatedLLM/epoch_round_tuning_cola_client_count,flora,Linear FLoRA,cola_stratified,CoLA stratified,roberta-base,RoBERTa-base,homo,Homo,20,150,10,10,46,45,0.5541614866719362,0.0,81.87919463087249,1,round_config.json
nguyen repo,/homes/neumann/nguyen/fedlora/FederatedLLM/epoch_round_tuning_cola_client_count,flora,Linear FLoRA,cola_stratified,CoLA stratified,roberta-base,RoBERTa-base,homo,Homo,20,150,10,10,47,46,0.5570722226722097,0.0,81.97507190795783,1,round_config.json
nguyen repo,/homes/neumann/nguyen/fedlora/FederatedLLM/epoch_round_tuning_cola_client_count,flora,Linear FLoRA,cola_stratified,CoLA stratified,roberta-base,RoBERTa-base,homo,Homo,20,150,10,10,48,47,0.5548623104225698,0.0,81.87919463087249,1,round_config.json
nguyen repo,/homes/neumann/nguyen/fedlora/FederatedLLM/epoch_round_tuning_cola_client_count,flora,Linear FLoRA,cola_stratified,CoLA stratified,roberta-base,RoBERTa-base,homo,Homo,20,150,10,10,49,48,0.5625644321063499,0.0,82.16682646212847,1,round_config.json
nguyen repo,/homes/neumann/nguyen/fedlora/FederatedLLM/epoch_round_tuning_cola_client_count,flora,Linear FLoRA,cola_stratified,CoLA stratified,roberta-base,RoBERTa-base,homo,Homo,20,150,10,10,50,49,0.5564310110490012,0.0,81.97507190795783,1,round_config.json
nguyen repo,/homes/neumann/nguyen/fedlora/FederatedLLM/epoch_round_tuning_cola_client_count,flora,Linear FLoRA,cola_stratified,CoLA stratified,roberta-base,RoBERTa-base,homo,Homo,20,150,10,10,51,50,0.5618758275359192,0.0,82.16682646212847,1,round_config.json
nguyen repo,/homes/neumann/nguyen/fedlora/FederatedLLM/epoch_round_tuning_cola_client_count,flora,Linear FLoRA,cola_stratified,CoLA stratified,roberta-base,RoBERTa-base,homo,Homo,20,150,10,10,52,51,0.5564310110490012,0.0,81.97507190795783,1,round_config.json
nguyen repo,/homes/neumann/nguyen/fedlora/FederatedLLM/epoch_round_tuning_cola_client_count,flora,Linear FLoRA,cola_stratified,CoLA stratified,roberta-base,RoBERTa-base,homo,Homo,20,150,10,10,53,52,0.5622061839027462,0.0,82.16682646212847,1,round_config.json
nguyen repo,/homes/neumann/nguyen/fedlora/FederatedLLM/epoch_round_tuning_cola_client_count,flora,Linear FLoRA,cola_stratified,CoLA stratified,roberta-base,RoBERTa-base,homo,Homo,20,150,10,10,54,53,0.5561508659240181,0.0,81.97507190795783,1,round_config.json
nguyen repo,/homes/neumann/nguyen/fedlora/FederatedLLM/epoch_round_tuning_cola_client_count,flora,Linear FLoRA,cola_stratified,CoLA stratified,roberta-base,RoBERTa-base,homo,Homo,20,150,10,10,55,54,0.5567378947584477,0.0,81.97507190795783,1,round_config.json
nguyen repo,/homes/neumann/nguyen/fedlora/FederatedLLM/epoch_round_tuning_cola_client_count,flora,Linear FLoRA,cola_stratified,CoLA stratified,roberta-base,RoBERTa-base,homo,Homo,20,150,10,10,56,55,0.5567378947584477,0.0,81.97507190795783,1,round_config.json
nguyen repo,/homes/neumann/nguyen/fedlora/FederatedLLM/epoch_round_tuning_cola_client_count,flora,Linear FLoRA,cola_stratified,CoLA stratified,roberta-base,RoBERTa-base,homo,Homo,20,150,10,10,57,56,0.5541614866719362,0.0,81.87919463087249,1,round_config.json
nguyen repo,/homes/neumann/nguyen/fedlora/FederatedLLM/epoch_round_tuning_cola_client_count,flora,Linear FLoRA,cola_stratified,CoLA stratified,roberta-base,RoBERTa-base,homo,Homo,20,150,10,10,58,57,0.554497736057339,0.0,81.87919463087249,1,round_config.json
nguyen repo,/homes/neumann/nguyen/fedlora/FederatedLLM/epoch_round_tuning_cola_client_count,flora,Linear FLoRA,cola_stratified,CoLA stratified,roberta-base,RoBERTa-base,homo,Homo,20,150,10,10,59,58,0.5596416792460465,0.0,82.07094918504313,1,round_config.json
nguyen repo,/homes/neumann/nguyen/fedlora/FederatedLLM/epoch_round_tuning_cola_client_count,flora,Linear FLoRA,cola_stratified,CoLA stratified,roberta-base,RoBERTa-base,homo,Homo,20,150,10,10,60,59,0.5567378947584477,0.0,81.97507190795783,1,round_config.json
nguyen repo,/homes/neumann/nguyen/fedlora/FederatedLLM/epoch_round_tuning_cola_client_count,flora,Linear FLoRA,cola_stratified,CoLA stratified,roberta-base,RoBERTa-base,homo,Homo,20,150,10,10,61,60,0.5622061839027462,0.0,82.16682646212847,1,round_config.json
nguyen repo,/homes/neumann/nguyen/fedlora/FederatedLLM/epoch_round_tuning_cola_client_count,flora,Linear FLoRA,cola_stratified,CoLA stratified,roberta-base,RoBERTa-base,homo,Homo,20,150,10,10,62,61,0.5596416792460465,0.0,82.07094918504313,1,round_config.json
nguyen repo,/homes/neumann/nguyen/fedlora/FederatedLLM/epoch_round_tuning_cola_client_count,flora,Linear FLoRA,cola_stratified,CoLA stratified,roberta-base,RoBERTa-base,homo,Homo,20,150,10,10,63,62,0.5600020773413192,0.0,82.07094918504313,1,round_config.json
nguyen repo,/homes/neumann/nguyen/fedlora/FederatedLLM/epoch_round_tuning_cola_client_count,flora,Linear FLoRA,cola_stratified,CoLA stratified,roberta-base,RoBERTa-base,homo,Homo,20,150,10,10,64,63,0.554497736057339,0.0,81.87919463087249,1,round_config.json
nguyen repo,/homes/neumann/nguyen/fedlora/FederatedLLM/epoch_round_tuning_cola_client_count,flora,Linear FLoRA,cola_stratified,CoLA stratified,roberta-base,RoBERTa-base,homo,Homo,20,150,10,10,65,64,0.5570722226722097,0.0,81.97507190795783,1,round_config.json
nguyen repo,/homes/neumann/nguyen/fedlora/FederatedLLM/epoch_round_tuning_cola_client_count,flora,Linear FLoRA,cola_stratified,CoLA stratified,roberta-base,RoBERTa-base,homo,Homo,20,150,10,10,66,65,0.554497736057339,0.0,81.87919463087249,1,round_config.json
nguyen repo,/homes/neumann/nguyen/fedlora/FederatedLLM/epoch_round_tuning_cola_client_count,flora,Linear FLoRA,cola_stratified,CoLA stratified,roberta-base,RoBERTa-base,homo,Homo,20,150,10,10,67,66,0.554497736057339,0.0,81.87919463087249,1,round_config.json
nguyen repo,/homes/neumann/nguyen/fedlora/FederatedLLM/epoch_round_tuning_cola_client_count,flora,Linear FLoRA,cola_stratified,CoLA stratified,roberta-base,RoBERTa-base,homo,Homo,20,150,10,10,68,67,0.554497736057339,0.0,81.87919463087249,1,round_config.json
nguyen repo,/homes/neumann/nguyen/fedlora/FederatedLLM/epoch_round_tuning_cola_client_count,flora,Linear FLoRA,cola_stratified,CoLA stratified,roberta-base,RoBERTa-base,homo,Homo,20,150,10,10,69,68,0.5570722226722097,0.0,81.97507190795783,1,round_config.json
nguyen repo,/homes/neumann/nguyen/fedlora/FederatedLLM/epoch_round_tuning_cola_client_count,flora,Linear FLoRA,cola_stratified,CoLA stratified,roberta-base,RoBERTa-base,homo,Homo,20,150,10,10,70,69,0.5574347297707926,0.0,81.97507190795783,1,round_config.json
nguyen repo,/homes/neumann/nguyen/fedlora/FederatedLLM/epoch_round_tuning_cola_client_count,flora,Linear FLoRA,cola_stratified,CoLA stratified,roberta-base,RoBERTa-base,homo,Homo,20,150,10,10,71,70,0.5574347297707926,0.0,81.97507190795783,1,round_config.json
nguyen repo,/homes/neumann/nguyen/fedlora/FederatedLLM/epoch_round_tuning_cola_client_count,flora,Linear FLoRA,cola_stratified,CoLA stratified,roberta-base,RoBERTa-base,homo,Homo,20,150,10,10,72,71,0.5578261819142895,0.0,81.97507190795783,1,round_config.json
nguyen repo,/homes/neumann/nguyen/fedlora/FederatedLLM/epoch_round_tuning_cola_client_count,flora,Linear FLoRA,cola_stratified,CoLA stratified,roberta-base,RoBERTa-base,homo,Homo,20,150,10,10,73,72,0.5574347297707926,0.0,81.97507190795783,1,round_config.json
nguyen repo,/homes/neumann/nguyen/fedlora/FederatedLLM/epoch_round_tuning_cola_client_count,flora,Linear FLoRA,cola_stratified,CoLA stratified,roberta-base,RoBERTa-base,homo,Homo,20,150,10,10,74,73,0.5600020773413192,0.0,82.07094918504313,1,round_config.json
nguyen repo,/homes/neumann/nguyen/fedlora/FederatedLLM/epoch_round_tuning_cola_client_count,flora,Linear FLoRA,cola_stratified,CoLA stratified,roberta-base,RoBERTa-base,homo,Homo,20,150,10,10,75,74,0.5541614866719362,0.0,81.87919463087249,1,round_config.json
nguyen repo,/homes/neumann/nguyen/fedlora/FederatedLLM/epoch_round_tuning_cola_client_count,flora,Linear FLoRA,cola_stratified,CoLA stratified,roberta-base,RoBERTa-base,homo,Homo,20,150,10,10,76,75,0.554497736057339,0.0,81.87919463087249,1,round_config.json
nguyen repo,/homes/neumann/nguyen/fedlora/FederatedLLM/epoch_round_tuning_cola_client_count,flora,Linear FLoRA,cola_stratified,CoLA stratified,roberta-base,RoBERTa-base,homo,Homo,20,150,10,10,77,76,0.5622061839027462,0.0,82.16682646212847,1,round_config.json
nguyen repo,/homes/neumann/nguyen/fedlora/FederatedLLM/epoch_round_tuning_cola_client_count,flora,Linear FLoRA,cola_stratified,CoLA stratified,roberta-base,RoBERTa-base,homo,Homo,20,150,10,10,78,77,0.5570722226722097,0.0,81.97507190795783,1,round_config.json
nguyen repo,/homes/neumann/nguyen/fedlora/FederatedLLM/epoch_round_tuning_cola_client_count,flora,Linear FLoRA,cola_stratified,CoLA stratified,roberta-base,RoBERTa-base,homo,Homo,20,150,10,10,79,78,0.546401550342545,0.0,81.5915627996165,1,round_config.json
nguyen repo,/homes/neumann/nguyen/fedlora/FederatedLLM/epoch_round_tuning_cola_client_count,flora,Linear FLoRA,cola_stratified,CoLA stratified,roberta-base,RoBERTa-base,homo,Homo,20,150,10,10,80,79,0.5541614866719362,0.0,81.87919463087249,1,round_config.json
nguyen repo,/homes/neumann/nguyen/fedlora/FederatedLLM/epoch_round_tuning_cola_client_count,flora,Linear FLoRA,cola_stratified,CoLA stratified,roberta-base,RoBERTa-base,homo,Homo,20,150,10,10,81,80,0.5596416792460465,0.0,82.07094918504313,1,round_config.json
nguyen repo,/homes/neumann/nguyen/fedlora/FederatedLLM/epoch_round_tuning_cola_client_count,flora,Linear FLoRA,cola_stratified,CoLA stratified,roberta-base,RoBERTa-base,homo,Homo,20,150,10,10,82,81,0.5596416792460465,0.0,82.07094918504313,1,round_config.json
nguyen repo,/homes/neumann/nguyen/fedlora/FederatedLLM/epoch_round_tuning_cola_client_count,flora,Linear FLoRA,cola_stratified,CoLA stratified,roberta-base,RoBERTa-base,homo,Homo,20,150,10,10,83,82,0.559309315958025,0.0,82.07094918504313,1,round_config.json
nguyen repo,/homes/neumann/nguyen/fedlora/FederatedLLM/epoch_round_tuning_cola_client_count,flora,Linear FLoRA,cola_stratified,CoLA stratified,roberta-base,RoBERTa-base,homo,Homo,20,150,10,10,84,83,0.5515800132380696,0.0,81.78331735378715,1,round_config.json
nguyen repo,/homes/neumann/nguyen/fedlora/FederatedLLM/epoch_round_tuning_cola_client_count,flora,Linear FLoRA,cola_stratified,CoLA stratified,roberta-base,RoBERTa-base,homo,Homo,20,150,10,10,85,84,0.5622061839027462,0.0,82.16682646212847,1,round_config.json
nguyen repo,/homes/neumann/nguyen/fedlora/FederatedLLM/epoch_round_tuning_cola_client_count,flora,Linear FLoRA,cola_stratified,CoLA stratified,roberta-base,RoBERTa-base,homo,Homo,20,150,10,10,86,85,0.5538528183427729,0.0,81.87919463087249,1,round_config.json
nguyen repo,/homes/neumann/nguyen/fedlora/FederatedLLM/epoch_round_tuning_cola_client_count,flora,Linear FLoRA,cola_stratified,CoLA stratified,roberta-base,RoBERTa-base,homo,Homo,20,150,10,10,87,86,0.5538528183427729,0.0,81.87919463087249,1,round_config.json
nguyen repo,/homes/neumann/nguyen/fedlora/FederatedLLM/epoch_round_tuning_cola_client_count,flora,Linear FLoRA,cola_stratified,CoLA stratified,roberta-base,RoBERTa-base,homo,Homo,20,150,10,10,88,87,0.5538528183427729,0.0,81.87919463087249,1,round_config.json
nguyen repo,/homes/neumann/nguyen/fedlora/FederatedLLM/epoch_round_tuning_cola_client_count,flora,Linear FLoRA,cola_stratified,CoLA stratified,roberta-base,RoBERTa-base,homo,Homo,20,150,10,10,89,88,0.5486812940978261,0.0,81.68744007670182,1,round_config.json
nguyen repo,/homes/neumann/nguyen/fedlora/FederatedLLM/epoch_round_tuning_cola_client_count,flora,Linear FLoRA,cola_stratified,CoLA stratified,roberta-base,RoBERTa-base,homo,Homo,20,150,10,10,90,89,0.5509861945620832,0.0,81.78331735378715,1,round_config.json
nguyen repo,/homes/neumann/nguyen/fedlora/FederatedLLM/epoch_round_tuning_cola_client_count,flora,Linear FLoRA,cola_stratified,CoLA stratified,roberta-base,RoBERTa-base,homo,Homo,20,150,10,10,91,90,0.5512696056141492,0.0,81.78331735378715,1,round_config.json
nguyen repo,/homes/neumann/nguyen/fedlora/FederatedLLM/epoch_round_tuning_cola_client_count,flora,Linear FLoRA,cola_stratified,CoLA stratified,roberta-base,RoBERTa-base,homo,Homo,20,150,10,10,92,91,0.5622061839027462,0.0,82.16682646212847,1,round_config.json
nguyen repo,/homes/neumann/nguyen/fedlora/FederatedLLM/epoch_round_tuning_cola_client_count,flora,Linear FLoRA,cola_stratified,CoLA stratified,roberta-base,RoBERTa-base,homo,Homo,20,150,10,10,93,92,0.5567378947584477,0.0,81.97507190795783,1,round_config.json
nguyen repo,/homes/neumann/nguyen/fedlora/FederatedLLM/epoch_round_tuning_cola_client_count,flora,Linear FLoRA,cola_stratified,CoLA stratified,roberta-base,RoBERTa-base,homo,Homo,20,150,10,10,94,93,0.5548623104225698,0.0,81.87919463087249,1,round_config.json
nguyen repo,/homes/neumann/nguyen/fedlora/FederatedLLM/epoch_round_tuning_cola_client_count,flora,Linear FLoRA,cola_stratified,CoLA stratified,roberta-base,RoBERTa-base,homo,Homo,20,150,10,10,95,94,0.5512696056141492,0.0,81.78331735378715,1,round_config.json
nguyen repo,/homes/neumann/nguyen/fedlora/FederatedLLM/epoch_round_tuning_cola_client_count,flora,Linear FLoRA,cola_stratified,CoLA stratified,roberta-base,RoBERTa-base,homo,Homo,20,150,10,10,96,95,0.56805664154049,0.0,82.35858101629914,1,round_config.json
nguyen repo,/homes/neumann/nguyen/fedlora/FederatedLLM/epoch_round_tuning_cola_client_count,flora,Linear FLoRA,cola_stratified,CoLA stratified,roberta-base,RoBERTa-base,homo,Homo,20,150,10,10,97,96,0.559309315958025,0.0,82.07094918504313,1,round_config.json
nguyen repo,/homes/neumann/nguyen/fedlora/FederatedLLM/epoch_round_tuning_cola_client_count,flora,Linear FLoRA,cola_stratified,CoLA stratified,roberta-base,RoBERTa-base,homo,Homo,20,150,10,10,98,97,0.5567378947584477,0.0,81.97507190795783,1,round_config.json
nguyen repo,/homes/neumann/nguyen/fedlora/FederatedLLM/epoch_round_tuning_cola_client_count,flora,Linear FLoRA,cola_stratified,CoLA stratified,roberta-base,RoBERTa-base,homo,Homo,20,150,10,10,99,98,0.5567378947584477,0.0,81.97507190795783,1,round_config.json
nguyen repo,/homes/neumann/nguyen/fedlora/FederatedLLM/epoch_round_tuning_cola_client_count,flora,Linear FLoRA,cola_stratified,CoLA stratified,roberta-base,RoBERTa-base,homo,Homo,20,150,10,10,100,99,0.5486812940978261,0.0,81.68744007670182,1,round_config.json
nguyen repo,/homes/neumann/nguyen/fedlora/FederatedLLM/epoch_round_tuning_cola_client_count,flora,Linear FLoRA,cola_stratified,CoLA stratified,roberta-base,RoBERTa-base,homo,Homo,20,150,10,10,101,100,0.546401550342545,0.0,81.5915627996165,1,round_config.json
nguyen repo,/homes/neumann/nguyen/fedlora/FederatedLLM/epoch_round_tuning_cola_client_count,flora,Linear FLoRA,cola_stratified,CoLA stratified,roberta-base,RoBERTa-base,homo,Homo,20,150,10,10,102,101,0.5486812940978261,0.0,81.68744007670182,1,round_config.json
nguyen repo,/homes/neumann/nguyen/fedlora/FederatedLLM/epoch_round_tuning_cola_client_count,flora,Linear FLoRA,cola_stratified,CoLA stratified,roberta-base,RoBERTa-base,homo,Homo,20,150,10,10,103,102,0.5486812940978261,0.0,81.68744007670182,1,round_config.json
nguyen repo,/homes/neumann/nguyen/fedlora/FederatedLLM/epoch_round_tuning_cola_client_count,flora,Linear FLoRA,cola_stratified,CoLA stratified,roberta-base,RoBERTa-base,homo,Homo,20,150,10,10,104,103,0.5567378947584477,0.0,81.97507190795783,1,round_config.json
nguyen repo,/homes/neumann/nguyen/fedlora/FederatedLLM/epoch_round_tuning_cola_client_count,flora,Linear FLoRA,cola_stratified,CoLA stratified,roberta-base,RoBERTa-base,homo,Homo,20,150,10,10,105,104,0.5618758275359192,0.0,82.16682646212847,1,round_config.json
nguyen repo,/homes/neumann/nguyen/fedlora/FederatedLLM/epoch_round_tuning_cola_client_count,flora,Linear FLoRA,cola_stratified,CoLA stratified,roberta-base,RoBERTa-base,homo,Homo,20,150,10,10,106,105,0.5564310110490012,0.0,81.97507190795783,1,round_config.json
nguyen repo,/homes/neumann/nguyen/fedlora/FederatedLLM/epoch_round_tuning_cola_client_count,flora,Linear FLoRA,cola_stratified,CoLA stratified,roberta-base,RoBERTa-base,homo,Homo,20,150,10,10,107,106,0.558725817965338,0.0,82.07094918504313,1,round_config.json
nguyen repo,/homes/neumann/nguyen/fedlora/FederatedLLM/epoch_round_tuning_cola_client_count,flora,Linear FLoRA,cola_stratified,CoLA stratified,roberta-base,RoBERTa-base,homo,Homo,20,150,10,10,108,107,0.5538528183427729,0.0,81.87919463087249,1,round_config.json
nguyen repo,/homes/neumann/nguyen/fedlora/FederatedLLM/epoch_round_tuning_cola_client_count,flora,Linear FLoRA,cola_stratified,CoLA stratified,roberta-base,RoBERTa-base,homo,Homo,20,150,10,10,109,108,0.5644375055893357,0.0,82.2627037392138,1,round_config.json
nguyen repo,/homes/neumann/nguyen/fedlora/FederatedLLM/epoch_round_tuning_cola_client_count,flora,Linear FLoRA,cola_stratified,CoLA stratified,roberta-base,RoBERTa-base,homo,Homo,20,150,10,10,110,109,0.5561508659240181,0.0,81.97507190795783,1,round_config.json
nguyen repo,/homes/neumann/nguyen/fedlora/FederatedLLM/epoch_round_tuning_cola_client_count,flora,Linear FLoRA,cola_stratified,CoLA stratified,roberta-base,RoBERTa-base,homo,Homo,20,150,10,10,111,110,0.5618758275359192,0.0,82.16682646212847,1,round_config.json
nguyen repo,/homes/neumann/nguyen/fedlora/FederatedLLM/epoch_round_tuning_cola_client_count,flora,Linear FLoRA,cola_stratified,CoLA stratified,roberta-base,RoBERTa-base,homo,Homo,20,150,10,10,112,111,0.5590042613014093,0.0,82.07094918504313,1,round_config.json
nguyen repo,/homes/neumann/nguyen/fedlora/FederatedLLM/epoch_round_tuning_cola_client_count,flora,Linear FLoRA,cola_stratified,CoLA stratified,roberta-base,RoBERTa-base,homo,Homo,20,150,10,10,113,112,0.5638613324305274,0.0,82.2627037392138,1,round_config.json
nguyen repo,/homes/neumann/nguyen/fedlora/FederatedLLM/epoch_round_tuning_cola_client_count,flora,Linear FLoRA,cola_stratified,CoLA stratified,roberta-base,RoBERTa-base,homo,Homo,20,150,10,10,114,113,0.5664220425772281,0.0,82.35858101629914,1,round_config.json
nguyen repo,/homes/neumann/nguyen/fedlora/FederatedLLM/epoch_round_tuning_cola_client_count,flora,Linear FLoRA,cola_stratified,CoLA stratified,roberta-base,RoBERTa-base,homo,Homo,20,150,10,10,115,114,0.5618758275359192,0.0,82.16682646212847,1,round_config.json
nguyen repo,/homes/neumann/nguyen/fedlora/FederatedLLM/epoch_round_tuning_cola_client_count,flora,Linear FLoRA,cola_stratified,CoLA stratified,roberta-base,RoBERTa-base,homo,Homo,20,150,10,10,116,115,0.5564310110490012,0.0,81.97507190795783,1,round_config.json
nguyen repo,/homes/neumann/nguyen/fedlora/FederatedLLM/epoch_round_tuning_cola_client_count,flora,Linear FLoRA,cola_stratified,CoLA stratified,roberta-base,RoBERTa-base,homo,Homo,20,150,10,10,117,116,0.558725817965338,0.0,82.07094918504313,1,round_config.json
nguyen repo,/homes/neumann/nguyen/fedlora/FederatedLLM/epoch_round_tuning_cola_client_count,flora,Linear FLoRA,cola_stratified,CoLA stratified,roberta-base,RoBERTa-base,homo,Homo,20,150,10,10,118,117,0.5618758275359192,0.0,82.16682646212847,1,round_config.json
nguyen repo,/homes/neumann/nguyen/fedlora/FederatedLLM/epoch_round_tuning_cola_client_count,flora,Linear FLoRA,cola_stratified,CoLA stratified,roberta-base,RoBERTa-base,homo,Homo,20,150,10,10,119,118,0.5561508659240181,0.0,81.97507190795783,1,round_config.json
nguyen repo,/homes/neumann/nguyen/fedlora/FederatedLLM/epoch_round_tuning_cola_client_count,flora,Linear FLoRA,cola_stratified,CoLA stratified,roberta-base,RoBERTa-base,homo,Homo,20,150,10,10,120,119,0.5590042613014093,0.0,82.07094918504313,1,round_config.json
nguyen repo,/homes/neumann/nguyen/fedlora/FederatedLLM/epoch_round_tuning_cola_client_count,flora,Linear FLoRA,cola_stratified,CoLA stratified,roberta-base,RoBERTa-base,homo,Homo,20,150,10,10,121,120,0.5669944250738059,0.0,82.35858101629914,1,round_config.json
nguyen repo,/homes/neumann/nguyen/fedlora/FederatedLLM/epoch_round_tuning_cola_client_count,flora,Linear FLoRA,cola_stratified,CoLA stratified,roberta-base,RoBERTa-base,homo,Homo,20,150,10,10,122,121,0.5512696056141492,0.0,81.78331735378715,1,round_config.json
nguyen repo,/homes/neumann/nguyen/fedlora/FederatedLLM/epoch_round_tuning_cola_client_count,flora,Linear FLoRA,cola_stratified,CoLA stratified,roberta-base,RoBERTa-base,homo,Homo,20,150,10,10,123,122,0.5535710170134831,0.0,81.87919463087249,1,round_config.json
nguyen repo,/homes/neumann/nguyen/fedlora/FederatedLLM/epoch_round_tuning_cola_client_count,flora,Linear FLoRA,cola_stratified,CoLA stratified,roberta-base,RoBERTa-base,homo,Homo,20,150,10,10,124,123,0.559309315958025,0.0,82.07094918504313,1,round_config.json
nguyen repo,/homes/neumann/nguyen/fedlora/FederatedLLM/epoch_round_tuning_cola_client_count,flora,Linear FLoRA,cola_stratified,CoLA stratified,roberta-base,RoBERTa-base,homo,Homo,20,150,10,10,125,124,0.5590042613014093,0.0,82.07094918504313,1,round_config.json
nguyen repo,/homes/neumann/nguyen/fedlora/FederatedLLM/epoch_round_tuning_cola_client_count,flora,Linear FLoRA,cola_stratified,CoLA stratified,roberta-base,RoBERTa-base,homo,Homo,20,150,10,10,126,125,0.5618758275359192,0.0,82.16682646212847,1,round_config.json
nguyen repo,/homes/neumann/nguyen/fedlora/FederatedLLM/epoch_round_tuning_cola_client_count,flora,Linear FLoRA,cola_stratified,CoLA stratified,roberta-base,RoBERTa-base,homo,Homo,20,150,10,10,127,126,0.5644375055893357,0.0,82.2627037392138,1,round_config.json
nguyen repo,/homes/neumann/nguyen/fedlora/FederatedLLM/epoch_round_tuning_cola_client_count,flora,Linear FLoRA,cola_stratified,CoLA stratified,roberta-base,RoBERTa-base,homo,Homo,20,150,10,10,128,127,0.5535710170134831,0.0,81.87919463087249,1,round_config.json
nguyen repo,/homes/neumann/nguyen/fedlora/FederatedLLM/epoch_round_tuning_cola_client_count,flora,Linear FLoRA,cola_stratified,CoLA stratified,roberta-base,RoBERTa-base,homo,Homo,20,150,10,10,129,128,0.5561508659240181,0.0,81.97507190795783,1,round_config.json
nguyen repo,/homes/neumann/nguyen/fedlora/FederatedLLM/epoch_round_tuning_cola_client_count,flora,Linear FLoRA,cola_stratified,CoLA stratified,roberta-base,RoBERTa-base,homo,Homo,20,150,10,10,130,129,0.5644375055893357,0.0,82.2627037392138,1,round_config.json
nguyen repo,/homes/neumann/nguyen/fedlora/FederatedLLM/epoch_round_tuning_cola_client_count,ffa,Nonlinear FFA,cola_stratified,CoLA stratified,roberta-base,RoBERTa-base,homo,Homo,20,150,10,10,1,0,0.2476610227954736,0.0,72.09971236816874,1,round_config.json
nguyen repo,/homes/neumann/nguyen/fedlora/FederatedLLM/epoch_round_tuning_cola_client_count,ffa,Nonlinear FFA,cola_stratified,CoLA stratified,roberta-base,RoBERTa-base,homo,Homo,20,150,10,10,2,1,0.39115189444626813,0.0,76.22243528283796,1,round_config.json
nguyen repo,/homes/neumann/nguyen/fedlora/FederatedLLM/epoch_round_tuning_cola_client_count,ffa,Nonlinear FFA,cola_stratified,CoLA stratified,roberta-base,RoBERTa-base,homo,Homo,20,150,10,10,3,2,0.43621392289006267,0.0,77.75647171620325,1,round_config.json
nguyen repo,/homes/neumann/nguyen/fedlora/FederatedLLM/epoch_round_tuning_cola_client_count,ffa,Nonlinear FFA,cola_stratified,CoLA stratified,roberta-base,RoBERTa-base,homo,Homo,20,150,10,10,4,3,0.46180054207807775,0.0,78.61936720997123,1,round_config.json
nguyen repo,/homes/neumann/nguyen/fedlora/FederatedLLM/epoch_round_tuning_cola_client_count,ffa,Nonlinear FFA,cola_stratified,CoLA stratified,roberta-base,RoBERTa-base,homo,Homo,20,150,10,10,5,4,0.47273368894616746,0.0,79.00287631831256,1,round_config.json
nguyen repo,/homes/neumann/nguyen/fedlora/FederatedLLM/epoch_round_tuning_cola_client_count,ffa,Nonlinear FFA,cola_stratified,CoLA stratified,roberta-base,RoBERTa-base,homo,Homo,20,150,10,10,6,5,0.4917546561024886,0.0,79.67401725790988,1,round_config.json
nguyen repo,/homes/neumann/nguyen/fedlora/FederatedLLM/epoch_round_tuning_cola_client_count,ffa,Nonlinear FFA,cola_stratified,CoLA stratified,roberta-base,RoBERTa-base,homo,Homo,20,150,10,10,7,6,0.5079531963854501,0.0,80.24928092042187,1,round_config.json
nguyen repo,/homes/neumann/nguyen/fedlora/FederatedLLM/epoch_round_tuning_cola_client_count,ffa,Nonlinear FFA,cola_stratified,CoLA stratified,roberta-base,RoBERTa-base,homo,Homo,20,150,10,10,8,7,0.518459870748358,0.0,80.63279002876318,1,round_config.json
nguyen repo,/homes/neumann/nguyen/fedlora/FederatedLLM/epoch_round_tuning_cola_client_count,ffa,Nonlinear FFA,cola_stratified,CoLA stratified,roberta-base,RoBERTa-base,homo,Homo,20,150,10,10,9,8,0.5209715512859253,0.0,80.72866730584852,1,round_config.json
nguyen repo,/homes/neumann/nguyen/fedlora/FederatedLLM/epoch_round_tuning_cola_client_count,ffa,Nonlinear FFA,cola_stratified,CoLA stratified,roberta-base,RoBERTa-base,homo,Homo,20,150,10,10,10,9,0.523501779881147,0.0,80.82454458293384,1,round_config.json
nguyen repo,/homes/neumann/nguyen/fedlora/FederatedLLM/epoch_round_tuning_cola_client_count,ffa,Nonlinear FFA,cola_stratified,CoLA stratified,roberta-base,RoBERTa-base,homo,Homo,20,150,10,10,11,10,0.5260499940984096,0.0,80.92042186001918,1,round_config.json
nguyen repo,/homes/neumann/nguyen/fedlora/FederatedLLM/epoch_round_tuning_cola_client_count,ffa,Nonlinear FFA,cola_stratified,CoLA stratified,roberta-base,RoBERTa-base,homo,Homo,20,150,10,10,12,11,0.5339494412838712,0.0,81.20805369127517,1,round_config.json
nguyen repo,/homes/neumann/nguyen/fedlora/FederatedLLM/epoch_round_tuning_cola_client_count,ffa,Nonlinear FFA,cola_stratified,CoLA stratified,roberta-base,RoBERTa-base,homo,Homo,20,150,10,10,13,12,0.5446169750397436,0.0,81.5915627996165,1,round_config.json
nguyen repo,/homes/neumann/nguyen/fedlora/FederatedLLM/epoch_round_tuning_cola_client_count,ffa,Nonlinear FFA,cola_stratified,CoLA stratified,roberta-base,RoBERTa-base,homo,Homo,20,150,10,10,14,13,0.5392832081618074,0.0,81.39980824544583,1,round_config.json
nguyen repo,/homes/neumann/nguyen/fedlora/FederatedLLM/epoch_round_tuning_cola_client_count,ffa,Nonlinear FFA,cola_stratified,CoLA stratified,roberta-base,RoBERTa-base,homo,Homo,20,150,10,10,15,14,0.5339494412838712,0.0,81.20805369127517,1,round_config.json
nguyen repo,/homes/neumann/nguyen/fedlora/FederatedLLM/epoch_round_tuning_cola_client_count,ffa,Nonlinear FFA,cola_stratified,CoLA stratified,roberta-base,RoBERTa-base,homo,Homo,20,150,10,10,16,15,0.5313214843751437,0.0,81.11217641418985,1,round_config.json
nguyen repo,/homes/neumann/nguyen/fedlora/FederatedLLM/epoch_round_tuning_cola_client_count,ffa,Nonlinear FFA,cola_stratified,CoLA stratified,roberta-base,RoBERTa-base,homo,Homo,20,150,10,10,17,16,0.5338774230813111,0.0,81.20805369127517,1,round_config.json
nguyen repo,/homes/neumann/nguyen/fedlora/FederatedLLM/epoch_round_tuning_cola_client_count,ffa,Nonlinear FFA,cola_stratified,CoLA stratified,roberta-base,RoBERTa-base,homo,Homo,20,150,10,10,18,17,0.5365723103616664,0.0,81.30393096836049,1,round_config.json
nguyen repo,/homes/neumann/nguyen/fedlora/FederatedLLM/epoch_round_tuning_cola_client_count,ffa,Nonlinear FFA,cola_stratified,CoLA stratified,roberta-base,RoBERTa-base,homo,Homo,20,150,10,10,19,18,0.5366659048957605,0.0,81.30393096836049,1,round_config.json
nguyen repo,/homes/neumann/nguyen/fedlora/FederatedLLM/epoch_round_tuning_cola_client_count,ffa,Nonlinear FFA,cola_stratified,CoLA stratified,roberta-base,RoBERTa-base,homo,Homo,20,150,10,10,20,19,0.5340435327165364,0.0,81.20805369127517,1,round_config.json
nguyen repo,/homes/neumann/nguyen/fedlora/FederatedLLM/epoch_round_tuning_cola_client_count,ffa,Nonlinear FFA,cola_stratified,CoLA stratified,roberta-base,RoBERTa-base,homo,Homo,20,150,10,10,21,20,0.5314160137547841,0.0,81.11217641418985,1,round_config.json
nguyen repo,/homes/neumann/nguyen/fedlora/FederatedLLM/epoch_round_tuning_cola_client_count,ffa,Nonlinear FFA,cola_stratified,CoLA stratified,roberta-base,RoBERTa-base,homo,Homo,20,150,10,10,22,21,0.5314160137547841,0.0,81.11217641418985,1,round_config.json
nguyen repo,/homes/neumann/nguyen/fedlora/FederatedLLM/epoch_round_tuning_cola_client_count,ffa,Nonlinear FFA,cola_stratified,CoLA stratified,roberta-base,RoBERTa-base,homo,Homo,20,150,10,10,23,22,0.5340435327165364,0.0,81.20805369127517,1,round_config.json
nguyen repo,/homes/neumann/nguyen/fedlora/FederatedLLM/epoch_round_tuning_cola_client_count,ffa,Nonlinear FFA,cola_stratified,CoLA stratified,roberta-base,RoBERTa-base,homo,Homo,20,150,10,10,24,23,0.5366659048957605,0.0,81.30393096836049,1,round_config.json
nguyen repo,/homes/neumann/nguyen/fedlora/FederatedLLM/epoch_round_tuning_cola_client_count,ffa,Nonlinear FFA,cola_stratified,CoLA stratified,roberta-base,RoBERTa-base,homo,Homo,20,150,10,10,25,24,0.5366659048957605,0.0,81.30393096836049,1,round_config.json
nguyen repo,/homes/neumann/nguyen/fedlora/FederatedLLM/epoch_round_tuning_cola_client_count,ffa,Nonlinear FFA,cola_stratified,CoLA stratified,roberta-base,RoBERTa-base,homo,Homo,20,150,10,10,26,25,0.5339494412838712,0.0,81.20805369127517,1,round_config.json
nguyen repo,/homes/neumann/nguyen/fedlora/FederatedLLM/epoch_round_tuning_cola_client_count,ffa,Nonlinear FFA,cola_stratified,CoLA stratified,roberta-base,RoBERTa-base,homo,Homo,20,150,10,10,27,26,0.5312491014766616,0.0,81.11217641418985,1,round_config.json
nguyen repo,/homes/neumann/nguyen/fedlora/FederatedLLM/epoch_round_tuning_cola_client_count,ffa,Nonlinear FFA,cola_stratified,CoLA stratified,roberta-base,RoBERTa-base,homo,Homo,20,150,10,10,28,27,0.5339494412838712,0.0,81.20805369127517,1,round_config.json
nguyen repo,/homes/neumann/nguyen/fedlora/FederatedLLM/epoch_round_tuning_cola_client_count,ffa,Nonlinear FFA,cola_stratified,CoLA stratified,roberta-base,RoBERTa-base,homo,Homo,20,150,10,10,29,28,0.5338774230813111,0.0,81.20805369127517,1,round_config.json
nguyen repo,/homes/neumann/nguyen/fedlora/FederatedLLM/epoch_round_tuning_cola_client_count,ffa,Nonlinear FFA,cola_stratified,CoLA stratified,roberta-base,RoBERTa-base,homo,Homo,20,150,10,10,30,29,0.5311983410233877,0.0,81.11217641418985,1,round_config.json
nguyen repo,/homes/neumann/nguyen/fedlora/FederatedLLM/epoch_round_tuning_cola_client_count,ffa,Nonlinear FFA,cola_stratified,CoLA stratified,roberta-base,RoBERTa-base,homo,Homo,20,150,10,10,31,30,0.5338774230813111,0.0,81.20805369127517,1,round_config.json
nguyen repo,/homes/neumann/nguyen/fedlora/FederatedLLM/epoch_round_tuning_cola_client_count,ffa,Nonlinear FFA,cola_stratified,CoLA stratified,roberta-base,RoBERTa-base,homo,Homo,20,150,10,10,32,31,0.5338774230813111,0.0,81.20805369127517,1,round_config.json
nguyen repo,/homes/neumann/nguyen/fedlora/FederatedLLM/epoch_round_tuning_cola_client_count,ffa,Nonlinear FFA,cola_stratified,CoLA stratified,roberta-base,RoBERTa-base,homo,Homo,20,150,10,10,33,32,0.5338774230813111,0.0,81.20805369127517,1,round_config.json
nguyen repo,/homes/neumann/nguyen/fedlora/FederatedLLM/epoch_round_tuning_cola_client_count,ffa,Nonlinear FFA,cola_stratified,CoLA stratified,roberta-base,RoBERTa-base,homo,Homo,20,150,10,10,34,33,0.5286156744059349,0.0,81.01629913710451,1,round_config.json
nguyen repo,/homes/neumann/nguyen/fedlora/FederatedLLM/epoch_round_tuning_cola_client_count,ffa,Nonlinear FFA,cola_stratified,CoLA stratified,roberta-base,RoBERTa-base,homo,Homo,20,150,10,10,35,34,0.5286156744059349,0.0,81.01629913710451,1,round_config.json
nguyen repo,/homes/neumann/nguyen/fedlora/FederatedLLM/epoch_round_tuning_cola_client_count,ffa,Nonlinear FFA,cola_stratified,CoLA stratified,roberta-base,RoBERTa-base,homo,Homo,20,150,10,10,36,35,0.5285646777370838,0.0,81.01629913710451,1,round_config.json
nguyen repo,/homes/neumann/nguyen/fedlora/FederatedLLM/epoch_round_tuning_cola_client_count,ffa,Nonlinear FFA,cola_stratified,CoLA stratified,roberta-base,RoBERTa-base,homo,Homo,20,150,10,10,37,36,0.5285646777370838,0.0,81.01629913710451,1,round_config.json
nguyen repo,/homes/neumann/nguyen/fedlora/FederatedLLM/epoch_round_tuning_cola_client_count,ffa,Nonlinear FFA,cola_stratified,CoLA stratified,roberta-base,RoBERTa-base,homo,Homo,20,150,10,10,38,37,0.5338774230813111,0.0,81.20805369127517,1,round_config.json
nguyen repo,/homes/neumann/nguyen/fedlora/FederatedLLM/epoch_round_tuning_cola_client_count,ffa,Nonlinear FFA,cola_stratified,CoLA stratified,roberta-base,RoBERTa-base,homo,Homo,20,150,10,10,39,38,0.5338774230813111,0.0,81.20805369127517,1,round_config.json
nguyen repo,/homes/neumann/nguyen/fedlora/FederatedLLM/epoch_round_tuning_cola_client_count,ffa,Nonlinear FFA,cola_stratified,CoLA stratified,roberta-base,RoBERTa-base,homo,Homo,20,150,10,10,40,39,0.5259258925916567,0.0,80.92042186001918,1,round_config.json
nguyen repo,/homes/neumann/nguyen/fedlora/FederatedLLM/epoch_round_tuning_cola_client_count,ffa,Nonlinear FFA,cola_stratified,CoLA stratified,roberta-base,RoBERTa-base,homo,Homo,20,150,10,10,41,40,0.5259258925916567,0.0,80.92042186001918,1,round_config.json
nguyen repo,/homes/neumann/nguyen/fedlora/FederatedLLM/epoch_round_tuning_cola_client_count,ffa,Nonlinear FFA,cola_stratified,CoLA stratified,roberta-base,RoBERTa-base,homo,Homo,20,150,10,10,42,41,0.5259258925916567,0.0,80.92042186001918,1,round_config.json
nguyen repo,/homes/neumann/nguyen/fedlora/FederatedLLM/epoch_round_tuning_cola_client_count,ffa,Nonlinear FFA,cola_stratified,CoLA stratified,roberta-base,RoBERTa-base,homo,Homo,20,150,10,10,43,42,0.5259770638545269,0.0,80.92042186001918,1,round_config.json
nguyen repo,/homes/neumann/nguyen/fedlora/FederatedLLM/epoch_round_tuning_cola_client_count,ffa,Nonlinear FFA,cola_stratified,CoLA stratified,roberta-base,RoBERTa-base,homo,Homo,20,150,10,10,44,43,0.5233331906511532,0.0,80.82454458293384,1,round_config.json
nguyen repo,/homes/neumann/nguyen/fedlora/FederatedLLM/epoch_round_tuning_cola_client_count,ffa,Nonlinear FFA,cola_stratified,CoLA stratified,roberta-base,RoBERTa-base,homo,Homo,20,150,10,10,45,44,0.51802933366438,0.0,80.63279002876318,1,round_config.json
nguyen repo,/homes/neumann/nguyen/fedlora/FederatedLLM/epoch_round_tuning_cola_client_count,ffa,Nonlinear FFA,cola_stratified,CoLA stratified,roberta-base,RoBERTa-base,homo,Homo,20,150,10,10,46,45,0.51802933366438,0.0,80.63279002876318,1,round_config.json
nguyen repo,/homes/neumann/nguyen/fedlora/FederatedLLM/epoch_round_tuning_cola_client_count,ffa,Nonlinear FFA,cola_stratified,CoLA stratified,roberta-base,RoBERTa-base,homo,Homo,20,150,10,10,47,46,0.5153179547856604,0.0,80.53691275167785,1,round_config.json
nguyen repo,/homes/neumann/nguyen/fedlora/FederatedLLM/epoch_round_tuning_cola_client_count,ffa,Nonlinear FFA,cola_stratified,CoLA stratified,roberta-base,RoBERTa-base,homo,Homo,20,150,10,10,48,47,0.5232819075279987,0.0,80.82454458293384,1,round_config.json
nguyen repo,/homes/neumann/nguyen/fedlora/FederatedLLM/epoch_round_tuning_cola_client_count,ffa,Nonlinear FFA,cola_stratified,CoLA stratified,roberta-base,RoBERTa-base,homo,Homo,20,150,10,10,49,48,0.5259770638545269,0.0,80.92042186001918,1,round_config.json
nguyen repo,/homes/neumann/nguyen/fedlora/FederatedLLM/epoch_round_tuning_cola_client_count,ffa,Nonlinear FFA,cola_stratified,CoLA stratified,roberta-base,RoBERTa-base,homo,Homo,20,150,10,10,50,49,0.5312491014766616,0.0,81.11217641418985,1,round_config.json
nguyen repo,/homes/neumann/nguyen/fedlora/FederatedLLM/epoch_round_tuning_cola_client_count,ffa,Nonlinear FFA,cola_stratified,CoLA stratified,roberta-base,RoBERTa-base,homo,Homo,20,150,10,10,51,50,0.5312491014766616,0.0,81.11217641418985,1,round_config.json
nguyen repo,/homes/neumann/nguyen/fedlora/FederatedLLM/epoch_round_tuning_cola_client_count,ffa,Nonlinear FFA,cola_stratified,CoLA stratified,roberta-base,RoBERTa-base,homo,Homo,20,150,10,10,52,51,0.5313214843751437,0.0,81.11217641418985,1,round_config.json
nguyen repo,/homes/neumann/nguyen/fedlora/FederatedLLM/epoch_round_tuning_cola_client_count,ffa,Nonlinear FFA,cola_stratified,CoLA stratified,roberta-base,RoBERTa-base,homo,Homo,20,150,10,10,53,52,0.5286883616838448,0.0,81.01629913710451,1,round_config.json
nguyen repo,/homes/neumann/nguyen/fedlora/FederatedLLM/epoch_round_tuning_cola_client_count,ffa,Nonlinear FFA,cola_stratified,CoLA stratified,roberta-base,RoBERTa-base,homo,Homo,20,150,10,10,54,53,0.5313214843751437,0.0,81.11217641418985,1,round_config.json
nguyen repo,/homes/neumann/nguyen/fedlora/FederatedLLM/epoch_round_tuning_cola_client_count,ffa,Nonlinear FFA,cola_stratified,CoLA stratified,roberta-base,RoBERTa-base,homo,Homo,20,150,10,10,55,54,0.5340435327165364,0.0,81.20805369127517,1,round_config.json
nguyen repo,/homes/neumann/nguyen/fedlora/FederatedLLM/epoch_round_tuning_cola_client_count,ffa,Nonlinear FFA,cola_stratified,CoLA stratified,roberta-base,RoBERTa-base,homo,Homo,20,150,10,10,56,55,0.5286883616838448,0.0,81.01629913710451,1,round_config.json
nguyen repo,/homes/neumann/nguyen/fedlora/FederatedLLM/epoch_round_tuning_cola_client_count,ffa,Nonlinear FFA,cola_stratified,CoLA stratified,roberta-base,RoBERTa-base,homo,Homo,20,150,10,10,57,56,0.5339494412838712,0.0,81.20805369127517,1,round_config.json
nguyen repo,/homes/neumann/nguyen/fedlora/FederatedLLM/epoch_round_tuning_cola_client_count,ffa,Nonlinear FFA,cola_stratified,CoLA stratified,roberta-base,RoBERTa-base,homo,Homo,20,150,10,10,58,57,0.5338774230813111,0.0,81.20805369127517,1,round_config.json
nguyen repo,/homes/neumann/nguyen/fedlora/FederatedLLM/epoch_round_tuning_cola_client_count,ffa,Nonlinear FFA,cola_stratified,CoLA stratified,roberta-base,RoBERTa-base,homo,Homo,20,150,10,10,59,58,0.5365007161029405,0.0,81.30393096836049,1,round_config.json
nguyen repo,/homes/neumann/nguyen/fedlora/FederatedLLM/epoch_round_tuning_cola_client_count,ffa,Nonlinear FFA,cola_stratified,CoLA stratified,roberta-base,RoBERTa-base,homo,Homo,20,150,10,10,60,59,0.5338774230813111,0.0,81.20805369127517,1,round_config.json
nguyen repo,/homes/neumann/nguyen/fedlora/FederatedLLM/epoch_round_tuning_cola_client_count,ffa,Nonlinear FFA,cola_stratified,CoLA stratified,roberta-base,RoBERTa-base,homo,Homo,20,150,10,10,61,60,0.5365007161029405,0.0,81.30393096836049,1,round_config.json
nguyen repo,/homes/neumann/nguyen/fedlora/FederatedLLM/epoch_round_tuning_cola_client_count,ffa,Nonlinear FFA,cola_stratified,CoLA stratified,roberta-base,RoBERTa-base,homo,Homo,20,150,10,10,62,61,0.5312491014766616,0.0,81.11217641418985,1,round_config.json
nguyen repo,/homes/neumann/nguyen/fedlora/FederatedLLM/epoch_round_tuning_cola_client_count,ffa,Nonlinear FFA,cola_stratified,CoLA stratified,roberta-base,RoBERTa-base,homo,Homo,20,150,10,10,63,62,0.5365007161029405,0.0,81.30393096836049,1,round_config.json
nguyen repo,/homes/neumann/nguyen/fedlora/FederatedLLM/epoch_round_tuning_cola_client_count,ffa,Nonlinear FFA,cola_stratified,CoLA stratified,roberta-base,RoBERTa-base,homo,Homo,20,150,10,10,64,63,0.5365007161029405,0.0,81.30393096836049,1,round_config.json
nguyen repo,/homes/neumann/nguyen/fedlora/FederatedLLM/epoch_round_tuning_cola_client_count,ffa,Nonlinear FFA,cola_stratified,CoLA stratified,roberta-base,RoBERTa-base,homo,Homo,20,150,10,10,65,64,0.5391190563175304,0.0,81.39980824544583,1,round_config.json
nguyen repo,/homes/neumann/nguyen/fedlora/FederatedLLM/epoch_round_tuning_cola_client_count,ffa,Nonlinear FFA,cola_stratified,CoLA stratified,roberta-base,RoBERTa-base,homo,Homo,20,150,10,10,66,65,0.5338269593815457,0.0,81.20805369127517,1,round_config.json
nguyen repo,/homes/neumann/nguyen/fedlora/FederatedLLM/epoch_round_tuning_cola_client_count,ffa,Nonlinear FFA,cola_stratified,CoLA stratified,roberta-base,RoBERTa-base,homo,Homo,20,150,10,10,67,66,0.5311686988596115,0.0,81.11217641418985,1,round_config.json
nguyen repo,/homes/neumann/nguyen/fedlora/FederatedLLM/epoch_round_tuning_cola_client_count,ffa,Nonlinear FFA,cola_stratified,CoLA stratified,roberta-base,RoBERTa-base,homo,Homo,20,150,10,10,68,67,0.5365007161029405,0.0,81.30393096836049,1,round_config.json
nguyen repo,/homes/neumann/nguyen/fedlora/FederatedLLM/epoch_round_tuning_cola_client_count,ffa,Nonlinear FFA,cola_stratified,CoLA stratified,roberta-base,RoBERTa-base,homo,Homo,20,150,10,10,69,68,0.5365007161029405,0.0,81.30393096836049,1,round_config.json
nguyen repo,/homes/neumann/nguyen/fedlora/FederatedLLM/epoch_round_tuning_cola_client_count,ffa,Nonlinear FFA,cola_stratified,CoLA stratified,roberta-base,RoBERTa-base,homo,Homo,20,150,10,10,70,69,0.5338774230813111,0.0,81.20805369127517,1,round_config.json
nguyen repo,/homes/neumann/nguyen/fedlora/FederatedLLM/epoch_round_tuning_cola_client_count,ffa,Nonlinear FFA,cola_stratified,CoLA stratified,roberta-base,RoBERTa-base,homo,Homo,20,150,10,10,71,70,0.5312491014766616,0.0,81.11217641418985,1,round_config.json
nguyen repo,/homes/neumann/nguyen/fedlora/FederatedLLM/epoch_round_tuning_cola_client_count,ffa,Nonlinear FFA,cola_stratified,CoLA stratified,roberta-base,RoBERTa-base,homo,Homo,20,150,10,10,72,71,0.5390693635419077,0.0,81.39980824544583,1,round_config.json
nguyen repo,/homes/neumann/nguyen/fedlora/FederatedLLM/epoch_round_tuning_cola_client_count,ffa,Nonlinear FFA,cola_stratified,CoLA stratified,roberta-base,RoBERTa-base,homo,Homo,20,150,10,10,73,72,0.5365007161029405,0.0,81.30393096836049,1,round_config.json
nguyen repo,/homes/neumann/nguyen/fedlora/FederatedLLM/epoch_round_tuning_cola_client_count,ffa,Nonlinear FFA,cola_stratified,CoLA stratified,roberta-base,RoBERTa-base,homo,Homo,20,150,10,10,74,73,0.5418030911824934,0.0,81.49568552253116,1,round_config.json
nguyen repo,/homes/neumann/nguyen/fedlora/FederatedLLM/epoch_round_tuning_cola_client_count,ffa,Nonlinear FFA,cola_stratified,CoLA stratified,roberta-base,RoBERTa-base,homo,Homo,20,150,10,10,75,74,0.547014428196921,0.0,81.68744007670182,1,round_config.json
nguyen repo,/homes/neumann/nguyen/fedlora/FederatedLLM/epoch_round_tuning_cola_client_count,ffa,Nonlinear FFA,cola_stratified,CoLA stratified,roberta-base,RoBERTa-base,homo,Homo,20,150,10,10,76,75,0.5495443671948597,0.0,81.78331735378715,1,round_config.json
nguyen repo,/homes/neumann/nguyen/fedlora/FederatedLLM/epoch_round_tuning_cola_client_count,ffa,Nonlinear FFA,cola_stratified,CoLA stratified,roberta-base,RoBERTa-base,homo,Homo,20,150,10,10,77,76,0.5468969938757886,0.0,81.68744007670182,1,round_config.json
nguyen repo,/homes/neumann/nguyen/fedlora/FederatedLLM/epoch_round_tuning_cola_client_count,ffa,Nonlinear FFA,cola_stratified,CoLA stratified,roberta-base,RoBERTa-base,homo,Homo,20,150,10,10,78,77,0.5521390429003941,0.0,81.87919463087249,1,round_config.json
nguyen repo,/homes/neumann/nguyen/fedlora/FederatedLLM/epoch_round_tuning_cola_client_count,ffa,Nonlinear FFA,cola_stratified,CoLA stratified,roberta-base,RoBERTa-base,homo,Homo,20,150,10,10,79,78,0.5443411760365089,0.0,81.5915627996165,1,round_config.json
nguyen repo,/homes/neumann/nguyen/fedlora/FederatedLLM/epoch_round_tuning_cola_client_count,ffa,Nonlinear FFA,cola_stratified,CoLA stratified,roberta-base,RoBERTa-base,homo,Homo,20,150,10,10,80,79,0.5337975510473064,0.0,81.20805369127517,1,round_config.json
nguyen repo,/homes/neumann/nguyen/fedlora/FederatedLLM/epoch_round_tuning_cola_client_count,ffa,Nonlinear FFA,cola_stratified,CoLA stratified,roberta-base,RoBERTa-base,homo,Homo,20,150,10,10,81,80,0.5521390429003941,0.0,81.87919463087249,1,round_config.json
nguyen repo,/homes/neumann/nguyen/fedlora/FederatedLLM/epoch_round_tuning_cola_client_count,ffa,Nonlinear FFA,cola_stratified,CoLA stratified,roberta-base,RoBERTa-base,homo,Homo,20,150,10,10,82,81,0.5390693635419077,0.0,81.39980824544583,1,round_config.json
nguyen repo,/homes/neumann/nguyen/fedlora/FederatedLLM/epoch_round_tuning_cola_client_count,ffa,Nonlinear FFA,cola_stratified,CoLA stratified,roberta-base,RoBERTa-base,homo,Homo,20,150,10,10,83,82,0.5390406008281052,0.0,81.39980824544583,1,round_config.json
nguyen repo,/homes/neumann/nguyen/fedlora/FederatedLLM/epoch_round_tuning_cola_client_count,ffa,Nonlinear FFA,cola_stratified,CoLA stratified,roberta-base,RoBERTa-base,homo,Homo,20,150,10,10,84,83,0.533788717644728,0.0,81.20805369127517,1,round_config.json
nguyen repo,/homes/neumann/nguyen/fedlora/FederatedLLM/epoch_round_tuning_cola_client_count,ffa,Nonlinear FFA,cola_stratified,CoLA stratified,roberta-base,RoBERTa-base,homo,Homo,20,150,10,10,85,84,0.5364214937932232,0.0,81.30393096836049,1,round_config.json
nguyen repo,/homes/neumann/nguyen/fedlora/FederatedLLM/epoch_round_tuning_cola_client_count,ffa,Nonlinear FFA,cola_stratified,CoLA stratified,roberta-base,RoBERTa-base,homo,Homo,20,150,10,10,86,85,0.5443411760365089,0.0,81.5915627996165,1,round_config.json
nguyen repo,/homes/neumann/nguyen/fedlora/FederatedLLM/epoch_round_tuning_cola_client_count,ffa,Nonlinear FFA,cola_stratified,CoLA stratified,roberta-base,RoBERTa-base,homo,Homo,20,150,10,10,87,86,0.5285368344613508,0.0,81.01629913710451,1,round_config.json
nguyen repo,/homes/neumann/nguyen/fedlora/FederatedLLM/epoch_round_tuning_cola_client_count,ffa,Nonlinear FFA,cola_stratified,CoLA stratified,roberta-base,RoBERTa-base,homo,Homo,20,150,10,10,88,87,0.5311596898053897,0.0,81.11217641418985,1,round_config.json
nguyen repo,/homes/neumann/nguyen/fedlora/FederatedLLM/epoch_round_tuning_cola_client_count,ffa,Nonlinear FFA,cola_stratified,CoLA stratified,roberta-base,RoBERTa-base,homo,Homo,20,150,10,10,89,88,0.5390322970786539,0.0,81.39980824544583,1,round_config.json
nguyen repo,/homes/neumann/nguyen/fedlora/FederatedLLM/epoch_round_tuning_cola_client_count,ffa,Nonlinear FFA,cola_stratified,CoLA stratified,roberta-base,RoBERTa-base,homo,Homo,20,150,10,10,90,89,0.5285676961321106,0.0,81.01629913710451,1,round_config.json
nguyen repo,/homes/neumann/nguyen/fedlora/FederatedLLM/epoch_round_tuning_cola_client_count,ffa,Nonlinear FFA,cola_stratified,CoLA stratified,roberta-base,RoBERTa-base,homo,Homo,20,150,10,10,91,90,0.5259287977773666,0.0,80.92042186001918,1,round_config.json
nguyen repo,/homes/neumann/nguyen/fedlora/FederatedLLM/epoch_round_tuning_cola_client_count,ffa,Nonlinear FFA,cola_stratified,CoLA stratified,roberta-base,RoBERTa-base,homo,Homo,20,150,10,10,92,91,0.5311708468019721,0.0,81.11217641418985,1,round_config.json
nguyen repo,/homes/neumann/nguyen/fedlora/FederatedLLM/epoch_round_tuning_cola_client_count,ffa,Nonlinear FFA,cola_stratified,CoLA stratified,roberta-base,RoBERTa-base,homo,Homo,20,150,10,10,93,92,0.5259790835948196,0.0,80.92042186001918,1,round_config.json
nguyen repo,/homes/neumann/nguyen/fedlora/FederatedLLM/epoch_round_tuning_cola_client_count,ffa,Nonlinear FFA,cola_stratified,CoLA stratified,roberta-base,RoBERTa-base,homo,Homo,20,150,10,10,94,93,0.5312017201039245,0.0,81.11217641418985,1,round_config.json
nguyen repo,/homes/neumann/nguyen/fedlora/FederatedLLM/epoch_round_tuning_cola_client_count,ffa,Nonlinear FFA,cola_stratified,CoLA stratified,roberta-base,RoBERTa-base,homo,Homo,20,150,10,10,95,94,0.5207564470857148,0.0,80.72866730584852,1,round_config.json
nguyen repo,/homes/neumann/nguyen/fedlora/FederatedLLM/epoch_round_tuning_cola_client_count,ffa,Nonlinear FFA,cola_stratified,CoLA stratified,roberta-base,RoBERTa-base,homo,Homo,20,150,10,10,96,95,0.5338309424338816,0.0,81.20805369127517,1,round_config.json
nguyen repo,/homes/neumann/nguyen/fedlora/FederatedLLM/epoch_round_tuning_cola_client_count,ffa,Nonlinear FFA,cola_stratified,CoLA stratified,roberta-base,RoBERTa-base,homo,Homo,20,150,10,10,97,96,0.523335395658839,0.0,80.82454458293384,1,round_config.json
nguyen repo,/homes/neumann/nguyen/fedlora/FederatedLLM/epoch_round_tuning_cola_client_count,ffa,Nonlinear FFA,cola_stratified,CoLA stratified,roberta-base,RoBERTa-base,homo,Homo,20,150,10,10,98,97,0.5259287977773666,0.0,80.92042186001918,1,round_config.json
nguyen repo,/homes/neumann/nguyen/fedlora/FederatedLLM/epoch_round_tuning_cola_client_count,ffa,Nonlinear FFA,cola_stratified,CoLA stratified,roberta-base,RoBERTa-base,homo,Homo,20,150,10,10,99,98,0.5286178863044644,0.0,81.01629913710451,1,round_config.json
nguyen repo,/homes/neumann/nguyen/fedlora/FederatedLLM/epoch_round_tuning_cola_client_count,ffa,Nonlinear FFA,cola_stratified,CoLA stratified,roberta-base,RoBERTa-base,homo,Homo,20,150,10,10,100,99,0.5259790835948196,0.0,80.92042186001918,1,round_config.json
nguyen repo,/homes/neumann/nguyen/fedlora/FederatedLLM/epoch_round_tuning_cola_client_count,ffa,Nonlinear FFA,cola_stratified,CoLA stratified,roberta-base,RoBERTa-base,homo,Homo,20,150,10,10,101,100,0.5259790835948196,0.0,80.92042186001918,1,round_config.json
nguyen repo,/homes/neumann/nguyen/fedlora/FederatedLLM/epoch_round_tuning_cola_client_count,ffa,Nonlinear FFA,cola_stratified,CoLA stratified,roberta-base,RoBERTa-base,homo,Homo,20,150,10,10,102,101,0.5234048301750471,0.0,80.82454458293384,1,round_config.json
nguyen repo,/homes/neumann/nguyen/fedlora/FederatedLLM/epoch_round_tuning_cola_client_count,ffa,Nonlinear FFA,cola_stratified,CoLA stratified,roberta-base,RoBERTa-base,homo,Homo,20,150,10,10,103,102,0.5206867487527611,0.0,80.72866730584852,1,round_config.json
nguyen repo,/homes/neumann/nguyen/fedlora/FederatedLLM/epoch_round_tuning_cola_client_count,ffa,Nonlinear FFA,cola_stratified,CoLA stratified,roberta-base,RoBERTa-base,homo,Homo,20,150,10,10,104,103,0.5286178863044644,0.0,81.01629913710451,1,round_config.json
nguyen repo,/homes/neumann/nguyen/fedlora/FederatedLLM/epoch_round_tuning_cola_client_count,ffa,Nonlinear FFA,cola_stratified,CoLA stratified,roberta-base,RoBERTa-base,homo,Homo,20,150,10,10,105,104,0.5207564470857148,0.0,80.72866730584852,1,round_config.json
nguyen repo,/homes/neumann/nguyen/fedlora/FederatedLLM/epoch_round_tuning_cola_client_count,ffa,Nonlinear FFA,cola_stratified,CoLA stratified,roberta-base,RoBERTa-base,homo,Homo,20,150,10,10,106,105,0.5337999966053822,0.0,81.20805369127517,1,round_config.json
nguyen repo,/homes/neumann/nguyen/fedlora/FederatedLLM/epoch_round_tuning_cola_client_count,ffa,Nonlinear FFA,cola_stratified,CoLA stratified,roberta-base,RoBERTa-base,homo,Homo,20,150,10,10,107,106,0.5260483181662633,0.0,80.92042186001918,1,round_config.json
nguyen repo,/homes/neumann/nguyen/fedlora/FederatedLLM/epoch_round_tuning_cola_client_count,ffa,Nonlinear FFA,cola_stratified,CoLA stratified,roberta-base,RoBERTa-base,homo,Homo,20,150,10,10,108,107,0.5181917740456299,0.0,80.63279002876318,1,round_config.json
nguyen repo,/homes/neumann/nguyen/fedlora/FederatedLLM/epoch_round_tuning_cola_client_count,ffa,Nonlinear FFA,cola_stratified,CoLA stratified,roberta-base,RoBERTa-base,homo,Homo,20,150,10,10,109,108,0.5259790835948196,0.0,80.92042186001918,1,round_config.json
nguyen repo,/homes/neumann/nguyen/fedlora/FederatedLLM/epoch_round_tuning_cola_client_count,ffa,Nonlinear FFA,cola_stratified,CoLA stratified,roberta-base,RoBERTa-base,homo,Homo,20,150,10,10,110,109,0.5260483181662633,0.0,80.92042186001918,1,round_config.json
nguyen repo,/homes/neumann/nguyen/fedlora/FederatedLLM/epoch_round_tuning_cola_client_count,ffa,Nonlinear FFA,cola_stratified,CoLA stratified,roberta-base,RoBERTa-base,homo,Homo,20,150,10,10,111,110,0.5208447598175431,0.0,80.72866730584852,1,round_config.json
nguyen repo,/homes/neumann/nguyen/fedlora/FederatedLLM/epoch_round_tuning_cola_client_count,ffa,Nonlinear FFA,cola_stratified,CoLA stratified,roberta-base,RoBERTa-base,homo,Homo,20,150,10,10,112,111,0.5286178863044644,0.0,81.01629913710451,1,round_config.json
nguyen repo,/homes/neumann/nguyen/fedlora/FederatedLLM/epoch_round_tuning_cola_client_count,ffa,Nonlinear FFA,cola_stratified,CoLA stratified,roberta-base,RoBERTa-base,homo,Homo,20,150,10,10,113,112,0.5312518765149835,0.0,81.11217641418985,1,round_config.json
nguyen repo,/homes/neumann/nguyen/fedlora/FederatedLLM/epoch_round_tuning_cola_client_count,ffa,Nonlinear FFA,cola_stratified,CoLA stratified,roberta-base,RoBERTa-base,homo,Homo,20,150,10,10,114,113,0.5286178863044644,0.0,81.01629913710451,1,round_config.json
nguyen repo,/homes/neumann/nguyen/fedlora/FederatedLLM/epoch_round_tuning_cola_client_count,ffa,Nonlinear FFA,cola_stratified,CoLA stratified,roberta-base,RoBERTa-base,homo,Homo,20,150,10,10,115,114,0.5259287977773666,0.0,80.92042186001918,1,round_config.json
nguyen repo,/homes/neumann/nguyen/fedlora/FederatedLLM/epoch_round_tuning_cola_client_count,ffa,Nonlinear FFA,cola_stratified,CoLA stratified,roberta-base,RoBERTa-base,homo,Homo,20,150,10,10,116,115,0.5206867487527611,0.0,80.72866730584852,1,round_config.json
nguyen repo,/homes/neumann/nguyen/fedlora/FederatedLLM/epoch_round_tuning_cola_client_count,ffa,Nonlinear FFA,cola_stratified,CoLA stratified,roberta-base,RoBERTa-base,homo,Homo,20,150,10,10,117,116,0.5258978858175564,0.0,80.92042186001918,1,round_config.json
nguyen repo,/homes/neumann/nguyen/fedlora/FederatedLLM/epoch_round_tuning_cola_client_count,ffa,Nonlinear FFA,cola_stratified,CoLA stratified,roberta-base,RoBERTa-base,homo,Homo,20,150,10,10,118,117,0.5312518765149835,0.0,81.11217641418985,1,round_config.json
nguyen repo,/homes/neumann/nguyen/fedlora/FederatedLLM/epoch_round_tuning_cola_client_count,ffa,Nonlinear FFA,cola_stratified,CoLA stratified,roberta-base,RoBERTa-base,homo,Homo,20,150,10,10,119,118,0.5260483181662633,0.0,80.92042186001918,1,round_config.json
nguyen repo,/homes/neumann/nguyen/fedlora/FederatedLLM/epoch_round_tuning_cola_client_count,ffa,Nonlinear FFA,cola_stratified,CoLA stratified,roberta-base,RoBERTa-base,homo,Homo,20,150,10,10,120,119,0.5285676961321106,0.0,81.01629913710451,1,round_config.json
nguyen repo,/homes/neumann/nguyen/fedlora/FederatedLLM/epoch_round_tuning_cola_client_count,ffa,Nonlinear FFA,cola_stratified,CoLA stratified,roberta-base,RoBERTa-base,homo,Homo,20,150,10,10,121,120,0.5259790835948196,0.0,80.92042186001918,1,round_config.json
nguyen repo,/homes/neumann/nguyen/fedlora/FederatedLLM/epoch_round_tuning_cola_client_count,ffa,Nonlinear FFA,cola_stratified,CoLA stratified,roberta-base,RoBERTa-base,homo,Homo,20,150,10,10,122,121,0.5364128958265776,0.0,81.30393096836049,1,round_config.json
nguyen repo,/homes/neumann/nguyen/fedlora/FederatedLLM/epoch_round_tuning_cola_client_count,ffa,Nonlinear FFA,cola_stratified,CoLA stratified,roberta-base,RoBERTa-base,homo,Homo,20,150,10,10,123,122,0.5259790835948196,0.0,80.92042186001918,1,round_config.json
nguyen repo,/homes/neumann/nguyen/fedlora/FederatedLLM/epoch_round_tuning_cola_client_count,ffa,Nonlinear FFA,cola_stratified,CoLA stratified,roberta-base,RoBERTa-base,homo,Homo,20,150,10,10,124,123,0.5207564470857148,0.0,80.72866730584852,1,round_config.json
nguyen repo,/homes/neumann/nguyen/fedlora/FederatedLLM/epoch_round_tuning_cola_client_count,ffa,Nonlinear FFA,cola_stratified,CoLA stratified,roberta-base,RoBERTa-base,homo,Homo,20,150,10,10,125,124,0.5338309424338816,0.0,81.20805369127517,1,round_config.json
nguyen repo,/homes/neumann/nguyen/fedlora/FederatedLLM/epoch_round_tuning_cola_client_count,ffa,Nonlinear FFA,cola_stratified,CoLA stratified,roberta-base,RoBERTa-base,homo,Homo,20,150,10,10,126,125,0.5259287977773666,0.0,80.92042186001918,1,round_config.json
nguyen repo,/homes/neumann/nguyen/fedlora/FederatedLLM/epoch_round_tuning_cola_client_count,ffa,Nonlinear FFA,cola_stratified,CoLA stratified,roberta-base,RoBERTa-base,homo,Homo,20,150,10,10,127,126,0.5259790835948196,0.0,80.92042186001918,1,round_config.json
nguyen repo,/homes/neumann/nguyen/fedlora/FederatedLLM/epoch_round_tuning_cola_client_count,ffa,Nonlinear FFA,cola_stratified,CoLA stratified,roberta-base,RoBERTa-base,homo,Homo,20,150,10,10,128,127,0.5364554348637038,0.0,81.30393096836049,1,round_config.json
nguyen repo,/homes/neumann/nguyen/fedlora/FederatedLLM/epoch_round_tuning_cola_client_count,ffa,Nonlinear FFA,cola_stratified,CoLA stratified,roberta-base,RoBERTa-base,homo,Homo,20,150,10,10,129,128,0.5391948418977317,0.0,81.39980824544583,1,round_config.json
nguyen repo,/homes/neumann/nguyen/fedlora/FederatedLLM/epoch_round_tuning_cola_client_count,ffa,Nonlinear FFA,cola_stratified,CoLA stratified,roberta-base,RoBERTa-base,homo,Homo,20,150,10,10,130,129,0.5259790835948196,0.0,80.92042186001918,1,round_config.json
nguyen repo,/homes/neumann/nguyen/fedlora/FederatedLLM/epoch_round_tuning_cola_client_count,ffa,Nonlinear FFA,cola_stratified,CoLA stratified,roberta-base,RoBERTa-base,homo,Homo,20,150,10,10,131,130,0.5338309424338816,0.0,81.20805369127517,1,round_config.json
nguyen repo,/homes/neumann/nguyen/fedlora/FederatedLLM/epoch_round_tuning_cola_client_count,ffa,Nonlinear FFA,cola_stratified,CoLA stratified,roberta-base,RoBERTa-base,homo,Homo,20,150,10,10,132,131,0.5390752681565225,0.0,81.39980824544583,1,round_config.json
nguyen repo,/homes/neumann/nguyen/fedlora/FederatedLLM/epoch_round_tuning_cola_client_count,ffa,Nonlinear FFA,cola_stratified,CoLA stratified,roberta-base,RoBERTa-base,homo,Homo,20,150,10,10,133,132,0.5260483181662633,0.0,80.92042186001918,1,round_config.json
nguyen repo,/homes/neumann/nguyen/fedlora/FederatedLLM/epoch_round_tuning_cola_client_count,ffa,Nonlinear FFA,cola_stratified,CoLA stratified,roberta-base,RoBERTa-base,homo,Homo,20,150,10,10,134,133,0.5390439985632989,0.0,81.39980824544583,1,round_config.json
nguyen repo,/homes/neumann/nguyen/fedlora/FederatedLLM/epoch_round_tuning_cola_client_count,ffa,Nonlinear FFA,cola_stratified,CoLA stratified,roberta-base,RoBERTa-base,homo,Homo,20,150,10,10,135,134,0.5468753188432375,0.0,81.68744007670182,1,round_config.json
nguyen repo,/homes/neumann/nguyen/fedlora/FederatedLLM/epoch_round_tuning_cola_client_count,ffa,Nonlinear FFA,cola_stratified,CoLA stratified,roberta-base,RoBERTa-base,homo,Homo,20,150,10,10,136,135,0.5494701108221334,0.0,81.78331735378715,1,round_config.json
nguyen repo,/homes/neumann/nguyen/fedlora/FederatedLLM/epoch_round_tuning_cola_client_count,ffa,Nonlinear FFA,cola_stratified,CoLA stratified,roberta-base,RoBERTa-base,homo,Homo,20,150,10,10,137,136,0.5364554348637038,0.0,81.30393096836049,1,round_config.json
nguyen repo,/homes/neumann/nguyen/fedlora/FederatedLLM/epoch_round_tuning_cola_client_count,ffa,Nonlinear FFA,cola_stratified,CoLA stratified,roberta-base,RoBERTa-base,homo,Homo,20,150,10,10,138,137,0.5416469931221344,0.0,81.49568552253116,1,round_config.json
nguyen repo,/homes/neumann/nguyen/fedlora/FederatedLLM/epoch_round_tuning_cola_client_count,ffa,Nonlinear FFA,cola_stratified,CoLA stratified,roberta-base,RoBERTa-base,homo,Homo,20,150,10,10,139,138,0.5391256846157523,0.0,81.39980824544583,1,round_config.json
nguyen repo,/homes/neumann/nguyen/fedlora/FederatedLLM/epoch_round_tuning_cola_client_count,ffa,Nonlinear FFA,cola_stratified,CoLA stratified,roberta-base,RoBERTa-base,homo,Homo,20,150,10,10,140,139,0.53388112595817,0.0,81.20805369127517,1,round_config.json
nguyen repo,/homes/neumann/nguyen/fedlora/FederatedLLM/epoch_round_tuning_cola_client_count,flora,Linear FLoRA,cola_stratified,CoLA stratified,roberta-base,RoBERTa-base,homo,Homo,20,150,20,20,1,0,0.3231268791190384,0.0,74.01725790987535,1,round_config.json
nguyen repo,/homes/neumann/nguyen/fedlora/FederatedLLM/epoch_round_tuning_cola_client_count,flora,Linear FLoRA,cola_stratified,CoLA stratified,roberta-base,RoBERTa-base,homo,Homo,20,150,20,20,2,1,0.44746940891234993,0.0,78.13998082454458,1,round_config.json
nguyen repo,/homes/neumann/nguyen/fedlora/FederatedLLM/epoch_round_tuning_cola_client_count,flora,Linear FLoRA,cola_stratified,CoLA stratified,roberta-base,RoBERTa-base,homo,Homo,20,150,20,20,3,2,0.45859730034180485,0.0,78.52348993288591,1,round_config.json
nguyen repo,/homes/neumann/nguyen/fedlora/FederatedLLM/epoch_round_tuning_cola_client_count,flora,Linear FLoRA,cola_stratified,CoLA stratified,roberta-base,RoBERTa-base,homo,Homo,20,150,20,20,4,3,0.480655898219179,0.0,79.29050814956855,1,round_config.json
nguyen repo,/homes/neumann/nguyen/fedlora/FederatedLLM/epoch_round_tuning_cola_client_count,flora,Linear FLoRA,cola_stratified,CoLA stratified,roberta-base,RoBERTa-base,homo,Homo,20,150,20,20,5,4,0.4861356803540783,0.0,79.48226270373921,1,round_config.json
nguyen repo,/homes/neumann/nguyen/fedlora/FederatedLLM/epoch_round_tuning_cola_client_count,flora,Linear FLoRA,cola_stratified,CoLA stratified,roberta-base,RoBERTa-base,homo,Homo,20,150,20,20,6,5,0.4914459913724542,0.0,79.67401725790988,1,round_config.json
nguyen repo,/homes/neumann/nguyen/fedlora/FederatedLLM/epoch_round_tuning_cola_client_count,flora,Linear FLoRA,cola_stratified,CoLA stratified,roberta-base,RoBERTa-base,homo,Homo,20,150,20,20,7,6,0.49988318353976524,0.0,79.96164908916586,1,round_config.json
nguyen repo,/homes/neumann/nguyen/fedlora/FederatedLLM/epoch_round_tuning_cola_client_count,flora,Linear FLoRA,cola_stratified,CoLA stratified,roberta-base,RoBERTa-base,homo,Homo,20,150,20,20,8,7,0.5025795557201045,0.0,80.0575263662512,1,round_config.json
nguyen repo,/homes/neumann/nguyen/fedlora/FederatedLLM/epoch_round_tuning_cola_client_count,flora,Linear FLoRA,cola_stratified,CoLA stratified,roberta-base,RoBERTa-base,homo,Homo,20,150,20,20,9,8,0.5054628220405837,0.0,80.15340364333653,1,round_config.json
nguyen repo,/homes/neumann/nguyen/fedlora/FederatedLLM/epoch_round_tuning_cola_client_count,flora,Linear FLoRA,cola_stratified,CoLA stratified,roberta-base,RoBERTa-base,homo,Homo,20,150,20,20,10,9,0.508365554162712,0.0,80.24928092042187,1,round_config.json
nguyen repo,/homes/neumann/nguyen/fedlora/FederatedLLM/epoch_round_tuning_cola_client_count,flora,Linear FLoRA,cola_stratified,CoLA stratified,roberta-base,RoBERTa-base,homo,Homo,20,150,20,20,11,10,0.508365554162712,0.0,80.24928092042187,1,round_config.json
nguyen repo,/homes/neumann/nguyen/fedlora/FederatedLLM/epoch_round_tuning_cola_client_count,flora,Linear FLoRA,cola_stratified,CoLA stratified,roberta-base,RoBERTa-base,homo,Homo,20,150,20,20,12,11,0.5054628220405837,0.0,80.15340364333653,1,round_config.json
nguyen repo,/homes/neumann/nguyen/fedlora/FederatedLLM/epoch_round_tuning_cola_client_count,flora,Linear FLoRA,cola_stratified,CoLA stratified,roberta-base,RoBERTa-base,homo,Homo,20,150,20,20,13,12,0.5025795557201045,0.0,80.0575263662512,1,round_config.json
nguyen repo,/homes/neumann/nguyen/fedlora/FederatedLLM/epoch_round_tuning_cola_client_count,flora,Linear FLoRA,cola_stratified,CoLA stratified,roberta-base,RoBERTa-base,homo,Homo,20,150,20,20,14,13,0.5054628220405837,0.0,80.15340364333653,1,round_config.json
nguyen repo,/homes/neumann/nguyen/fedlora/FederatedLLM/epoch_round_tuning_cola_client_count,flora,Linear FLoRA,cola_stratified,CoLA stratified,roberta-base,RoBERTa-base,homo,Homo,20,150,20,20,15,14,0.5054628220405837,0.0,80.15340364333653,1,round_config.json
nguyen repo,/homes/neumann/nguyen/fedlora/FederatedLLM/epoch_round_tuning_cola_client_count,flora,Linear FLoRA,cola_stratified,CoLA stratified,roberta-base,RoBERTa-base,homo,Homo,20,150,20,20,16,15,0.5110424605414021,0.0,80.34515819750719,1,round_config.json
nguyen repo,/homes/neumann/nguyen/fedlora/FederatedLLM/epoch_round_tuning_cola_client_count,flora,Linear FLoRA,cola_stratified,CoLA stratified,roberta-base,RoBERTa-base,homo,Homo,20,150,20,20,17,16,0.5081463378939296,0.0,80.24928092042187,1,round_config.json
nguyen repo,/homes/neumann/nguyen/fedlora/FederatedLLM/epoch_round_tuning_cola_client_count,flora,Linear FLoRA,cola_stratified,CoLA stratified,roberta-base,RoBERTa-base,homo,Homo,20,150,20,20,18,17,0.5081463378939296,0.0,80.24928092042187,1,round_config.json
nguyen repo,/homes/neumann/nguyen/fedlora/FederatedLLM/epoch_round_tuning_cola_client_count,flora,Linear FLoRA,cola_stratified,CoLA stratified,roberta-base,RoBERTa-base,homo,Homo,20,150,20,20,19,18,0.5110424605414021,0.0,80.34515819750719,1,round_config.json
nguyen repo,/homes/neumann/nguyen/fedlora/FederatedLLM/epoch_round_tuning_cola_client_count,flora,Linear FLoRA,cola_stratified,CoLA stratified,roberta-base,RoBERTa-base,homo,Homo,20,150,20,20,20,19,0.5137131200677547,0.0,80.44103547459252,1,round_config.json
nguyen repo,/homes/neumann/nguyen/fedlora/FederatedLLM/epoch_round_tuning_cola_client_count,flora,Linear FLoRA,cola_stratified,CoLA stratified,roberta-base,RoBERTa-base,homo,Homo,20,150,20,20,21,20,0.5137131200677547,0.0,80.44103547459252,1,round_config.json
nguyen repo,/homes/neumann/nguyen/fedlora/FederatedLLM/epoch_round_tuning_cola_client_count,flora,Linear FLoRA,cola_stratified,CoLA stratified,roberta-base,RoBERTa-base,homo,Homo,20,150,20,20,22,21,0.5166220990422205,0.0,80.53691275167785,1,round_config.json
nguyen repo,/homes/neumann/nguyen/fedlora/FederatedLLM/epoch_round_tuning_cola_client_count,flora,Linear FLoRA,cola_stratified,CoLA stratified,roberta-base,RoBERTa-base,homo,Homo,20,150,20,20,23,22,0.5192799022415798,0.0,80.63279002876318,1,round_config.json
nguyen repo,/homes/neumann/nguyen/fedlora/FederatedLLM/epoch_round_tuning_cola_client_count,flora,Linear FLoRA,cola_stratified,CoLA stratified,roberta-base,RoBERTa-base,homo,Homo,20,150,20,20,24,23,0.5166220990422205,0.0,80.53691275167785,1,round_config.json
nguyen repo,/homes/neumann/nguyen/fedlora/FederatedLLM/epoch_round_tuning_cola_client_count,flora,Linear FLoRA,cola_stratified,CoLA stratified,roberta-base,RoBERTa-base,homo,Homo,20,150,20,20,25,24,0.5166220990422205,0.0,80.53691275167785,1,round_config.json
nguyen repo,/homes/neumann/nguyen/fedlora/FederatedLLM/epoch_round_tuning_cola_client_count,flora,Linear FLoRA,cola_stratified,CoLA stratified,roberta-base,RoBERTa-base,homo,Homo,20,150,20,20,26,25,0.5166220990422205,0.0,80.53691275167785,1,round_config.json
nguyen repo,/homes/neumann/nguyen/fedlora/FederatedLLM/epoch_round_tuning_cola_client_count,flora,Linear FLoRA,cola_stratified,CoLA stratified,roberta-base,RoBERTa-base,homo,Homo,20,150,20,20,27,26,0.5166220990422205,0.0,80.53691275167785,1,round_config.json
nguyen repo,/homes/neumann/nguyen/fedlora/FederatedLLM/epoch_round_tuning_cola_client_count,flora,Linear FLoRA,cola_stratified,CoLA stratified,roberta-base,RoBERTa-base,homo,Homo,20,150,20,20,28,27,0.5166220990422205,0.0,80.53691275167785,1,round_config.json
nguyen repo,/homes/neumann/nguyen/fedlora/FederatedLLM/epoch_round_tuning_cola_client_count,flora,Linear FLoRA,cola_stratified,CoLA stratified,roberta-base,RoBERTa-base,homo,Homo,20,150,20,20,29,28,0.5166220990422205,0.0,80.53691275167785,1,round_config.json
nguyen repo,/homes/neumann/nguyen/fedlora/FederatedLLM/epoch_round_tuning_cola_client_count,flora,Linear FLoRA,cola_stratified,CoLA stratified,roberta-base,RoBERTa-base,homo,Homo,20,150,20,20,30,29,0.5192799022415798,0.0,80.63279002876318,1,round_config.json
nguyen repo,/homes/neumann/nguyen/fedlora/FederatedLLM/epoch_round_tuning_cola_client_count,flora,Linear FLoRA,cola_stratified,CoLA stratified,roberta-base,RoBERTa-base,homo,Homo,20,150,20,20,31,30,0.5192799022415798,0.0,80.63279002876318,1,round_config.json
nguyen repo,/homes/neumann/nguyen/fedlora/FederatedLLM/epoch_round_tuning_cola_client_count,flora,Linear FLoRA,cola_stratified,CoLA stratified,roberta-base,RoBERTa-base,homo,Homo,20,150,20,20,32,31,0.5192799022415798,0.0,80.63279002876318,1,round_config.json
nguyen repo,/homes/neumann/nguyen/fedlora/FederatedLLM/epoch_round_tuning_cola_client_count,flora,Linear FLoRA,cola_stratified,CoLA stratified,roberta-base,RoBERTa-base,homo,Homo,20,150,20,20,33,32,0.5192799022415798,0.0,80.63279002876318,1,round_config.json
nguyen repo,/homes/neumann/nguyen/fedlora/FederatedLLM/epoch_round_tuning_cola_client_count,flora,Linear FLoRA,cola_stratified,CoLA stratified,roberta-base,RoBERTa-base,homo,Homo,20,150,20,20,34,33,0.5219316798836575,0.0,80.72866730584852,1,round_config.json
nguyen repo,/homes/neumann/nguyen/fedlora/FederatedLLM/epoch_round_tuning_cola_client_count,flora,Linear FLoRA,cola_stratified,CoLA stratified,roberta-base,RoBERTa-base,homo,Homo,20,150,20,20,35,34,0.5219316798836575,0.0,80.72866730584852,1,round_config.json
nguyen repo,/homes/neumann/nguyen/fedlora/FederatedLLM/epoch_round_tuning_cola_client_count,flora,Linear FLoRA,cola_stratified,CoLA stratified,roberta-base,RoBERTa-base,homo,Homo,20,150,20,20,36,35,0.5245775248950632,0.0,80.82454458293384,1,round_config.json
nguyen repo,/homes/neumann/nguyen/fedlora/FederatedLLM/epoch_round_tuning_cola_client_count,flora,Linear FLoRA,cola_stratified,CoLA stratified,roberta-base,RoBERTa-base,homo,Homo,20,150,20,20,37,36,0.5272175286888164,0.0,80.92042186001918,1,round_config.json
nguyen repo,/homes/neumann/nguyen/fedlora/FederatedLLM/epoch_round_tuning_cola_client_count,flora,Linear FLoRA,cola_stratified,CoLA stratified,roberta-base,RoBERTa-base,homo,Homo,20,150,20,20,38,37,0.5298517812001735,0.0,81.01629913710451,1,round_config.json
nguyen repo,/homes/neumann/nguyen/fedlora/FederatedLLM/epoch_round_tuning_cola_client_count,flora,Linear FLoRA,cola_stratified,CoLA stratified,roberta-base,RoBERTa-base,homo,Homo,20,150,20,20,39,38,0.5298517812001735,0.0,81.01629913710451,1,round_config.json
nguyen repo,/homes/neumann/nguyen/fedlora/FederatedLLM/epoch_round_tuning_cola_client_count,flora,Linear FLoRA,cola_stratified,CoLA stratified,roberta-base,RoBERTa-base,homo,Homo,20,150,20,20,40,39,0.532480370921418,0.0,81.11217641418985,1,round_config.json
nguyen repo,/homes/neumann/nguyen/fedlora/FederatedLLM/epoch_round_tuning_cola_client_count,flora,Linear FLoRA,cola_stratified,CoLA stratified,roberta-base,RoBERTa-base,homo,Homo,20,150,20,20,41,40,0.5351033849356494,0.0,81.20805369127517,1,round_config.json
nguyen repo,/homes/neumann/nguyen/fedlora/FederatedLLM/epoch_round_tuning_cola_client_count,flora,Linear FLoRA,cola_stratified,CoLA stratified,roberta-base,RoBERTa-base,homo,Homo,20,150,20,20,42,41,0.5377209089496056,0.0,81.30393096836049,1,round_config.json
nguyen repo,/homes/neumann/nguyen/fedlora/FederatedLLM/epoch_round_tuning_cola_client_count,flora,Linear FLoRA,cola_stratified,CoLA stratified,roberta-base,RoBERTa-base,homo,Homo,20,150,20,20,43,42,0.5377209089496056,0.0,81.30393096836049,1,round_config.json
nguyen repo,/homes/neumann/nguyen/fedlora/FederatedLLM/epoch_round_tuning_cola_client_count,flora,Linear FLoRA,cola_stratified,CoLA stratified,roberta-base,RoBERTa-base,homo,Homo,20,150,20,20,44,43,0.5377209089496056,0.0,81.30393096836049,1,round_config.json
nguyen repo,/homes/neumann/nguyen/fedlora/FederatedLLM/epoch_round_tuning_cola_client_count,flora,Linear FLoRA,cola_stratified,CoLA stratified,roberta-base,RoBERTa-base,homo,Homo,20,150,20,20,45,44,0.5377209089496056,0.0,81.30393096836049,1,round_config.json
nguyen repo,/homes/neumann/nguyen/fedlora/FederatedLLM/epoch_round_tuning_cola_client_count,flora,Linear FLoRA,cola_stratified,CoLA stratified,roberta-base,RoBERTa-base,homo,Homo,20,150,20,20,46,45,0.5377209089496056,0.0,81.30393096836049,1,round_config.json
nguyen repo,/homes/neumann/nguyen/fedlora/FederatedLLM/epoch_round_tuning_cola_client_count,flora,Linear FLoRA,cola_stratified,CoLA stratified,roberta-base,RoBERTa-base,homo,Homo,20,150,20,20,47,46,0.5377209089496056,0.0,81.30393096836049,1,round_config.json
nguyen repo,/homes/neumann/nguyen/fedlora/FederatedLLM/epoch_round_tuning_cola_client_count,flora,Linear FLoRA,cola_stratified,CoLA stratified,roberta-base,RoBERTa-base,homo,Homo,20,150,20,20,48,47,0.5377209089496056,0.0,81.30393096836049,1,round_config.json
nguyen repo,/homes/neumann/nguyen/fedlora/FederatedLLM/epoch_round_tuning_cola_client_count,flora,Linear FLoRA,cola_stratified,CoLA stratified,roberta-base,RoBERTa-base,homo,Homo,20,150,20,20,49,48,0.5351033849356494,0.0,81.20805369127517,1,round_config.json
nguyen repo,/homes/neumann/nguyen/fedlora/FederatedLLM/epoch_round_tuning_cola_client_count,flora,Linear FLoRA,cola_stratified,CoLA stratified,roberta-base,RoBERTa-base,homo,Homo,20,150,20,20,50,49,0.5377209089496056,0.0,81.30393096836049,1,round_config.json
nguyen repo,/homes/neumann/nguyen/fedlora/FederatedLLM/epoch_round_tuning_cola_client_count,flora,Linear FLoRA,cola_stratified,CoLA stratified,roberta-base,RoBERTa-base,homo,Homo,20,150,20,20,51,50,0.5351033849356494,0.0,81.20805369127517,1,round_config.json
nguyen repo,/homes/neumann/nguyen/fedlora/FederatedLLM/epoch_round_tuning_cola_client_count,flora,Linear FLoRA,cola_stratified,CoLA stratified,roberta-base,RoBERTa-base,homo,Homo,20,150,20,20,52,51,0.5351033849356494,0.0,81.20805369127517,1,round_config.json
nguyen repo,/homes/neumann/nguyen/fedlora/FederatedLLM/epoch_round_tuning_cola_client_count,flora,Linear FLoRA,cola_stratified,CoLA stratified,roberta-base,RoBERTa-base,homo,Homo,20,150,20,20,53,52,0.5351033849356494,0.0,81.20805369127517,1,round_config.json
nguyen repo,/homes/neumann/nguyen/fedlora/FederatedLLM/epoch_round_tuning_cola_client_count,flora,Linear FLoRA,cola_stratified,CoLA stratified,roberta-base,RoBERTa-base,homo,Homo,20,150,20,20,54,53,0.5351033849356494,0.0,81.20805369127517,1,round_config.json
nguyen repo,/homes/neumann/nguyen/fedlora/FederatedLLM/epoch_round_tuning_cola_client_count,flora,Linear FLoRA,cola_stratified,CoLA stratified,roberta-base,RoBERTa-base,homo,Homo,20,150,20,20,55,54,0.5403330273255521,0.0,81.39980824544583,1,round_config.json
nguyen repo,/homes/neumann/nguyen/fedlora/FederatedLLM/epoch_round_tuning_cola_client_count,flora,Linear FLoRA,cola_stratified,CoLA stratified,roberta-base,RoBERTa-base,homo,Homo,20,150,20,20,56,55,0.5374833254970165,0.0,81.30393096836049,1,round_config.json
nguyen repo,/homes/neumann/nguyen/fedlora/FederatedLLM/epoch_round_tuning_cola_client_count,flora,Linear FLoRA,cola_stratified,CoLA stratified,roberta-base,RoBERTa-base,homo,Homo,20,150,20,20,57,56,0.5374833254970165,0.0,81.30393096836049,1,round_config.json
nguyen repo,/homes/neumann/nguyen/fedlora/FederatedLLM/epoch_round_tuning_cola_client_count,flora,Linear FLoRA,cola_stratified,CoLA stratified,roberta-base,RoBERTa-base,homo,Homo,20,150,20,20,58,57,0.540096561588247,0.0,81.39980824544583,1,round_config.json
nguyen repo,/homes/neumann/nguyen/fedlora/FederatedLLM/epoch_round_tuning_cola_client_count,flora,Linear FLoRA,cola_stratified,CoLA stratified,roberta-base,RoBERTa-base,homo,Homo,20,150,20,20,59,58,0.540096561588247,0.0,81.39980824544583,1,round_config.json
nguyen repo,/homes/neumann/nguyen/fedlora/FederatedLLM/epoch_round_tuning_cola_client_count,flora,Linear FLoRA,cola_stratified,CoLA stratified,roberta-base,RoBERTa-base,homo,Homo,20,150,20,20,60,59,0.540096561588247,0.0,81.39980824544583,1,round_config.json
nguyen repo,/homes/neumann/nguyen/fedlora/FederatedLLM/epoch_round_tuning_cola_client_count,flora,Linear FLoRA,cola_stratified,CoLA stratified,roberta-base,RoBERTa-base,homo,Homo,20,150,20,20,61,60,0.5377209089496056,0.0,81.30393096836049,1,round_config.json
nguyen repo,/homes/neumann/nguyen/fedlora/FederatedLLM/epoch_round_tuning_cola_client_count,flora,Linear FLoRA,cola_stratified,CoLA stratified,roberta-base,RoBERTa-base,homo,Homo,20,150,20,20,62,61,0.5348647381812536,0.0,81.20805369127517,1,round_config.json
nguyen repo,/homes/neumann/nguyen/fedlora/FederatedLLM/epoch_round_tuning_cola_client_count,flora,Linear FLoRA,cola_stratified,CoLA stratified,roberta-base,RoBERTa-base,homo,Homo,20,150,20,20,63,62,0.540096561588247,0.0,81.39980824544583,1,round_config.json
nguyen repo,/homes/neumann/nguyen/fedlora/FederatedLLM/epoch_round_tuning_cola_client_count,flora,Linear FLoRA,cola_stratified,CoLA stratified,roberta-base,RoBERTa-base,homo,Homo,20,150,20,20,64,63,0.5374833254970165,0.0,81.30393096836049,1,round_config.json
nguyen repo,/homes/neumann/nguyen/fedlora/FederatedLLM/epoch_round_tuning_cola_client_count,flora,Linear FLoRA,cola_stratified,CoLA stratified,roberta-base,RoBERTa-base,homo,Homo,20,150,20,20,65,64,0.5403330273255521,0.0,81.39980824544583,1,round_config.json
nguyen repo,/homes/neumann/nguyen/fedlora/FederatedLLM/epoch_round_tuning_cola_client_count,flora,Linear FLoRA,cola_stratified,CoLA stratified,roberta-base,RoBERTa-base,homo,Homo,20,150,20,20,66,65,0.5403330273255521,0.0,81.39980824544583,1,round_config.json
nguyen repo,/homes/neumann/nguyen/fedlora/FederatedLLM/epoch_round_tuning_cola_client_count,flora,Linear FLoRA,cola_stratified,CoLA stratified,roberta-base,RoBERTa-base,homo,Homo,20,150,20,20,67,66,0.5481377727255567,0.0,81.68744007670182,1,round_config.json
nguyen repo,/homes/neumann/nguyen/fedlora/FederatedLLM/epoch_round_tuning_cola_client_count,flora,Linear FLoRA,cola_stratified,CoLA stratified,roberta-base,RoBERTa-base,homo,Homo,20,150,20,20,68,67,0.5453073067742302,0.0,81.5915627996165,1,round_config.json
nguyen repo,/homes/neumann/nguyen/fedlora/FederatedLLM/epoch_round_tuning_cola_client_count,flora,Linear FLoRA,cola_stratified,CoLA stratified,roberta-base,RoBERTa-base,homo,Homo,20,150,20,20,69,68,0.5427045284376305,0.0,81.49568552253116,1,round_config.json
nguyen repo,/homes/neumann/nguyen/fedlora/FederatedLLM/epoch_round_tuning_cola_client_count,flora,Linear FLoRA,cola_stratified,CoLA stratified,roberta-base,RoBERTa-base,homo,Homo,20,150,20,20,70,69,0.5481377727255567,0.0,81.68744007670182,1,round_config.json
nguyen repo,/homes/neumann/nguyen/fedlora/FederatedLLM/epoch_round_tuning_cola_client_count,flora,Linear FLoRA,cola_stratified,CoLA stratified,roberta-base,RoBERTa-base,homo,Homo,20,150,20,20,71,70,0.5481377727255567,0.0,81.68744007670182,1,round_config.json
nguyen repo,/homes/neumann/nguyen/fedlora/FederatedLLM/epoch_round_tuning_cola_client_count,flora,Linear FLoRA,cola_stratified,CoLA stratified,roberta-base,RoBERTa-base,homo,Homo,20,150,20,20,72,71,0.5450984477574647,0.0,81.5915627996165,1,round_config.json
nguyen repo,/homes/neumann/nguyen/fedlora/FederatedLLM/epoch_round_tuning_cola_client_count,flora,Linear FLoRA,cola_stratified,CoLA stratified,roberta-base,RoBERTa-base,homo,Homo,20,150,20,20,73,72,0.5453073067742302,0.0,81.5915627996165,1,round_config.json
nguyen repo,/homes/neumann/nguyen/fedlora/FederatedLLM/epoch_round_tuning_cola_client_count,flora,Linear FLoRA,cola_stratified,CoLA stratified,roberta-base,RoBERTa-base,homo,Homo,20,150,20,20,74,73,0.5453073067742302,0.0,81.5915627996165,1,round_config.json
nguyen repo,/homes/neumann/nguyen/fedlora/FederatedLLM/epoch_round_tuning_cola_client_count,flora,Linear FLoRA,cola_stratified,CoLA stratified,roberta-base,RoBERTa-base,homo,Homo,20,150,20,20,75,74,0.540096561588247,0.0,81.39980824544583,1,round_config.json
nguyen repo,/homes/neumann/nguyen/fedlora/FederatedLLM/epoch_round_tuning_cola_client_count,flora,Linear FLoRA,cola_stratified,CoLA stratified,roberta-base,RoBERTa-base,homo,Homo,20,150,20,20,76,75,0.5372712841497043,0.0,81.30393096836049,1,round_config.json
nguyen repo,/homes/neumann/nguyen/fedlora/FederatedLLM/epoch_round_tuning_cola_client_count,flora,Linear FLoRA,cola_stratified,CoLA stratified,roberta-base,RoBERTa-base,homo,Homo,20,150,20,20,77,76,0.5427045284376305,0.0,81.49568552253116,1,round_config.json
nguyen repo,/homes/neumann/nguyen/fedlora/FederatedLLM/epoch_round_tuning_cola_client_count,flora,Linear FLoRA,cola_stratified,CoLA stratified,roberta-base,RoBERTa-base,homo,Homo,20,150,20,20,78,77,0.5398855271993364,0.0,81.39980824544583,1,round_config.json
nguyen repo,/homes/neumann/nguyen/fedlora/FederatedLLM/epoch_round_tuning_cola_client_count,flora,Linear FLoRA,cola_stratified,CoLA stratified,roberta-base,RoBERTa-base,homo,Homo,20,150,20,20,79,78,0.5481377727255567,0.0,81.68744007670182,1,round_config.json
nguyen repo,/homes/neumann/nguyen/fedlora/FederatedLLM/epoch_round_tuning_cola_client_count,flora,Linear FLoRA,cola_stratified,CoLA stratified,roberta-base,RoBERTa-base,homo,Homo,20,150,20,20,80,79,0.5507290863491242,0.0,81.78331735378715,1,round_config.json
nguyen repo,/homes/neumann/nguyen/fedlora/FederatedLLM/epoch_round_tuning_cola_client_count,flora,Linear FLoRA,cola_stratified,CoLA stratified,roberta-base,RoBERTa-base,homo,Homo,20,150,20,20,81,80,0.5483963207275208,0.0,81.68744007670182,1,round_config.json
nguyen repo,/homes/neumann/nguyen/fedlora/FederatedLLM/epoch_round_tuning_cola_client_count,flora,Linear FLoRA,cola_stratified,CoLA stratified,roberta-base,RoBERTa-base,homo,Homo,20,150,20,20,82,81,0.5483963207275208,0.0,81.68744007670182,1,round_config.json
nguyen repo,/homes/neumann/nguyen/fedlora/FederatedLLM/epoch_round_tuning_cola_client_count,flora,Linear FLoRA,cola_stratified,CoLA stratified,roberta-base,RoBERTa-base,homo,Homo,20,150,20,20,83,82,0.5538528183427729,0.0,81.87919463087249,1,round_config.json
nguyen repo,/homes/neumann/nguyen/fedlora/FederatedLLM/epoch_round_tuning_cola_client_count,flora,Linear FLoRA,cola_stratified,CoLA stratified,roberta-base,RoBERTa-base,homo,Homo,20,150,20,20,84,83,0.5486812940978261,0.0,81.68744007670182,1,round_config.json
nguyen repo,/homes/neumann/nguyen/fedlora/FederatedLLM/epoch_round_tuning_cola_client_count,flora,Linear FLoRA,cola_stratified,CoLA stratified,roberta-base,RoBERTa-base,homo,Homo,20,150,20,20,85,84,0.5512696056141492,0.0,81.78331735378715,1,round_config.json
nguyen repo,/homes/neumann/nguyen/fedlora/FederatedLLM/epoch_round_tuning_cola_client_count,flora,Linear FLoRA,cola_stratified,CoLA stratified,roberta-base,RoBERTa-base,homo,Homo,20,150,20,20,86,85,0.5590042613014093,0.0,82.07094918504313,1,round_config.json
nguyen repo,/homes/neumann/nguyen/fedlora/FederatedLLM/epoch_round_tuning_cola_client_count,flora,Linear FLoRA,cola_stratified,CoLA stratified,roberta-base,RoBERTa-base,homo,Homo,20,150,20,20,87,86,0.5535710170134831,0.0,81.87919463087249,1,round_config.json
nguyen repo,/homes/neumann/nguyen/fedlora/FederatedLLM/epoch_round_tuning_cola_client_count,flora,Linear FLoRA,cola_stratified,CoLA stratified,roberta-base,RoBERTa-base,homo,Homo,20,150,20,20,88,87,0.5535710170134831,0.0,81.87919463087249,1,round_config.json
nguyen repo,/homes/neumann/nguyen/fedlora/FederatedLLM/epoch_round_tuning_cola_client_count,flora,Linear FLoRA,cola_stratified,CoLA stratified,roberta-base,RoBERTa-base,homo,Homo,20,150,20,20,89,88,0.5590042613014093,0.0,82.07094918504313,1,round_config.json
nguyen repo,/homes/neumann/nguyen/fedlora/FederatedLLM/epoch_round_tuning_cola_client_count,flora,Linear FLoRA,cola_stratified,CoLA stratified,roberta-base,RoBERTa-base,homo,Homo,20,150,20,20,90,89,0.558725817965338,0.0,82.07094918504313,1,round_config.json
nguyen repo,/homes/neumann/nguyen/fedlora/FederatedLLM/epoch_round_tuning_cola_client_count,flora,Linear FLoRA,cola_stratified,CoLA stratified,roberta-base,RoBERTa-base,homo,Homo,20,150,20,20,91,90,0.5612959486647031,0.0,82.16682646212847,1,round_config.json
nguyen repo,/homes/neumann/nguyen/fedlora/FederatedLLM/epoch_round_tuning_cola_client_count,flora,Linear FLoRA,cola_stratified,CoLA stratified,roberta-base,RoBERTa-base,homo,Homo,20,150,20,20,92,91,0.5612959486647031,0.0,82.16682646212847,1,round_config.json
nguyen repo,/homes/neumann/nguyen/fedlora/FederatedLLM/epoch_round_tuning_cola_client_count,flora,Linear FLoRA,cola_stratified,CoLA stratified,roberta-base,RoBERTa-base,homo,Homo,20,150,20,20,93,92,0.5561508659240181,0.0,81.97507190795783,1,round_config.json
nguyen repo,/homes/neumann/nguyen/fedlora/FederatedLLM/epoch_round_tuning_cola_client_count,flora,Linear FLoRA,cola_stratified,CoLA stratified,roberta-base,RoBERTa-base,homo,Homo,20,150,20,20,94,93,0.558725817965338,0.0,82.07094918504313,1,round_config.json
nguyen repo,/homes/neumann/nguyen/fedlora/FederatedLLM/epoch_round_tuning_cola_client_count,flora,Linear FLoRA,cola_stratified,CoLA stratified,roberta-base,RoBERTa-base,homo,Homo,20,150,20,20,95,94,0.5504976147265442,0.0,81.78331735378715,1,round_config.json
nguyen repo,/homes/neumann/nguyen/fedlora/FederatedLLM/epoch_round_tuning_cola_client_count,flora,Linear FLoRA,cola_stratified,CoLA stratified,roberta-base,RoBERTa-base,homo,Homo,20,150,20,20,96,95,0.5558967816956237,0.0,81.97507190795783,1,round_config.json
nguyen repo,/homes/neumann/nguyen/fedlora/FederatedLLM/epoch_round_tuning_cola_client_count,flora,Linear FLoRA,cola_stratified,CoLA stratified,roberta-base,RoBERTa-base,homo,Homo,20,150,20,20,97,96,0.5530852997835514,0.0,81.87919463087249,1,round_config.json
nguyen repo,/homes/neumann/nguyen/fedlora/FederatedLLM/epoch_round_tuning_cola_client_count,flora,Linear FLoRA,cola_stratified,CoLA stratified,roberta-base,RoBERTa-base,homo,Homo,20,150,20,20,98,97,0.5502911396062787,0.0,81.78331735378715,1,round_config.json
nguyen repo,/homes/neumann/nguyen/fedlora/FederatedLLM/epoch_round_tuning_cola_client_count,flora,Linear FLoRA,cola_stratified,CoLA stratified,roberta-base,RoBERTa-base,homo,Homo,20,150,20,20,99,98,0.5504976147265442,0.0,81.78331735378715,1,round_config.json
nguyen repo,/homes/neumann/nguyen/fedlora/FederatedLLM/epoch_round_tuning_cola_client_count,flora,Linear FLoRA,cola_stratified,CoLA stratified,roberta-base,RoBERTa-base,homo,Homo,20,150,20,20,100,99,0.5502911396062787,0.0,81.78331735378715,1,round_config.json
nguyen repo,/homes/neumann/nguyen/fedlora/FederatedLLM/epoch_round_tuning_cola_client_count,flora,Linear FLoRA,cola_stratified,CoLA stratified,roberta-base,RoBERTa-base,homo,Homo,20,150,20,20,101,100,0.5476972834600634,0.0,81.68744007670182,1,round_config.json
nguyen repo,/homes/neumann/nguyen/fedlora/FederatedLLM/epoch_round_tuning_cola_client_count,flora,Linear FLoRA,cola_stratified,CoLA stratified,roberta-base,RoBERTa-base,homo,Homo,20,150,20,20,102,101,0.5476972834600634,0.0,81.68744007670182,1,round_config.json
nguyen repo,/homes/neumann/nguyen/fedlora/FederatedLLM/epoch_round_tuning_cola_client_count,flora,Linear FLoRA,cola_stratified,CoLA stratified,roberta-base,RoBERTa-base,homo,Homo,20,150,20,20,103,102,0.5476972834600634,0.0,81.68744007670182,1,round_config.json
nguyen repo,/homes/neumann/nguyen/fedlora/FederatedLLM/epoch_round_tuning_cola_client_count,flora,Linear FLoRA,cola_stratified,CoLA stratified,roberta-base,RoBERTa-base,homo,Homo,20,150,20,20,104,103,0.5476972834600634,0.0,81.68744007670182,1,round_config.json
nguyen repo,/homes/neumann/nguyen/fedlora/FederatedLLM/epoch_round_tuning_cola_client_count,flora,Linear FLoRA,cola_stratified,CoLA stratified,roberta-base,RoBERTa-base,homo,Homo,20,150,20,20,105,104,0.5476972834600634,0.0,81.68744007670182,1,round_config.json
nguyen repo,/homes/neumann/nguyen/fedlora/FederatedLLM/epoch_round_tuning_cola_client_count,flora,Linear FLoRA,cola_stratified,CoLA stratified,roberta-base,RoBERTa-base,homo,Homo,20,150,20,20,106,105,0.5502911396062787,0.0,81.78331735378715,1,round_config.json
nguyen repo,/homes/neumann/nguyen/fedlora/FederatedLLM/epoch_round_tuning_cola_client_count,flora,Linear FLoRA,cola_stratified,CoLA stratified,roberta-base,RoBERTa-base,homo,Homo,20,150,20,20,107,106,0.5476972834600634,0.0,81.68744007670182,1,round_config.json
nguyen repo,/homes/neumann/nguyen/fedlora/FederatedLLM/epoch_round_tuning_cola_client_count,flora,Linear FLoRA,cola_stratified,CoLA stratified,roberta-base,RoBERTa-base,homo,Homo,20,150,20,20,108,107,0.5528800923802824,0.0,81.87919463087249,1,round_config.json
nguyen repo,/homes/neumann/nguyen/fedlora/FederatedLLM/epoch_round_tuning_cola_client_count,flora,Linear FLoRA,cola_stratified,CoLA stratified,roberta-base,RoBERTa-base,homo,Homo,20,150,20,20,109,108,0.5502911396062787,0.0,81.78331735378715,1,round_config.json
nguyen repo,/homes/neumann/nguyen/fedlora/FederatedLLM/epoch_round_tuning_cola_client_count,flora,Linear FLoRA,cola_stratified,CoLA stratified,roberta-base,RoBERTa-base,homo,Homo,20,150,20,20,110,109,0.5530852997835514,0.0,81.87919463087249,1,round_config.json
nguyen repo,/homes/neumann/nguyen/fedlora/FederatedLLM/epoch_round_tuning_cola_client_count,flora,Linear FLoRA,cola_stratified,CoLA stratified,roberta-base,RoBERTa-base,homo,Homo,20,150,20,20,111,110,0.5556681072632618,0.0,81.97507190795783,1,round_config.json
nguyen repo,/homes/neumann/nguyen/fedlora/FederatedLLM/epoch_round_tuning_cola_client_count,flora,Linear FLoRA,cola_stratified,CoLA stratified,roberta-base,RoBERTa-base,homo,Homo,20,150,20,20,112,111,0.5556681072632618,0.0,81.97507190795783,1,round_config.json
nguyen repo,/homes/neumann/nguyen/fedlora/FederatedLLM/epoch_round_tuning_cola_client_count,flora,Linear FLoRA,cola_stratified,CoLA stratified,roberta-base,RoBERTa-base,homo,Homo,20,150,20,20,113,112,0.5449141719492956,0.0,81.5915627996165,1,round_config.json
nguyen repo,/homes/neumann/nguyen/fedlora/FederatedLLM/epoch_round_tuning_cola_client_count,flora,Linear FLoRA,cola_stratified,CoLA stratified,roberta-base,RoBERTa-base,homo,Homo,20,150,20,20,114,113,0.5501090458146111,0.0,81.78331735378715,1,round_config.json
nguyen repo,/homes/neumann/nguyen/fedlora/FederatedLLM/epoch_round_tuning_cola_client_count,flora,Linear FLoRA,cola_stratified,CoLA stratified,roberta-base,RoBERTa-base,homo,Homo,20,150,20,20,115,114,0.5530852997835514,0.0,81.87919463087249,1,round_config.json
nguyen repo,/homes/neumann/nguyen/fedlora/FederatedLLM/epoch_round_tuning_cola_client_count,flora,Linear FLoRA,cola_stratified,CoLA stratified,roberta-base,RoBERTa-base,homo,Homo,20,150,20,20,116,115,0.5530852997835514,0.0,81.87919463087249,1,round_config.json
nguyen repo,/homes/neumann/nguyen/fedlora/FederatedLLM/epoch_round_tuning_cola_client_count,flora,Linear FLoRA,cola_stratified,CoLA stratified,roberta-base,RoBERTa-base,homo,Homo,20,150,20,20,117,116,0.5475140727239077,0.0,81.68744007670182,1,round_config.json
nguyen repo,/homes/neumann/nguyen/fedlora/FederatedLLM/epoch_round_tuning_cola_client_count,flora,Linear FLoRA,cola_stratified,CoLA stratified,roberta-base,RoBERTa-base,homo,Homo,20,150,20,20,118,117,0.5554642168473025,0.0,81.97507190795783,1,round_config.json
nguyen repo,/homes/neumann/nguyen/fedlora/FederatedLLM/epoch_round_tuning_cola_client_count,flora,Linear FLoRA,cola_stratified,CoLA stratified,roberta-base,RoBERTa-base,homo,Homo,20,150,20,20,119,118,0.5528800923802824,0.0,81.87919463087249,1,round_config.json
nguyen repo,/homes/neumann/nguyen/fedlora/FederatedLLM/epoch_round_tuning_cola_client_count,flora,Linear FLoRA,cola_stratified,CoLA stratified,roberta-base,RoBERTa-base,homo,Homo,20,150,20,20,120,119,0.5475140727239077,0.0,81.68744007670182,1,round_config.json
nguyen repo,/homes/neumann/nguyen/fedlora/FederatedLLM/epoch_round_tuning_cola_client_count,flora,Linear FLoRA,cola_stratified,CoLA stratified,roberta-base,RoBERTa-base,homo,Homo,20,150,20,20,121,120,0.5449141719492956,0.0,81.5915627996165,1,round_config.json
nguyen repo,/homes/neumann/nguyen/fedlora/FederatedLLM/epoch_round_tuning_cola_client_count,flora,Linear FLoRA,cola_stratified,CoLA stratified,roberta-base,RoBERTa-base,homo,Homo,20,150,20,20,122,121,0.5473547459369941,0.0,81.68744007670182,1,round_config.json
nguyen repo,/homes/neumann/nguyen/fedlora/FederatedLLM/epoch_round_tuning_cola_client_count,flora,Linear FLoRA,cola_stratified,CoLA stratified,roberta-base,RoBERTa-base,homo,Homo,20,150,20,20,123,122,0.5528800923802824,0.0,81.87919463087249,1,round_config.json
nguyen repo,/homes/neumann/nguyen/fedlora/FederatedLLM/epoch_round_tuning_cola_client_count,flora,Linear FLoRA,cola_stratified,CoLA stratified,roberta-base,RoBERTa-base,homo,Homo,20,150,20,20,124,123,0.5501090458146111,0.0,81.78331735378715,1,round_config.json
nguyen repo,/homes/neumann/nguyen/fedlora/FederatedLLM/epoch_round_tuning_cola_client_count,flora,Linear FLoRA,cola_stratified,CoLA stratified,roberta-base,RoBERTa-base,homo,Homo,20,150,20,20,125,124,0.5473547459369941,0.0,81.68744007670182,1,round_config.json
nguyen repo,/homes/neumann/nguyen/fedlora/FederatedLLM/epoch_round_tuning_cola_client_count,flora,Linear FLoRA,cola_stratified,CoLA stratified,roberta-base,RoBERTa-base,homo,Homo,20,150,20,20,126,125,0.5473547459369941,0.0,81.68744007670182,1,round_config.json
nguyen repo,/homes/neumann/nguyen/fedlora/FederatedLLM/epoch_round_tuning_cola_client_count,flora,Linear FLoRA,cola_stratified,CoLA stratified,roberta-base,RoBERTa-base,homo,Homo,20,150,20,20,127,126,0.5526991664576107,0.0,81.87919463087249,1,round_config.json
nguyen repo,/homes/neumann/nguyen/fedlora/FederatedLLM/epoch_round_tuning_cola_client_count,flora,Linear FLoRA,cola_stratified,CoLA stratified,roberta-base,RoBERTa-base,homo,Homo,20,150,20,20,128,127,0.5524078413415989,0.0,81.87919463087249,1,round_config.json
nguyen repo,/homes/neumann/nguyen/fedlora/FederatedLLM/epoch_round_tuning_cola_client_count,flora,Linear FLoRA,cola_stratified,CoLA stratified,roberta-base,RoBERTa-base,homo,Homo,20,150,20,20,129,128,0.5552845087956161,0.0,81.97507190795783,1,round_config.json
nguyen repo,/homes/neumann/nguyen/fedlora/FederatedLLM/epoch_round_tuning_cola_client_count,flora,Linear FLoRA,cola_stratified,CoLA stratified,roberta-base,RoBERTa-base,homo,Homo,20,150,20,20,130,129,0.5526991664576107,0.0,81.87919463087249,1,round_config.json
nguyen repo,/homes/neumann/nguyen/fedlora/FederatedLLM/epoch_round_tuning_cola_client_count,flora,Linear FLoRA,cola_stratified,CoLA stratified,roberta-base,RoBERTa-base,homo,Homo,20,150,20,20,131,130,0.5473547459369941,0.0,81.68744007670182,1,round_config.json
nguyen repo,/homes/neumann/nguyen/fedlora/FederatedLLM/epoch_round_tuning_cola_client_count,flora,Linear FLoRA,cola_stratified,CoLA stratified,roberta-base,RoBERTa-base,homo,Homo,20,150,20,20,132,131,0.5526991664576107,0.0,81.87919463087249,1,round_config.json
nguyen repo,/homes/neumann/nguyen/fedlora/FederatedLLM/epoch_round_tuning_cola_client_count,flora,Linear FLoRA,cola_stratified,CoLA stratified,roberta-base,RoBERTa-base,homo,Homo,20,150,20,20,133,132,0.5552845087956161,0.0,81.97507190795783,1,round_config.json
nguyen repo,/homes/neumann/nguyen/fedlora/FederatedLLM/epoch_round_tuning_cola_client_count,flora,Linear FLoRA,cola_stratified,CoLA stratified,roberta-base,RoBERTa-base,homo,Homo,20,150,20,20,134,133,0.557865145901686,0.0,82.07094918504313,1,round_config.json
nguyen repo,/homes/neumann/nguyen/fedlora/FederatedLLM/epoch_round_tuning_cola_client_count,flora,Linear FLoRA,cola_stratified,CoLA stratified,roberta-base,RoBERTa-base,homo,Homo,20,150,20,20,135,134,0.5526991664576107,0.0,81.87919463087249,1,round_config.json
nguyen repo,/homes/neumann/nguyen/fedlora/FederatedLLM/epoch_round_tuning_cola_client_count,flora,Linear FLoRA,cola_stratified,CoLA stratified,roberta-base,RoBERTa-base,homo,Homo,20,150,20,20,136,135,0.5604411498024476,0.0,82.16682646212847,1,round_config.json
nguyen repo,/homes/neumann/nguyen/fedlora/FederatedLLM/epoch_round_tuning_cola_client_count,flora,Linear FLoRA,cola_stratified,CoLA stratified,roberta-base,RoBERTa-base,homo,Homo,20,150,20,20,137,136,0.5472187281316763,0.0,81.68744007670182,1,round_config.json
nguyen repo,/homes/neumann/nguyen/fedlora/FederatedLLM/epoch_round_tuning_cola_client_count,flora,Linear FLoRA,cola_stratified,CoLA stratified,roberta-base,RoBERTa-base,homo,Homo,20,150,20,20,138,137,0.557865145901686,0.0,82.07094918504313,1,round_config.json
nguyen repo,/homes/neumann/nguyen/fedlora/FederatedLLM/epoch_round_tuning_cola_client_count,flora,Linear FLoRA,cola_stratified,CoLA stratified,roberta-base,RoBERTa-base,homo,Homo,20,150,20,20,139,138,0.5552845087956161,0.0,81.97507190795783,1,round_config.json
nguyen repo,/homes/neumann/nguyen/fedlora/FederatedLLM/epoch_round_tuning_cola_client_count,flora,Linear FLoRA,cola_stratified,CoLA stratified,roberta-base,RoBERTa-base,homo,Homo,20,150,20,20,140,139,0.557865145901686,0.0,82.07094918504313,1,round_config.json
nguyen repo,/homes/neumann/nguyen/fedlora/FederatedLLM/epoch_round_tuning_cola_client_count,ffa,Nonlinear FFA,cola_stratified,CoLA stratified,roberta-base,RoBERTa-base,homo,Homo,20,150,20,20,1,0,0.0,0.0,69.12751677852349,1,round_config.json
nguyen repo,/homes/neumann/nguyen/fedlora/FederatedLLM/epoch_round_tuning_cola_client_count,ffa,Nonlinear FFA,cola_stratified,CoLA stratified,roberta-base,RoBERTa-base,homo,Homo,20,150,20,20,2,1,0.23558621884595085,0.0,71.81208053691275,1,round_config.json
nguyen repo,/homes/neumann/nguyen/fedlora/FederatedLLM/epoch_round_tuning_cola_client_count,ffa,Nonlinear FFA,cola_stratified,CoLA stratified,roberta-base,RoBERTa-base,homo,Homo,20,150,20,20,3,2,0.3353914849277504,0.0,74.49664429530202,1,round_config.json
nguyen repo,/homes/neumann/nguyen/fedlora/FederatedLLM/epoch_round_tuning_cola_client_count,ffa,Nonlinear FFA,cola_stratified,CoLA stratified,roberta-base,RoBERTa-base,homo,Homo,20,150,20,20,4,3,0.39217597803846416,0.0,76.22243528283796,1,round_config.json
nguyen repo,/homes/neumann/nguyen/fedlora/FederatedLLM/epoch_round_tuning_cola_client_count,ffa,Nonlinear FFA,cola_stratified,CoLA stratified,roberta-base,RoBERTa-base,homo,Homo,20,150,20,20,5,4,0.4094622199164031,0.0,76.79769894534996,1,round_config.json
nguyen repo,/homes/neumann/nguyen/fedlora/FederatedLLM/epoch_round_tuning_cola_client_count,ffa,Nonlinear FFA,cola_stratified,CoLA stratified,roberta-base,RoBERTa-base,homo,Homo,20,150,20,20,6,5,0.41158697196273253,0.0,76.89357622243527,1,round_config.json
nguyen repo,/homes/neumann/nguyen/fedlora/FederatedLLM/epoch_round_tuning_cola_client_count,ffa,Nonlinear FFA,cola_stratified,CoLA stratified,roberta-base,RoBERTa-base,homo,Homo,20,150,20,20,7,6,0.4194685352954239,0.0,77.18120805369128,1,round_config.json
nguyen repo,/homes/neumann/nguyen/fedlora/FederatedLLM/epoch_round_tuning_cola_client_count,ffa,Nonlinear FFA,cola_stratified,CoLA stratified,roberta-base,RoBERTa-base,homo,Homo,20,150,20,20,8,7,0.43380891599386373,0.0,77.66059443911793,1,round_config.json
nguyen repo,/homes/neumann/nguyen/fedlora/FederatedLLM/epoch_round_tuning_cola_client_count,ffa,Nonlinear FFA,cola_stratified,CoLA stratified,roberta-base,RoBERTa-base,homo,Homo,20,150,20,20,9,8,0.4510223816140928,0.0,78.23585810162992,1,round_config.json
nguyen repo,/homes/neumann/nguyen/fedlora/FederatedLLM/epoch_round_tuning_cola_client_count,ffa,Nonlinear FFA,cola_stratified,CoLA stratified,roberta-base,RoBERTa-base,homo,Homo,20,150,20,20,10,9,0.4682123736785958,0.0,78.8111217641419,1,round_config.json
nguyen repo,/homes/neumann/nguyen/fedlora/FederatedLLM/epoch_round_tuning_cola_client_count,ffa,Nonlinear FFA,cola_stratified,CoLA stratified,roberta-base,RoBERTa-base,homo,Homo,20,150,20,20,11,10,0.4734698850390942,0.0,79.00287631831256,1,round_config.json
nguyen repo,/homes/neumann/nguyen/fedlora/FederatedLLM/epoch_round_tuning_cola_client_count,ffa,Nonlinear FFA,cola_stratified,CoLA stratified,roberta-base,RoBERTa-base,homo,Homo,20,150,20,20,12,11,0.4731954585829745,0.0,79.00287631831256,1,round_config.json
nguyen repo,/homes/neumann/nguyen/fedlora/FederatedLLM/epoch_round_tuning_cola_client_count,ffa,Nonlinear FFA,cola_stratified,CoLA stratified,roberta-base,RoBERTa-base,homo,Homo,20,150,20,20,13,12,0.4731954585829745,0.0,79.00287631831256,1,round_config.json
nguyen repo,/homes/neumann/nguyen/fedlora/FederatedLLM/epoch_round_tuning_cola_client_count,ffa,Nonlinear FFA,cola_stratified,CoLA stratified,roberta-base,RoBERTa-base,homo,Homo,20,150,20,20,14,13,0.4784780470976092,0.0,79.19463087248322,1,round_config.json
nguyen repo,/homes/neumann/nguyen/fedlora/FederatedLLM/epoch_round_tuning_cola_client_count,ffa,Nonlinear FFA,cola_stratified,CoLA stratified,roberta-base,RoBERTa-base,homo,Homo,20,150,20,20,15,14,0.4784780470976092,0.0,79.19463087248322,1,round_config.json
nguyen repo,/homes/neumann/nguyen/fedlora/FederatedLLM/epoch_round_tuning_cola_client_count,ffa,Nonlinear FFA,cola_stratified,CoLA stratified,roberta-base,RoBERTa-base,homo,Homo,20,150,20,20,16,15,0.4812305179480984,0.0,79.29050814956855,1,round_config.json
nguyen repo,/homes/neumann/nguyen/fedlora/FederatedLLM/epoch_round_tuning_cola_client_count,ffa,Nonlinear FFA,cola_stratified,CoLA stratified,roberta-base,RoBERTa-base,homo,Homo,20,150,20,20,17,16,0.4810120283621051,0.0,79.29050814956855,1,round_config.json
nguyen repo,/homes/neumann/nguyen/fedlora/FederatedLLM/epoch_round_tuning_cola_client_count,ffa,Nonlinear FFA,cola_stratified,CoLA stratified,roberta-base,RoBERTa-base,homo,Homo,20,150,20,20,18,17,0.48649404197979973,0.0,79.48226270373921,1,round_config.json
nguyen repo,/homes/neumann/nguyen/fedlora/FederatedLLM/epoch_round_tuning_cola_client_count,ffa,Nonlinear FFA,cola_stratified,CoLA stratified,roberta-base,RoBERTa-base,homo,Homo,20,150,20,20,19,18,0.49737363185089895,0.0,79.86577181208054,1,round_config.json
nguyen repo,/homes/neumann/nguyen/fedlora/FederatedLLM/epoch_round_tuning_cola_client_count,ffa,Nonlinear FFA,cola_stratified,CoLA stratified,roberta-base,RoBERTa-base,homo,Homo,20,150,20,20,20,19,0.49737363185089895,0.0,79.86577181208054,1,round_config.json
nguyen repo,/homes/neumann/nguyen/fedlora/FederatedLLM/epoch_round_tuning_cola_client_count,ffa,Nonlinear FFA,cola_stratified,CoLA stratified,roberta-base,RoBERTa-base,homo,Homo,20,150,20,20,21,20,0.5000765695969273,0.0,79.96164908916586,1,round_config.json
nguyen repo,/homes/neumann/nguyen/fedlora/FederatedLLM/epoch_round_tuning_cola_client_count,ffa,Nonlinear FFA,cola_stratified,CoLA stratified,roberta-base,RoBERTa-base,homo,Homo,20,150,20,20,22,21,0.5054628220405837,0.0,80.15340364333653,1,round_config.json
nguyen repo,/homes/neumann/nguyen/fedlora/FederatedLLM/epoch_round_tuning_cola_client_count,ffa,Nonlinear FFA,cola_stratified,CoLA stratified,roberta-base,RoBERTa-base,homo,Homo,20,150,20,20,23,22,0.5025795557201045,0.0,80.0575263662512,1,round_config.json
nguyen repo,/homes/neumann/nguyen/fedlora/FederatedLLM/epoch_round_tuning_cola_client_count,ffa,Nonlinear FFA,cola_stratified,CoLA stratified,roberta-base,RoBERTa-base,homo,Homo,20,150,20,20,24,23,0.5025795557201045,0.0,80.0575263662512,1,round_config.json
nguyen repo,/homes/neumann/nguyen/fedlora/FederatedLLM/epoch_round_tuning_cola_client_count,ffa,Nonlinear FFA,cola_stratified,CoLA stratified,roberta-base,RoBERTa-base,homo,Homo,20,150,20,20,25,24,0.5052695272691742,0.0,80.15340364333653,1,round_config.json
nguyen repo,/homes/neumann/nguyen/fedlora/FederatedLLM/epoch_round_tuning_cola_client_count,ffa,Nonlinear FFA,cola_stratified,CoLA stratified,roberta-base,RoBERTa-base,homo,Homo,20,150,20,20,26,25,0.5079531963854501,0.0,80.24928092042187,1,round_config.json
nguyen repo,/homes/neumann/nguyen/fedlora/FederatedLLM/epoch_round_tuning_cola_client_count,ffa,Nonlinear FFA,cola_stratified,CoLA stratified,roberta-base,RoBERTa-base,homo,Homo,20,150,20,20,27,26,0.5077854223436783,0.0,80.24928092042187,1,round_config.json
nguyen repo,/homes/neumann/nguyen/fedlora/FederatedLLM/epoch_round_tuning_cola_client_count,ffa,Nonlinear FFA,cola_stratified,CoLA stratified,roberta-base,RoBERTa-base,homo,Homo,20,150,20,20,28,27,0.5077854223436783,0.0,80.24928092042187,1,round_config.json
nguyen repo,/homes/neumann/nguyen/fedlora/FederatedLLM/epoch_round_tuning_cola_client_count,ffa,Nonlinear FFA,cola_stratified,CoLA stratified,roberta-base,RoBERTa-base,homo,Homo,20,150,20,20,29,28,0.5106306596485645,0.0,80.34515819750719,1,round_config.json
nguyen repo,/homes/neumann/nguyen/fedlora/FederatedLLM/epoch_round_tuning_cola_client_count,ffa,Nonlinear FFA,cola_stratified,CoLA stratified,roberta-base,RoBERTa-base,homo,Homo,20,150,20,20,30,29,0.5106306596485645,0.0,80.34515819750719,1,round_config.json
nguyen repo,/homes/neumann/nguyen/fedlora/FederatedLLM/epoch_round_tuning_cola_client_count,ffa,Nonlinear FFA,cola_stratified,CoLA stratified,roberta-base,RoBERTa-base,homo,Homo,20,150,20,20,31,30,0.5106306596485645,0.0,80.34515819750719,1,round_config.json
nguyen repo,/homes/neumann/nguyen/fedlora/FederatedLLM/epoch_round_tuning_cola_client_count,ffa,Nonlinear FFA,cola_stratified,CoLA stratified,roberta-base,RoBERTa-base,homo,Homo,20,150,20,20,32,31,0.5159673470694772,0.0,80.53691275167785,1,round_config.json
nguyen repo,/homes/neumann/nguyen/fedlora/FederatedLLM/epoch_round_tuning_cola_client_count,ffa,Nonlinear FFA,cola_stratified,CoLA stratified,roberta-base,RoBERTa-base,homo,Homo,20,150,20,20,33,32,0.5133020120578021,0.0,80.44103547459252,1,round_config.json
nguyen repo,/homes/neumann/nguyen/fedlora/FederatedLLM/epoch_round_tuning_cola_client_count,ffa,Nonlinear FFA,cola_stratified,CoLA stratified,roberta-base,RoBERTa-base,homo,Homo,20,150,20,20,34,33,0.5133020120578021,0.0,80.44103547459252,1,round_config.json
nguyen repo,/homes/neumann/nguyen/fedlora/FederatedLLM/epoch_round_tuning_cola_client_count,ffa,Nonlinear FFA,cola_stratified,CoLA stratified,roberta-base,RoBERTa-base,homo,Homo,20,150,20,20,35,34,0.5106306596485645,0.0,80.34515819750719,1,round_config.json
nguyen repo,/homes/neumann/nguyen/fedlora/FederatedLLM/epoch_round_tuning_cola_client_count,ffa,Nonlinear FFA,cola_stratified,CoLA stratified,roberta-base,RoBERTa-base,homo,Homo,20,150,20,20,36,35,0.5159673470694772,0.0,80.53691275167785,1,round_config.json
nguyen repo,/homes/neumann/nguyen/fedlora/FederatedLLM/epoch_round_tuning_cola_client_count,ffa,Nonlinear FFA,cola_stratified,CoLA stratified,roberta-base,RoBERTa-base,homo,Homo,20,150,20,20,37,36,0.513134547199089,0.0,80.44103547459252,1,round_config.json
nguyen repo,/homes/neumann/nguyen/fedlora/FederatedLLM/epoch_round_tuning_cola_client_count,ffa,Nonlinear FFA,cola_stratified,CoLA stratified,roberta-base,RoBERTa-base,homo,Homo,20,150,20,20,38,37,0.513134547199089,0.0,80.44103547459252,1,round_config.json
nguyen repo,/homes/neumann/nguyen/fedlora/FederatedLLM/epoch_round_tuning_cola_client_count,ffa,Nonlinear FFA,cola_stratified,CoLA stratified,roberta-base,RoBERTa-base,homo,Homo,20,150,20,20,39,38,0.513134547199089,0.0,80.44103547459252,1,round_config.json
nguyen repo,/homes/neumann/nguyen/fedlora/FederatedLLM/epoch_round_tuning_cola_client_count,ffa,Nonlinear FFA,cola_stratified,CoLA stratified,roberta-base,RoBERTa-base,homo,Homo,20,150,20,20,40,39,0.5158001386531648,0.0,80.53691275167785,1,round_config.json
nguyen repo,/homes/neumann/nguyen/fedlora/FederatedLLM/epoch_round_tuning_cola_client_count,ffa,Nonlinear FFA,cola_stratified,CoLA stratified,roberta-base,RoBERTa-base,homo,Homo,20,150,20,20,41,40,0.5186267566332291,0.0,80.63279002876318,1,round_config.json
nguyen repo,/homes/neumann/nguyen/fedlora/FederatedLLM/epoch_round_tuning_cola_client_count,ffa,Nonlinear FFA,cola_stratified,CoLA stratified,roberta-base,RoBERTa-base,homo,Homo,20,150,20,20,42,41,0.5214716883534575,0.0,80.72866730584852,1,round_config.json
nguyen repo,/homes/neumann/nguyen/fedlora/FederatedLLM/epoch_round_tuning_cola_client_count,ffa,Nonlinear FFA,cola_stratified,CoLA stratified,roberta-base,RoBERTa-base,homo,Homo,20,150,20,20,43,42,0.5214716883534575,0.0,80.72866730584852,1,round_config.json
nguyen repo,/homes/neumann/nguyen/fedlora/FederatedLLM/epoch_round_tuning_cola_client_count,ffa,Nonlinear FFA,cola_stratified,CoLA stratified,roberta-base,RoBERTa-base,homo,Homo,20,150,20,20,44,43,0.5214716883534575,0.0,80.72866730584852,1,round_config.json
nguyen repo,/homes/neumann/nguyen/fedlora/FederatedLLM/epoch_round_tuning_cola_client_count,ffa,Nonlinear FFA,cola_stratified,CoLA stratified,roberta-base,RoBERTa-base,homo,Homo,20,150,20,20,45,44,0.5214716883534575,0.0,80.72866730584852,1,round_config.json
nguyen repo,/homes/neumann/nguyen/fedlora/FederatedLLM/epoch_round_tuning_cola_client_count,ffa,Nonlinear FFA,cola_stratified,CoLA stratified,roberta-base,RoBERTa-base,homo,Homo,20,150,20,20,46,45,0.5214716883534575,0.0,80.72866730584852,1,round_config.json
nguyen repo,/homes/neumann/nguyen/fedlora/FederatedLLM/epoch_round_tuning_cola_client_count,ffa,Nonlinear FFA,cola_stratified,CoLA stratified,roberta-base,RoBERTa-base,homo,Homo,20,150,20,20,47,46,0.5214716883534575,0.0,80.72866730584852,1,round_config.json
nguyen repo,/homes/neumann/nguyen/fedlora/FederatedLLM/epoch_round_tuning_cola_client_count,ffa,Nonlinear FFA,cola_stratified,CoLA stratified,roberta-base,RoBERTa-base,homo,Homo,20,150,20,20,48,47,0.5186267566332291,0.0,80.63279002876318,1,round_config.json
nguyen repo,/homes/neumann/nguyen/fedlora/FederatedLLM/epoch_round_tuning_cola_client_count,ffa,Nonlinear FFA,cola_stratified,CoLA stratified,roberta-base,RoBERTa-base,homo,Homo,20,150,20,20,49,48,0.5186267566332291,0.0,80.63279002876318,1,round_config.json
nguyen repo,/homes/neumann/nguyen/fedlora/FederatedLLM/epoch_round_tuning_cola_client_count,ffa,Nonlinear FFA,cola_stratified,CoLA stratified,roberta-base,RoBERTa-base,homo,Homo,20,150,20,20,50,49,0.5186267566332291,0.0,80.63279002876318,1,round_config.json
nguyen repo,/homes/neumann/nguyen/fedlora/FederatedLLM/epoch_round_tuning_cola_client_count,ffa,Nonlinear FFA,cola_stratified,CoLA stratified,roberta-base,RoBERTa-base,homo,Homo,20,150,20,20,51,50,0.5186267566332291,0.0,80.63279002876318,1,round_config.json
nguyen repo,/homes/neumann/nguyen/fedlora/FederatedLLM/epoch_round_tuning_cola_client_count,ffa,Nonlinear FFA,cola_stratified,CoLA stratified,roberta-base,RoBERTa-base,homo,Homo,20,150,20,20,52,51,0.5158001386531648,0.0,80.53691275167785,1,round_config.json
nguyen repo,/homes/neumann/nguyen/fedlora/FederatedLLM/epoch_round_tuning_cola_client_count,ffa,Nonlinear FFA,cola_stratified,CoLA stratified,roberta-base,RoBERTa-base,homo,Homo,20,150,20,20,53,52,0.5158001386531648,0.0,80.53691275167785,1,round_config.json
nguyen repo,/homes/neumann/nguyen/fedlora/FederatedLLM/epoch_round_tuning_cola_client_count,ffa,Nonlinear FFA,cola_stratified,CoLA stratified,roberta-base,RoBERTa-base,homo,Homo,20,150,20,20,54,53,0.5158001386531648,0.0,80.53691275167785,1,round_config.json
nguyen repo,/homes/neumann/nguyen/fedlora/FederatedLLM/epoch_round_tuning_cola_client_count,ffa,Nonlinear FFA,cola_stratified,CoLA stratified,roberta-base,RoBERTa-base,homo,Homo,20,150,20,20,55,54,0.5158001386531648,0.0,80.53691275167785,1,round_config.json
nguyen repo,/homes/neumann/nguyen/fedlora/FederatedLLM/epoch_round_tuning_cola_client_count,ffa,Nonlinear FFA,cola_stratified,CoLA stratified,roberta-base,RoBERTa-base,homo,Homo,20,150,20,20,56,55,0.5158001386531648,0.0,80.53691275167785,1,round_config.json
nguyen repo,/homes/neumann/nguyen/fedlora/FederatedLLM/epoch_round_tuning_cola_client_count,ffa,Nonlinear FFA,cola_stratified,CoLA stratified,roberta-base,RoBERTa-base,homo,Homo,20,150,20,20,57,56,0.513134547199089,0.0,80.44103547459252,1,round_config.json
nguyen repo,/homes/neumann/nguyen/fedlora/FederatedLLM/epoch_round_tuning_cola_client_count,ffa,Nonlinear FFA,cola_stratified,CoLA stratified,roberta-base,RoBERTa-base,homo,Homo,20,150,20,20,58,57,0.518459870748358,0.0,80.63279002876318,1,round_config.json
nguyen repo,/homes/neumann/nguyen/fedlora/FederatedLLM/epoch_round_tuning_cola_client_count,ffa,Nonlinear FFA,cola_stratified,CoLA stratified,roberta-base,RoBERTa-base,homo,Homo,20,150,20,20,59,58,0.518459870748358,0.0,80.63279002876318,1,round_config.json
nguyen repo,/homes/neumann/nguyen/fedlora/FederatedLLM/epoch_round_tuning_cola_client_count,ffa,Nonlinear FFA,cola_stratified,CoLA stratified,roberta-base,RoBERTa-base,homo,Homo,20,150,20,20,60,59,0.518459870748358,0.0,80.63279002876318,1,round_config.json
nguyen repo,/homes/neumann/nguyen/fedlora/FederatedLLM/epoch_round_tuning_cola_client_count,ffa,Nonlinear FFA,cola_stratified,CoLA stratified,roberta-base,RoBERTa-base,homo,Homo,20,150,20,20,61,60,0.5158001386531648,0.0,80.53691275167785,1,round_config.json
nguyen repo,/homes/neumann/nguyen/fedlora/FederatedLLM/epoch_round_tuning_cola_client_count,ffa,Nonlinear FFA,cola_stratified,CoLA stratified,roberta-base,RoBERTa-base,homo,Homo,20,150,20,20,62,61,0.518459870748358,0.0,80.63279002876318,1,round_config.json
nguyen repo,/homes/neumann/nguyen/fedlora/FederatedLLM/epoch_round_tuning_cola_client_count,ffa,Nonlinear FFA,cola_stratified,CoLA stratified,roberta-base,RoBERTa-base,homo,Homo,20,150,20,20,63,62,0.5211138326512601,0.0,80.72866730584852,1,round_config.json
nguyen repo,/homes/neumann/nguyen/fedlora/FederatedLLM/epoch_round_tuning_cola_client_count,ffa,Nonlinear FFA,cola_stratified,CoLA stratified,roberta-base,RoBERTa-base,homo,Homo,20,150,20,20,64,63,0.5211138326512601,0.0,80.72866730584852,1,round_config.json
nguyen repo,/homes/neumann/nguyen/fedlora/FederatedLLM/epoch_round_tuning_cola_client_count,ffa,Nonlinear FFA,cola_stratified,CoLA stratified,roberta-base,RoBERTa-base,homo,Homo,20,150,20,20,65,64,0.518459870748358,0.0,80.63279002876318,1,round_config.json
nguyen repo,/homes/neumann/nguyen/fedlora/FederatedLLM/epoch_round_tuning_cola_client_count,ffa,Nonlinear FFA,cola_stratified,CoLA stratified,roberta-base,RoBERTa-base,homo,Homo,20,150,20,20,66,65,0.5239281598926565,0.0,80.82454458293384,1,round_config.json
nguyen repo,/homes/neumann/nguyen/fedlora/FederatedLLM/epoch_round_tuning_cola_client_count,ffa,Nonlinear FFA,cola_stratified,CoLA stratified,roberta-base,RoBERTa-base,homo,Homo,20,150,20,20,67,66,0.5239281598926565,0.0,80.82454458293384,1,round_config.json
nguyen repo,/homes/neumann/nguyen/fedlora/FederatedLLM/epoch_round_tuning_cola_client_count,ffa,Nonlinear FFA,cola_stratified,CoLA stratified,roberta-base,RoBERTa-base,homo,Homo,20,150,20,20,68,67,0.5211138326512601,0.0,80.72866730584852,1,round_config.json
nguyen repo,/homes/neumann/nguyen/fedlora/FederatedLLM/epoch_round_tuning_cola_client_count,ffa,Nonlinear FFA,cola_stratified,CoLA stratified,roberta-base,RoBERTa-base,homo,Homo,20,150,20,20,69,68,0.5211138326512601,0.0,80.72866730584852,1,round_config.json
nguyen repo,/homes/neumann/nguyen/fedlora/FederatedLLM/epoch_round_tuning_cola_client_count,ffa,Nonlinear FFA,cola_stratified,CoLA stratified,roberta-base,RoBERTa-base,homo,Homo,20,150,20,20,70,69,0.5158001386531648,0.0,80.53691275167785,1,round_config.json
nguyen repo,/homes/neumann/nguyen/fedlora/FederatedLLM/epoch_round_tuning_cola_client_count,ffa,Nonlinear FFA,cola_stratified,CoLA stratified,roberta-base,RoBERTa-base,homo,Homo,20,150,20,20,71,70,0.5158001386531648,0.0,80.53691275167785,1,round_config.json
nguyen repo,/homes/neumann/nguyen/fedlora/FederatedLLM/epoch_round_tuning_cola_client_count,ffa,Nonlinear FFA,cola_stratified,CoLA stratified,roberta-base,RoBERTa-base,homo,Homo,20,150,20,20,72,71,0.5158001386531648,0.0,80.53691275167785,1,round_config.json
nguyen repo,/homes/neumann/nguyen/fedlora/FederatedLLM/epoch_round_tuning_cola_client_count,ffa,Nonlinear FFA,cola_stratified,CoLA stratified,roberta-base,RoBERTa-base,homo,Homo,20,150,20,20,73,72,0.5129915816040594,0.0,80.44103547459252,1,round_config.json
nguyen repo,/homes/neumann/nguyen/fedlora/FederatedLLM/epoch_round_tuning_cola_client_count,ffa,Nonlinear FFA,cola_stratified,CoLA stratified,roberta-base,RoBERTa-base,homo,Homo,20,150,20,20,74,73,0.5129915816040594,0.0,80.44103547459252,1,round_config.json
nguyen repo,/homes/neumann/nguyen/fedlora/FederatedLLM/epoch_round_tuning_cola_client_count,ffa,Nonlinear FFA,cola_stratified,CoLA stratified,roberta-base,RoBERTa-base,homo,Homo,20,150,20,20,75,74,0.5159673470694772,0.0,80.53691275167785,1,round_config.json
nguyen repo,/homes/neumann/nguyen/fedlora/FederatedLLM/epoch_round_tuning_cola_client_count,ffa,Nonlinear FFA,cola_stratified,CoLA stratified,roberta-base,RoBERTa-base,homo,Homo,20,150,20,20,76,75,0.5186267566332291,0.0,80.63279002876318,1,round_config.json
nguyen repo,/homes/neumann/nguyen/fedlora/FederatedLLM/epoch_round_tuning_cola_client_count,ffa,Nonlinear FFA,cola_stratified,CoLA stratified,roberta-base,RoBERTa-base,homo,Homo,20,150,20,20,77,76,0.5241189660673692,0.0,80.82454458293384,1,round_config.json
nguyen repo,/homes/neumann/nguyen/fedlora/FederatedLLM/epoch_round_tuning_cola_client_count,ffa,Nonlinear FFA,cola_stratified,CoLA stratified,roberta-base,RoBERTa-base,homo,Homo,20,150,20,20,78,77,0.5269760296374377,0.0,80.92042186001918,1,round_config.json
nguyen repo,/homes/neumann/nguyen/fedlora/FederatedLLM/epoch_round_tuning_cola_client_count,ffa,Nonlinear FFA,cola_stratified,CoLA stratified,roberta-base,RoBERTa-base,homo,Homo,20,150,20,20,79,78,0.5243351914860497,0.0,80.82454458293384,1,round_config.json
nguyen repo,/homes/neumann/nguyen/fedlora/FederatedLLM/epoch_round_tuning_cola_client_count,ffa,Nonlinear FFA,cola_stratified,CoLA stratified,roberta-base,RoBERTa-base,homo,Homo,20,150,20,20,80,79,0.5216885723420658,0.0,80.72866730584852,1,round_config.json
nguyen repo,/homes/neumann/nguyen/fedlora/FederatedLLM/epoch_round_tuning_cola_client_count,ffa,Nonlinear FFA,cola_stratified,CoLA stratified,roberta-base,RoBERTa-base,homo,Homo,20,150,20,20,81,80,0.518818601771926,0.0,80.63279002876318,1,round_config.json
nguyen repo,/homes/neumann/nguyen/fedlora/FederatedLLM/epoch_round_tuning_cola_client_count,ffa,Nonlinear FFA,cola_stratified,CoLA stratified,roberta-base,RoBERTa-base,homo,Homo,20,150,20,20,82,81,0.5161596159953151,0.0,80.53691275167785,1,round_config.json
nguyen repo,/homes/neumann/nguyen/fedlora/FederatedLLM/epoch_round_tuning_cola_client_count,ffa,Nonlinear FFA,cola_stratified,CoLA stratified,roberta-base,RoBERTa-base,homo,Homo,20,150,20,20,83,82,0.5214716883534575,0.0,80.72866730584852,1,round_config.json
nguyen repo,/homes/neumann/nguyen/fedlora/FederatedLLM/epoch_round_tuning_cola_client_count,ffa,Nonlinear FFA,cola_stratified,CoLA stratified,roberta-base,RoBERTa-base,homo,Homo,20,150,20,20,84,83,0.5241189660673692,0.0,80.82454458293384,1,round_config.json
nguyen repo,/homes/neumann/nguyen/fedlora/FederatedLLM/epoch_round_tuning_cola_client_count,ffa,Nonlinear FFA,cola_stratified,CoLA stratified,roberta-base,RoBERTa-base,homo,Homo,20,150,20,20,85,84,0.5214716883534575,0.0,80.72866730584852,1,round_config.json
nguyen repo,/homes/neumann/nguyen/fedlora/FederatedLLM/epoch_round_tuning_cola_client_count,ffa,Nonlinear FFA,cola_stratified,CoLA stratified,roberta-base,RoBERTa-base,homo,Homo,20,150,20,20,86,85,0.5214716883534575,0.0,80.72866730584852,1,round_config.json
nguyen repo,/homes/neumann/nguyen/fedlora/FederatedLLM/epoch_round_tuning_cola_client_count,ffa,Nonlinear FFA,cola_stratified,CoLA stratified,roberta-base,RoBERTa-base,homo,Homo,20,150,20,20,87,86,0.5214716883534575,0.0,80.72866730584852,1,round_config.json
nguyen repo,/homes/neumann/nguyen/fedlora/FederatedLLM/epoch_round_tuning_cola_client_count,ffa,Nonlinear FFA,cola_stratified,CoLA stratified,roberta-base,RoBERTa-base,homo,Homo,20,150,20,20,88,87,0.5214716883534575,0.0,80.72866730584852,1,round_config.json
nguyen repo,/homes/neumann/nguyen/fedlora/FederatedLLM/epoch_round_tuning_cola_client_count,ffa,Nonlinear FFA,cola_stratified,CoLA stratified,roberta-base,RoBERTa-base,homo,Homo,20,150,20,20,89,88,0.5243351914860497,0.0,80.82454458293384,1,round_config.json
nguyen repo,/homes/neumann/nguyen/fedlora/FederatedLLM/epoch_round_tuning_cola_client_count,ffa,Nonlinear FFA,cola_stratified,CoLA stratified,roberta-base,RoBERTa-base,homo,Homo,20,150,20,20,90,89,0.5214716883534575,0.0,80.72866730584852,1,round_config.json
nguyen repo,/homes/neumann/nguyen/fedlora/FederatedLLM/epoch_round_tuning_cola_client_count,ffa,Nonlinear FFA,cola_stratified,CoLA stratified,roberta-base,RoBERTa-base,homo,Homo,20,150,20,20,91,90,0.5214716883534575,0.0,80.72866730584852,1,round_config.json
nguyen repo,/homes/neumann/nguyen/fedlora/FederatedLLM/epoch_round_tuning_cola_client_count,ffa,Nonlinear FFA,cola_stratified,CoLA stratified,roberta-base,RoBERTa-base,homo,Homo,20,150,20,20,92,91,0.5134946392219878,0.0,80.44103547459252,1,round_config.json
nguyen repo,/homes/neumann/nguyen/fedlora/FederatedLLM/epoch_round_tuning_cola_client_count,ffa,Nonlinear FFA,cola_stratified,CoLA stratified,roberta-base,RoBERTa-base,homo,Homo,20,150,20,20,93,92,0.5190360820585255,0.0,80.63279002876318,1,round_config.json
nguyen repo,/homes/neumann/nguyen/fedlora/FederatedLLM/epoch_round_tuning_cola_client_count,ffa,Nonlinear FFA,cola_stratified,CoLA stratified,roberta-base,RoBERTa-base,homo,Homo,20,150,20,20,94,93,0.5214716883534575,0.0,80.72866730584852,1,round_config.json
nguyen repo,/homes/neumann/nguyen/fedlora/FederatedLLM/epoch_round_tuning_cola_client_count,ffa,Nonlinear FFA,cola_stratified,CoLA stratified,roberta-base,RoBERTa-base,homo,Homo,20,150,20,20,95,94,0.5186267566332291,0.0,80.63279002876318,1,round_config.json
nguyen repo,/homes/neumann/nguyen/fedlora/FederatedLLM/epoch_round_tuning_cola_client_count,ffa,Nonlinear FFA,cola_stratified,CoLA stratified,roberta-base,RoBERTa-base,homo,Homo,20,150,20,20,96,95,0.5265703302665122,0.0,80.92042186001918,1,round_config.json
nguyen repo,/homes/neumann/nguyen/fedlora/FederatedLLM/epoch_round_tuning_cola_client_count,ffa,Nonlinear FFA,cola_stratified,CoLA stratified,roberta-base,RoBERTa-base,homo,Homo,20,150,20,20,97,96,0.5159673470694772,0.0,80.53691275167785,1,round_config.json
nguyen repo,/homes/neumann/nguyen/fedlora/FederatedLLM/epoch_round_tuning_cola_client_count,ffa,Nonlinear FFA,cola_stratified,CoLA stratified,roberta-base,RoBERTa-base,homo,Homo,20,150,20,20,98,97,0.5158001386531648,0.0,80.53691275167785,1,round_config.json
nguyen repo,/homes/neumann/nguyen/fedlora/FederatedLLM/epoch_round_tuning_cola_client_count,ffa,Nonlinear FFA,cola_stratified,CoLA stratified,roberta-base,RoBERTa-base,homo,Homo,20,150,20,20,99,98,0.5239281598926565,0.0,80.82454458293384,1,round_config.json
nguyen repo,/homes/neumann/nguyen/fedlora/FederatedLLM/epoch_round_tuning_cola_client_count,ffa,Nonlinear FFA,cola_stratified,CoLA stratified,roberta-base,RoBERTa-base,homo,Homo,20,150,20,20,100,99,0.5159673470694772,0.0,80.53691275167785,1,round_config.json
nguyen repo,/homes/neumann/nguyen/fedlora/FederatedLLM/epoch_round_tuning_cola_client_count,ffa,Nonlinear FFA,cola_stratified,CoLA stratified,roberta-base,RoBERTa-base,homo,Homo,20,150,20,20,101,100,0.5186267566332291,0.0,80.63279002876318,1,round_config.json
nguyen repo,/homes/neumann/nguyen/fedlora/FederatedLLM/epoch_round_tuning_cola_client_count,ffa,Nonlinear FFA,cola_stratified,CoLA stratified,roberta-base,RoBERTa-base,homo,Homo,20,150,20,20,102,101,0.5186267566332291,0.0,80.63279002876318,1,round_config.json
nguyen repo,/homes/neumann/nguyen/fedlora/FederatedLLM/epoch_round_tuning_cola_client_count,ffa,Nonlinear FFA,cola_stratified,CoLA stratified,roberta-base,RoBERTa-base,homo,Homo,20,150,20,20,103,102,0.5158001386531648,0.0,80.53691275167785,1,round_config.json
nguyen repo,/homes/neumann/nguyen/fedlora/FederatedLLM/epoch_round_tuning_cola_client_count,ffa,Nonlinear FFA,cola_stratified,CoLA stratified,roberta-base,RoBERTa-base,homo,Homo,20,150,20,20,104,103,0.5216885723420658,0.0,80.72866730584852,1,round_config.json
nguyen repo,/homes/neumann/nguyen/fedlora/FederatedLLM/epoch_round_tuning_cola_client_count,ffa,Nonlinear FFA,cola_stratified,CoLA stratified,roberta-base,RoBERTa-base,homo,Homo,20,150,20,20,105,104,0.5161596159953151,0.0,80.53691275167785,1,round_config.json
nguyen repo,/homes/neumann/nguyen/fedlora/FederatedLLM/epoch_round_tuning_cola_client_count,ffa,Nonlinear FFA,cola_stratified,CoLA stratified,roberta-base,RoBERTa-base,homo,Homo,20,150,20,20,106,105,0.5186267566332291,0.0,80.63279002876318,1,round_config.json
nguyen repo,/homes/neumann/nguyen/fedlora/FederatedLLM/epoch_round_tuning_cola_client_count,ffa,Nonlinear FFA,cola_stratified,CoLA stratified,roberta-base,RoBERTa-base,homo,Homo,20,150,20,20,107,106,0.5158001386531648,0.0,80.53691275167785,1,round_config.json
nguyen repo,/homes/neumann/nguyen/fedlora/FederatedLLM/epoch_round_tuning_cola_client_count,ffa,Nonlinear FFA,cola_stratified,CoLA stratified,roberta-base,RoBERTa-base,homo,Homo,20,150,20,20,108,107,0.518459870748358,0.0,80.63279002876318,1,round_config.json
nguyen repo,/homes/neumann/nguyen/fedlora/FederatedLLM/epoch_round_tuning_cola_client_count,ffa,Nonlinear FFA,cola_stratified,CoLA stratified,roberta-base,RoBERTa-base,homo,Homo,20,150,20,20,109,108,0.518459870748358,0.0,80.63279002876318,1,round_config.json
nguyen repo,/homes/neumann/nguyen/fedlora/FederatedLLM/epoch_round_tuning_cola_client_count,ffa,Nonlinear FFA,cola_stratified,CoLA stratified,roberta-base,RoBERTa-base,homo,Homo,20,150,20,20,110,109,0.5128724791536567,0.0,80.44103547459252,1,round_config.json
nguyen repo,/homes/neumann/nguyen/fedlora/FederatedLLM/epoch_round_tuning_cola_client_count,ffa,Nonlinear FFA,cola_stratified,CoLA stratified,roberta-base,RoBERTa-base,homo,Homo,20,150,20,20,111,110,0.5128724791536567,0.0,80.44103547459252,1,round_config.json
nguyen repo,/homes/neumann/nguyen/fedlora/FederatedLLM/epoch_round_tuning_cola_client_count,ffa,Nonlinear FFA,cola_stratified,CoLA stratified,roberta-base,RoBERTa-base,homo,Homo,20,150,20,20,112,111,0.515657335036008,0.0,80.53691275167785,1,round_config.json
nguyen repo,/homes/neumann/nguyen/fedlora/FederatedLLM/epoch_round_tuning_cola_client_count,ffa,Nonlinear FFA,cola_stratified,CoLA stratified,roberta-base,RoBERTa-base,homo,Homo,20,150,20,20,113,112,0.5158001386531648,0.0,80.53691275167785,1,round_config.json
nguyen repo,/homes/neumann/nguyen/fedlora/FederatedLLM/epoch_round_tuning_cola_client_count,ffa,Nonlinear FFA,cola_stratified,CoLA stratified,roberta-base,RoBERTa-base,homo,Homo,20,150,20,20,114,113,0.5159673470694772,0.0,80.53691275167785,1,round_config.json
nguyen repo,/homes/neumann/nguyen/fedlora/FederatedLLM/epoch_round_tuning_cola_client_count,ffa,Nonlinear FFA,cola_stratified,CoLA stratified,roberta-base,RoBERTa-base,homo,Homo,20,150,20,20,115,114,0.5129915816040594,0.0,80.44103547459252,1,round_config.json
nguyen repo,/homes/neumann/nguyen/fedlora/FederatedLLM/epoch_round_tuning_cola_client_count,ffa,Nonlinear FFA,cola_stratified,CoLA stratified,roberta-base,RoBERTa-base,homo,Homo,20,150,20,20,116,115,0.5186267566332291,0.0,80.63279002876318,1,round_config.json
nguyen repo,/homes/neumann/nguyen/fedlora/FederatedLLM/epoch_round_tuning_cola_client_count,ffa,Nonlinear FFA,cola_stratified,CoLA stratified,roberta-base,RoBERTa-base,homo,Homo,20,150,20,20,117,116,0.5211138326512601,0.0,80.72866730584852,1,round_config.json
nguyen repo,/homes/neumann/nguyen/fedlora/FederatedLLM/epoch_round_tuning_cola_client_count,ffa,Nonlinear FFA,cola_stratified,CoLA stratified,roberta-base,RoBERTa-base,homo,Homo,20,150,20,20,118,117,0.5265703302665122,0.0,80.92042186001918,1,round_config.json
nguyen repo,/homes/neumann/nguyen/fedlora/FederatedLLM/epoch_round_tuning_cola_client_count,ffa,Nonlinear FFA,cola_stratified,CoLA stratified,roberta-base,RoBERTa-base,homo,Homo,20,150,20,20,119,118,0.5237621121274929,0.0,80.82454458293384,1,round_config.json
nguyen repo,/homes/neumann/nguyen/fedlora/FederatedLLM/epoch_round_tuning_cola_client_count,ffa,Nonlinear FFA,cola_stratified,CoLA stratified,roberta-base,RoBERTa-base,homo,Homo,20,150,20,20,120,119,0.5239281598926565,0.0,80.82454458293384,1,round_config.json
nguyen repo,/homes/neumann/nguyen/fedlora/FederatedLLM/epoch_round_tuning_cola_client_count,ffa,Nonlinear FFA,cola_stratified,CoLA stratified,roberta-base,RoBERTa-base,homo,Homo,20,150,20,20,121,120,0.5239281598926565,0.0,80.82454458293384,1,round_config.json
nguyen repo,/homes/neumann/nguyen/fedlora/FederatedLLM/epoch_round_tuning_cola_client_count,ffa,Nonlinear FFA,cola_stratified,CoLA stratified,roberta-base,RoBERTa-base,homo,Homo,20,150,20,20,122,121,0.5237621121274929,0.0,80.82454458293384,1,round_config.json
nguyen repo,/homes/neumann/nguyen/fedlora/FederatedLLM/epoch_round_tuning_cola_client_count,ffa,Nonlinear FFA,cola_stratified,CoLA stratified,roberta-base,RoBERTa-base,homo,Homo,20,150,20,20,123,122,0.5239281598926565,0.0,80.82454458293384,1,round_config.json
nguyen repo,/homes/neumann/nguyen/fedlora/FederatedLLM/epoch_round_tuning_cola_client_count,ffa,Nonlinear FFA,cola_stratified,CoLA stratified,roberta-base,RoBERTa-base,homo,Homo,20,150,20,20,124,123,0.518459870748358,0.0,80.63279002876318,1,round_config.json
nguyen repo,/homes/neumann/nguyen/fedlora/FederatedLLM/epoch_round_tuning_cola_client_count,ffa,Nonlinear FFA,cola_stratified,CoLA stratified,roberta-base,RoBERTa-base,homo,Homo,20,150,20,20,125,124,0.5046216086478392,0.0,80.15340364333653,1,round_config.json
nguyen repo,/homes/neumann/nguyen/fedlora/FederatedLLM/epoch_round_tuning_cola_client_count,ffa,Nonlinear FFA,cola_stratified,CoLA stratified,roberta-base,RoBERTa-base,homo,Homo,20,150,20,20,126,125,0.5154424505113391,0.0,80.53691275167785,1,round_config.json
