Method key,Method,Dataset,Dataset label,Model key,Model,Setting key,Setting,Local epochs,Config rounds,Run source,Run root,Seed,Client count,Client count label,Round id,Communication round,Matthews correlation,Accuracy (%),Selected clients,Round stacked rank,Cumulative or global rank,Rank semantics,Local metrics path,Config path
ffa,Nonlinear FFA,cola_stratified,CoLA stratified,roberta-base,RoBERTa-base,homo,Homo,20,150,nguyen repo,/homes/neumann/nguyen/fedlora/FederatedLLM/epoch_round_tuning_cola_client_count,0,3,3,0,1,0.44482389645822606,78.04410354745926,"0, 1, 2",4,4,ffa_global_B,,/homes/neumann/nguyen/fedlora/FederatedLLM/epoch_round_tuning_cola_client_count/tuning-ffa-cola_stratified-roberta-base-homo-e20-r150/seed0/3/0/round_config.json
ffa,Nonlinear FFA,cola_stratified,CoLA stratified,roberta-base,RoBERTa-base,homo,Homo,20,150,nguyen repo,/homes/neumann/nguyen/fedlora/FederatedLLM/epoch_round_tuning_cola_client_count,0,3,3,1,2,0.5021501283308087,80.0575263662512,"0, 1, 2",4,4,ffa_global_B,,/homes/neumann/nguyen/fedlora/FederatedLLM/epoch_round_tuning_cola_client_count/tuning-ffa-cola_stratified-roberta-base-homo-e20-r150/seed0/3/1/round_config.json
ffa,Nonlinear FFA,cola_stratified,CoLA stratified,roberta-base,RoBERTa-base,homo,Homo,20,150,nguyen repo,/homes/neumann/nguyen/fedlora/FederatedLLM/epoch_round_tuning_cola_client_count,0,3,3,2,3,0.5233331906511532,80.82454458293384,"0, 1, 2",4,4,ffa_global_B,,/homes/neumann/nguyen/fedlora/FederatedLLM/epoch_round_tuning_cola_client_count/tuning-ffa-cola_stratified-roberta-base-homo-e20-r150/seed0/3/2/round_config.json
ffa,Nonlinear FFA,cola_stratified,CoLA stratified,roberta-base,RoBERTa-base,homo,Homo,20,150,nguyen repo,/homes/neumann/nguyen/fedlora/FederatedLLM/epoch_round_tuning_cola_client_count,0,3,3,3,4,0.5366659048957605,81.30393096836049,"0, 1, 2",4,4,ffa_global_B,,/homes/neumann/nguyen/fedlora/FederatedLLM/epoch_round_tuning_cola_client_count/tuning-ffa-cola_stratified-roberta-base-homo-e20-r150/seed0/3/3/round_config.json
ffa,Nonlinear FFA,cola_stratified,CoLA stratified,roberta-base,RoBERTa-base,homo,Homo,20,150,nguyen repo,/homes/neumann/nguyen/fedlora/FederatedLLM/epoch_round_tuning_cola_client_count,0,3,3,4,5,0.5420103254163773,81.49568552253116,"0, 1, 2",4,4,ffa_global_B,,/homes/neumann/nguyen/fedlora/FederatedLLM/epoch_round_tuning_cola_client_count/tuning-ffa-cola_stratified-roberta-base-homo-e20-r150/seed0/3/4/round_config.json
ffa,Nonlinear FFA,cola_stratified,CoLA stratified,roberta-base,RoBERTa-base,homo,Homo,20,150,nguyen repo,/homes/neumann/nguyen/fedlora/FederatedLLM/epoch_round_tuning_cola_client_count,0,3,3,5,6,0.5286156744059349,81.01629913710451,"0, 1, 2",4,4,ffa_global_B,,/homes/neumann/nguyen/fedlora/FederatedLLM/epoch_round_tuning_cola_client_count/tuning-ffa-cola_stratified-roberta-base-homo-e20-r150/seed0/3/5/round_config.json
ffa,Nonlinear FFA,cola_stratified,CoLA stratified,roberta-base,RoBERTa-base,homo,Homo,20,150,nguyen repo,/homes/neumann/nguyen/fedlora/FederatedLLM/epoch_round_tuning_cola_client_count,0,3,3,6,7,0.5259258925916567,80.92042186001918,"0, 1, 2",4,4,ffa_global_B,,/homes/neumann/nguyen/fedlora/FederatedLLM/epoch_round_tuning_cola_client_count/tuning-ffa-cola_stratified-roberta-base-homo-e20-r150/seed0/3/6/round_config.json
ffa,Nonlinear FFA,cola_stratified,CoLA stratified,roberta-base,RoBERTa-base,homo,Homo,20,150,nguyen repo,/homes/neumann/nguyen/fedlora/FederatedLLM/epoch_round_tuning_cola_client_count,0,3,3,7,8,0.5232819075279987,80.82454458293384,"0, 1, 2",4,4,ffa_global_B,,/homes/neumann/nguyen/fedlora/FederatedLLM/epoch_round_tuning_cola_client_count/tuning-ffa-cola_stratified-roberta-base-homo-e20-r150/seed0/3/7/round_config.json
ffa,Nonlinear FFA,cola_stratified,CoLA stratified,roberta-base,RoBERTa-base,homo,Homo,20,150,nguyen repo,/homes/neumann/nguyen/fedlora/FederatedLLM/epoch_round_tuning_cola_client_count,0,3,3,8,9,0.5259770638545269,80.92042186001918,"0, 1, 2",4,4,ffa_global_B,,/homes/neumann/nguyen/fedlora/FederatedLLM/epoch_round_tuning_cola_client_count/tuning-ffa-cola_stratified-roberta-base-homo-e20-r150/seed0/3/8/round_config.json
ffa,Nonlinear FFA,cola_stratified,CoLA stratified,roberta-base,RoBERTa-base,homo,Homo,20,150,nguyen repo,/homes/neumann/nguyen/fedlora/FederatedLLM/epoch_round_tuning_cola_client_count,0,3,3,9,10,0.5286156744059349,81.01629913710451,"0, 1, 2",4,4,ffa_global_B,,/homes/neumann/nguyen/fedlora/FederatedLLM/epoch_round_tuning_cola_client_count/tuning-ffa-cola_stratified-roberta-base-homo-e20-r150/seed0/3/9/round_config.json
ffa,Nonlinear FFA,cola_stratified,CoLA stratified,roberta-base,RoBERTa-base,homo,Homo,20,150,nguyen repo,/homes/neumann/nguyen/fedlora/FederatedLLM/epoch_round_tuning_cola_client_count,0,3,3,10,11,0.5286156744059349,81.01629913710451,"0, 1, 2",4,4,ffa_global_B,,/homes/neumann/nguyen/fedlora/FederatedLLM/epoch_round_tuning_cola_client_count/tuning-ffa-cola_stratified-roberta-base-homo-e20-r150/seed0/3/10/round_config.json
ffa,Nonlinear FFA,cola_stratified,CoLA stratified,roberta-base,RoBERTa-base,homo,Homo,20,150,nguyen repo,/homes/neumann/nguyen/fedlora/FederatedLLM/epoch_round_tuning_cola_client_count,0,3,3,11,12,0.5259258925916567,80.92042186001918,"0, 1, 2",4,4,ffa_global_B,,/homes/neumann/nguyen/fedlora/FederatedLLM/epoch_round_tuning_cola_client_count/tuning-ffa-cola_stratified-roberta-base-homo-e20-r150/seed0/3/11/round_config.json
ffa,Nonlinear FFA,cola_stratified,CoLA stratified,roberta-base,RoBERTa-base,homo,Homo,20,150,nguyen repo,/homes/neumann/nguyen/fedlora/FederatedLLM/epoch_round_tuning_cola_client_count,0,3,3,12,13,0.5311983410233877,81.11217641418985,"0, 1, 2",4,4,ffa_global_B,,/homes/neumann/nguyen/fedlora/FederatedLLM/epoch_round_tuning_cola_client_count/tuning-ffa-cola_stratified-roberta-base-homo-e20-r150/seed0/3/12/round_config.json
ffa,Nonlinear FFA,cola_stratified,CoLA stratified,roberta-base,RoBERTa-base,homo,Homo,20,150,nguyen repo,/homes/neumann/nguyen/fedlora/FederatedLLM/epoch_round_tuning_cola_client_count,0,3,3,13,14,0.5417325184178179,81.49568552253116,"0, 1, 2",4,4,ffa_global_B,,/homes/neumann/nguyen/fedlora/FederatedLLM/epoch_round_tuning_cola_client_count/tuning-ffa-cola_stratified-roberta-base-homo-e20-r150/seed0/3/13/round_config.json
ffa,Nonlinear FFA,cola_stratified,CoLA stratified,roberta-base,RoBERTa-base,homo,Homo,20,150,nguyen repo,/homes/neumann/nguyen/fedlora/FederatedLLM/epoch_round_tuning_cola_client_count,0,3,3,14,15,0.5444111532535151,81.5915627996165,"0, 1, 2",4,4,ffa_global_B,,/homes/neumann/nguyen/fedlora/FederatedLLM/epoch_round_tuning_cola_client_count/tuning-ffa-cola_stratified-roberta-base-homo-e20-r150/seed0/3/14/round_config.json
ffa,Nonlinear FFA,cola_stratified,CoLA stratified,roberta-base,RoBERTa-base,homo,Homo,20,150,nguyen repo,/homes/neumann/nguyen/fedlora/FederatedLLM/epoch_round_tuning_cola_client_count,0,3,3,15,16,0.5445029137697658,81.5915627996165,"0, 1, 2",4,4,ffa_global_B,,/homes/neumann/nguyen/fedlora/FederatedLLM/epoch_round_tuning_cola_client_count/tuning-ffa-cola_stratified-roberta-base-homo-e20-r150/seed0/3/15/round_config.json
ffa,Nonlinear FFA,cola_stratified,CoLA stratified,roberta-base,RoBERTa-base,homo,Homo,20,150,nguyen repo,/homes/neumann/nguyen/fedlora/FederatedLLM/epoch_round_tuning_cola_client_count,0,3,3,16,17,0.5366659048957605,81.30393096836049,"0, 1, 2",4,4,ffa_global_B,,/homes/neumann/nguyen/fedlora/FederatedLLM/epoch_round_tuning_cola_client_count/tuning-ffa-cola_stratified-roberta-base-homo-e20-r150/seed0/3/16/round_config.json
ffa,Nonlinear FFA,cola_stratified,CoLA stratified,roberta-base,RoBERTa-base,homo,Homo,20,150,nguyen repo,/homes/neumann/nguyen/fedlora/FederatedLLM/epoch_round_tuning_cola_client_count,0,3,3,17,18,0.5421480530675332,81.49568552253116,"0, 1, 2",4,4,ffa_global_B,,/homes/neumann/nguyen/fedlora/FederatedLLM/epoch_round_tuning_cola_client_count/tuning-ffa-cola_stratified-roberta-base-homo-e20-r150/seed0/3/17/round_config.json
ffa,Nonlinear FFA,cola_stratified,CoLA stratified,roberta-base,RoBERTa-base,homo,Homo,20,150,nguyen repo,/homes/neumann/nguyen/fedlora/FederatedLLM/epoch_round_tuning_cola_client_count,0,3,3,18,19,0.5449141719492956,81.5915627996165,"0, 1, 2",4,4,ffa_global_B,,/homes/neumann/nguyen/fedlora/FederatedLLM/epoch_round_tuning_cola_client_count/tuning-ffa-cola_stratified-roberta-base-homo-e20-r150/seed0/3/18/round_config.json
ffa,Nonlinear FFA,cola_stratified,CoLA stratified,roberta-base,RoBERTa-base,homo,Homo,20,150,nguyen repo,/homes/neumann/nguyen/fedlora/FederatedLLM/epoch_round_tuning_cola_client_count,0,3,3,19,20,0.5315332344895993,81.11217641418985,"0, 1, 2",4,4,ffa_global_B,,/homes/neumann/nguyen/fedlora/FederatedLLM/epoch_round_tuning_cola_client_count/tuning-ffa-cola_stratified-roberta-base-homo-e20-r150/seed0/3/19/round_config.json
ffa,Nonlinear FFA,cola_stratified,CoLA stratified,roberta-base,RoBERTa-base,homo,Homo,20,150,nguyen repo,/homes/neumann/nguyen/fedlora/FederatedLLM/epoch_round_tuning_cola_client_count,0,3,3,20,21,0.5314160137547841,81.11217641418985,"0, 1, 2",4,4,ffa_global_B,,/homes/neumann/nguyen/fedlora/FederatedLLM/epoch_round_tuning_cola_client_count/tuning-ffa-cola_stratified-roberta-base-homo-e20-r150/seed0/3/20/round_config.json
ffa,Nonlinear FFA,cola_stratified,CoLA stratified,roberta-base,RoBERTa-base,homo,Homo,20,150,nguyen repo,/homes/neumann/nguyen/fedlora/FederatedLLM/epoch_round_tuning_cola_client_count,0,3,3,21,22,0.5340435327165364,81.20805369127517,"0, 1, 2",4,4,ffa_global_B,,/homes/neumann/nguyen/fedlora/FederatedLLM/epoch_round_tuning_cola_client_count/tuning-ffa-cola_stratified-roberta-base-homo-e20-r150/seed0/3/21/round_config.json
ffa,Nonlinear FFA,cola_stratified,CoLA stratified,roberta-base,RoBERTa-base,homo,Homo,20,150,nguyen repo,/homes/neumann/nguyen/fedlora/FederatedLLM/epoch_round_tuning_cola_client_count,0,3,3,22,23,0.5472187281316763,81.68744007670182,"0, 1, 2",4,4,ffa_global_B,,/homes/neumann/nguyen/fedlora/FederatedLLM/epoch_round_tuning_cola_client_count/tuning-ffa-cola_stratified-roberta-base-homo-e20-r150/seed0/3/22/round_config.json
ffa,Nonlinear FFA,cola_stratified,CoLA stratified,roberta-base,RoBERTa-base,homo,Homo,20,150,nguyen repo,/homes/neumann/nguyen/fedlora/FederatedLLM/epoch_round_tuning_cola_client_count,0,3,3,23,24,0.5524078413415989,81.87919463087249,"0, 1, 2",4,4,ffa_global_B,,/homes/neumann/nguyen/fedlora/FederatedLLM/epoch_round_tuning_cola_client_count/tuning-ffa-cola_stratified-roberta-base-homo-e20-r150/seed0/3/23/round_config.json
ffa,Nonlinear FFA,cola_stratified,CoLA stratified,roberta-base,RoBERTa-base,homo,Homo,20,150,nguyen repo,/homes/neumann/nguyen/fedlora/FederatedLLM/epoch_round_tuning_cola_client_count,0,3,3,24,25,0.5524078413415989,81.87919463087249,"0, 1, 2",4,4,ffa_global_B,,/homes/neumann/nguyen/fedlora/FederatedLLM/epoch_round_tuning_cola_client_count/tuning-ffa-cola_stratified-roberta-base-homo-e20-r150/seed0/3/24/round_config.json
ffa,Nonlinear FFA,cola_stratified,CoLA stratified,roberta-base,RoBERTa-base,homo,Homo,20,150,nguyen repo,/homes/neumann/nguyen/fedlora/FederatedLLM/epoch_round_tuning_cola_client_count,0,3,3,25,26,0.5522963379760243,81.87919463087249,"0, 1, 2",4,4,ffa_global_B,,/homes/neumann/nguyen/fedlora/FederatedLLM/epoch_round_tuning_cola_client_count/tuning-ffa-cola_stratified-roberta-base-homo-e20-r150/seed0/3/25/round_config.json
ffa,Nonlinear FFA,cola_stratified,CoLA stratified,roberta-base,RoBERTa-base,homo,Homo,20,150,nguyen repo,/homes/neumann/nguyen/fedlora/FederatedLLM/epoch_round_tuning_cola_client_count,0,3,3,26,27,0.5524078413415989,81.87919463087249,"0, 1, 2",4,4,ffa_global_B,,/homes/neumann/nguyen/fedlora/FederatedLLM/epoch_round_tuning_cola_client_count/tuning-ffa-cola_stratified-roberta-base-homo-e20-r150/seed0/3/26/round_config.json
ffa,Nonlinear FFA,cola_stratified,CoLA stratified,roberta-base,RoBERTa-base,homo,Homo,20,150,nguyen repo,/homes/neumann/nguyen/fedlora/FederatedLLM/epoch_round_tuning_cola_client_count,0,3,3,27,28,0.5471054662620461,81.68744007670182,"0, 1, 2",4,4,ffa_global_B,,/homes/neumann/nguyen/fedlora/FederatedLLM/epoch_round_tuning_cola_client_count/tuning-ffa-cola_stratified-roberta-base-homo-e20-r150/seed0/3/27/round_config.json
ffa,Nonlinear FFA,cola_stratified,CoLA stratified,roberta-base,RoBERTa-base,homo,Homo,20,150,nguyen repo,/homes/neumann/nguyen/fedlora/FederatedLLM/epoch_round_tuning_cola_client_count,0,3,3,28,29,0.5498156591139931,81.78331735378715,"0, 1, 2",4,4,ffa_global_B,,/homes/neumann/nguyen/fedlora/FederatedLLM/epoch_round_tuning_cola_client_count/tuning-ffa-cola_stratified-roberta-base-homo-e20-r150/seed0/3/28/round_config.json
ffa,Nonlinear FFA,cola_stratified,CoLA stratified,roberta-base,RoBERTa-base,homo,Homo,20,150,nguyen repo,/homes/neumann/nguyen/fedlora/FederatedLLM/epoch_round_tuning_cola_client_count,0,3,3,29,30,0.5497032501894998,81.78331735378715,"0, 1, 2",4,4,ffa_global_B,,/homes/neumann/nguyen/fedlora/FederatedLLM/epoch_round_tuning_cola_client_count/tuning-ffa-cola_stratified-roberta-base-homo-e20-r150/seed0/3/29/round_config.json
ffa,Nonlinear FFA,cola_stratified,CoLA stratified,roberta-base,RoBERTa-base,homo,Homo,20,150,nguyen repo,/homes/neumann/nguyen/fedlora/FederatedLLM/epoch_round_tuning_cola_client_count,0,3,3,30,31,0.5417325184178179,81.49568552253116,"0, 1, 2",4,4,ffa_global_B,,/homes/neumann/nguyen/fedlora/FederatedLLM/epoch_round_tuning_cola_client_count/tuning-ffa-cola_stratified-roberta-base-homo-e20-r150/seed0/3/30/round_config.json
ffa,Nonlinear FFA,cola_stratified,CoLA stratified,roberta-base,RoBERTa-base,homo,Homo,20,150,nguyen repo,/homes/neumann/nguyen/fedlora/FederatedLLM/epoch_round_tuning_cola_client_count,0,3,3,31,32,0.5444111532535151,81.5915627996165,"0, 1, 2",4,4,ffa_global_B,,/homes/neumann/nguyen/fedlora/FederatedLLM/epoch_round_tuning_cola_client_count/tuning-ffa-cola_stratified-roberta-base-homo-e20-r150/seed0/3/31/round_config.json
ffa,Nonlinear FFA,cola_stratified,CoLA stratified,roberta-base,RoBERTa-base,homo,Homo,20,150,nguyen repo,/homes/neumann/nguyen/fedlora/FederatedLLM/epoch_round_tuning_cola_client_count,0,3,3,32,33,0.5391901684255385,81.39980824544583,"0, 1, 2",4,4,ffa_global_B,,/homes/neumann/nguyen/fedlora/FederatedLLM/epoch_round_tuning_cola_client_count/tuning-ffa-cola_stratified-roberta-base-homo-e20-r150/seed0/3/32/round_config.json
ffa,Nonlinear FFA,cola_stratified,CoLA stratified,roberta-base,RoBERTa-base,homo,Homo,20,150,nguyen repo,/homes/neumann/nguyen/fedlora/FederatedLLM/epoch_round_tuning_cola_client_count,0,3,3,33,34,0.5391901684255385,81.39980824544583,"0, 1, 2",4,4,ffa_global_B,,/homes/neumann/nguyen/fedlora/FederatedLLM/epoch_round_tuning_cola_client_count/tuning-ffa-cola_stratified-roberta-base-homo-e20-r150/seed0/3/33/round_config.json
ffa,Nonlinear FFA,cola_stratified,CoLA stratified,roberta-base,RoBERTa-base,homo,Homo,20,150,nguyen repo,/homes/neumann/nguyen/fedlora/FederatedLLM/epoch_round_tuning_cola_client_count,0,3,3,34,35,0.5391190563175304,81.39980824544583,"0, 1, 2",4,4,ffa_global_B,,/homes/neumann/nguyen/fedlora/FederatedLLM/epoch_round_tuning_cola_client_count/tuning-ffa-cola_stratified-roberta-base-homo-e20-r150/seed0/3/34/round_config.json
ffa,Nonlinear FFA,cola_stratified,CoLA stratified,roberta-base,RoBERTa-base,homo,Homo,20,150,nguyen repo,/homes/neumann/nguyen/fedlora/FederatedLLM/epoch_round_tuning_cola_client_count,0,3,3,35,36,0.5339494412838712,81.20805369127517,"0, 1, 2",4,4,ffa_global_B,,/homes/neumann/nguyen/fedlora/FederatedLLM/epoch_round_tuning_cola_client_count/tuning-ffa-cola_stratified-roberta-base-homo-e20-r150/seed0/3/35/round_config.json
ffa,Nonlinear FFA,cola_stratified,CoLA stratified,roberta-base,RoBERTa-base,homo,Homo,20,150,nguyen repo,/homes/neumann/nguyen/fedlora/FederatedLLM/epoch_round_tuning_cola_client_count,0,3,3,36,37,0.5364506086387147,81.30393096836049,"0, 1, 2",4,4,ffa_global_B,,/homes/neumann/nguyen/fedlora/FederatedLLM/epoch_round_tuning_cola_client_count/tuning-ffa-cola_stratified-roberta-base-homo-e20-r150/seed0/3/36/round_config.json
ffa,Nonlinear FFA,cola_stratified,CoLA stratified,roberta-base,RoBERTa-base,homo,Homo,20,150,nguyen repo,/homes/neumann/nguyen/fedlora/FederatedLLM/epoch_round_tuning_cola_client_count,0,3,3,37,38,0.5365007161029405,81.30393096836049,"0, 1, 2",4,4,ffa_global_B,,/homes/neumann/nguyen/fedlora/FederatedLLM/epoch_round_tuning_cola_client_count/tuning-ffa-cola_stratified-roberta-base-homo-e20-r150/seed0/3/37/round_config.json
ffa,Nonlinear FFA,cola_stratified,CoLA stratified,roberta-base,RoBERTa-base,homo,Homo,20,150,nguyen repo,/homes/neumann/nguyen/fedlora/FederatedLLM/epoch_round_tuning_cola_client_count,0,3,3,38,39,0.5469451017688902,81.68744007670182,"0, 1, 2",4,4,ffa_global_B,,/homes/neumann/nguyen/fedlora/FederatedLLM/epoch_round_tuning_cola_client_count/tuning-ffa-cola_stratified-roberta-base-homo-e20-r150/seed0/3/38/round_config.json
ffa,Nonlinear FFA,cola_stratified,CoLA stratified,roberta-base,RoBERTa-base,homo,Homo,20,150,nguyen repo,/homes/neumann/nguyen/fedlora/FederatedLLM/epoch_round_tuning_cola_client_count,0,3,3,39,40,0.5392832081618074,81.39980824544583,"0, 1, 2",4,4,ffa_global_B,,/homes/neumann/nguyen/fedlora/FederatedLLM/epoch_round_tuning_cola_client_count/tuning-ffa-cola_stratified-roberta-base-homo-e20-r150/seed0/3/39/round_config.json
ffa,Nonlinear FFA,cola_stratified,CoLA stratified,roberta-base,RoBERTa-base,homo,Homo,20,150,nguyen repo,/homes/neumann/nguyen/fedlora/FederatedLLM/epoch_round_tuning_cola_client_count,0,3,3,40,41,0.5232519323928566,80.82454458293384,"0, 1, 2",4,4,ffa_global_B,,/homes/neumann/nguyen/fedlora/FederatedLLM/epoch_round_tuning_cola_client_count/tuning-ffa-cola_stratified-roberta-base-homo-e20-r150/seed0/3/40/round_config.json
ffa,Nonlinear FFA,cola_stratified,CoLA stratified,roberta-base,RoBERTa-base,homo,Homo,20,150,nguyen repo,/homes/neumann/nguyen/fedlora/FederatedLLM/epoch_round_tuning_cola_client_count,0,3,3,41,42,0.5179780196184617,80.63279002876318,"0, 1, 2",4,4,ffa_global_B,,/homes/neumann/nguyen/fedlora/FederatedLLM/epoch_round_tuning_cola_client_count/tuning-ffa-cola_stratified-roberta-base-homo-e20-r150/seed0/3/41/round_config.json
ffa,Nonlinear FFA,cola_stratified,CoLA stratified,roberta-base,RoBERTa-base,homo,Homo,20,150,nguyen repo,/homes/neumann/nguyen/fedlora/FederatedLLM/epoch_round_tuning_cola_client_count,0,3,3,42,43,0.5179481406500624,80.63279002876318,"0, 1, 2",4,4,ffa_global_B,,/homes/neumann/nguyen/fedlora/FederatedLLM/epoch_round_tuning_cola_client_count/tuning-ffa-cola_stratified-roberta-base-homo-e20-r150/seed0/3/42/round_config.json
ffa,Nonlinear FFA,cola_stratified,CoLA stratified,roberta-base,RoBERTa-base,homo,Homo,20,150,nguyen repo,/homes/neumann/nguyen/fedlora/FederatedLLM/epoch_round_tuning_cola_client_count,0,3,3,43,44,0.5285348624455609,81.01629913710451,"0, 1, 2",4,4,ffa_global_B,,/homes/neumann/nguyen/fedlora/FederatedLLM/epoch_round_tuning_cola_client_count/tuning-ffa-cola_stratified-roberta-base-homo-e20-r150/seed0/3/43/round_config.json
ffa,Nonlinear FFA,cola_stratified,CoLA stratified,roberta-base,RoBERTa-base,homo,Homo,20,150,nguyen repo,/homes/neumann/nguyen/fedlora/FederatedLLM/epoch_round_tuning_cola_client_count,0,3,3,44,45,0.5232427655095763,80.82454458293384,"0, 1, 2",4,4,ffa_global_B,,/homes/neumann/nguyen/fedlora/FederatedLLM/epoch_round_tuning_cola_client_count/tuning-ffa-cola_stratified-roberta-base-homo-e20-r150/seed0/3/44/round_config.json
ffa,Nonlinear FFA,cola_stratified,CoLA stratified,roberta-base,RoBERTa-base,homo,Homo,20,150,nguyen repo,/homes/neumann/nguyen/fedlora/FederatedLLM/epoch_round_tuning_cola_client_count,0,3,3,45,46,0.5179506685735915,80.63279002876318,"0, 1, 2",4,4,ffa_global_B,,/homes/neumann/nguyen/fedlora/FederatedLLM/epoch_round_tuning_cola_client_count/tuning-ffa-cola_stratified-roberta-base-homo-e20-r150/seed0/3/45/round_config.json
ffa,Nonlinear FFA,cola_stratified,CoLA stratified,roberta-base,RoBERTa-base,homo,Homo,20,150,nguyen repo,/homes/neumann/nguyen/fedlora/FederatedLLM/epoch_round_tuning_cola_client_count,0,3,3,46,47,0.512626441704402,80.44103547459252,"0, 1, 2",4,4,ffa_global_B,,/homes/neumann/nguyen/fedlora/FederatedLLM/epoch_round_tuning_cola_client_count/tuning-ffa-cola_stratified-roberta-base-homo-e20-r150/seed0/3/46/round_config.json
ffa,Nonlinear FFA,cola_stratified,CoLA stratified,roberta-base,RoBERTa-base,homo,Homo,20,150,nguyen repo,/homes/neumann/nguyen/fedlora/FederatedLLM/epoch_round_tuning_cola_client_count,0,3,3,47,48,0.5099888407051765,80.34515819750719,"0, 1, 2",4,4,ffa_global_B,,/homes/neumann/nguyen/fedlora/FederatedLLM/epoch_round_tuning_cola_client_count/tuning-ffa-cola_stratified-roberta-base-homo-e20-r150/seed0/3/47/round_config.json
ffa,Nonlinear FFA,cola_stratified,CoLA stratified,roberta-base,RoBERTa-base,homo,Homo,20,150,nguyen repo,/homes/neumann/nguyen/fedlora/FederatedLLM/epoch_round_tuning_cola_client_count,0,3,3,48,49,0.5152912157847293,80.53691275167785,"0, 1, 2",4,4,ffa_global_B,,/homes/neumann/nguyen/fedlora/FederatedLLM/epoch_round_tuning_cola_client_count/tuning-ffa-cola_stratified-roberta-base-homo-e20-r150/seed0/3/48/round_config.json
ffa,Nonlinear FFA,cola_stratified,CoLA stratified,roberta-base,RoBERTa-base,homo,Homo,20,150,nguyen repo,/homes/neumann/nguyen/fedlora/FederatedLLM/epoch_round_tuning_cola_client_count,0,3,3,49,50,0.5126585716376069,80.44103547459252,"0, 1, 2",4,4,ffa_global_B,,/homes/neumann/nguyen/fedlora/FederatedLLM/epoch_round_tuning_cola_client_count/tuning-ffa-cola_stratified-roberta-base-homo-e20-r150/seed0/3/49/round_config.json
ffa,Nonlinear FFA,cola_stratified,CoLA stratified,roberta-base,RoBERTa-base,homo,Homo,20,150,nguyen repo,/homes/neumann/nguyen/fedlora/FederatedLLM/epoch_round_tuning_cola_client_count,0,3,3,50,51,0.512626441704402,80.44103547459252,"0, 1, 2",4,4,ffa_global_B,,/homes/neumann/nguyen/fedlora/FederatedLLM/epoch_round_tuning_cola_client_count/tuning-ffa-cola_stratified-roberta-base-homo-e20-r150/seed0/3/50/round_config.json
ffa,Nonlinear FFA,cola_stratified,CoLA stratified,roberta-base,RoBERTa-base,homo,Homo,20,150,nguyen repo,/homes/neumann/nguyen/fedlora/FederatedLLM/epoch_round_tuning_cola_client_count,0,3,3,51,52,0.5073136963601746,80.24928092042187,"0, 1, 2",4,4,ffa_global_B,,/homes/neumann/nguyen/fedlora/FederatedLLM/epoch_round_tuning_cola_client_count/tuning-ffa-cola_stratified-roberta-base-homo-e20-r150/seed0/3/51/round_config.json
ffa,Nonlinear FFA,cola_stratified,CoLA stratified,roberta-base,RoBERTa-base,homo,Homo,20,150,nguyen repo,/homes/neumann/nguyen/fedlora/FederatedLLM/epoch_round_tuning_cola_client_count,0,3,3,52,53,0.523253926058104,80.82454458293384,"0, 1, 2",4,4,ffa_global_B,,/homes/neumann/nguyen/fedlora/FederatedLLM/epoch_round_tuning_cola_client_count/tuning-ffa-cola_stratified-roberta-base-homo-e20-r150/seed0/3/52/round_config.json
ffa,Nonlinear FFA,cola_stratified,CoLA stratified,roberta-base,RoBERTa-base,homo,Homo,20,150,nguyen repo,/homes/neumann/nguyen/fedlora/FederatedLLM/epoch_round_tuning_cola_client_count,0,3,3,53,54,0.5072676775530786,80.24928092042187,"0, 1, 2",4,4,ffa_global_B,,/homes/neumann/nguyen/fedlora/FederatedLLM/epoch_round_tuning_cola_client_count/tuning-ffa-cola_stratified-roberta-base-homo-e20-r150/seed0/3/53/round_config.json
ffa,Nonlinear FFA,cola_stratified,CoLA stratified,roberta-base,RoBERTa-base,homo,Homo,20,150,nguyen repo,/homes/neumann/nguyen/fedlora/FederatedLLM/epoch_round_tuning_cola_client_count,0,3,3,54,55,0.5046330570516372,80.15340364333653,"0, 1, 2",4,4,ffa_global_B,,/homes/neumann/nguyen/fedlora/FederatedLLM/epoch_round_tuning_cola_client_count/tuning-ffa-cola_stratified-roberta-base-homo-e20-r150/seed0/3/54/round_config.json
ffa,Nonlinear FFA,cola_stratified,CoLA stratified,roberta-base,RoBERTa-base,homo,Homo,20,150,nguyen repo,/homes/neumann/nguyen/fedlora/FederatedLLM/epoch_round_tuning_cola_client_count,0,3,3,55,56,0.5232427655095763,80.82454458293384,"0, 1, 2",4,4,ffa_global_B,,/homes/neumann/nguyen/fedlora/FederatedLLM/epoch_round_tuning_cola_client_count/tuning-ffa-cola_stratified-roberta-base-homo-e20-r150/seed0/3/55/round_config.json
ffa,Nonlinear FFA,cola_stratified,CoLA stratified,roberta-base,RoBERTa-base,homo,Homo,20,150,nguyen repo,/homes/neumann/nguyen/fedlora/FederatedLLM/epoch_round_tuning_cola_client_count,0,3,3,56,57,0.5152912157847293,80.53691275167785,"0, 1, 2",4,4,ffa_global_B,,/homes/neumann/nguyen/fedlora/FederatedLLM/epoch_round_tuning_cola_client_count/tuning-ffa-cola_stratified-roberta-base-homo-e20-r150/seed0/3/56/round_config.json
ffa,Nonlinear FFA,cola_stratified,CoLA stratified,roberta-base,RoBERTa-base,homo,Homo,20,150,nguyen repo,/homes/neumann/nguyen/fedlora/FederatedLLM/epoch_round_tuning_cola_client_count,0,3,3,57,58,0.5179391870486293,80.63279002876318,"0, 1, 2",4,4,ffa_global_B,,/homes/neumann/nguyen/fedlora/FederatedLLM/epoch_round_tuning_cola_client_count/tuning-ffa-cola_stratified-roberta-base-homo-e20-r150/seed0/3/57/round_config.json
ffa,Nonlinear FFA,cola_stratified,CoLA stratified,roberta-base,RoBERTa-base,homo,Homo,20,150,nguyen repo,/homes/neumann/nguyen/fedlora/FederatedLLM/epoch_round_tuning_cola_client_count,0,3,3,58,59,0.5045993817720598,80.15340364333653,"0, 1, 2",4,4,ffa_global_B,,/homes/neumann/nguyen/fedlora/FederatedLLM/epoch_round_tuning_cola_client_count/tuning-ffa-cola_stratified-roberta-base-homo-e20-r150/seed0/3/58/round_config.json
ffa,Nonlinear FFA,cola_stratified,CoLA stratified,roberta-base,RoBERTa-base,homo,Homo,20,150,nguyen repo,/homes/neumann/nguyen/fedlora/FederatedLLM/epoch_round_tuning_cola_client_count,0,3,3,59,60,0.510112473854056,80.34515819750719,"0, 1, 2",4,4,ffa_global_B,,/homes/neumann/nguyen/fedlora/FederatedLLM/epoch_round_tuning_cola_client_count/tuning-ffa-cola_stratified-roberta-base-homo-e20-r150/seed0/3/59/round_config.json
ffa,Nonlinear FFA,cola_stratified,CoLA stratified,roberta-base,RoBERTa-base,homo,Homo,20,150,nguyen repo,/homes/neumann/nguyen/fedlora/FederatedLLM/epoch_round_tuning_cola_client_count,0,3,3,60,61,0.5045859154729114,80.15340364333653,"0, 1, 2",4,4,ffa_global_B,,/homes/neumann/nguyen/fedlora/FederatedLLM/epoch_round_tuning_cola_client_count/tuning-ffa-cola_stratified-roberta-base-homo-e20-r150/seed0/3/60/round_config.json
ffa,Nonlinear FFA,cola_stratified,CoLA stratified,roberta-base,RoBERTa-base,homo,Homo,20,150,nguyen repo,/homes/neumann/nguyen/fedlora/FederatedLLM/epoch_round_tuning_cola_client_count,0,3,3,61,62,0.5020743777656373,80.0575263662512,"0, 1, 2",4,4,ffa_global_B,,/homes/neumann/nguyen/fedlora/FederatedLLM/epoch_round_tuning_cola_client_count/tuning-ffa-cola_stratified-roberta-base-homo-e20-r150/seed0/3/61/round_config.json
ffa,Nonlinear FFA,cola_stratified,CoLA stratified,roberta-base,RoBERTa-base,homo,Homo,20,150,nguyen repo,/homes/neumann/nguyen/fedlora/FederatedLLM/epoch_round_tuning_cola_client_count,0,3,3,62,63,0.5073664747016221,80.24928092042187,"0, 1, 2",4,4,ffa_global_B,,/homes/neumann/nguyen/fedlora/FederatedLLM/epoch_round_tuning_cola_client_count/tuning-ffa-cola_stratified-roberta-base-homo-e20-r150/seed0/3/62/round_config.json
ffa,Nonlinear FFA,cola_stratified,CoLA stratified,roberta-base,RoBERTa-base,homo,Homo,20,150,nguyen repo,/homes/neumann/nguyen/fedlora/FederatedLLM/epoch_round_tuning_cola_client_count,0,3,3,63,64,0.5127103010689016,80.44103547459252,"0, 1, 2",4,4,ffa_global_B,,/homes/neumann/nguyen/fedlora/FederatedLLM/epoch_round_tuning_cola_client_count/tuning-ffa-cola_stratified-roberta-base-homo-e20-r150/seed0/3/63/round_config.json
ffa,Nonlinear FFA,cola_stratified,CoLA stratified,roberta-base,RoBERTa-base,homo,Homo,20,150,nguyen repo,/homes/neumann/nguyen/fedlora/FederatedLLM/epoch_round_tuning_cola_client_count,0,3,3,64,65,0.5075293017278419,80.24928092042187,"0, 1, 2",4,4,ffa_global_B,,/homes/neumann/nguyen/fedlora/FederatedLLM/epoch_round_tuning_cola_client_count/tuning-ffa-cola_stratified-roberta-base-homo-e20-r150/seed0/3/64/round_config.json
ffa,Nonlinear FFA,cola_stratified,CoLA stratified,roberta-base,RoBERTa-base,homo,Homo,20,150,nguyen repo,/homes/neumann/nguyen/fedlora/FederatedLLM/epoch_round_tuning_cola_client_count,0,3,3,65,66,0.5047591499640957,80.15340364333653,"0, 1, 2",4,4,ffa_global_B,,/homes/neumann/nguyen/fedlora/FederatedLLM/epoch_round_tuning_cola_client_count/tuning-ffa-cola_stratified-roberta-base-homo-e20-r150/seed0/3/65/round_config.json
ffa,Nonlinear FFA,cola_stratified,CoLA stratified,roberta-base,RoBERTa-base,homo,Homo,20,150,nguyen repo,/homes/neumann/nguyen/fedlora/FederatedLLM/epoch_round_tuning_cola_client_count,0,3,3,66,67,0.5046864656256237,80.15340364333653,"0, 1, 2",4,4,ffa_global_B,,/homes/neumann/nguyen/fedlora/FederatedLLM/epoch_round_tuning_cola_client_count/tuning-ffa-cola_stratified-roberta-base-homo-e20-r150/seed0/3/66/round_config.json
ffa,Nonlinear FFA,cola_stratified,CoLA stratified,roberta-base,RoBERTa-base,homo,Homo,20,150,nguyen repo,/homes/neumann/nguyen/fedlora/FederatedLLM/epoch_round_tuning_cola_client_count,0,3,3,67,68,0.5020743777656373,80.0575263662512,"0, 1, 2",4,4,ffa_global_B,,/homes/neumann/nguyen/fedlora/FederatedLLM/epoch_round_tuning_cola_client_count/tuning-ffa-cola_stratified-roberta-base-homo-e20-r150/seed0/3/67/round_config.json
ffa,Nonlinear FFA,cola_stratified,CoLA stratified,roberta-base,RoBERTa-base,homo,Homo,20,150,nguyen repo,/homes/neumann/nguyen/fedlora/FederatedLLM/epoch_round_tuning_cola_client_count,0,3,3,68,69,0.49149018389366794,79.67401725790988,"0, 1, 2",4,4,ffa_global_B,,/homes/neumann/nguyen/fedlora/FederatedLLM/epoch_round_tuning_cola_client_count/tuning-ffa-cola_stratified-roberta-base-homo-e20-r150/seed0/3/68/round_config.json
ffa,Nonlinear FFA,cola_stratified,CoLA stratified,roberta-base,RoBERTa-base,homo,Homo,20,150,nguyen repo,/homes/neumann/nguyen/fedlora/FederatedLLM/epoch_round_tuning_cola_client_count,0,3,3,69,70,0.5076384942390241,80.24928092042187,"0, 1, 2",4,4,ffa_global_B,,/homes/neumann/nguyen/fedlora/FederatedLLM/epoch_round_tuning_cola_client_count/tuning-ffa-cola_stratified-roberta-base-homo-e20-r150/seed0/3/69/round_config.json
ffa,Nonlinear FFA,cola_stratified,CoLA stratified,roberta-base,RoBERTa-base,homo,Homo,20,150,nguyen repo,/homes/neumann/nguyen/fedlora/FederatedLLM/epoch_round_tuning_cola_client_count,0,3,3,70,71,0.499588865878389,79.96164908916586,"0, 1, 2",4,4,ffa_global_B,,/homes/neumann/nguyen/fedlora/FederatedLLM/epoch_round_tuning_cola_client_count/tuning-ffa-cola_stratified-roberta-base-homo-e20-r150/seed0/3/70/round_config.json
ffa,Nonlinear FFA,cola_stratified,CoLA stratified,roberta-base,RoBERTa-base,homo,Homo,20,150,nguyen repo,/homes/neumann/nguyen/fedlora/FederatedLLM/epoch_round_tuning_cola_client_count,0,3,3,71,72,0.4860627149832655,79.48226270373921,"0, 1, 2",4,4,ffa_global_B,,/homes/neumann/nguyen/fedlora/FederatedLLM/epoch_round_tuning_cola_client_count/tuning-ffa-cola_stratified-roberta-base-homo-e20-r150/seed0/3/71/round_config.json
ffa,Nonlinear FFA,cola_stratified,CoLA stratified,roberta-base,RoBERTa-base,homo,Homo,20,150,nguyen repo,/homes/neumann/nguyen/fedlora/FederatedLLM/epoch_round_tuning_cola_client_count,0,3,3,72,73,0.49127930626038135,79.67401725790988,"0, 1, 2",4,4,ffa_global_B,,/homes/neumann/nguyen/fedlora/FederatedLLM/epoch_round_tuning_cola_client_count/tuning-ffa-cola_stratified-roberta-base-homo-e20-r150/seed0/3/72/round_config.json
ffa,Nonlinear FFA,cola_stratified,CoLA stratified,roberta-base,RoBERTa-base,homo,Homo,20,150,nguyen repo,/homes/neumann/nguyen/fedlora/FederatedLLM/epoch_round_tuning_cola_client_count,0,3,3,73,74,0.5046864656256237,80.15340364333653,"0, 1, 2",4,4,ffa_global_B,,/homes/neumann/nguyen/fedlora/FederatedLLM/epoch_round_tuning_cola_client_count/tuning-ffa-cola_stratified-roberta-base-homo-e20-r150/seed0/3/73/round_config.json
ffa,Nonlinear FFA,cola_stratified,CoLA stratified,roberta-base,RoBERTa-base,homo,Homo,20,150,nguyen repo,/homes/neumann/nguyen/fedlora/FederatedLLM/epoch_round_tuning_cola_client_count,0,3,3,74,75,0.4940817154665181,79.76989453499522,"0, 1, 2",4,4,ffa_global_B,,/homes/neumann/nguyen/fedlora/FederatedLLM/epoch_round_tuning_cola_client_count/tuning-ffa-cola_stratified-roberta-base-homo-e20-r150/seed0/3/74/round_config.json
ffa,Nonlinear FFA,cola_stratified,CoLA stratified,roberta-base,RoBERTa-base,homo,Homo,20,150,nguyen repo,/homes/neumann/nguyen/fedlora/FederatedLLM/epoch_round_tuning_cola_client_count,0,3,3,75,76,0.49127930626038135,79.67401725790988,"0, 1, 2",4,4,ffa_global_B,,/homes/neumann/nguyen/fedlora/FederatedLLM/epoch_round_tuning_cola_client_count/tuning-ffa-cola_stratified-roberta-base-homo-e20-r150/seed0/3/75/round_config.json
ffa,Nonlinear FFA,cola_stratified,CoLA stratified,roberta-base,RoBERTa-base,homo,Homo,20,150,nguyen repo,/homes/neumann/nguyen/fedlora/FederatedLLM/epoch_round_tuning_cola_client_count,0,3,3,76,77,0.49127930626038135,79.67401725790988,"0, 1, 2",4,4,ffa_global_B,,/homes/neumann/nguyen/fedlora/FederatedLLM/epoch_round_tuning_cola_client_count/tuning-ffa-cola_stratified-roberta-base-homo-e20-r150/seed0/3/76/round_config.json
ffa,Nonlinear FFA,cola_stratified,CoLA stratified,roberta-base,RoBERTa-base,homo,Homo,20,150,nguyen repo,/homes/neumann/nguyen/fedlora/FederatedLLM/epoch_round_tuning_cola_client_count,0,3,3,77,78,0.48848785650378773,79.57813998082455,"0, 1, 2",4,4,ffa_global_B,,/homes/neumann/nguyen/fedlora/FederatedLLM/epoch_round_tuning_cola_client_count/tuning-ffa-cola_stratified-roberta-base-homo-e20-r150/seed0/3/77/round_config.json
ffa,Nonlinear FFA,cola_stratified,CoLA stratified,roberta-base,RoBERTa-base,homo,Homo,20,150,nguyen repo,/homes/neumann/nguyen/fedlora/FederatedLLM/epoch_round_tuning_cola_client_count,0,3,3,78,79,0.4943270618905556,79.76989453499522,"0, 1, 2",4,4,ffa_global_B,,/homes/neumann/nguyen/fedlora/FederatedLLM/epoch_round_tuning_cola_client_count/tuning-ffa-cola_stratified-roberta-base-homo-e20-r150/seed0/3/78/round_config.json
ffa,Nonlinear FFA,cola_stratified,CoLA stratified,roberta-base,RoBERTa-base,homo,Homo,20,150,nguyen repo,/homes/neumann/nguyen/fedlora/FederatedLLM/epoch_round_tuning_cola_client_count,0,3,3,79,80,0.4939105407308262,79.76989453499522,"0, 1, 2",4,4,ffa_global_B,,/homes/neumann/nguyen/fedlora/FederatedLLM/epoch_round_tuning_cola_client_count/tuning-ffa-cola_stratified-roberta-base-homo-e20-r150/seed0/3/79/round_config.json
ffa,Nonlinear FFA,cola_stratified,CoLA stratified,roberta-base,RoBERTa-base,homo,Homo,20,150,nguyen repo,/homes/neumann/nguyen/fedlora/FederatedLLM/epoch_round_tuning_cola_client_count,0,3,3,80,81,0.48304108757820724,79.38638542665389,"0, 1, 2",4,4,ffa_global_B,,/homes/neumann/nguyen/fedlora/FederatedLLM/epoch_round_tuning_cola_client_count/tuning-ffa-cola_stratified-roberta-base-homo-e20-r150/seed0/3/80/round_config.json
ffa,Nonlinear FFA,cola_stratified,CoLA stratified,roberta-base,RoBERTa-base,homo,Homo,20,150,nguyen repo,/homes/neumann/nguyen/fedlora/FederatedLLM/epoch_round_tuning_cola_client_count,0,3,3,81,82,0.4993098481666323,79.96164908916586,"0, 1, 2",4,4,ffa_global_B,,/homes/neumann/nguyen/fedlora/FederatedLLM/epoch_round_tuning_cola_client_count/tuning-ffa-cola_stratified-roberta-base-homo-e20-r150/seed0/3/81/round_config.json
ffa,Nonlinear FFA,cola_stratified,CoLA stratified,roberta-base,RoBERTa-base,homo,Homo,20,150,nguyen repo,/homes/neumann/nguyen/fedlora/FederatedLLM/epoch_round_tuning_cola_client_count,0,3,3,82,83,0.499254961251443,79.96164908916586,"0, 1, 2",4,4,ffa_global_B,,/homes/neumann/nguyen/fedlora/FederatedLLM/epoch_round_tuning_cola_client_count/tuning-ffa-cola_stratified-roberta-base-homo-e20-r150/seed0/3/82/round_config.json
ffa,Nonlinear FFA,cola_stratified,CoLA stratified,roberta-base,RoBERTa-base,homo,Homo,20,150,nguyen repo,/homes/neumann/nguyen/fedlora/FederatedLLM/epoch_round_tuning_cola_client_count,0,3,3,83,84,0.5045993817720598,80.15340364333653,"0, 1, 2",4,4,ffa_global_B,,/homes/neumann/nguyen/fedlora/FederatedLLM/epoch_round_tuning_cola_client_count/tuning-ffa-cola_stratified-roberta-base-homo-e20-r150/seed0/3/83/round_config.json
ffa,Nonlinear FFA,cola_stratified,CoLA stratified,roberta-base,RoBERTa-base,homo,Homo,20,150,nguyen repo,/homes/neumann/nguyen/fedlora/FederatedLLM/epoch_round_tuning_cola_client_count,0,3,3,84,85,0.4965573354876954,79.86577181208054,"0, 1, 2",4,4,ffa_global_B,,/homes/neumann/nguyen/fedlora/FederatedLLM/epoch_round_tuning_cola_client_count/tuning-ffa-cola_stratified-roberta-base-homo-e20-r150/seed0/3/84/round_config.json
ffa,Nonlinear FFA,cola_stratified,CoLA stratified,roberta-base,RoBERTa-base,homo,Homo,20,150,nguyen repo,/homes/neumann/nguyen/fedlora/FederatedLLM/epoch_round_tuning_cola_client_count,0,3,3,85,86,0.5020009510159473,80.0575263662512,"0, 1, 2",4,4,ffa_global_B,,/homes/neumann/nguyen/fedlora/FederatedLLM/epoch_round_tuning_cola_client_count/tuning-ffa-cola_stratified-roberta-base-homo-e20-r150/seed0/3/85/round_config.json
ffa,Nonlinear FFA,cola_stratified,CoLA stratified,roberta-base,RoBERTa-base,homo,Homo,20,150,nguyen repo,/homes/neumann/nguyen/fedlora/FederatedLLM/epoch_round_tuning_cola_client_count,0,3,3,86,87,0.5020743777656373,80.0575263662512,"0, 1, 2",4,4,ffa_global_B,,/homes/neumann/nguyen/fedlora/FederatedLLM/epoch_round_tuning_cola_client_count/tuning-ffa-cola_stratified-roberta-base-homo-e20-r150/seed0/3/86/round_config.json
ffa,Nonlinear FFA,cola_stratified,CoLA stratified,roberta-base,RoBERTa-base,homo,Homo,20,150,nguyen repo,/homes/neumann/nguyen/fedlora/FederatedLLM/epoch_round_tuning_cola_client_count,0,3,3,87,88,0.5046864656256237,80.15340364333653,"0, 1, 2",4,4,ffa_global_B,,/homes/neumann/nguyen/fedlora/FederatedLLM/epoch_round_tuning_cola_client_count/tuning-ffa-cola_stratified-roberta-base-homo-e20-r150/seed0/3/87/round_config.json
ffa,Nonlinear FFA,cola_stratified,CoLA stratified,roberta-base,RoBERTa-base,homo,Homo,20,150,nguyen repo,/homes/neumann/nguyen/fedlora/FederatedLLM/epoch_round_tuning_cola_client_count,0,3,3,88,89,0.5020009510159473,80.0575263662512,"0, 1, 2",4,4,ffa_global_B,,/homes/neumann/nguyen/fedlora/FederatedLLM/epoch_round_tuning_cola_client_count/tuning-ffa-cola_stratified-roberta-base-homo-e20-r150/seed0/3/88/round_config.json
ffa,Nonlinear FFA,cola_stratified,CoLA stratified,roberta-base,RoBERTa-base,homo,Homo,20,150,nguyen repo,/homes/neumann/nguyen/fedlora/FederatedLLM/epoch_round_tuning_cola_client_count,0,3,3,89,90,0.4940817154665181,79.76989453499522,"0, 1, 2",4,4,ffa_global_B,,/homes/neumann/nguyen/fedlora/FederatedLLM/epoch_round_tuning_cola_client_count/tuning-ffa-cola_stratified-roberta-base-homo-e20-r150/seed0/3/89/round_config.json
ffa,Nonlinear FFA,cola_stratified,CoLA stratified,roberta-base,RoBERTa-base,homo,Homo,20,150,nguyen repo,/homes/neumann/nguyen/fedlora/FederatedLLM/epoch_round_tuning_cola_client_count,0,3,3,90,91,0.4938538761601623,79.76989453499522,"0, 1, 2",4,4,ffa_global_B,,/homes/neumann/nguyen/fedlora/FederatedLLM/epoch_round_tuning_cola_client_count/tuning-ffa-cola_stratified-roberta-base-homo-e20-r150/seed0/3/90/round_config.json
ffa,Nonlinear FFA,cola_stratified,CoLA stratified,roberta-base,RoBERTa-base,homo,Homo,20,150,nguyen repo,/homes/neumann/nguyen/fedlora/FederatedLLM/epoch_round_tuning_cola_client_count,0,3,3,91,92,0.4778772791689758,79.19463087248322,"0, 1, 2",4,4,ffa_global_B,,/homes/neumann/nguyen/fedlora/FederatedLLM/epoch_round_tuning_cola_client_count/tuning-ffa-cola_stratified-roberta-base-homo-e20-r150/seed0/3/91/round_config.json
ffa,Nonlinear FFA,cola_stratified,CoLA stratified,roberta-base,RoBERTa-base,homo,Homo,20,150,nguyen repo,/homes/neumann/nguyen/fedlora/FederatedLLM/epoch_round_tuning_cola_client_count,0,3,3,92,93,0.48877934038696524,79.57813998082455,"0, 1, 2",4,4,ffa_global_B,,/homes/neumann/nguyen/fedlora/FederatedLLM/epoch_round_tuning_cola_client_count/tuning-ffa-cola_stratified-roberta-base-homo-e20-r150/seed0/3/92/round_config.json
ffa,Nonlinear FFA,cola_stratified,CoLA stratified,roberta-base,RoBERTa-base,homo,Homo,20,150,nguyen repo,/homes/neumann/nguyen/fedlora/FederatedLLM/epoch_round_tuning_cola_client_count,0,3,3,93,94,0.5020009510159473,80.0575263662512,"0, 1, 2",4,4,ffa_global_B,,/homes/neumann/nguyen/fedlora/FederatedLLM/epoch_round_tuning_cola_client_count/tuning-ffa-cola_stratified-roberta-base-homo-e20-r150/seed0/3/93/round_config.json
ffa,Nonlinear FFA,cola_stratified,CoLA stratified,roberta-base,RoBERTa-base,homo,Homo,20,150,nguyen repo,/homes/neumann/nguyen/fedlora/FederatedLLM/epoch_round_tuning_cola_client_count,0,3,3,94,95,0.4968948635850979,79.86577181208054,"0, 1, 2",4,4,ffa_global_B,,/homes/neumann/nguyen/fedlora/FederatedLLM/epoch_round_tuning_cola_client_count/tuning-ffa-cola_stratified-roberta-base-homo-e20-r150/seed0/3/94/round_config.json
ffa,Nonlinear FFA,cola_stratified,CoLA stratified,roberta-base,RoBERTa-base,homo,Homo,20,150,nguyen repo,/homes/neumann/nguyen/fedlora/FederatedLLM/epoch_round_tuning_cola_client_count,0,3,3,95,96,0.49668820567172006,79.86577181208054,"0, 1, 2",4,4,ffa_global_B,,/homes/neumann/nguyen/fedlora/FederatedLLM/epoch_round_tuning_cola_client_count/tuning-ffa-cola_stratified-roberta-base-homo-e20-r150/seed0/3/95/round_config.json
ffa,Nonlinear FFA,cola_stratified,CoLA stratified,roberta-base,RoBERTa-base,homo,Homo,20,150,nguyen repo,/homes/neumann/nguyen/fedlora/FederatedLLM/epoch_round_tuning_cola_client_count,0,3,3,96,97,0.49678228082965264,79.86577181208054,"0, 1, 2",4,4,ffa_global_B,,/homes/neumann/nguyen/fedlora/FederatedLLM/epoch_round_tuning_cola_client_count/tuning-ffa-cola_stratified-roberta-base-homo-e20-r150/seed0/3/96/round_config.json
ffa,Nonlinear FFA,cola_stratified,CoLA stratified,roberta-base,RoBERTa-base,homo,Homo,20,150,nguyen repo,/homes/neumann/nguyen/fedlora/FederatedLLM/epoch_round_tuning_cola_client_count,0,3,3,97,98,0.5020743777656373,80.0575263662512,"0, 1, 2",4,4,ffa_global_B,,/homes/neumann/nguyen/fedlora/FederatedLLM/epoch_round_tuning_cola_client_count/tuning-ffa-cola_stratified-roberta-base-homo-e20-r150/seed0/3/97/round_config.json
ffa,Nonlinear FFA,cola_stratified,CoLA stratified,roberta-base,RoBERTa-base,homo,Homo,20,150,nguyen repo,/homes/neumann/nguyen/fedlora/FederatedLLM/epoch_round_tuning_cola_client_count,0,3,3,98,99,0.49127930626038135,79.67401725790988,"0, 1, 2",4,4,ffa_global_B,,/homes/neumann/nguyen/fedlora/FederatedLLM/epoch_round_tuning_cola_client_count/tuning-ffa-cola_stratified-roberta-base-homo-e20-r150/seed0/3/98/round_config.json
ffa,Nonlinear FFA,cola_stratified,CoLA stratified,roberta-base,RoBERTa-base,homo,Homo,20,150,nguyen repo,/homes/neumann/nguyen/fedlora/FederatedLLM/epoch_round_tuning_cola_client_count,0,3,3,99,100,0.501912506520387,80.0575263662512,"0, 1, 2",4,4,ffa_global_B,,/homes/neumann/nguyen/fedlora/FederatedLLM/epoch_round_tuning_cola_client_count/tuning-ffa-cola_stratified-roberta-base-homo-e20-r150/seed0/3/99/round_config.json
ffa,Nonlinear FFA,cola_stratified,CoLA stratified,roberta-base,RoBERTa-base,homo,Homo,20,150,nguyen repo,/homes/neumann/nguyen/fedlora/FederatedLLM/epoch_round_tuning_cola_client_count,0,3,3,100,101,0.5126585716376069,80.44103547459252,"0, 1, 2",4,4,ffa_global_B,,/homes/neumann/nguyen/fedlora/FederatedLLM/epoch_round_tuning_cola_client_count/tuning-ffa-cola_stratified-roberta-base-homo-e20-r150/seed0/3/100/round_config.json
ffa,Nonlinear FFA,cola_stratified,CoLA stratified,roberta-base,RoBERTa-base,homo,Homo,20,150,nguyen repo,/homes/neumann/nguyen/fedlora/FederatedLLM/epoch_round_tuning_cola_client_count,0,3,3,101,102,0.5046330570516372,80.15340364333653,"0, 1, 2",4,4,ffa_global_B,,/homes/neumann/nguyen/fedlora/FederatedLLM/epoch_round_tuning_cola_client_count/tuning-ffa-cola_stratified-roberta-base-homo-e20-r150/seed0/3/101/round_config.json
ffa,Nonlinear FFA,cola_stratified,CoLA stratified,roberta-base,RoBERTa-base,homo,Homo,20,150,nguyen repo,/homes/neumann/nguyen/fedlora/FederatedLLM/epoch_round_tuning_cola_client_count,0,3,3,102,103,0.5046864656256237,80.15340364333653,"0, 1, 2",4,4,ffa_global_B,,/homes/neumann/nguyen/fedlora/FederatedLLM/epoch_round_tuning_cola_client_count/tuning-ffa-cola_stratified-roberta-base-homo-e20-r150/seed0/3/102/round_config.json
ffa,Nonlinear FFA,cola_stratified,CoLA stratified,roberta-base,RoBERTa-base,homo,Homo,20,150,nguyen repo,/homes/neumann/nguyen/fedlora/FederatedLLM/epoch_round_tuning_cola_client_count,0,3,3,103,104,0.5103111740675049,80.34515819750719,"0, 1, 2",4,4,ffa_global_B,,/homes/neumann/nguyen/fedlora/FederatedLLM/epoch_round_tuning_cola_client_count/tuning-ffa-cola_stratified-roberta-base-homo-e20-r150/seed0/3/103/round_config.json
ffa,Nonlinear FFA,cola_stratified,CoLA stratified,roberta-base,RoBERTa-base,homo,Homo,20,150,nguyen repo,/homes/neumann/nguyen/fedlora/FederatedLLM/epoch_round_tuning_cola_client_count,0,3,3,104,105,0.49938409054607086,79.96164908916586,"0, 1, 2",4,4,ffa_global_B,,/homes/neumann/nguyen/fedlora/FederatedLLM/epoch_round_tuning_cola_client_count/tuning-ffa-cola_stratified-roberta-base-homo-e20-r150/seed0/3/104/round_config.json
ffa,Nonlinear FFA,cola_stratified,CoLA stratified,roberta-base,RoBERTa-base,homo,Homo,20,150,nguyen repo,/homes/neumann/nguyen/fedlora/FederatedLLM/epoch_round_tuning_cola_client_count,0,3,3,105,106,0.4997185526543391,79.96164908916586,"0, 1, 2",4,4,ffa_global_B,,/homes/neumann/nguyen/fedlora/FederatedLLM/epoch_round_tuning_cola_client_count/tuning-ffa-cola_stratified-roberta-base-homo-e20-r150/seed0/3/105/round_config.json
ffa,Nonlinear FFA,cola_stratified,CoLA stratified,roberta-base,RoBERTa-base,homo,Homo,20,150,nguyen repo,/homes/neumann/nguyen/fedlora/FederatedLLM/epoch_round_tuning_cola_client_count,0,3,3,106,107,0.4939866392816274,79.76989453499522,"0, 1, 2",4,4,ffa_global_B,,/homes/neumann/nguyen/fedlora/FederatedLLM/epoch_round_tuning_cola_client_count/tuning-ffa-cola_stratified-roberta-base-homo-e20-r150/seed0/3/106/round_config.json
ffa,Nonlinear FFA,cola_stratified,CoLA stratified,roberta-base,RoBERTa-base,homo,Homo,20,150,nguyen repo,/homes/neumann/nguyen/fedlora/FederatedLLM/epoch_round_tuning_cola_client_count,0,3,3,107,108,0.5021666760796991,80.0575263662512,"0, 1, 2",4,4,ffa_global_B,,/homes/neumann/nguyen/fedlora/FederatedLLM/epoch_round_tuning_cola_client_count/tuning-ffa-cola_stratified-roberta-base-homo-e20-r150/seed0/3/107/round_config.json
ffa,Nonlinear FFA,cola_stratified,CoLA stratified,roberta-base,RoBERTa-base,homo,Homo,20,150,nguyen repo,/homes/neumann/nguyen/fedlora/FederatedLLM/epoch_round_tuning_cola_client_count,0,3,3,108,109,0.48576752772248133,79.48226270373921,"0, 1, 2",4,4,ffa_global_B,,/homes/neumann/nguyen/fedlora/FederatedLLM/epoch_round_tuning_cola_client_count/tuning-ffa-cola_stratified-roberta-base-homo-e20-r150/seed0/3/108/round_config.json
ffa,Nonlinear FFA,cola_stratified,CoLA stratified,roberta-base,RoBERTa-base,homo,Homo,20,150,nguyen repo,/homes/neumann/nguyen/fedlora/FederatedLLM/epoch_round_tuning_cola_client_count,0,3,3,109,110,0.5046864656256237,80.15340364333653,"0, 1, 2",4,4,ffa_global_B,,/homes/neumann/nguyen/fedlora/FederatedLLM/epoch_round_tuning_cola_client_count/tuning-ffa-cola_stratified-roberta-base-homo-e20-r150/seed0/3/109/round_config.json
ffa,Nonlinear FFA,cola_stratified,CoLA stratified,roberta-base,RoBERTa-base,homo,Homo,20,150,nguyen repo,/homes/neumann/nguyen/fedlora/FederatedLLM/epoch_round_tuning_cola_client_count,0,3,3,110,111,0.49668820567172006,79.86577181208054,"0, 1, 2",4,4,ffa_global_B,,/homes/neumann/nguyen/fedlora/FederatedLLM/epoch_round_tuning_cola_client_count/tuning-ffa-cola_stratified-roberta-base-homo-e20-r150/seed0/3/110/round_config.json
ffa,Nonlinear FFA,cola_stratified,CoLA stratified,roberta-base,RoBERTa-base,homo,Homo,20,150,nguyen repo,/homes/neumann/nguyen/fedlora/FederatedLLM/epoch_round_tuning_cola_client_count,0,3,3,111,112,0.5099888407051765,80.34515819750719,"0, 1, 2",4,4,ffa_global_B,,/homes/neumann/nguyen/fedlora/FederatedLLM/epoch_round_tuning_cola_client_count/tuning-ffa-cola_stratified-roberta-base-homo-e20-r150/seed0/3/111/round_config.json
ffa,Nonlinear FFA,cola_stratified,CoLA stratified,roberta-base,RoBERTa-base,homo,Homo,20,150,nguyen repo,/homes/neumann/nguyen/fedlora/FederatedLLM/epoch_round_tuning_cola_client_count,0,3,3,112,113,0.5019468400162538,80.0575263662512,"0, 1, 2",4,4,ffa_global_B,,/homes/neumann/nguyen/fedlora/FederatedLLM/epoch_round_tuning_cola_client_count/tuning-ffa-cola_stratified-roberta-base-homo-e20-r150/seed0/3/112/round_config.json
ffa,Nonlinear FFA,cola_stratified,CoLA stratified,roberta-base,RoBERTa-base,homo,Homo,20,150,nguyen repo,/homes/neumann/nguyen/fedlora/FederatedLLM/epoch_round_tuning_cola_client_count,0,3,3,113,114,0.5047591499640957,80.15340364333653,"0, 1, 2",4,4,ffa_global_B,,/homes/neumann/nguyen/fedlora/FederatedLLM/epoch_round_tuning_cola_client_count/tuning-ffa-cola_stratified-roberta-base-homo-e20-r150/seed0/3/113/round_config.json
ffa,Nonlinear FFA,cola_stratified,CoLA stratified,roberta-base,RoBERTa-base,homo,Homo,20,150,nguyen repo,/homes/neumann/nguyen/fedlora/FederatedLLM/epoch_round_tuning_cola_client_count,0,3,3,114,115,0.501912506520387,80.0575263662512,"0, 1, 2",4,4,ffa_global_B,,/homes/neumann/nguyen/fedlora/FederatedLLM/epoch_round_tuning_cola_client_count/tuning-ffa-cola_stratified-roberta-base-homo-e20-r150/seed0/3/114/round_config.json
ffa,Nonlinear FFA,cola_stratified,CoLA stratified,roberta-base,RoBERTa-base,homo,Homo,20,150,nguyen repo,/homes/neumann/nguyen/fedlora/FederatedLLM/epoch_round_tuning_cola_client_count,0,3,3,115,116,0.4940817154665181,79.76989453499522,"0, 1, 2",4,4,ffa_global_B,,/homes/neumann/nguyen/fedlora/FederatedLLM/epoch_round_tuning_cola_client_count/tuning-ffa-cola_stratified-roberta-base-homo-e20-r150/seed0/3/115/round_config.json
ffa,Nonlinear FFA,cola_stratified,CoLA stratified,roberta-base,RoBERTa-base,homo,Homo,20,150,nguyen repo,/homes/neumann/nguyen/fedlora/FederatedLLM/epoch_round_tuning_cola_client_count,0,3,3,116,117,0.4966130731383176,79.86577181208054,"0, 1, 2",4,4,ffa_global_B,,/homes/neumann/nguyen/fedlora/FederatedLLM/epoch_round_tuning_cola_client_count/tuning-ffa-cola_stratified-roberta-base-homo-e20-r150/seed0/3/116/round_config.json
ffa,Nonlinear FFA,cola_stratified,CoLA stratified,roberta-base,RoBERTa-base,homo,Homo,20,150,nguyen repo,/homes/neumann/nguyen/fedlora/FederatedLLM/epoch_round_tuning_cola_client_count,0,3,3,117,118,0.49162305109049664,79.67401725790988,"0, 1, 2",4,4,ffa_global_B,,/homes/neumann/nguyen/fedlora/FederatedLLM/epoch_round_tuning_cola_client_count/tuning-ffa-cola_stratified-roberta-base-homo-e20-r150/seed0/3/117/round_config.json
ffa,Nonlinear FFA,cola_stratified,CoLA stratified,roberta-base,RoBERTa-base,homo,Homo,20,150,nguyen repo,/homes/neumann/nguyen/fedlora/FederatedLLM/epoch_round_tuning_cola_client_count,0,3,3,118,119,0.4860627149832655,79.48226270373921,"0, 1, 2",4,4,ffa_global_B,,/homes/neumann/nguyen/fedlora/FederatedLLM/epoch_round_tuning_cola_client_count/tuning-ffa-cola_stratified-roberta-base-homo-e20-r150/seed0/3/118/round_config.json
ffa,Nonlinear FFA,cola_stratified,CoLA stratified,roberta-base,RoBERTa-base,homo,Homo,20,150,nguyen repo,/homes/neumann/nguyen/fedlora/FederatedLLM/epoch_round_tuning_cola_client_count,0,3,3,119,120,0.49137546032749274,79.67401725790988,"0, 1, 2",4,4,ffa_global_B,,/homes/neumann/nguyen/fedlora/FederatedLLM/epoch_round_tuning_cola_client_count/tuning-ffa-cola_stratified-roberta-base-homo-e20-r150/seed0/3/119/round_config.json
ffa,Nonlinear FFA,cola_stratified,CoLA stratified,roberta-base,RoBERTa-base,homo,Homo,20,150,nguyen repo,/homes/neumann/nguyen/fedlora/FederatedLLM/epoch_round_tuning_cola_client_count,0,3,3,120,121,0.48380345391488866,79.38638542665389,"0, 1, 2",4,4,ffa_global_B,,/homes/neumann/nguyen/fedlora/FederatedLLM/epoch_round_tuning_cola_client_count/tuning-ffa-cola_stratified-roberta-base-homo-e20-r150/seed0/3/120/round_config.json
ffa,Nonlinear FFA,cola_stratified,CoLA stratified,roberta-base,RoBERTa-base,homo,Homo,20,150,nguyen repo,/homes/neumann/nguyen/fedlora/FederatedLLM/epoch_round_tuning_cola_client_count,0,3,3,121,122,0.48347696530741247,79.38638542665389,"0, 1, 2",4,4,ffa_global_B,,/homes/neumann/nguyen/fedlora/FederatedLLM/epoch_round_tuning_cola_client_count/tuning-ffa-cola_stratified-roberta-base-homo-e20-r150/seed0/3/121/round_config.json
ffa,Nonlinear FFA,cola_stratified,CoLA stratified,roberta-base,RoBERTa-base,homo,Homo,20,150,nguyen repo,/homes/neumann/nguyen/fedlora/FederatedLLM/epoch_round_tuning_cola_client_count,0,3,3,122,123,0.4832216996895926,79.38638542665389,"0, 1, 2",4,4,ffa_global_B,,/homes/neumann/nguyen/fedlora/FederatedLLM/epoch_round_tuning_cola_client_count/tuning-ffa-cola_stratified-roberta-base-homo-e20-r150/seed0/3/122/round_config.json
ffa,Nonlinear FFA,cola_stratified,CoLA stratified,roberta-base,RoBERTa-base,homo,Homo,20,150,nguyen repo,/homes/neumann/nguyen/fedlora/FederatedLLM/epoch_round_tuning_cola_client_count,0,3,3,123,124,0.49652146303644756,79.86577181208054,"0, 1, 2",4,4,ffa_global_B,,/homes/neumann/nguyen/fedlora/FederatedLLM/epoch_round_tuning_cola_client_count/tuning-ffa-cola_stratified-roberta-base-homo-e20-r150/seed0/3/123/round_config.json
ffa,Nonlinear FFA,cola_stratified,CoLA stratified,roberta-base,RoBERTa-base,homo,Homo,20,150,nguyen repo,/homes/neumann/nguyen/fedlora/FederatedLLM/epoch_round_tuning_cola_client_count,0,3,3,124,125,0.48334022151161765,79.38638542665389,"0, 1, 2",4,4,ffa_global_B,,/homes/neumann/nguyen/fedlora/FederatedLLM/epoch_round_tuning_cola_client_count/tuning-ffa-cola_stratified-roberta-base-homo-e20-r150/seed0/3/124/round_config.json
ffa,Nonlinear FFA,cola_stratified,CoLA stratified,roberta-base,RoBERTa-base,homo,Homo,20,150,nguyen repo,/homes/neumann/nguyen/fedlora/FederatedLLM/epoch_round_tuning_cola_client_count,0,3,3,125,126,0.49668820567172006,79.86577181208054,"0, 1, 2",4,4,ffa_global_B,,/homes/neumann/nguyen/fedlora/FederatedLLM/epoch_round_tuning_cola_client_count/tuning-ffa-cola_stratified-roberta-base-homo-e20-r150/seed0/3/125/round_config.json
ffa,Nonlinear FFA,cola_stratified,CoLA stratified,roberta-base,RoBERTa-base,homo,Homo,20,150,nguyen repo,/homes/neumann/nguyen/fedlora/FederatedLLM/epoch_round_tuning_cola_client_count,0,3,3,126,127,0.49717389329248085,79.86577181208054,"0, 1, 2",4,4,ffa_global_B,,/homes/neumann/nguyen/fedlora/FederatedLLM/epoch_round_tuning_cola_client_count/tuning-ffa-cola_stratified-roberta-base-homo-e20-r150/seed0/3/126/round_config.json
ffa,Nonlinear FFA,cola_stratified,CoLA stratified,roberta-base,RoBERTa-base,homo,Homo,20,150,nguyen repo,/homes/neumann/nguyen/fedlora/FederatedLLM/epoch_round_tuning_cola_client_count,0,3,3,127,128,0.5049606016789446,80.15340364333653,"0, 1, 2",4,4,ffa_global_B,,/homes/neumann/nguyen/fedlora/FederatedLLM/epoch_round_tuning_cola_client_count/tuning-ffa-cola_stratified-roberta-base-homo-e20-r150/seed0/3/127/round_config.json
ffa,Nonlinear FFA,cola_stratified,CoLA stratified,roberta-base,RoBERTa-base,homo,Homo,20,150,nguyen repo,/homes/neumann/nguyen/fedlora/FederatedLLM/epoch_round_tuning_cola_client_count,0,10,10,0,1,0.2476610227954736,72.09971236816874,"0, 1, 2, 3, 4, 5, 6, 7, 8, 9",4,4,ffa_global_B,,/homes/neumann/nguyen/fedlora/FederatedLLM/epoch_round_tuning_cola_client_count/tuning-ffa-cola_stratified-roberta-base-homo-e20-r150/seed0/10/0/round_config.json
ffa,Nonlinear FFA,cola_stratified,CoLA stratified,roberta-base,RoBERTa-base,homo,Homo,20,150,nguyen repo,/homes/neumann/nguyen/fedlora/FederatedLLM/epoch_round_tuning_cola_client_count,0,10,10,1,2,0.39115189444626813,76.22243528283796,"0, 1, 2, 3, 4, 5, 6, 7, 8, 9",4,4,ffa_global_B,,/homes/neumann/nguyen/fedlora/FederatedLLM/epoch_round_tuning_cola_client_count/tuning-ffa-cola_stratified-roberta-base-homo-e20-r150/seed0/10/1/round_config.json
ffa,Nonlinear FFA,cola_stratified,CoLA stratified,roberta-base,RoBERTa-base,homo,Homo,20,150,nguyen repo,/homes/neumann/nguyen/fedlora/FederatedLLM/epoch_round_tuning_cola_client_count,0,10,10,2,3,0.43621392289006267,77.75647171620325,"0, 1, 2, 3, 4, 5, 6, 7, 8, 9",4,4,ffa_global_B,,/homes/neumann/nguyen/fedlora/FederatedLLM/epoch_round_tuning_cola_client_count/tuning-ffa-cola_stratified-roberta-base-homo-e20-r150/seed0/10/2/round_config.json
ffa,Nonlinear FFA,cola_stratified,CoLA stratified,roberta-base,RoBERTa-base,homo,Homo,20,150,nguyen repo,/homes/neumann/nguyen/fedlora/FederatedLLM/epoch_round_tuning_cola_client_count,0,10,10,3,4,0.46180054207807775,78.61936720997123,"0, 1, 2, 3, 4, 5, 6, 7, 8, 9",4,4,ffa_global_B,,/homes/neumann/nguyen/fedlora/FederatedLLM/epoch_round_tuning_cola_client_count/tuning-ffa-cola_stratified-roberta-base-homo-e20-r150/seed0/10/3/round_config.json
ffa,Nonlinear FFA,cola_stratified,CoLA stratified,roberta-base,RoBERTa-base,homo,Homo,20,150,nguyen repo,/homes/neumann/nguyen/fedlora/FederatedLLM/epoch_round_tuning_cola_client_count,0,10,10,4,5,0.47273368894616746,79.00287631831256,"0, 1, 2, 3, 4, 5, 6, 7, 8, 9",4,4,ffa_global_B,,/homes/neumann/nguyen/fedlora/FederatedLLM/epoch_round_tuning_cola_client_count/tuning-ffa-cola_stratified-roberta-base-homo-e20-r150/seed0/10/4/round_config.json
ffa,Nonlinear FFA,cola_stratified,CoLA stratified,roberta-base,RoBERTa-base,homo,Homo,20,150,nguyen repo,/homes/neumann/nguyen/fedlora/FederatedLLM/epoch_round_tuning_cola_client_count,0,10,10,5,6,0.4917546561024886,79.67401725790988,"0, 1, 2, 3, 4, 5, 6, 7, 8, 9",4,4,ffa_global_B,,/homes/neumann/nguyen/fedlora/FederatedLLM/epoch_round_tuning_cola_client_count/tuning-ffa-cola_stratified-roberta-base-homo-e20-r150/seed0/10/5/round_config.json
ffa,Nonlinear FFA,cola_stratified,CoLA stratified,roberta-base,RoBERTa-base,homo,Homo,20,150,nguyen repo,/homes/neumann/nguyen/fedlora/FederatedLLM/epoch_round_tuning_cola_client_count,0,10,10,6,7,0.5079531963854501,80.24928092042187,"0, 1, 2, 3, 4, 5, 6, 7, 8, 9",4,4,ffa_global_B,,/homes/neumann/nguyen/fedlora/FederatedLLM/epoch_round_tuning_cola_client_count/tuning-ffa-cola_stratified-roberta-base-homo-e20-r150/seed0/10/6/round_config.json
ffa,Nonlinear FFA,cola_stratified,CoLA stratified,roberta-base,RoBERTa-base,homo,Homo,20,150,nguyen repo,/homes/neumann/nguyen/fedlora/FederatedLLM/epoch_round_tuning_cola_client_count,0,10,10,7,8,0.518459870748358,80.63279002876318,"0, 1, 2, 3, 4, 5, 6, 7, 8, 9",4,4,ffa_global_B,,/homes/neumann/nguyen/fedlora/FederatedLLM/epoch_round_tuning_cola_client_count/tuning-ffa-cola_stratified-roberta-base-homo-e20-r150/seed0/10/7/round_config.json
ffa,Nonlinear FFA,cola_stratified,CoLA stratified,roberta-base,RoBERTa-base,homo,Homo,20,150,nguyen repo,/homes/neumann/nguyen/fedlora/FederatedLLM/epoch_round_tuning_cola_client_count,0,10,10,8,9,0.5209715512859253,80.72866730584852,"0, 1, 2, 3, 4, 5, 6, 7, 8, 9",4,4,ffa_global_B,,/homes/neumann/nguyen/fedlora/FederatedLLM/epoch_round_tuning_cola_client_count/tuning-ffa-cola_stratified-roberta-base-homo-e20-r150/seed0/10/8/round_config.json
ffa,Nonlinear FFA,cola_stratified,CoLA stratified,roberta-base,RoBERTa-base,homo,Homo,20,150,nguyen repo,/homes/neumann/nguyen/fedlora/FederatedLLM/epoch_round_tuning_cola_client_count,0,10,10,9,10,0.523501779881147,80.82454458293384,"0, 1, 2, 3, 4, 5, 6, 7, 8, 9",4,4,ffa_global_B,,/homes/neumann/nguyen/fedlora/FederatedLLM/epoch_round_tuning_cola_client_count/tuning-ffa-cola_stratified-roberta-base-homo-e20-r150/seed0/10/9/round_config.json
ffa,Nonlinear FFA,cola_stratified,CoLA stratified,roberta-base,RoBERTa-base,homo,Homo,20,150,nguyen repo,/homes/neumann/nguyen/fedlora/FederatedLLM/epoch_round_tuning_cola_client_count,0,10,10,10,11,0.5260499940984096,80.92042186001918,"0, 1, 2, 3, 4, 5, 6, 7, 8, 9",4,4,ffa_global_B,,/homes/neumann/nguyen/fedlora/FederatedLLM/epoch_round_tuning_cola_client_count/tuning-ffa-cola_stratified-roberta-base-homo-e20-r150/seed0/10/10/round_config.json
ffa,Nonlinear FFA,cola_stratified,CoLA stratified,roberta-base,RoBERTa-base,homo,Homo,20,150,nguyen repo,/homes/neumann/nguyen/fedlora/FederatedLLM/epoch_round_tuning_cola_client_count,0,10,10,11,12,0.5339494412838712,81.20805369127517,"0, 1, 2, 3, 4, 5, 6, 7, 8, 9",4,4,ffa_global_B,,/homes/neumann/nguyen/fedlora/FederatedLLM/epoch_round_tuning_cola_client_count/tuning-ffa-cola_stratified-roberta-base-homo-e20-r150/seed0/10/11/round_config.json
ffa,Nonlinear FFA,cola_stratified,CoLA stratified,roberta-base,RoBERTa-base,homo,Homo,20,150,nguyen repo,/homes/neumann/nguyen/fedlora/FederatedLLM/epoch_round_tuning_cola_client_count,0,10,10,12,13,0.5446169750397436,81.5915627996165,"0, 1, 2, 3, 4, 5, 6, 7, 8, 9",4,4,ffa_global_B,,/homes/neumann/nguyen/fedlora/FederatedLLM/epoch_round_tuning_cola_client_count/tuning-ffa-cola_stratified-roberta-base-homo-e20-r150/seed0/10/12/round_config.json
ffa,Nonlinear FFA,cola_stratified,CoLA stratified,roberta-base,RoBERTa-base,homo,Homo,20,150,nguyen repo,/homes/neumann/nguyen/fedlora/FederatedLLM/epoch_round_tuning_cola_client_count,0,10,10,13,14,0.5392832081618074,81.39980824544583,"0, 1, 2, 3, 4, 5, 6, 7, 8, 9",4,4,ffa_global_B,,/homes/neumann/nguyen/fedlora/FederatedLLM/epoch_round_tuning_cola_client_count/tuning-ffa-cola_stratified-roberta-base-homo-e20-r150/seed0/10/13/round_config.json
ffa,Nonlinear FFA,cola_stratified,CoLA stratified,roberta-base,RoBERTa-base,homo,Homo,20,150,nguyen repo,/homes/neumann/nguyen/fedlora/FederatedLLM/epoch_round_tuning_cola_client_count,0,10,10,14,15,0.5339494412838712,81.20805369127517,"0, 1, 2, 3, 4, 5, 6, 7, 8, 9",4,4,ffa_global_B,,/homes/neumann/nguyen/fedlora/FederatedLLM/epoch_round_tuning_cola_client_count/tuning-ffa-cola_stratified-roberta-base-homo-e20-r150/seed0/10/14/round_config.json
ffa,Nonlinear FFA,cola_stratified,CoLA stratified,roberta-base,RoBERTa-base,homo,Homo,20,150,nguyen repo,/homes/neumann/nguyen/fedlora/FederatedLLM/epoch_round_tuning_cola_client_count,0,10,10,15,16,0.5313214843751437,81.11217641418985,"0, 1, 2, 3, 4, 5, 6, 7, 8, 9",4,4,ffa_global_B,,/homes/neumann/nguyen/fedlora/FederatedLLM/epoch_round_tuning_cola_client_count/tuning-ffa-cola_stratified-roberta-base-homo-e20-r150/seed0/10/15/round_config.json
ffa,Nonlinear FFA,cola_stratified,CoLA stratified,roberta-base,RoBERTa-base,homo,Homo,20,150,nguyen repo,/homes/neumann/nguyen/fedlora/FederatedLLM/epoch_round_tuning_cola_client_count,0,10,10,16,17,0.5338774230813111,81.20805369127517,"0, 1, 2, 3, 4, 5, 6, 7, 8, 9",4,4,ffa_global_B,,/homes/neumann/nguyen/fedlora/FederatedLLM/epoch_round_tuning_cola_client_count/tuning-ffa-cola_stratified-roberta-base-homo-e20-r150/seed0/10/16/round_config.json
ffa,Nonlinear FFA,cola_stratified,CoLA stratified,roberta-base,RoBERTa-base,homo,Homo,20,150,nguyen repo,/homes/neumann/nguyen/fedlora/FederatedLLM/epoch_round_tuning_cola_client_count,0,10,10,17,18,0.5365723103616664,81.30393096836049,"0, 1, 2, 3, 4, 5, 6, 7, 8, 9",4,4,ffa_global_B,,/homes/neumann/nguyen/fedlora/FederatedLLM/epoch_round_tuning_cola_client_count/tuning-ffa-cola_stratified-roberta-base-homo-e20-r150/seed0/10/17/round_config.json
ffa,Nonlinear FFA,cola_stratified,CoLA stratified,roberta-base,RoBERTa-base,homo,Homo,20,150,nguyen repo,/homes/neumann/nguyen/fedlora/FederatedLLM/epoch_round_tuning_cola_client_count,0,10,10,18,19,0.5366659048957605,81.30393096836049,"0, 1, 2, 3, 4, 5, 6, 7, 8, 9",4,4,ffa_global_B,,/homes/neumann/nguyen/fedlora/FederatedLLM/epoch_round_tuning_cola_client_count/tuning-ffa-cola_stratified-roberta-base-homo-e20-r150/seed0/10/18/round_config.json
ffa,Nonlinear FFA,cola_stratified,CoLA stratified,roberta-base,RoBERTa-base,homo,Homo,20,150,nguyen repo,/homes/neumann/nguyen/fedlora/FederatedLLM/epoch_round_tuning_cola_client_count,0,10,10,19,20,0.5340435327165364,81.20805369127517,"0, 1, 2, 3, 4, 5, 6, 7, 8, 9",4,4,ffa_global_B,,/homes/neumann/nguyen/fedlora/FederatedLLM/epoch_round_tuning_cola_client_count/tuning-ffa-cola_stratified-roberta-base-homo-e20-r150/seed0/10/19/round_config.json
ffa,Nonlinear FFA,cola_stratified,CoLA stratified,roberta-base,RoBERTa-base,homo,Homo,20,150,nguyen repo,/homes/neumann/nguyen/fedlora/FederatedLLM/epoch_round_tuning_cola_client_count,0,10,10,20,21,0.5314160137547841,81.11217641418985,"0, 1, 2, 3, 4, 5, 6, 7, 8, 9",4,4,ffa_global_B,,/homes/neumann/nguyen/fedlora/FederatedLLM/epoch_round_tuning_cola_client_count/tuning-ffa-cola_stratified-roberta-base-homo-e20-r150/seed0/10/20/round_config.json
ffa,Nonlinear FFA,cola_stratified,CoLA stratified,roberta-base,RoBERTa-base,homo,Homo,20,150,nguyen repo,/homes/neumann/nguyen/fedlora/FederatedLLM/epoch_round_tuning_cola_client_count,0,10,10,21,22,0.5314160137547841,81.11217641418985,"0, 1, 2, 3, 4, 5, 6, 7, 8, 9",4,4,ffa_global_B,,/homes/neumann/nguyen/fedlora/FederatedLLM/epoch_round_tuning_cola_client_count/tuning-ffa-cola_stratified-roberta-base-homo-e20-r150/seed0/10/21/round_config.json
ffa,Nonlinear FFA,cola_stratified,CoLA stratified,roberta-base,RoBERTa-base,homo,Homo,20,150,nguyen repo,/homes/neumann/nguyen/fedlora/FederatedLLM/epoch_round_tuning_cola_client_count,0,10,10,22,23,0.5340435327165364,81.20805369127517,"0, 1, 2, 3, 4, 5, 6, 7, 8, 9",4,4,ffa_global_B,,/homes/neumann/nguyen/fedlora/FederatedLLM/epoch_round_tuning_cola_client_count/tuning-ffa-cola_stratified-roberta-base-homo-e20-r150/seed0/10/22/round_config.json
ffa,Nonlinear FFA,cola_stratified,CoLA stratified,roberta-base,RoBERTa-base,homo,Homo,20,150,nguyen repo,/homes/neumann/nguyen/fedlora/FederatedLLM/epoch_round_tuning_cola_client_count,0,10,10,23,24,0.5366659048957605,81.30393096836049,"0, 1, 2, 3, 4, 5, 6, 7, 8, 9",4,4,ffa_global_B,,/homes/neumann/nguyen/fedlora/FederatedLLM/epoch_round_tuning_cola_client_count/tuning-ffa-cola_stratified-roberta-base-homo-e20-r150/seed0/10/23/round_config.json
ffa,Nonlinear FFA,cola_stratified,CoLA stratified,roberta-base,RoBERTa-base,homo,Homo,20,150,nguyen repo,/homes/neumann/nguyen/fedlora/FederatedLLM/epoch_round_tuning_cola_client_count,0,10,10,24,25,0.5366659048957605,81.30393096836049,"0, 1, 2, 3, 4, 5, 6, 7, 8, 9",4,4,ffa_global_B,,/homes/neumann/nguyen/fedlora/FederatedLLM/epoch_round_tuning_cola_client_count/tuning-ffa-cola_stratified-roberta-base-homo-e20-r150/seed0/10/24/round_config.json
ffa,Nonlinear FFA,cola_stratified,CoLA stratified,roberta-base,RoBERTa-base,homo,Homo,20,150,nguyen repo,/homes/neumann/nguyen/fedlora/FederatedLLM/epoch_round_tuning_cola_client_count,0,10,10,25,26,0.5339494412838712,81.20805369127517,"0, 1, 2, 3, 4, 5, 6, 7, 8, 9",4,4,ffa_global_B,,/homes/neumann/nguyen/fedlora/FederatedLLM/epoch_round_tuning_cola_client_count/tuning-ffa-cola_stratified-roberta-base-homo-e20-r150/seed0/10/25/round_config.json
ffa,Nonlinear FFA,cola_stratified,CoLA stratified,roberta-base,RoBERTa-base,homo,Homo,20,150,nguyen repo,/homes/neumann/nguyen/fedlora/FederatedLLM/epoch_round_tuning_cola_client_count,0,10,10,26,27,0.5312491014766616,81.11217641418985,"0, 1, 2, 3, 4, 5, 6, 7, 8, 9",4,4,ffa_global_B,,/homes/neumann/nguyen/fedlora/FederatedLLM/epoch_round_tuning_cola_client_count/tuning-ffa-cola_stratified-roberta-base-homo-e20-r150/seed0/10/26/round_config.json
ffa,Nonlinear FFA,cola_stratified,CoLA stratified,roberta-base,RoBERTa-base,homo,Homo,20,150,nguyen repo,/homes/neumann/nguyen/fedlora/FederatedLLM/epoch_round_tuning_cola_client_count,0,10,10,27,28,0.5339494412838712,81.20805369127517,"0, 1, 2, 3, 4, 5, 6, 7, 8, 9",4,4,ffa_global_B,,/homes/neumann/nguyen/fedlora/FederatedLLM/epoch_round_tuning_cola_client_count/tuning-ffa-cola_stratified-roberta-base-homo-e20-r150/seed0/10/27/round_config.json
ffa,Nonlinear FFA,cola_stratified,CoLA stratified,roberta-base,RoBERTa-base,homo,Homo,20,150,nguyen repo,/homes/neumann/nguyen/fedlora/FederatedLLM/epoch_round_tuning_cola_client_count,0,10,10,28,29,0.5338774230813111,81.20805369127517,"0, 1, 2, 3, 4, 5, 6, 7, 8, 9",4,4,ffa_global_B,,/homes/neumann/nguyen/fedlora/FederatedLLM/epoch_round_tuning_cola_client_count/tuning-ffa-cola_stratified-roberta-base-homo-e20-r150/seed0/10/28/round_config.json
ffa,Nonlinear FFA,cola_stratified,CoLA stratified,roberta-base,RoBERTa-base,homo,Homo,20,150,nguyen repo,/homes/neumann/nguyen/fedlora/FederatedLLM/epoch_round_tuning_cola_client_count,0,10,10,29,30,0.5311983410233877,81.11217641418985,"0, 1, 2, 3, 4, 5, 6, 7, 8, 9",4,4,ffa_global_B,,/homes/neumann/nguyen/fedlora/FederatedLLM/epoch_round_tuning_cola_client_count/tuning-ffa-cola_stratified-roberta-base-homo-e20-r150/seed0/10/29/round_config.json
ffa,Nonlinear FFA,cola_stratified,CoLA stratified,roberta-base,RoBERTa-base,homo,Homo,20,150,nguyen repo,/homes/neumann/nguyen/fedlora/FederatedLLM/epoch_round_tuning_cola_client_count,0,10,10,30,31,0.5338774230813111,81.20805369127517,"0, 1, 2, 3, 4, 5, 6, 7, 8, 9",4,4,ffa_global_B,,/homes/neumann/nguyen/fedlora/FederatedLLM/epoch_round_tuning_cola_client_count/tuning-ffa-cola_stratified-roberta-base-homo-e20-r150/seed0/10/30/round_config.json
ffa,Nonlinear FFA,cola_stratified,CoLA stratified,roberta-base,RoBERTa-base,homo,Homo,20,150,nguyen repo,/homes/neumann/nguyen/fedlora/FederatedLLM/epoch_round_tuning_cola_client_count,0,10,10,31,32,0.5338774230813111,81.20805369127517,"0, 1, 2, 3, 4, 5, 6, 7, 8, 9",4,4,ffa_global_B,,/homes/neumann/nguyen/fedlora/FederatedLLM/epoch_round_tuning_cola_client_count/tuning-ffa-cola_stratified-roberta-base-homo-e20-r150/seed0/10/31/round_config.json
ffa,Nonlinear FFA,cola_stratified,CoLA stratified,roberta-base,RoBERTa-base,homo,Homo,20,150,nguyen repo,/homes/neumann/nguyen/fedlora/FederatedLLM/epoch_round_tuning_cola_client_count,0,10,10,32,33,0.5338774230813111,81.20805369127517,"0, 1, 2, 3, 4, 5, 6, 7, 8, 9",4,4,ffa_global_B,,/homes/neumann/nguyen/fedlora/FederatedLLM/epoch_round_tuning_cola_client_count/tuning-ffa-cola_stratified-roberta-base-homo-e20-r150/seed0/10/32/round_config.json
ffa,Nonlinear FFA,cola_stratified,CoLA stratified,roberta-base,RoBERTa-base,homo,Homo,20,150,nguyen repo,/homes/neumann/nguyen/fedlora/FederatedLLM/epoch_round_tuning_cola_client_count,0,10,10,33,34,0.5286156744059349,81.01629913710451,"0, 1, 2, 3, 4, 5, 6, 7, 8, 9",4,4,ffa_global_B,,/homes/neumann/nguyen/fedlora/FederatedLLM/epoch_round_tuning_cola_client_count/tuning-ffa-cola_stratified-roberta-base-homo-e20-r150/seed0/10/33/round_config.json
ffa,Nonlinear FFA,cola_stratified,CoLA stratified,roberta-base,RoBERTa-base,homo,Homo,20,150,nguyen repo,/homes/neumann/nguyen/fedlora/FederatedLLM/epoch_round_tuning_cola_client_count,0,10,10,34,35,0.5286156744059349,81.01629913710451,"0, 1, 2, 3, 4, 5, 6, 7, 8, 9",4,4,ffa_global_B,,/homes/neumann/nguyen/fedlora/FederatedLLM/epoch_round_tuning_cola_client_count/tuning-ffa-cola_stratified-roberta-base-homo-e20-r150/seed0/10/34/round_config.json
ffa,Nonlinear FFA,cola_stratified,CoLA stratified,roberta-base,RoBERTa-base,homo,Homo,20,150,nguyen repo,/homes/neumann/nguyen/fedlora/FederatedLLM/epoch_round_tuning_cola_client_count,0,10,10,35,36,0.5285646777370838,81.01629913710451,"0, 1, 2, 3, 4, 5, 6, 7, 8, 9",4,4,ffa_global_B,,/homes/neumann/nguyen/fedlora/FederatedLLM/epoch_round_tuning_cola_client_count/tuning-ffa-cola_stratified-roberta-base-homo-e20-r150/seed0/10/35/round_config.json
ffa,Nonlinear FFA,cola_stratified,CoLA stratified,roberta-base,RoBERTa-base,homo,Homo,20,150,nguyen repo,/homes/neumann/nguyen/fedlora/FederatedLLM/epoch_round_tuning_cola_client_count,0,10,10,36,37,0.5285646777370838,81.01629913710451,"0, 1, 2, 3, 4, 5, 6, 7, 8, 9",4,4,ffa_global_B,,/homes/neumann/nguyen/fedlora/FederatedLLM/epoch_round_tuning_cola_client_count/tuning-ffa-cola_stratified-roberta-base-homo-e20-r150/seed0/10/36/round_config.json
ffa,Nonlinear FFA,cola_stratified,CoLA stratified,roberta-base,RoBERTa-base,homo,Homo,20,150,nguyen repo,/homes/neumann/nguyen/fedlora/FederatedLLM/epoch_round_tuning_cola_client_count,0,10,10,37,38,0.5338774230813111,81.20805369127517,"0, 1, 2, 3, 4, 5, 6, 7, 8, 9",4,4,ffa_global_B,,/homes/neumann/nguyen/fedlora/FederatedLLM/epoch_round_tuning_cola_client_count/tuning-ffa-cola_stratified-roberta-base-homo-e20-r150/seed0/10/37/round_config.json
ffa,Nonlinear FFA,cola_stratified,CoLA stratified,roberta-base,RoBERTa-base,homo,Homo,20,150,nguyen repo,/homes/neumann/nguyen/fedlora/FederatedLLM/epoch_round_tuning_cola_client_count,0,10,10,38,39,0.5338774230813111,81.20805369127517,"0, 1, 2, 3, 4, 5, 6, 7, 8, 9",4,4,ffa_global_B,,/homes/neumann/nguyen/fedlora/FederatedLLM/epoch_round_tuning_cola_client_count/tuning-ffa-cola_stratified-roberta-base-homo-e20-r150/seed0/10/38/round_config.json
ffa,Nonlinear FFA,cola_stratified,CoLA stratified,roberta-base,RoBERTa-base,homo,Homo,20,150,nguyen repo,/homes/neumann/nguyen/fedlora/FederatedLLM/epoch_round_tuning_cola_client_count,0,10,10,39,40,0.5259258925916567,80.92042186001918,"0, 1, 2, 3, 4, 5, 6, 7, 8, 9",4,4,ffa_global_B,,/homes/neumann/nguyen/fedlora/FederatedLLM/epoch_round_tuning_cola_client_count/tuning-ffa-cola_stratified-roberta-base-homo-e20-r150/seed0/10/39/round_config.json
ffa,Nonlinear FFA,cola_stratified,CoLA stratified,roberta-base,RoBERTa-base,homo,Homo,20,150,nguyen repo,/homes/neumann/nguyen/fedlora/FederatedLLM/epoch_round_tuning_cola_client_count,0,10,10,40,41,0.5259258925916567,80.92042186001918,"0, 1, 2, 3, 4, 5, 6, 7, 8, 9",4,4,ffa_global_B,,/homes/neumann/nguyen/fedlora/FederatedLLM/epoch_round_tuning_cola_client_count/tuning-ffa-cola_stratified-roberta-base-homo-e20-r150/seed0/10/40/round_config.json
ffa,Nonlinear FFA,cola_stratified,CoLA stratified,roberta-base,RoBERTa-base,homo,Homo,20,150,nguyen repo,/homes/neumann/nguyen/fedlora/FederatedLLM/epoch_round_tuning_cola_client_count,0,10,10,41,42,0.5259258925916567,80.92042186001918,"0, 1, 2, 3, 4, 5, 6, 7, 8, 9",4,4,ffa_global_B,,/homes/neumann/nguyen/fedlora/FederatedLLM/epoch_round_tuning_cola_client_count/tuning-ffa-cola_stratified-roberta-base-homo-e20-r150/seed0/10/41/round_config.json
ffa,Nonlinear FFA,cola_stratified,CoLA stratified,roberta-base,RoBERTa-base,homo,Homo,20,150,nguyen repo,/homes/neumann/nguyen/fedlora/FederatedLLM/epoch_round_tuning_cola_client_count,0,10,10,42,43,0.5259770638545269,80.92042186001918,"0, 1, 2, 3, 4, 5, 6, 7, 8, 9",4,4,ffa_global_B,,/homes/neumann/nguyen/fedlora/FederatedLLM/epoch_round_tuning_cola_client_count/tuning-ffa-cola_stratified-roberta-base-homo-e20-r150/seed0/10/42/round_config.json
ffa,Nonlinear FFA,cola_stratified,CoLA stratified,roberta-base,RoBERTa-base,homo,Homo,20,150,nguyen repo,/homes/neumann/nguyen/fedlora/FederatedLLM/epoch_round_tuning_cola_client_count,0,10,10,43,44,0.5233331906511532,80.82454458293384,"0, 1, 2, 3, 4, 5, 6, 7, 8, 9",4,4,ffa_global_B,,/homes/neumann/nguyen/fedlora/FederatedLLM/epoch_round_tuning_cola_client_count/tuning-ffa-cola_stratified-roberta-base-homo-e20-r150/seed0/10/43/round_config.json
ffa,Nonlinear FFA,cola_stratified,CoLA stratified,roberta-base,RoBERTa-base,homo,Homo,20,150,nguyen repo,/homes/neumann/nguyen/fedlora/FederatedLLM/epoch_round_tuning_cola_client_count,0,10,10,44,45,0.51802933366438,80.63279002876318,"0, 1, 2, 3, 4, 5, 6, 7, 8, 9",4,4,ffa_global_B,,/homes/neumann/nguyen/fedlora/FederatedLLM/epoch_round_tuning_cola_client_count/tuning-ffa-cola_stratified-roberta-base-homo-e20-r150/seed0/10/44/round_config.json
ffa,Nonlinear FFA,cola_stratified,CoLA stratified,roberta-base,RoBERTa-base,homo,Homo,20,150,nguyen repo,/homes/neumann/nguyen/fedlora/FederatedLLM/epoch_round_tuning_cola_client_count,0,10,10,45,46,0.51802933366438,80.63279002876318,"0, 1, 2, 3, 4, 5, 6, 7, 8, 9",4,4,ffa_global_B,,/homes/neumann/nguyen/fedlora/FederatedLLM/epoch_round_tuning_cola_client_count/tuning-ffa-cola_stratified-roberta-base-homo-e20-r150/seed0/10/45/round_config.json
ffa,Nonlinear FFA,cola_stratified,CoLA stratified,roberta-base,RoBERTa-base,homo,Homo,20,150,nguyen repo,/homes/neumann/nguyen/fedlora/FederatedLLM/epoch_round_tuning_cola_client_count,0,10,10,46,47,0.5153179547856604,80.53691275167785,"0, 1, 2, 3, 4, 5, 6, 7, 8, 9",4,4,ffa_global_B,,/homes/neumann/nguyen/fedlora/FederatedLLM/epoch_round_tuning_cola_client_count/tuning-ffa-cola_stratified-roberta-base-homo-e20-r150/seed0/10/46/round_config.json
ffa,Nonlinear FFA,cola_stratified,CoLA stratified,roberta-base,RoBERTa-base,homo,Homo,20,150,nguyen repo,/homes/neumann/nguyen/fedlora/FederatedLLM/epoch_round_tuning_cola_client_count,0,10,10,47,48,0.5232819075279987,80.82454458293384,"0, 1, 2, 3, 4, 5, 6, 7, 8, 9",4,4,ffa_global_B,,/homes/neumann/nguyen/fedlora/FederatedLLM/epoch_round_tuning_cola_client_count/tuning-ffa-cola_stratified-roberta-base-homo-e20-r150/seed0/10/47/round_config.json
ffa,Nonlinear FFA,cola_stratified,CoLA stratified,roberta-base,RoBERTa-base,homo,Homo,20,150,nguyen repo,/homes/neumann/nguyen/fedlora/FederatedLLM/epoch_round_tuning_cola_client_count,0,10,10,48,49,0.5259770638545269,80.92042186001918,"0, 1, 2, 3, 4, 5, 6, 7, 8, 9",4,4,ffa_global_B,,/homes/neumann/nguyen/fedlora/FederatedLLM/epoch_round_tuning_cola_client_count/tuning-ffa-cola_stratified-roberta-base-homo-e20-r150/seed0/10/48/round_config.json
ffa,Nonlinear FFA,cola_stratified,CoLA stratified,roberta-base,RoBERTa-base,homo,Homo,20,150,nguyen repo,/homes/neumann/nguyen/fedlora/FederatedLLM/epoch_round_tuning_cola_client_count,0,10,10,49,50,0.5312491014766616,81.11217641418985,"0, 1, 2, 3, 4, 5, 6, 7, 8, 9",4,4,ffa_global_B,,/homes/neumann/nguyen/fedlora/FederatedLLM/epoch_round_tuning_cola_client_count/tuning-ffa-cola_stratified-roberta-base-homo-e20-r150/seed0/10/49/round_config.json
ffa,Nonlinear FFA,cola_stratified,CoLA stratified,roberta-base,RoBERTa-base,homo,Homo,20,150,nguyen repo,/homes/neumann/nguyen/fedlora/FederatedLLM/epoch_round_tuning_cola_client_count,0,10,10,50,51,0.5312491014766616,81.11217641418985,"0, 1, 2, 3, 4, 5, 6, 7, 8, 9",4,4,ffa_global_B,,/homes/neumann/nguyen/fedlora/FederatedLLM/epoch_round_tuning_cola_client_count/tuning-ffa-cola_stratified-roberta-base-homo-e20-r150/seed0/10/50/round_config.json
ffa,Nonlinear FFA,cola_stratified,CoLA stratified,roberta-base,RoBERTa-base,homo,Homo,20,150,nguyen repo,/homes/neumann/nguyen/fedlora/FederatedLLM/epoch_round_tuning_cola_client_count,0,10,10,51,52,0.5313214843751437,81.11217641418985,"0, 1, 2, 3, 4, 5, 6, 7, 8, 9",4,4,ffa_global_B,,/homes/neumann/nguyen/fedlora/FederatedLLM/epoch_round_tuning_cola_client_count/tuning-ffa-cola_stratified-roberta-base-homo-e20-r150/seed0/10/51/round_config.json
ffa,Nonlinear FFA,cola_stratified,CoLA stratified,roberta-base,RoBERTa-base,homo,Homo,20,150,nguyen repo,/homes/neumann/nguyen/fedlora/FederatedLLM/epoch_round_tuning_cola_client_count,0,10,10,52,53,0.5286883616838448,81.01629913710451,"0, 1, 2, 3, 4, 5, 6, 7, 8, 9",4,4,ffa_global_B,,/homes/neumann/nguyen/fedlora/FederatedLLM/epoch_round_tuning_cola_client_count/tuning-ffa-cola_stratified-roberta-base-homo-e20-r150/seed0/10/52/round_config.json
ffa,Nonlinear FFA,cola_stratified,CoLA stratified,roberta-base,RoBERTa-base,homo,Homo,20,150,nguyen repo,/homes/neumann/nguyen/fedlora/FederatedLLM/epoch_round_tuning_cola_client_count,0,10,10,53,54,0.5313214843751437,81.11217641418985,"0, 1, 2, 3, 4, 5, 6, 7, 8, 9",4,4,ffa_global_B,,/homes/neumann/nguyen/fedlora/FederatedLLM/epoch_round_tuning_cola_client_count/tuning-ffa-cola_stratified-roberta-base-homo-e20-r150/seed0/10/53/round_config.json
ffa,Nonlinear FFA,cola_stratified,CoLA stratified,roberta-base,RoBERTa-base,homo,Homo,20,150,nguyen repo,/homes/neumann/nguyen/fedlora/FederatedLLM/epoch_round_tuning_cola_client_count,0,10,10,54,55,0.5340435327165364,81.20805369127517,"0, 1, 2, 3, 4, 5, 6, 7, 8, 9",4,4,ffa_global_B,,/homes/neumann/nguyen/fedlora/FederatedLLM/epoch_round_tuning_cola_client_count/tuning-ffa-cola_stratified-roberta-base-homo-e20-r150/seed0/10/54/round_config.json
ffa,Nonlinear FFA,cola_stratified,CoLA stratified,roberta-base,RoBERTa-base,homo,Homo,20,150,nguyen repo,/homes/neumann/nguyen/fedlora/FederatedLLM/epoch_round_tuning_cola_client_count,0,10,10,55,56,0.5286883616838448,81.01629913710451,"0, 1, 2, 3, 4, 5, 6, 7, 8, 9",4,4,ffa_global_B,,/homes/neumann/nguyen/fedlora/FederatedLLM/epoch_round_tuning_cola_client_count/tuning-ffa-cola_stratified-roberta-base-homo-e20-r150/seed0/10/55/round_config.json
ffa,Nonlinear FFA,cola_stratified,CoLA stratified,roberta-base,RoBERTa-base,homo,Homo,20,150,nguyen repo,/homes/neumann/nguyen/fedlora/FederatedLLM/epoch_round_tuning_cola_client_count,0,10,10,56,57,0.5339494412838712,81.20805369127517,"0, 1, 2, 3, 4, 5, 6, 7, 8, 9",4,4,ffa_global_B,,/homes/neumann/nguyen/fedlora/FederatedLLM/epoch_round_tuning_cola_client_count/tuning-ffa-cola_stratified-roberta-base-homo-e20-r150/seed0/10/56/round_config.json
ffa,Nonlinear FFA,cola_stratified,CoLA stratified,roberta-base,RoBERTa-base,homo,Homo,20,150,nguyen repo,/homes/neumann/nguyen/fedlora/FederatedLLM/epoch_round_tuning_cola_client_count,0,10,10,57,58,0.5338774230813111,81.20805369127517,"0, 1, 2, 3, 4, 5, 6, 7, 8, 9",4,4,ffa_global_B,,/homes/neumann/nguyen/fedlora/FederatedLLM/epoch_round_tuning_cola_client_count/tuning-ffa-cola_stratified-roberta-base-homo-e20-r150/seed0/10/57/round_config.json
ffa,Nonlinear FFA,cola_stratified,CoLA stratified,roberta-base,RoBERTa-base,homo,Homo,20,150,nguyen repo,/homes/neumann/nguyen/fedlora/FederatedLLM/epoch_round_tuning_cola_client_count,0,10,10,58,59,0.5365007161029405,81.30393096836049,"0, 1, 2, 3, 4, 5, 6, 7, 8, 9",4,4,ffa_global_B,,/homes/neumann/nguyen/fedlora/FederatedLLM/epoch_round_tuning_cola_client_count/tuning-ffa-cola_stratified-roberta-base-homo-e20-r150/seed0/10/58/round_config.json
ffa,Nonlinear FFA,cola_stratified,CoLA stratified,roberta-base,RoBERTa-base,homo,Homo,20,150,nguyen repo,/homes/neumann/nguyen/fedlora/FederatedLLM/epoch_round_tuning_cola_client_count,0,10,10,59,60,0.5338774230813111,81.20805369127517,"0, 1, 2, 3, 4, 5, 6, 7, 8, 9",4,4,ffa_global_B,,/homes/neumann/nguyen/fedlora/FederatedLLM/epoch_round_tuning_cola_client_count/tuning-ffa-cola_stratified-roberta-base-homo-e20-r150/seed0/10/59/round_config.json
ffa,Nonlinear FFA,cola_stratified,CoLA stratified,roberta-base,RoBERTa-base,homo,Homo,20,150,nguyen repo,/homes/neumann/nguyen/fedlora/FederatedLLM/epoch_round_tuning_cola_client_count,0,10,10,60,61,0.5365007161029405,81.30393096836049,"0, 1, 2, 3, 4, 5, 6, 7, 8, 9",4,4,ffa_global_B,,/homes/neumann/nguyen/fedlora/FederatedLLM/epoch_round_tuning_cola_client_count/tuning-ffa-cola_stratified-roberta-base-homo-e20-r150/seed0/10/60/round_config.json
ffa,Nonlinear FFA,cola_stratified,CoLA stratified,roberta-base,RoBERTa-base,homo,Homo,20,150,nguyen repo,/homes/neumann/nguyen/fedlora/FederatedLLM/epoch_round_tuning_cola_client_count,0,10,10,61,62,0.5312491014766616,81.11217641418985,"0, 1, 2, 3, 4, 5, 6, 7, 8, 9",4,4,ffa_global_B,,/homes/neumann/nguyen/fedlora/FederatedLLM/epoch_round_tuning_cola_client_count/tuning-ffa-cola_stratified-roberta-base-homo-e20-r150/seed0/10/61/round_config.json
ffa,Nonlinear FFA,cola_stratified,CoLA stratified,roberta-base,RoBERTa-base,homo,Homo,20,150,nguyen repo,/homes/neumann/nguyen/fedlora/FederatedLLM/epoch_round_tuning_cola_client_count,0,10,10,62,63,0.5365007161029405,81.30393096836049,"0, 1, 2, 3, 4, 5, 6, 7, 8, 9",4,4,ffa_global_B,,/homes/neumann/nguyen/fedlora/FederatedLLM/epoch_round_tuning_cola_client_count/tuning-ffa-cola_stratified-roberta-base-homo-e20-r150/seed0/10/62/round_config.json
ffa,Nonlinear FFA,cola_stratified,CoLA stratified,roberta-base,RoBERTa-base,homo,Homo,20,150,nguyen repo,/homes/neumann/nguyen/fedlora/FederatedLLM/epoch_round_tuning_cola_client_count,0,10,10,63,64,0.5365007161029405,81.30393096836049,"0, 1, 2, 3, 4, 5, 6, 7, 8, 9",4,4,ffa_global_B,,/homes/neumann/nguyen/fedlora/FederatedLLM/epoch_round_tuning_cola_client_count/tuning-ffa-cola_stratified-roberta-base-homo-e20-r150/seed0/10/63/round_config.json
ffa,Nonlinear FFA,cola_stratified,CoLA stratified,roberta-base,RoBERTa-base,homo,Homo,20,150,nguyen repo,/homes/neumann/nguyen/fedlora/FederatedLLM/epoch_round_tuning_cola_client_count,0,10,10,64,65,0.5391190563175304,81.39980824544583,"0, 1, 2, 3, 4, 5, 6, 7, 8, 9",4,4,ffa_global_B,,/homes/neumann/nguyen/fedlora/FederatedLLM/epoch_round_tuning_cola_client_count/tuning-ffa-cola_stratified-roberta-base-homo-e20-r150/seed0/10/64/round_config.json
ffa,Nonlinear FFA,cola_stratified,CoLA stratified,roberta-base,RoBERTa-base,homo,Homo,20,150,nguyen repo,/homes/neumann/nguyen/fedlora/FederatedLLM/epoch_round_tuning_cola_client_count,0,10,10,65,66,0.5338269593815457,81.20805369127517,"0, 1, 2, 3, 4, 5, 6, 7, 8, 9",4,4,ffa_global_B,,/homes/neumann/nguyen/fedlora/FederatedLLM/epoch_round_tuning_cola_client_count/tuning-ffa-cola_stratified-roberta-base-homo-e20-r150/seed0/10/65/round_config.json
ffa,Nonlinear FFA,cola_stratified,CoLA stratified,roberta-base,RoBERTa-base,homo,Homo,20,150,nguyen repo,/homes/neumann/nguyen/fedlora/FederatedLLM/epoch_round_tuning_cola_client_count,0,10,10,66,67,0.5311686988596115,81.11217641418985,"0, 1, 2, 3, 4, 5, 6, 7, 8, 9",4,4,ffa_global_B,,/homes/neumann/nguyen/fedlora/FederatedLLM/epoch_round_tuning_cola_client_count/tuning-ffa-cola_stratified-roberta-base-homo-e20-r150/seed0/10/66/round_config.json
ffa,Nonlinear FFA,cola_stratified,CoLA stratified,roberta-base,RoBERTa-base,homo,Homo,20,150,nguyen repo,/homes/neumann/nguyen/fedlora/FederatedLLM/epoch_round_tuning_cola_client_count,0,10,10,67,68,0.5365007161029405,81.30393096836049,"0, 1, 2, 3, 4, 5, 6, 7, 8, 9",4,4,ffa_global_B,,/homes/neumann/nguyen/fedlora/FederatedLLM/epoch_round_tuning_cola_client_count/tuning-ffa-cola_stratified-roberta-base-homo-e20-r150/seed0/10/67/round_config.json
ffa,Nonlinear FFA,cola_stratified,CoLA stratified,roberta-base,RoBERTa-base,homo,Homo,20,150,nguyen repo,/homes/neumann/nguyen/fedlora/FederatedLLM/epoch_round_tuning_cola_client_count,0,10,10,68,69,0.5365007161029405,81.30393096836049,"0, 1, 2, 3, 4, 5, 6, 7, 8, 9",4,4,ffa_global_B,,/homes/neumann/nguyen/fedlora/FederatedLLM/epoch_round_tuning_cola_client_count/tuning-ffa-cola_stratified-roberta-base-homo-e20-r150/seed0/10/68/round_config.json
ffa,Nonlinear FFA,cola_stratified,CoLA stratified,roberta-base,RoBERTa-base,homo,Homo,20,150,nguyen repo,/homes/neumann/nguyen/fedlora/FederatedLLM/epoch_round_tuning_cola_client_count,0,10,10,69,70,0.5338774230813111,81.20805369127517,"0, 1, 2, 3, 4, 5, 6, 7, 8, 9",4,4,ffa_global_B,,/homes/neumann/nguyen/fedlora/FederatedLLM/epoch_round_tuning_cola_client_count/tuning-ffa-cola_stratified-roberta-base-homo-e20-r150/seed0/10/69/round_config.json
ffa,Nonlinear FFA,cola_stratified,CoLA stratified,roberta-base,RoBERTa-base,homo,Homo,20,150,nguyen repo,/homes/neumann/nguyen/fedlora/FederatedLLM/epoch_round_tuning_cola_client_count,0,10,10,70,71,0.5312491014766616,81.11217641418985,"0, 1, 2, 3, 4, 5, 6, 7, 8, 9",4,4,ffa_global_B,,/homes/neumann/nguyen/fedlora/FederatedLLM/epoch_round_tuning_cola_client_count/tuning-ffa-cola_stratified-roberta-base-homo-e20-r150/seed0/10/70/round_config.json
ffa,Nonlinear FFA,cola_stratified,CoLA stratified,roberta-base,RoBERTa-base,homo,Homo,20,150,nguyen repo,/homes/neumann/nguyen/fedlora/FederatedLLM/epoch_round_tuning_cola_client_count,0,10,10,71,72,0.5390693635419077,81.39980824544583,"0, 1, 2, 3, 4, 5, 6, 7, 8, 9",4,4,ffa_global_B,,/homes/neumann/nguyen/fedlora/FederatedLLM/epoch_round_tuning_cola_client_count/tuning-ffa-cola_stratified-roberta-base-homo-e20-r150/seed0/10/71/round_config.json
ffa,Nonlinear FFA,cola_stratified,CoLA stratified,roberta-base,RoBERTa-base,homo,Homo,20,150,nguyen repo,/homes/neumann/nguyen/fedlora/FederatedLLM/epoch_round_tuning_cola_client_count,0,10,10,72,73,0.5365007161029405,81.30393096836049,"0, 1, 2, 3, 4, 5, 6, 7, 8, 9",4,4,ffa_global_B,,/homes/neumann/nguyen/fedlora/FederatedLLM/epoch_round_tuning_cola_client_count/tuning-ffa-cola_stratified-roberta-base-homo-e20-r150/seed0/10/72/round_config.json
ffa,Nonlinear FFA,cola_stratified,CoLA stratified,roberta-base,RoBERTa-base,homo,Homo,20,150,nguyen repo,/homes/neumann/nguyen/fedlora/FederatedLLM/epoch_round_tuning_cola_client_count,0,10,10,73,74,0.5418030911824934,81.49568552253116,"0, 1, 2, 3, 4, 5, 6, 7, 8, 9",4,4,ffa_global_B,,/homes/neumann/nguyen/fedlora/FederatedLLM/epoch_round_tuning_cola_client_count/tuning-ffa-cola_stratified-roberta-base-homo-e20-r150/seed0/10/73/round_config.json
ffa,Nonlinear FFA,cola_stratified,CoLA stratified,roberta-base,RoBERTa-base,homo,Homo,20,150,nguyen repo,/homes/neumann/nguyen/fedlora/FederatedLLM/epoch_round_tuning_cola_client_count,0,10,10,74,75,0.547014428196921,81.68744007670182,"0, 1, 2, 3, 4, 5, 6, 7, 8, 9",4,4,ffa_global_B,,/homes/neumann/nguyen/fedlora/FederatedLLM/epoch_round_tuning_cola_client_count/tuning-ffa-cola_stratified-roberta-base-homo-e20-r150/seed0/10/74/round_config.json
ffa,Nonlinear FFA,cola_stratified,CoLA stratified,roberta-base,RoBERTa-base,homo,Homo,20,150,nguyen repo,/homes/neumann/nguyen/fedlora/FederatedLLM/epoch_round_tuning_cola_client_count,0,10,10,75,76,0.5495443671948597,81.78331735378715,"0, 1, 2, 3, 4, 5, 6, 7, 8, 9",4,4,ffa_global_B,,/homes/neumann/nguyen/fedlora/FederatedLLM/epoch_round_tuning_cola_client_count/tuning-ffa-cola_stratified-roberta-base-homo-e20-r150/seed0/10/75/round_config.json
ffa,Nonlinear FFA,cola_stratified,CoLA stratified,roberta-base,RoBERTa-base,homo,Homo,20,150,nguyen repo,/homes/neumann/nguyen/fedlora/FederatedLLM/epoch_round_tuning_cola_client_count,0,10,10,76,77,0.5468969938757886,81.68744007670182,"0, 1, 2, 3, 4, 5, 6, 7, 8, 9",4,4,ffa_global_B,,/homes/neumann/nguyen/fedlora/FederatedLLM/epoch_round_tuning_cola_client_count/tuning-ffa-cola_stratified-roberta-base-homo-e20-r150/seed0/10/76/round_config.json
ffa,Nonlinear FFA,cola_stratified,CoLA stratified,roberta-base,RoBERTa-base,homo,Homo,20,150,nguyen repo,/homes/neumann/nguyen/fedlora/FederatedLLM/epoch_round_tuning_cola_client_count,0,10,10,77,78,0.5521390429003941,81.87919463087249,"0, 1, 2, 3, 4, 5, 6, 7, 8, 9",4,4,ffa_global_B,,/homes/neumann/nguyen/fedlora/FederatedLLM/epoch_round_tuning_cola_client_count/tuning-ffa-cola_stratified-roberta-base-homo-e20-r150/seed0/10/77/round_config.json
ffa,Nonlinear FFA,cola_stratified,CoLA stratified,roberta-base,RoBERTa-base,homo,Homo,20,150,nguyen repo,/homes/neumann/nguyen/fedlora/FederatedLLM/epoch_round_tuning_cola_client_count,0,10,10,78,79,0.5443411760365089,81.5915627996165,"0, 1, 2, 3, 4, 5, 6, 7, 8, 9",4,4,ffa_global_B,,/homes/neumann/nguyen/fedlora/FederatedLLM/epoch_round_tuning_cola_client_count/tuning-ffa-cola_stratified-roberta-base-homo-e20-r150/seed0/10/78/round_config.json
ffa,Nonlinear FFA,cola_stratified,CoLA stratified,roberta-base,RoBERTa-base,homo,Homo,20,150,nguyen repo,/homes/neumann/nguyen/fedlora/FederatedLLM/epoch_round_tuning_cola_client_count,0,10,10,79,80,0.5337975510473064,81.20805369127517,"0, 1, 2, 3, 4, 5, 6, 7, 8, 9",4,4,ffa_global_B,,/homes/neumann/nguyen/fedlora/FederatedLLM/epoch_round_tuning_cola_client_count/tuning-ffa-cola_stratified-roberta-base-homo-e20-r150/seed0/10/79/round_config.json
ffa,Nonlinear FFA,cola_stratified,CoLA stratified,roberta-base,RoBERTa-base,homo,Homo,20,150,nguyen repo,/homes/neumann/nguyen/fedlora/FederatedLLM/epoch_round_tuning_cola_client_count,0,10,10,80,81,0.5521390429003941,81.87919463087249,"0, 1, 2, 3, 4, 5, 6, 7, 8, 9",4,4,ffa_global_B,,/homes/neumann/nguyen/fedlora/FederatedLLM/epoch_round_tuning_cola_client_count/tuning-ffa-cola_stratified-roberta-base-homo-e20-r150/seed0/10/80/round_config.json
ffa,Nonlinear FFA,cola_stratified,CoLA stratified,roberta-base,RoBERTa-base,homo,Homo,20,150,nguyen repo,/homes/neumann/nguyen/fedlora/FederatedLLM/epoch_round_tuning_cola_client_count,0,10,10,81,82,0.5390693635419077,81.39980824544583,"0, 1, 2, 3, 4, 5, 6, 7, 8, 9",4,4,ffa_global_B,,/homes/neumann/nguyen/fedlora/FederatedLLM/epoch_round_tuning_cola_client_count/tuning-ffa-cola_stratified-roberta-base-homo-e20-r150/seed0/10/81/round_config.json
ffa,Nonlinear FFA,cola_stratified,CoLA stratified,roberta-base,RoBERTa-base,homo,Homo,20,150,nguyen repo,/homes/neumann/nguyen/fedlora/FederatedLLM/epoch_round_tuning_cola_client_count,0,10,10,82,83,0.5390406008281052,81.39980824544583,"0, 1, 2, 3, 4, 5, 6, 7, 8, 9",4,4,ffa_global_B,,/homes/neumann/nguyen/fedlora/FederatedLLM/epoch_round_tuning_cola_client_count/tuning-ffa-cola_stratified-roberta-base-homo-e20-r150/seed0/10/82/round_config.json
ffa,Nonlinear FFA,cola_stratified,CoLA stratified,roberta-base,RoBERTa-base,homo,Homo,20,150,nguyen repo,/homes/neumann/nguyen/fedlora/FederatedLLM/epoch_round_tuning_cola_client_count,0,10,10,83,84,0.533788717644728,81.20805369127517,"0, 1, 2, 3, 4, 5, 6, 7, 8, 9",4,4,ffa_global_B,,/homes/neumann/nguyen/fedlora/FederatedLLM/epoch_round_tuning_cola_client_count/tuning-ffa-cola_stratified-roberta-base-homo-e20-r150/seed0/10/83/round_config.json
ffa,Nonlinear FFA,cola_stratified,CoLA stratified,roberta-base,RoBERTa-base,homo,Homo,20,150,nguyen repo,/homes/neumann/nguyen/fedlora/FederatedLLM/epoch_round_tuning_cola_client_count,0,10,10,84,85,0.5364214937932232,81.30393096836049,"0, 1, 2, 3, 4, 5, 6, 7, 8, 9",4,4,ffa_global_B,,/homes/neumann/nguyen/fedlora/FederatedLLM/epoch_round_tuning_cola_client_count/tuning-ffa-cola_stratified-roberta-base-homo-e20-r150/seed0/10/84/round_config.json
ffa,Nonlinear FFA,cola_stratified,CoLA stratified,roberta-base,RoBERTa-base,homo,Homo,20,150,nguyen repo,/homes/neumann/nguyen/fedlora/FederatedLLM/epoch_round_tuning_cola_client_count,0,10,10,85,86,0.5443411760365089,81.5915627996165,"0, 1, 2, 3, 4, 5, 6, 7, 8, 9",4,4,ffa_global_B,,/homes/neumann/nguyen/fedlora/FederatedLLM/epoch_round_tuning_cola_client_count/tuning-ffa-cola_stratified-roberta-base-homo-e20-r150/seed0/10/85/round_config.json
ffa,Nonlinear FFA,cola_stratified,CoLA stratified,roberta-base,RoBERTa-base,homo,Homo,20,150,nguyen repo,/homes/neumann/nguyen/fedlora/FederatedLLM/epoch_round_tuning_cola_client_count,0,10,10,86,87,0.5285368344613508,81.01629913710451,"0, 1, 2, 3, 4, 5, 6, 7, 8, 9",4,4,ffa_global_B,,/homes/neumann/nguyen/fedlora/FederatedLLM/epoch_round_tuning_cola_client_count/tuning-ffa-cola_stratified-roberta-base-homo-e20-r150/seed0/10/86/round_config.json
ffa,Nonlinear FFA,cola_stratified,CoLA stratified,roberta-base,RoBERTa-base,homo,Homo,20,150,nguyen repo,/homes/neumann/nguyen/fedlora/FederatedLLM/epoch_round_tuning_cola_client_count,0,10,10,87,88,0.5311596898053897,81.11217641418985,"0, 1, 2, 3, 4, 5, 6, 7, 8, 9",4,4,ffa_global_B,,/homes/neumann/nguyen/fedlora/FederatedLLM/epoch_round_tuning_cola_client_count/tuning-ffa-cola_stratified-roberta-base-homo-e20-r150/seed0/10/87/round_config.json
ffa,Nonlinear FFA,cola_stratified,CoLA stratified,roberta-base,RoBERTa-base,homo,Homo,20,150,nguyen repo,/homes/neumann/nguyen/fedlora/FederatedLLM/epoch_round_tuning_cola_client_count,0,10,10,88,89,0.5390322970786539,81.39980824544583,"0, 1, 2, 3, 4, 5, 6, 7, 8, 9",4,4,ffa_global_B,,/homes/neumann/nguyen/fedlora/FederatedLLM/epoch_round_tuning_cola_client_count/tuning-ffa-cola_stratified-roberta-base-homo-e20-r150/seed0/10/88/round_config.json
ffa,Nonlinear FFA,cola_stratified,CoLA stratified,roberta-base,RoBERTa-base,homo,Homo,20,150,nguyen repo,/homes/neumann/nguyen/fedlora/FederatedLLM/epoch_round_tuning_cola_client_count,0,10,10,89,90,0.5285676961321106,81.01629913710451,"0, 1, 2, 3, 4, 5, 6, 7, 8, 9",4,4,ffa_global_B,,/homes/neumann/nguyen/fedlora/FederatedLLM/epoch_round_tuning_cola_client_count/tuning-ffa-cola_stratified-roberta-base-homo-e20-r150/seed0/10/89/round_config.json
ffa,Nonlinear FFA,cola_stratified,CoLA stratified,roberta-base,RoBERTa-base,homo,Homo,20,150,nguyen repo,/homes/neumann/nguyen/fedlora/FederatedLLM/epoch_round_tuning_cola_client_count,0,10,10,90,91,0.5259287977773666,80.92042186001918,"0, 1, 2, 3, 4, 5, 6, 7, 8, 9",4,4,ffa_global_B,,/homes/neumann/nguyen/fedlora/FederatedLLM/epoch_round_tuning_cola_client_count/tuning-ffa-cola_stratified-roberta-base-homo-e20-r150/seed0/10/90/round_config.json
ffa,Nonlinear FFA,cola_stratified,CoLA stratified,roberta-base,RoBERTa-base,homo,Homo,20,150,nguyen repo,/homes/neumann/nguyen/fedlora/FederatedLLM/epoch_round_tuning_cola_client_count,0,10,10,91,92,0.5311708468019721,81.11217641418985,"0, 1, 2, 3, 4, 5, 6, 7, 8, 9",4,4,ffa_global_B,,/homes/neumann/nguyen/fedlora/FederatedLLM/epoch_round_tuning_cola_client_count/tuning-ffa-cola_stratified-roberta-base-homo-e20-r150/seed0/10/91/round_config.json
ffa,Nonlinear FFA,cola_stratified,CoLA stratified,roberta-base,RoBERTa-base,homo,Homo,20,150,nguyen repo,/homes/neumann/nguyen/fedlora/FederatedLLM/epoch_round_tuning_cola_client_count,0,10,10,92,93,0.5259790835948196,80.92042186001918,"0, 1, 2, 3, 4, 5, 6, 7, 8, 9",4,4,ffa_global_B,,/homes/neumann/nguyen/fedlora/FederatedLLM/epoch_round_tuning_cola_client_count/tuning-ffa-cola_stratified-roberta-base-homo-e20-r150/seed0/10/92/round_config.json
ffa,Nonlinear FFA,cola_stratified,CoLA stratified,roberta-base,RoBERTa-base,homo,Homo,20,150,nguyen repo,/homes/neumann/nguyen/fedlora/FederatedLLM/epoch_round_tuning_cola_client_count,0,10,10,93,94,0.5312017201039245,81.11217641418985,"0, 1, 2, 3, 4, 5, 6, 7, 8, 9",4,4,ffa_global_B,,/homes/neumann/nguyen/fedlora/FederatedLLM/epoch_round_tuning_cola_client_count/tuning-ffa-cola_stratified-roberta-base-homo-e20-r150/seed0/10/93/round_config.json
ffa,Nonlinear FFA,cola_stratified,CoLA stratified,roberta-base,RoBERTa-base,homo,Homo,20,150,nguyen repo,/homes/neumann/nguyen/fedlora/FederatedLLM/epoch_round_tuning_cola_client_count,0,10,10,94,95,0.5207564470857148,80.72866730584852,"0, 1, 2, 3, 4, 5, 6, 7, 8, 9",4,4,ffa_global_B,,/homes/neumann/nguyen/fedlora/FederatedLLM/epoch_round_tuning_cola_client_count/tuning-ffa-cola_stratified-roberta-base-homo-e20-r150/seed0/10/94/round_config.json
ffa,Nonlinear FFA,cola_stratified,CoLA stratified,roberta-base,RoBERTa-base,homo,Homo,20,150,nguyen repo,/homes/neumann/nguyen/fedlora/FederatedLLM/epoch_round_tuning_cola_client_count,0,10,10,95,96,0.5338309424338816,81.20805369127517,"0, 1, 2, 3, 4, 5, 6, 7, 8, 9",4,4,ffa_global_B,,/homes/neumann/nguyen/fedlora/FederatedLLM/epoch_round_tuning_cola_client_count/tuning-ffa-cola_stratified-roberta-base-homo-e20-r150/seed0/10/95/round_config.json
ffa,Nonlinear FFA,cola_stratified,CoLA stratified,roberta-base,RoBERTa-base,homo,Homo,20,150,nguyen repo,/homes/neumann/nguyen/fedlora/FederatedLLM/epoch_round_tuning_cola_client_count,0,10,10,96,97,0.523335395658839,80.82454458293384,"0, 1, 2, 3, 4, 5, 6, 7, 8, 9",4,4,ffa_global_B,,/homes/neumann/nguyen/fedlora/FederatedLLM/epoch_round_tuning_cola_client_count/tuning-ffa-cola_stratified-roberta-base-homo-e20-r150/seed0/10/96/round_config.json
ffa,Nonlinear FFA,cola_stratified,CoLA stratified,roberta-base,RoBERTa-base,homo,Homo,20,150,nguyen repo,/homes/neumann/nguyen/fedlora/FederatedLLM/epoch_round_tuning_cola_client_count,0,10,10,97,98,0.5259287977773666,80.92042186001918,"0, 1, 2, 3, 4, 5, 6, 7, 8, 9",4,4,ffa_global_B,,/homes/neumann/nguyen/fedlora/FederatedLLM/epoch_round_tuning_cola_client_count/tuning-ffa-cola_stratified-roberta-base-homo-e20-r150/seed0/10/97/round_config.json
ffa,Nonlinear FFA,cola_stratified,CoLA stratified,roberta-base,RoBERTa-base,homo,Homo,20,150,nguyen repo,/homes/neumann/nguyen/fedlora/FederatedLLM/epoch_round_tuning_cola_client_count,0,10,10,98,99,0.5286178863044644,81.01629913710451,"0, 1, 2, 3, 4, 5, 6, 7, 8, 9",4,4,ffa_global_B,,/homes/neumann/nguyen/fedlora/FederatedLLM/epoch_round_tuning_cola_client_count/tuning-ffa-cola_stratified-roberta-base-homo-e20-r150/seed0/10/98/round_config.json
ffa,Nonlinear FFA,cola_stratified,CoLA stratified,roberta-base,RoBERTa-base,homo,Homo,20,150,nguyen repo,/homes/neumann/nguyen/fedlora/FederatedLLM/epoch_round_tuning_cola_client_count,0,10,10,99,100,0.5259790835948196,80.92042186001918,"0, 1, 2, 3, 4, 5, 6, 7, 8, 9",4,4,ffa_global_B,,/homes/neumann/nguyen/fedlora/FederatedLLM/epoch_round_tuning_cola_client_count/tuning-ffa-cola_stratified-roberta-base-homo-e20-r150/seed0/10/99/round_config.json
ffa,Nonlinear FFA,cola_stratified,CoLA stratified,roberta-base,RoBERTa-base,homo,Homo,20,150,nguyen repo,/homes/neumann/nguyen/fedlora/FederatedLLM/epoch_round_tuning_cola_client_count,0,10,10,100,101,0.5259790835948196,80.92042186001918,"0, 1, 2, 3, 4, 5, 6, 7, 8, 9",4,4,ffa_global_B,,/homes/neumann/nguyen/fedlora/FederatedLLM/epoch_round_tuning_cola_client_count/tuning-ffa-cola_stratified-roberta-base-homo-e20-r150/seed0/10/100/round_config.json
ffa,Nonlinear FFA,cola_stratified,CoLA stratified,roberta-base,RoBERTa-base,homo,Homo,20,150,nguyen repo,/homes/neumann/nguyen/fedlora/FederatedLLM/epoch_round_tuning_cola_client_count,0,10,10,101,102,0.5234048301750471,80.82454458293384,"0, 1, 2, 3, 4, 5, 6, 7, 8, 9",4,4,ffa_global_B,,/homes/neumann/nguyen/fedlora/FederatedLLM/epoch_round_tuning_cola_client_count/tuning-ffa-cola_stratified-roberta-base-homo-e20-r150/seed0/10/101/round_config.json
ffa,Nonlinear FFA,cola_stratified,CoLA stratified,roberta-base,RoBERTa-base,homo,Homo,20,150,nguyen repo,/homes/neumann/nguyen/fedlora/FederatedLLM/epoch_round_tuning_cola_client_count,0,10,10,102,103,0.5206867487527611,80.72866730584852,"0, 1, 2, 3, 4, 5, 6, 7, 8, 9",4,4,ffa_global_B,,/homes/neumann/nguyen/fedlora/FederatedLLM/epoch_round_tuning_cola_client_count/tuning-ffa-cola_stratified-roberta-base-homo-e20-r150/seed0/10/102/round_config.json
ffa,Nonlinear FFA,cola_stratified,CoLA stratified,roberta-base,RoBERTa-base,homo,Homo,20,150,nguyen repo,/homes/neumann/nguyen/fedlora/FederatedLLM/epoch_round_tuning_cola_client_count,0,10,10,103,104,0.5286178863044644,81.01629913710451,"0, 1, 2, 3, 4, 5, 6, 7, 8, 9",4,4,ffa_global_B,,/homes/neumann/nguyen/fedlora/FederatedLLM/epoch_round_tuning_cola_client_count/tuning-ffa-cola_stratified-roberta-base-homo-e20-r150/seed0/10/103/round_config.json
ffa,Nonlinear FFA,cola_stratified,CoLA stratified,roberta-base,RoBERTa-base,homo,Homo,20,150,nguyen repo,/homes/neumann/nguyen/fedlora/FederatedLLM/epoch_round_tuning_cola_client_count,0,10,10,104,105,0.5207564470857148,80.72866730584852,"0, 1, 2, 3, 4, 5, 6, 7, 8, 9",4,4,ffa_global_B,,/homes/neumann/nguyen/fedlora/FederatedLLM/epoch_round_tuning_cola_client_count/tuning-ffa-cola_stratified-roberta-base-homo-e20-r150/seed0/10/104/round_config.json
ffa,Nonlinear FFA,cola_stratified,CoLA stratified,roberta-base,RoBERTa-base,homo,Homo,20,150,nguyen repo,/homes/neumann/nguyen/fedlora/FederatedLLM/epoch_round_tuning_cola_client_count,0,10,10,105,106,0.5337999966053822,81.20805369127517,"0, 1, 2, 3, 4, 5, 6, 7, 8, 9",4,4,ffa_global_B,,/homes/neumann/nguyen/fedlora/FederatedLLM/epoch_round_tuning_cola_client_count/tuning-ffa-cola_stratified-roberta-base-homo-e20-r150/seed0/10/105/round_config.json
ffa,Nonlinear FFA,cola_stratified,CoLA stratified,roberta-base,RoBERTa-base,homo,Homo,20,150,nguyen repo,/homes/neumann/nguyen/fedlora/FederatedLLM/epoch_round_tuning_cola_client_count,0,10,10,106,107,0.5260483181662633,80.92042186001918,"0, 1, 2, 3, 4, 5, 6, 7, 8, 9",4,4,ffa_global_B,,/homes/neumann/nguyen/fedlora/FederatedLLM/epoch_round_tuning_cola_client_count/tuning-ffa-cola_stratified-roberta-base-homo-e20-r150/seed0/10/106/round_config.json
ffa,Nonlinear FFA,cola_stratified,CoLA stratified,roberta-base,RoBERTa-base,homo,Homo,20,150,nguyen repo,/homes/neumann/nguyen/fedlora/FederatedLLM/epoch_round_tuning_cola_client_count,0,10,10,107,108,0.5181917740456299,80.63279002876318,"0, 1, 2, 3, 4, 5, 6, 7, 8, 9",4,4,ffa_global_B,,/homes/neumann/nguyen/fedlora/FederatedLLM/epoch_round_tuning_cola_client_count/tuning-ffa-cola_stratified-roberta-base-homo-e20-r150/seed0/10/107/round_config.json
ffa,Nonlinear FFA,cola_stratified,CoLA stratified,roberta-base,RoBERTa-base,homo,Homo,20,150,nguyen repo,/homes/neumann/nguyen/fedlora/FederatedLLM/epoch_round_tuning_cola_client_count,0,10,10,108,109,0.5259790835948196,80.92042186001918,"0, 1, 2, 3, 4, 5, 6, 7, 8, 9",4,4,ffa_global_B,,/homes/neumann/nguyen/fedlora/FederatedLLM/epoch_round_tuning_cola_client_count/tuning-ffa-cola_stratified-roberta-base-homo-e20-r150/seed0/10/108/round_config.json
ffa,Nonlinear FFA,cola_stratified,CoLA stratified,roberta-base,RoBERTa-base,homo,Homo,20,150,nguyen repo,/homes/neumann/nguyen/fedlora/FederatedLLM/epoch_round_tuning_cola_client_count,0,10,10,109,110,0.5260483181662633,80.92042186001918,"0, 1, 2, 3, 4, 5, 6, 7, 8, 9",4,4,ffa_global_B,,/homes/neumann/nguyen/fedlora/FederatedLLM/epoch_round_tuning_cola_client_count/tuning-ffa-cola_stratified-roberta-base-homo-e20-r150/seed0/10/109/round_config.json
ffa,Nonlinear FFA,cola_stratified,CoLA stratified,roberta-base,RoBERTa-base,homo,Homo,20,150,nguyen repo,/homes/neumann/nguyen/fedlora/FederatedLLM/epoch_round_tuning_cola_client_count,0,10,10,110,111,0.5208447598175431,80.72866730584852,"0, 1, 2, 3, 4, 5, 6, 7, 8, 9",4,4,ffa_global_B,,/homes/neumann/nguyen/fedlora/FederatedLLM/epoch_round_tuning_cola_client_count/tuning-ffa-cola_stratified-roberta-base-homo-e20-r150/seed0/10/110/round_config.json
ffa,Nonlinear FFA,cola_stratified,CoLA stratified,roberta-base,RoBERTa-base,homo,Homo,20,150,nguyen repo,/homes/neumann/nguyen/fedlora/FederatedLLM/epoch_round_tuning_cola_client_count,0,10,10,111,112,0.5286178863044644,81.01629913710451,"0, 1, 2, 3, 4, 5, 6, 7, 8, 9",4,4,ffa_global_B,,/homes/neumann/nguyen/fedlora/FederatedLLM/epoch_round_tuning_cola_client_count/tuning-ffa-cola_stratified-roberta-base-homo-e20-r150/seed0/10/111/round_config.json
ffa,Nonlinear FFA,cola_stratified,CoLA stratified,roberta-base,RoBERTa-base,homo,Homo,20,150,nguyen repo,/homes/neumann/nguyen/fedlora/FederatedLLM/epoch_round_tuning_cola_client_count,0,10,10,112,113,0.5312518765149835,81.11217641418985,"0, 1, 2, 3, 4, 5, 6, 7, 8, 9",4,4,ffa_global_B,,/homes/neumann/nguyen/fedlora/FederatedLLM/epoch_round_tuning_cola_client_count/tuning-ffa-cola_stratified-roberta-base-homo-e20-r150/seed0/10/112/round_config.json
ffa,Nonlinear FFA,cola_stratified,CoLA stratified,roberta-base,RoBERTa-base,homo,Homo,20,150,nguyen repo,/homes/neumann/nguyen/fedlora/FederatedLLM/epoch_round_tuning_cola_client_count,0,10,10,113,114,0.5286178863044644,81.01629913710451,"0, 1, 2, 3, 4, 5, 6, 7, 8, 9",4,4,ffa_global_B,,/homes/neumann/nguyen/fedlora/FederatedLLM/epoch_round_tuning_cola_client_count/tuning-ffa-cola_stratified-roberta-base-homo-e20-r150/seed0/10/113/round_config.json
ffa,Nonlinear FFA,cola_stratified,CoLA stratified,roberta-base,RoBERTa-base,homo,Homo,20,150,nguyen repo,/homes/neumann/nguyen/fedlora/FederatedLLM/epoch_round_tuning_cola_client_count,0,10,10,114,115,0.5259287977773666,80.92042186001918,"0, 1, 2, 3, 4, 5, 6, 7, 8, 9",4,4,ffa_global_B,,/homes/neumann/nguyen/fedlora/FederatedLLM/epoch_round_tuning_cola_client_count/tuning-ffa-cola_stratified-roberta-base-homo-e20-r150/seed0/10/114/round_config.json
ffa,Nonlinear FFA,cola_stratified,CoLA stratified,roberta-base,RoBERTa-base,homo,Homo,20,150,nguyen repo,/homes/neumann/nguyen/fedlora/FederatedLLM/epoch_round_tuning_cola_client_count,0,10,10,115,116,0.5206867487527611,80.72866730584852,"0, 1, 2, 3, 4, 5, 6, 7, 8, 9",4,4,ffa_global_B,,/homes/neumann/nguyen/fedlora/FederatedLLM/epoch_round_tuning_cola_client_count/tuning-ffa-cola_stratified-roberta-base-homo-e20-r150/seed0/10/115/round_config.json
ffa,Nonlinear FFA,cola_stratified,CoLA stratified,roberta-base,RoBERTa-base,homo,Homo,20,150,nguyen repo,/homes/neumann/nguyen/fedlora/FederatedLLM/epoch_round_tuning_cola_client_count,0,10,10,116,117,0.5258978858175564,80.92042186001918,"0, 1, 2, 3, 4, 5, 6, 7, 8, 9",4,4,ffa_global_B,,/homes/neumann/nguyen/fedlora/FederatedLLM/epoch_round_tuning_cola_client_count/tuning-ffa-cola_stratified-roberta-base-homo-e20-r150/seed0/10/116/round_config.json
ffa,Nonlinear FFA,cola_stratified,CoLA stratified,roberta-base,RoBERTa-base,homo,Homo,20,150,nguyen repo,/homes/neumann/nguyen/fedlora/FederatedLLM/epoch_round_tuning_cola_client_count,0,10,10,117,118,0.5312518765149835,81.11217641418985,"0, 1, 2, 3, 4, 5, 6, 7, 8, 9",4,4,ffa_global_B,,/homes/neumann/nguyen/fedlora/FederatedLLM/epoch_round_tuning_cola_client_count/tuning-ffa-cola_stratified-roberta-base-homo-e20-r150/seed0/10/117/round_config.json
ffa,Nonlinear FFA,cola_stratified,CoLA stratified,roberta-base,RoBERTa-base,homo,Homo,20,150,nguyen repo,/homes/neumann/nguyen/fedlora/FederatedLLM/epoch_round_tuning_cola_client_count,0,10,10,118,119,0.5260483181662633,80.92042186001918,"0, 1, 2, 3, 4, 5, 6, 7, 8, 9",4,4,ffa_global_B,,/homes/neumann/nguyen/fedlora/FederatedLLM/epoch_round_tuning_cola_client_count/tuning-ffa-cola_stratified-roberta-base-homo-e20-r150/seed0/10/118/round_config.json
ffa,Nonlinear FFA,cola_stratified,CoLA stratified,roberta-base,RoBERTa-base,homo,Homo,20,150,nguyen repo,/homes/neumann/nguyen/fedlora/FederatedLLM/epoch_round_tuning_cola_client_count,0,10,10,119,120,0.5285676961321106,81.01629913710451,"0, 1, 2, 3, 4, 5, 6, 7, 8, 9",4,4,ffa_global_B,,/homes/neumann/nguyen/fedlora/FederatedLLM/epoch_round_tuning_cola_client_count/tuning-ffa-cola_stratified-roberta-base-homo-e20-r150/seed0/10/119/round_config.json
ffa,Nonlinear FFA,cola_stratified,CoLA stratified,roberta-base,RoBERTa-base,homo,Homo,20,150,nguyen repo,/homes/neumann/nguyen/fedlora/FederatedLLM/epoch_round_tuning_cola_client_count,0,10,10,120,121,0.5259790835948196,80.92042186001918,"0, 1, 2, 3, 4, 5, 6, 7, 8, 9",4,4,ffa_global_B,,/homes/neumann/nguyen/fedlora/FederatedLLM/epoch_round_tuning_cola_client_count/tuning-ffa-cola_stratified-roberta-base-homo-e20-r150/seed0/10/120/round_config.json
ffa,Nonlinear FFA,cola_stratified,CoLA stratified,roberta-base,RoBERTa-base,homo,Homo,20,150,nguyen repo,/homes/neumann/nguyen/fedlora/FederatedLLM/epoch_round_tuning_cola_client_count,0,10,10,121,122,0.5364128958265776,81.30393096836049,"0, 1, 2, 3, 4, 5, 6, 7, 8, 9",4,4,ffa_global_B,,/homes/neumann/nguyen/fedlora/FederatedLLM/epoch_round_tuning_cola_client_count/tuning-ffa-cola_stratified-roberta-base-homo-e20-r150/seed0/10/121/round_config.json
ffa,Nonlinear FFA,cola_stratified,CoLA stratified,roberta-base,RoBERTa-base,homo,Homo,20,150,nguyen repo,/homes/neumann/nguyen/fedlora/FederatedLLM/epoch_round_tuning_cola_client_count,0,10,10,122,123,0.5259790835948196,80.92042186001918,"0, 1, 2, 3, 4, 5, 6, 7, 8, 9",4,4,ffa_global_B,,/homes/neumann/nguyen/fedlora/FederatedLLM/epoch_round_tuning_cola_client_count/tuning-ffa-cola_stratified-roberta-base-homo-e20-r150/seed0/10/122/round_config.json
ffa,Nonlinear FFA,cola_stratified,CoLA stratified,roberta-base,RoBERTa-base,homo,Homo,20,150,nguyen repo,/homes/neumann/nguyen/fedlora/FederatedLLM/epoch_round_tuning_cola_client_count,0,10,10,123,124,0.5207564470857148,80.72866730584852,"0, 1, 2, 3, 4, 5, 6, 7, 8, 9",4,4,ffa_global_B,,/homes/neumann/nguyen/fedlora/FederatedLLM/epoch_round_tuning_cola_client_count/tuning-ffa-cola_stratified-roberta-base-homo-e20-r150/seed0/10/123/round_config.json
ffa,Nonlinear FFA,cola_stratified,CoLA stratified,roberta-base,RoBERTa-base,homo,Homo,20,150,nguyen repo,/homes/neumann/nguyen/fedlora/FederatedLLM/epoch_round_tuning_cola_client_count,0,10,10,124,125,0.5338309424338816,81.20805369127517,"0, 1, 2, 3, 4, 5, 6, 7, 8, 9",4,4,ffa_global_B,,/homes/neumann/nguyen/fedlora/FederatedLLM/epoch_round_tuning_cola_client_count/tuning-ffa-cola_stratified-roberta-base-homo-e20-r150/seed0/10/124/round_config.json
ffa,Nonlinear FFA,cola_stratified,CoLA stratified,roberta-base,RoBERTa-base,homo,Homo,20,150,nguyen repo,/homes/neumann/nguyen/fedlora/FederatedLLM/epoch_round_tuning_cola_client_count,0,10,10,125,126,0.5259287977773666,80.92042186001918,"0, 1, 2, 3, 4, 5, 6, 7, 8, 9",4,4,ffa_global_B,,/homes/neumann/nguyen/fedlora/FederatedLLM/epoch_round_tuning_cola_client_count/tuning-ffa-cola_stratified-roberta-base-homo-e20-r150/seed0/10/125/round_config.json
ffa,Nonlinear FFA,cola_stratified,CoLA stratified,roberta-base,RoBERTa-base,homo,Homo,20,150,nguyen repo,/homes/neumann/nguyen/fedlora/FederatedLLM/epoch_round_tuning_cola_client_count,0,10,10,126,127,0.5259790835948196,80.92042186001918,"0, 1, 2, 3, 4, 5, 6, 7, 8, 9",4,4,ffa_global_B,,/homes/neumann/nguyen/fedlora/FederatedLLM/epoch_round_tuning_cola_client_count/tuning-ffa-cola_stratified-roberta-base-homo-e20-r150/seed0/10/126/round_config.json
ffa,Nonlinear FFA,cola_stratified,CoLA stratified,roberta-base,RoBERTa-base,homo,Homo,20,150,nguyen repo,/homes/neumann/nguyen/fedlora/FederatedLLM/epoch_round_tuning_cola_client_count,0,10,10,127,128,0.5364554348637038,81.30393096836049,"0, 1, 2, 3, 4, 5, 6, 7, 8, 9",4,4,ffa_global_B,,/homes/neumann/nguyen/fedlora/FederatedLLM/epoch_round_tuning_cola_client_count/tuning-ffa-cola_stratified-roberta-base-homo-e20-r150/seed0/10/127/round_config.json
ffa,Nonlinear FFA,cola_stratified,CoLA stratified,roberta-base,RoBERTa-base,homo,Homo,20,150,nguyen repo,/homes/neumann/nguyen/fedlora/FederatedLLM/epoch_round_tuning_cola_client_count,0,10,10,128,129,0.5391948418977317,81.39980824544583,"0, 1, 2, 3, 4, 5, 6, 7, 8, 9",4,4,ffa_global_B,,/homes/neumann/nguyen/fedlora/FederatedLLM/epoch_round_tuning_cola_client_count/tuning-ffa-cola_stratified-roberta-base-homo-e20-r150/seed0/10/128/round_config.json
ffa,Nonlinear FFA,cola_stratified,CoLA stratified,roberta-base,RoBERTa-base,homo,Homo,20,150,nguyen repo,/homes/neumann/nguyen/fedlora/FederatedLLM/epoch_round_tuning_cola_client_count,0,10,10,129,130,0.5259790835948196,80.92042186001918,"0, 1, 2, 3, 4, 5, 6, 7, 8, 9",4,4,ffa_global_B,,/homes/neumann/nguyen/fedlora/FederatedLLM/epoch_round_tuning_cola_client_count/tuning-ffa-cola_stratified-roberta-base-homo-e20-r150/seed0/10/129/round_config.json
ffa,Nonlinear FFA,cola_stratified,CoLA stratified,roberta-base,RoBERTa-base,homo,Homo,20,150,nguyen repo,/homes/neumann/nguyen/fedlora/FederatedLLM/epoch_round_tuning_cola_client_count,0,10,10,130,131,0.5338309424338816,81.20805369127517,"0, 1, 2, 3, 4, 5, 6, 7, 8, 9",4,4,ffa_global_B,,/homes/neumann/nguyen/fedlora/FederatedLLM/epoch_round_tuning_cola_client_count/tuning-ffa-cola_stratified-roberta-base-homo-e20-r150/seed0/10/130/round_config.json
ffa,Nonlinear FFA,cola_stratified,CoLA stratified,roberta-base,RoBERTa-base,homo,Homo,20,150,nguyen repo,/homes/neumann/nguyen/fedlora/FederatedLLM/epoch_round_tuning_cola_client_count,0,10,10,131,132,0.5390752681565225,81.39980824544583,"0, 1, 2, 3, 4, 5, 6, 7, 8, 9",4,4,ffa_global_B,,/homes/neumann/nguyen/fedlora/FederatedLLM/epoch_round_tuning_cola_client_count/tuning-ffa-cola_stratified-roberta-base-homo-e20-r150/seed0/10/131/round_config.json
ffa,Nonlinear FFA,cola_stratified,CoLA stratified,roberta-base,RoBERTa-base,homo,Homo,20,150,nguyen repo,/homes/neumann/nguyen/fedlora/FederatedLLM/epoch_round_tuning_cola_client_count,0,10,10,132,133,0.5260483181662633,80.92042186001918,"0, 1, 2, 3, 4, 5, 6, 7, 8, 9",4,4,ffa_global_B,,/homes/neumann/nguyen/fedlora/FederatedLLM/epoch_round_tuning_cola_client_count/tuning-ffa-cola_stratified-roberta-base-homo-e20-r150/seed0/10/132/round_config.json
ffa,Nonlinear FFA,cola_stratified,CoLA stratified,roberta-base,RoBERTa-base,homo,Homo,20,150,nguyen repo,/homes/neumann/nguyen/fedlora/FederatedLLM/epoch_round_tuning_cola_client_count,0,10,10,133,134,0.5390439985632989,81.39980824544583,"0, 1, 2, 3, 4, 5, 6, 7, 8, 9",4,4,ffa_global_B,,/homes/neumann/nguyen/fedlora/FederatedLLM/epoch_round_tuning_cola_client_count/tuning-ffa-cola_stratified-roberta-base-homo-e20-r150/seed0/10/133/round_config.json
ffa,Nonlinear FFA,cola_stratified,CoLA stratified,roberta-base,RoBERTa-base,homo,Homo,20,150,nguyen repo,/homes/neumann/nguyen/fedlora/FederatedLLM/epoch_round_tuning_cola_client_count,0,10,10,134,135,0.5468753188432375,81.68744007670182,"0, 1, 2, 3, 4, 5, 6, 7, 8, 9",4,4,ffa_global_B,,/homes/neumann/nguyen/fedlora/FederatedLLM/epoch_round_tuning_cola_client_count/tuning-ffa-cola_stratified-roberta-base-homo-e20-r150/seed0/10/134/round_config.json
ffa,Nonlinear FFA,cola_stratified,CoLA stratified,roberta-base,RoBERTa-base,homo,Homo,20,150,nguyen repo,/homes/neumann/nguyen/fedlora/FederatedLLM/epoch_round_tuning_cola_client_count,0,10,10,135,136,0.5494701108221334,81.78331735378715,"0, 1, 2, 3, 4, 5, 6, 7, 8, 9",4,4,ffa_global_B,,/homes/neumann/nguyen/fedlora/FederatedLLM/epoch_round_tuning_cola_client_count/tuning-ffa-cola_stratified-roberta-base-homo-e20-r150/seed0/10/135/round_config.json
ffa,Nonlinear FFA,cola_stratified,CoLA stratified,roberta-base,RoBERTa-base,homo,Homo,20,150,nguyen repo,/homes/neumann/nguyen/fedlora/FederatedLLM/epoch_round_tuning_cola_client_count,0,10,10,136,137,0.5364554348637038,81.30393096836049,"0, 1, 2, 3, 4, 5, 6, 7, 8, 9",4,4,ffa_global_B,,/homes/neumann/nguyen/fedlora/FederatedLLM/epoch_round_tuning_cola_client_count/tuning-ffa-cola_stratified-roberta-base-homo-e20-r150/seed0/10/136/round_config.json
ffa,Nonlinear FFA,cola_stratified,CoLA stratified,roberta-base,RoBERTa-base,homo,Homo,20,150,nguyen repo,/homes/neumann/nguyen/fedlora/FederatedLLM/epoch_round_tuning_cola_client_count,0,10,10,137,138,0.5416469931221344,81.49568552253116,"0, 1, 2, 3, 4, 5, 6, 7, 8, 9",4,4,ffa_global_B,,/homes/neumann/nguyen/fedlora/FederatedLLM/epoch_round_tuning_cola_client_count/tuning-ffa-cola_stratified-roberta-base-homo-e20-r150/seed0/10/137/round_config.json
ffa,Nonlinear FFA,cola_stratified,CoLA stratified,roberta-base,RoBERTa-base,homo,Homo,20,150,nguyen repo,/homes/neumann/nguyen/fedlora/FederatedLLM/epoch_round_tuning_cola_client_count,0,10,10,138,139,0.5391256846157523,81.39980824544583,"0, 1, 2, 3, 4, 5, 6, 7, 8, 9",4,4,ffa_global_B,,/homes/neumann/nguyen/fedlora/FederatedLLM/epoch_round_tuning_cola_client_count/tuning-ffa-cola_stratified-roberta-base-homo-e20-r150/seed0/10/138/round_config.json
ffa,Nonlinear FFA,cola_stratified,CoLA stratified,roberta-base,RoBERTa-base,homo,Homo,20,150,nguyen repo,/homes/neumann/nguyen/fedlora/FederatedLLM/epoch_round_tuning_cola_client_count,0,10,10,139,140,0.53388112595817,81.20805369127517,"0, 1, 2, 3, 4, 5, 6, 7, 8, 9",4,4,ffa_global_B,,/homes/neumann/nguyen/fedlora/FederatedLLM/epoch_round_tuning_cola_client_count/tuning-ffa-cola_stratified-roberta-base-homo-e20-r150/seed0/10/139/round_config.json
ffa,Nonlinear FFA,cola_stratified,CoLA stratified,roberta-base,RoBERTa-base,homo,Homo,20,150,nguyen repo,/homes/neumann/nguyen/fedlora/FederatedLLM/epoch_round_tuning_cola_client_count,0,20,20,0,1,0.0,69.12751677852349,"0, 1, 2, 3, 4, 5, 6, 7, 8, 9, 10, 11, 12, 13, 14, 15, 16, 17, 18, 19",4,4,ffa_global_B,,/homes/neumann/nguyen/fedlora/FederatedLLM/epoch_round_tuning_cola_client_count/tuning-ffa-cola_stratified-roberta-base-homo-e20-r150/seed0/20/0/round_config.json
ffa,Nonlinear FFA,cola_stratified,CoLA stratified,roberta-base,RoBERTa-base,homo,Homo,20,150,nguyen repo,/homes/neumann/nguyen/fedlora/FederatedLLM/epoch_round_tuning_cola_client_count,0,20,20,1,2,0.23558621884595085,71.81208053691275,"0, 1, 2, 3, 4, 5, 6, 7, 8, 9, 10, 11, 12, 13, 14, 15, 16, 17, 18, 19",4,4,ffa_global_B,,/homes/neumann/nguyen/fedlora/FederatedLLM/epoch_round_tuning_cola_client_count/tuning-ffa-cola_stratified-roberta-base-homo-e20-r150/seed0/20/1/round_config.json
ffa,Nonlinear FFA,cola_stratified,CoLA stratified,roberta-base,RoBERTa-base,homo,Homo,20,150,nguyen repo,/homes/neumann/nguyen/fedlora/FederatedLLM/epoch_round_tuning_cola_client_count,0,20,20,2,3,0.3353914849277504,74.49664429530202,"0, 1, 2, 3, 4, 5, 6, 7, 8, 9, 10, 11, 12, 13, 14, 15, 16, 17, 18, 19",4,4,ffa_global_B,,/homes/neumann/nguyen/fedlora/FederatedLLM/epoch_round_tuning_cola_client_count/tuning-ffa-cola_stratified-roberta-base-homo-e20-r150/seed0/20/2/round_config.json
ffa,Nonlinear FFA,cola_stratified,CoLA stratified,roberta-base,RoBERTa-base,homo,Homo,20,150,nguyen repo,/homes/neumann/nguyen/fedlora/FederatedLLM/epoch_round_tuning_cola_client_count,0,20,20,3,4,0.39217597803846416,76.22243528283796,"0, 1, 2, 3, 4, 5, 6, 7, 8, 9, 10, 11, 12, 13, 14, 15, 16, 17, 18, 19",4,4,ffa_global_B,,/homes/neumann/nguyen/fedlora/FederatedLLM/epoch_round_tuning_cola_client_count/tuning-ffa-cola_stratified-roberta-base-homo-e20-r150/seed0/20/3/round_config.json
ffa,Nonlinear FFA,cola_stratified,CoLA stratified,roberta-base,RoBERTa-base,homo,Homo,20,150,nguyen repo,/homes/neumann/nguyen/fedlora/FederatedLLM/epoch_round_tuning_cola_client_count,0,20,20,4,5,0.4094622199164031,76.79769894534996,"0, 1, 2, 3, 4, 5, 6, 7, 8, 9, 10, 11, 12, 13, 14, 15, 16, 17, 18, 19",4,4,ffa_global_B,,/homes/neumann/nguyen/fedlora/FederatedLLM/epoch_round_tuning_cola_client_count/tuning-ffa-cola_stratified-roberta-base-homo-e20-r150/seed0/20/4/round_config.json
ffa,Nonlinear FFA,cola_stratified,CoLA stratified,roberta-base,RoBERTa-base,homo,Homo,20,150,nguyen repo,/homes/neumann/nguyen/fedlora/FederatedLLM/epoch_round_tuning_cola_client_count,0,20,20,5,6,0.41158697196273253,76.89357622243527,"0, 1, 2, 3, 4, 5, 6, 7, 8, 9, 10, 11, 12, 13, 14, 15, 16, 17, 18, 19",4,4,ffa_global_B,,/homes/neumann/nguyen/fedlora/FederatedLLM/epoch_round_tuning_cola_client_count/tuning-ffa-cola_stratified-roberta-base-homo-e20-r150/seed0/20/5/round_config.json
ffa,Nonlinear FFA,cola_stratified,CoLA stratified,roberta-base,RoBERTa-base,homo,Homo,20,150,nguyen repo,/homes/neumann/nguyen/fedlora/FederatedLLM/epoch_round_tuning_cola_client_count,0,20,20,6,7,0.4194685352954239,77.18120805369128,"0, 1, 2, 3, 4, 5, 6, 7, 8, 9, 10, 11, 12, 13, 14, 15, 16, 17, 18, 19",4,4,ffa_global_B,,/homes/neumann/nguyen/fedlora/FederatedLLM/epoch_round_tuning_cola_client_count/tuning-ffa-cola_stratified-roberta-base-homo-e20-r150/seed0/20/6/round_config.json
ffa,Nonlinear FFA,cola_stratified,CoLA stratified,roberta-base,RoBERTa-base,homo,Homo,20,150,nguyen repo,/homes/neumann/nguyen/fedlora/FederatedLLM/epoch_round_tuning_cola_client_count,0,20,20,7,8,0.43380891599386373,77.66059443911793,"0, 1, 2, 3, 4, 5, 6, 7, 8, 9, 10, 11, 12, 13, 14, 15, 16, 17, 18, 19",4,4,ffa_global_B,,/homes/neumann/nguyen/fedlora/FederatedLLM/epoch_round_tuning_cola_client_count/tuning-ffa-cola_stratified-roberta-base-homo-e20-r150/seed0/20/7/round_config.json
ffa,Nonlinear FFA,cola_stratified,CoLA stratified,roberta-base,RoBERTa-base,homo,Homo,20,150,nguyen repo,/homes/neumann/nguyen/fedlora/FederatedLLM/epoch_round_tuning_cola_client_count,0,20,20,8,9,0.4510223816140928,78.23585810162992,"0, 1, 2, 3, 4, 5, 6, 7, 8, 9, 10, 11, 12, 13, 14, 15, 16, 17, 18, 19",4,4,ffa_global_B,,/homes/neumann/nguyen/fedlora/FederatedLLM/epoch_round_tuning_cola_client_count/tuning-ffa-cola_stratified-roberta-base-homo-e20-r150/seed0/20/8/round_config.json
ffa,Nonlinear FFA,cola_stratified,CoLA stratified,roberta-base,RoBERTa-base,homo,Homo,20,150,nguyen repo,/homes/neumann/nguyen/fedlora/FederatedLLM/epoch_round_tuning_cola_client_count,0,20,20,9,10,0.4682123736785958,78.8111217641419,"0, 1, 2, 3, 4, 5, 6, 7, 8, 9, 10, 11, 12, 13, 14, 15, 16, 17, 18, 19",4,4,ffa_global_B,,/homes/neumann/nguyen/fedlora/FederatedLLM/epoch_round_tuning_cola_client_count/tuning-ffa-cola_stratified-roberta-base-homo-e20-r150/seed0/20/9/round_config.json
ffa,Nonlinear FFA,cola_stratified,CoLA stratified,roberta-base,RoBERTa-base,homo,Homo,20,150,nguyen repo,/homes/neumann/nguyen/fedlora/FederatedLLM/epoch_round_tuning_cola_client_count,0,20,20,10,11,0.4734698850390942,79.00287631831256,"0, 1, 2, 3, 4, 5, 6, 7, 8, 9, 10, 11, 12, 13, 14, 15, 16, 17, 18, 19",4,4,ffa_global_B,,/homes/neumann/nguyen/fedlora/FederatedLLM/epoch_round_tuning_cola_client_count/tuning-ffa-cola_stratified-roberta-base-homo-e20-r150/seed0/20/10/round_config.json
ffa,Nonlinear FFA,cola_stratified,CoLA stratified,roberta-base,RoBERTa-base,homo,Homo,20,150,nguyen repo,/homes/neumann/nguyen/fedlora/FederatedLLM/epoch_round_tuning_cola_client_count,0,20,20,11,12,0.4731954585829745,79.00287631831256,"0, 1, 2, 3, 4, 5, 6, 7, 8, 9, 10, 11, 12, 13, 14, 15, 16, 17, 18, 19",4,4,ffa_global_B,,/homes/neumann/nguyen/fedlora/FederatedLLM/epoch_round_tuning_cola_client_count/tuning-ffa-cola_stratified-roberta-base-homo-e20-r150/seed0/20/11/round_config.json
ffa,Nonlinear FFA,cola_stratified,CoLA stratified,roberta-base,RoBERTa-base,homo,Homo,20,150,nguyen repo,/homes/neumann/nguyen/fedlora/FederatedLLM/epoch_round_tuning_cola_client_count,0,20,20,12,13,0.4731954585829745,79.00287631831256,"0, 1, 2, 3, 4, 5, 6, 7, 8, 9, 10, 11, 12, 13, 14, 15, 16, 17, 18, 19",4,4,ffa_global_B,,/homes/neumann/nguyen/fedlora/FederatedLLM/epoch_round_tuning_cola_client_count/tuning-ffa-cola_stratified-roberta-base-homo-e20-r150/seed0/20/12/round_config.json
ffa,Nonlinear FFA,cola_stratified,CoLA stratified,roberta-base,RoBERTa-base,homo,Homo,20,150,nguyen repo,/homes/neumann/nguyen/fedlora/FederatedLLM/epoch_round_tuning_cola_client_count,0,20,20,13,14,0.4784780470976092,79.19463087248322,"0, 1, 2, 3, 4, 5, 6, 7, 8, 9, 10, 11, 12, 13, 14, 15, 16, 17, 18, 19",4,4,ffa_global_B,,/homes/neumann/nguyen/fedlora/FederatedLLM/epoch_round_tuning_cola_client_count/tuning-ffa-cola_stratified-roberta-base-homo-e20-r150/seed0/20/13/round_config.json
ffa,Nonlinear FFA,cola_stratified,CoLA stratified,roberta-base,RoBERTa-base,homo,Homo,20,150,nguyen repo,/homes/neumann/nguyen/fedlora/FederatedLLM/epoch_round_tuning_cola_client_count,0,20,20,14,15,0.4784780470976092,79.19463087248322,"0, 1, 2, 3, 4, 5, 6, 7, 8, 9, 10, 11, 12, 13, 14, 15, 16, 17, 18, 19",4,4,ffa_global_B,,/homes/neumann/nguyen/fedlora/FederatedLLM/epoch_round_tuning_cola_client_count/tuning-ffa-cola_stratified-roberta-base-homo-e20-r150/seed0/20/14/round_config.json
ffa,Nonlinear FFA,cola_stratified,CoLA stratified,roberta-base,RoBERTa-base,homo,Homo,20,150,nguyen repo,/homes/neumann/nguyen/fedlora/FederatedLLM/epoch_round_tuning_cola_client_count,0,20,20,15,16,0.4812305179480984,79.29050814956855,"0, 1, 2, 3, 4, 5, 6, 7, 8, 9, 10, 11, 12, 13, 14, 15, 16, 17, 18, 19",4,4,ffa_global_B,,/homes/neumann/nguyen/fedlora/FederatedLLM/epoch_round_tuning_cola_client_count/tuning-ffa-cola_stratified-roberta-base-homo-e20-r150/seed0/20/15/round_config.json
ffa,Nonlinear FFA,cola_stratified,CoLA stratified,roberta-base,RoBERTa-base,homo,Homo,20,150,nguyen repo,/homes/neumann/nguyen/fedlora/FederatedLLM/epoch_round_tuning_cola_client_count,0,20,20,16,17,0.4810120283621051,79.29050814956855,"0, 1, 2, 3, 4, 5, 6, 7, 8, 9, 10, 11, 12, 13, 14, 15, 16, 17, 18, 19",4,4,ffa_global_B,,/homes/neumann/nguyen/fedlora/FederatedLLM/epoch_round_tuning_cola_client_count/tuning-ffa-cola_stratified-roberta-base-homo-e20-r150/seed0/20/16/round_config.json
ffa,Nonlinear FFA,cola_stratified,CoLA stratified,roberta-base,RoBERTa-base,homo,Homo,20,150,nguyen repo,/homes/neumann/nguyen/fedlora/FederatedLLM/epoch_round_tuning_cola_client_count,0,20,20,17,18,0.48649404197979973,79.48226270373921,"0, 1, 2, 3, 4, 5, 6, 7, 8, 9, 10, 11, 12, 13, 14, 15, 16, 17, 18, 19",4,4,ffa_global_B,,/homes/neumann/nguyen/fedlora/FederatedLLM/epoch_round_tuning_cola_client_count/tuning-ffa-cola_stratified-roberta-base-homo-e20-r150/seed0/20/17/round_config.json
ffa,Nonlinear FFA,cola_stratified,CoLA stratified,roberta-base,RoBERTa-base,homo,Homo,20,150,nguyen repo,/homes/neumann/nguyen/fedlora/FederatedLLM/epoch_round_tuning_cola_client_count,0,20,20,18,19,0.49737363185089895,79.86577181208054,"0, 1, 2, 3, 4, 5, 6, 7, 8, 9, 10, 11, 12, 13, 14, 15, 16, 17, 18, 19",4,4,ffa_global_B,,/homes/neumann/nguyen/fedlora/FederatedLLM/epoch_round_tuning_cola_client_count/tuning-ffa-cola_stratified-roberta-base-homo-e20-r150/seed0/20/18/round_config.json
ffa,Nonlinear FFA,cola_stratified,CoLA stratified,roberta-base,RoBERTa-base,homo,Homo,20,150,nguyen repo,/homes/neumann/nguyen/fedlora/FederatedLLM/epoch_round_tuning_cola_client_count,0,20,20,19,20,0.49737363185089895,79.86577181208054,"0, 1, 2, 3, 4, 5, 6, 7, 8, 9, 10, 11, 12, 13, 14, 15, 16, 17, 18, 19",4,4,ffa_global_B,,/homes/neumann/nguyen/fedlora/FederatedLLM/epoch_round_tuning_cola_client_count/tuning-ffa-cola_stratified-roberta-base-homo-e20-r150/seed0/20/19/round_config.json
ffa,Nonlinear FFA,cola_stratified,CoLA stratified,roberta-base,RoBERTa-base,homo,Homo,20,150,nguyen repo,/homes/neumann/nguyen/fedlora/FederatedLLM/epoch_round_tuning_cola_client_count,0,20,20,20,21,0.5000765695969273,79.96164908916586,"0, 1, 2, 3, 4, 5, 6, 7, 8, 9, 10, 11, 12, 13, 14, 15, 16, 17, 18, 19",4,4,ffa_global_B,,/homes/neumann/nguyen/fedlora/FederatedLLM/epoch_round_tuning_cola_client_count/tuning-ffa-cola_stratified-roberta-base-homo-e20-r150/seed0/20/20/round_config.json
ffa,Nonlinear FFA,cola_stratified,CoLA stratified,roberta-base,RoBERTa-base,homo,Homo,20,150,nguyen repo,/homes/neumann/nguyen/fedlora/FederatedLLM/epoch_round_tuning_cola_client_count,0,20,20,21,22,0.5054628220405837,80.15340364333653,"0, 1, 2, 3, 4, 5, 6, 7, 8, 9, 10, 11, 12, 13, 14, 15, 16, 17, 18, 19",4,4,ffa_global_B,,/homes/neumann/nguyen/fedlora/FederatedLLM/epoch_round_tuning_cola_client_count/tuning-ffa-cola_stratified-roberta-base-homo-e20-r150/seed0/20/21/round_config.json
ffa,Nonlinear FFA,cola_stratified,CoLA stratified,roberta-base,RoBERTa-base,homo,Homo,20,150,nguyen repo,/homes/neumann/nguyen/fedlora/FederatedLLM/epoch_round_tuning_cola_client_count,0,20,20,22,23,0.5025795557201045,80.0575263662512,"0, 1, 2, 3, 4, 5, 6, 7, 8, 9, 10, 11, 12, 13, 14, 15, 16, 17, 18, 19",4,4,ffa_global_B,,/homes/neumann/nguyen/fedlora/FederatedLLM/epoch_round_tuning_cola_client_count/tuning-ffa-cola_stratified-roberta-base-homo-e20-r150/seed0/20/22/round_config.json
ffa,Nonlinear FFA,cola_stratified,CoLA stratified,roberta-base,RoBERTa-base,homo,Homo,20,150,nguyen repo,/homes/neumann/nguyen/fedlora/FederatedLLM/epoch_round_tuning_cola_client_count,0,20,20,23,24,0.5025795557201045,80.0575263662512,"0, 1, 2, 3, 4, 5, 6, 7, 8, 9, 10, 11, 12, 13, 14, 15, 16, 17, 18, 19",4,4,ffa_global_B,,/homes/neumann/nguyen/fedlora/FederatedLLM/epoch_round_tuning_cola_client_count/tuning-ffa-cola_stratified-roberta-base-homo-e20-r150/seed0/20/23/round_config.json
ffa,Nonlinear FFA,cola_stratified,CoLA stratified,roberta-base,RoBERTa-base,homo,Homo,20,150,nguyen repo,/homes/neumann/nguyen/fedlora/FederatedLLM/epoch_round_tuning_cola_client_count,0,20,20,24,25,0.5052695272691742,80.15340364333653,"0, 1, 2, 3, 4, 5, 6, 7, 8, 9, 10, 11, 12, 13, 14, 15, 16, 17, 18, 19",4,4,ffa_global_B,,/homes/neumann/nguyen/fedlora/FederatedLLM/epoch_round_tuning_cola_client_count/tuning-ffa-cola_stratified-roberta-base-homo-e20-r150/seed0/20/24/round_config.json
ffa,Nonlinear FFA,cola_stratified,CoLA stratified,roberta-base,RoBERTa-base,homo,Homo,20,150,nguyen repo,/homes/neumann/nguyen/fedlora/FederatedLLM/epoch_round_tuning_cola_client_count,0,20,20,25,26,0.5079531963854501,80.24928092042187,"0, 1, 2, 3, 4, 5, 6, 7, 8, 9, 10, 11, 12, 13, 14, 15, 16, 17, 18, 19",4,4,ffa_global_B,,/homes/neumann/nguyen/fedlora/FederatedLLM/epoch_round_tuning_cola_client_count/tuning-ffa-cola_stratified-roberta-base-homo-e20-r150/seed0/20/25/round_config.json
ffa,Nonlinear FFA,cola_stratified,CoLA stratified,roberta-base,RoBERTa-base,homo,Homo,20,150,nguyen repo,/homes/neumann/nguyen/fedlora/FederatedLLM/epoch_round_tuning_cola_client_count,0,20,20,26,27,0.5077854223436783,80.24928092042187,"0, 1, 2, 3, 4, 5, 6, 7, 8, 9, 10, 11, 12, 13, 14, 15, 16, 17, 18, 19",4,4,ffa_global_B,,/homes/neumann/nguyen/fedlora/FederatedLLM/epoch_round_tuning_cola_client_count/tuning-ffa-cola_stratified-roberta-base-homo-e20-r150/seed0/20/26/round_config.json
ffa,Nonlinear FFA,cola_stratified,CoLA stratified,roberta-base,RoBERTa-base,homo,Homo,20,150,nguyen repo,/homes/neumann/nguyen/fedlora/FederatedLLM/epoch_round_tuning_cola_client_count,0,20,20,27,28,0.5077854223436783,80.24928092042187,"0, 1, 2, 3, 4, 5, 6, 7, 8, 9, 10, 11, 12, 13, 14, 15, 16, 17, 18, 19",4,4,ffa_global_B,,/homes/neumann/nguyen/fedlora/FederatedLLM/epoch_round_tuning_cola_client_count/tuning-ffa-cola_stratified-roberta-base-homo-e20-r150/seed0/20/27/round_config.json
ffa,Nonlinear FFA,cola_stratified,CoLA stratified,roberta-base,RoBERTa-base,homo,Homo,20,150,nguyen repo,/homes/neumann/nguyen/fedlora/FederatedLLM/epoch_round_tuning_cola_client_count,0,20,20,28,29,0.5106306596485645,80.34515819750719,"0, 1, 2, 3, 4, 5, 6, 7, 8, 9, 10, 11, 12, 13, 14, 15, 16, 17, 18, 19",4,4,ffa_global_B,,/homes/neumann/nguyen/fedlora/FederatedLLM/epoch_round_tuning_cola_client_count/tuning-ffa-cola_stratified-roberta-base-homo-e20-r150/seed0/20/28/round_config.json
ffa,Nonlinear FFA,cola_stratified,CoLA stratified,roberta-base,RoBERTa-base,homo,Homo,20,150,nguyen repo,/homes/neumann/nguyen/fedlora/FederatedLLM/epoch_round_tuning_cola_client_count,0,20,20,29,30,0.5106306596485645,80.34515819750719,"0, 1, 2, 3, 4, 5, 6, 7, 8, 9, 10, 11, 12, 13, 14, 15, 16, 17, 18, 19",4,4,ffa_global_B,,/homes/neumann/nguyen/fedlora/FederatedLLM/epoch_round_tuning_cola_client_count/tuning-ffa-cola_stratified-roberta-base-homo-e20-r150/seed0/20/29/round_config.json
ffa,Nonlinear FFA,cola_stratified,CoLA stratified,roberta-base,RoBERTa-base,homo,Homo,20,150,nguyen repo,/homes/neumann/nguyen/fedlora/FederatedLLM/epoch_round_tuning_cola_client_count,0,20,20,30,31,0.5106306596485645,80.34515819750719,"0, 1, 2, 3, 4, 5, 6, 7, 8, 9, 10, 11, 12, 13, 14, 15, 16, 17, 18, 19",4,4,ffa_global_B,,/homes/neumann/nguyen/fedlora/FederatedLLM/epoch_round_tuning_cola_client_count/tuning-ffa-cola_stratified-roberta-base-homo-e20-r150/seed0/20/30/round_config.json
ffa,Nonlinear FFA,cola_stratified,CoLA stratified,roberta-base,RoBERTa-base,homo,Homo,20,150,nguyen repo,/homes/neumann/nguyen/fedlora/FederatedLLM/epoch_round_tuning_cola_client_count,0,20,20,31,32,0.5159673470694772,80.53691275167785,"0, 1, 2, 3, 4, 5, 6, 7, 8, 9, 10, 11, 12, 13, 14, 15, 16, 17, 18, 19",4,4,ffa_global_B,,/homes/neumann/nguyen/fedlora/FederatedLLM/epoch_round_tuning_cola_client_count/tuning-ffa-cola_stratified-roberta-base-homo-e20-r150/seed0/20/31/round_config.json
ffa,Nonlinear FFA,cola_stratified,CoLA stratified,roberta-base,RoBERTa-base,homo,Homo,20,150,nguyen repo,/homes/neumann/nguyen/fedlora/FederatedLLM/epoch_round_tuning_cola_client_count,0,20,20,32,33,0.5133020120578021,80.44103547459252,"0, 1, 2, 3, 4, 5, 6, 7, 8, 9, 10, 11, 12, 13, 14, 15, 16, 17, 18, 19",4,4,ffa_global_B,,/homes/neumann/nguyen/fedlora/FederatedLLM/epoch_round_tuning_cola_client_count/tuning-ffa-cola_stratified-roberta-base-homo-e20-r150/seed0/20/32/round_config.json
ffa,Nonlinear FFA,cola_stratified,CoLA stratified,roberta-base,RoBERTa-base,homo,Homo,20,150,nguyen repo,/homes/neumann/nguyen/fedlora/FederatedLLM/epoch_round_tuning_cola_client_count,0,20,20,33,34,0.5133020120578021,80.44103547459252,"0, 1, 2, 3, 4, 5, 6, 7, 8, 9, 10, 11, 12, 13, 14, 15, 16, 17, 18, 19",4,4,ffa_global_B,,/homes/neumann/nguyen/fedlora/FederatedLLM/epoch_round_tuning_cola_client_count/tuning-ffa-cola_stratified-roberta-base-homo-e20-r150/seed0/20/33/round_config.json
ffa,Nonlinear FFA,cola_stratified,CoLA stratified,roberta-base,RoBERTa-base,homo,Homo,20,150,nguyen repo,/homes/neumann/nguyen/fedlora/FederatedLLM/epoch_round_tuning_cola_client_count,0,20,20,34,35,0.5106306596485645,80.34515819750719,"0, 1, 2, 3, 4, 5, 6, 7, 8, 9, 10, 11, 12, 13, 14, 15, 16, 17, 18, 19",4,4,ffa_global_B,,/homes/neumann/nguyen/fedlora/FederatedLLM/epoch_round_tuning_cola_client_count/tuning-ffa-cola_stratified-roberta-base-homo-e20-r150/seed0/20/34/round_config.json
ffa,Nonlinear FFA,cola_stratified,CoLA stratified,roberta-base,RoBERTa-base,homo,Homo,20,150,nguyen repo,/homes/neumann/nguyen/fedlora/FederatedLLM/epoch_round_tuning_cola_client_count,0,20,20,35,36,0.5159673470694772,80.53691275167785,"0, 1, 2, 3, 4, 5, 6, 7, 8, 9, 10, 11, 12, 13, 14, 15, 16, 17, 18, 19",4,4,ffa_global_B,,/homes/neumann/nguyen/fedlora/FederatedLLM/epoch_round_tuning_cola_client_count/tuning-ffa-cola_stratified-roberta-base-homo-e20-r150/seed0/20/35/round_config.json
ffa,Nonlinear FFA,cola_stratified,CoLA stratified,roberta-base,RoBERTa-base,homo,Homo,20,150,nguyen repo,/homes/neumann/nguyen/fedlora/FederatedLLM/epoch_round_tuning_cola_client_count,0,20,20,36,37,0.513134547199089,80.44103547459252,"0, 1, 2, 3, 4, 5, 6, 7, 8, 9, 10, 11, 12, 13, 14, 15, 16, 17, 18, 19",4,4,ffa_global_B,,/homes/neumann/nguyen/fedlora/FederatedLLM/epoch_round_tuning_cola_client_count/tuning-ffa-cola_stratified-roberta-base-homo-e20-r150/seed0/20/36/round_config.json
ffa,Nonlinear FFA,cola_stratified,CoLA stratified,roberta-base,RoBERTa-base,homo,Homo,20,150,nguyen repo,/homes/neumann/nguyen/fedlora/FederatedLLM/epoch_round_tuning_cola_client_count,0,20,20,37,38,0.513134547199089,80.44103547459252,"0, 1, 2, 3, 4, 5, 6, 7, 8, 9, 10, 11, 12, 13, 14, 15, 16, 17, 18, 19",4,4,ffa_global_B,,/homes/neumann/nguyen/fedlora/FederatedLLM/epoch_round_tuning_cola_client_count/tuning-ffa-cola_stratified-roberta-base-homo-e20-r150/seed0/20/37/round_config.json
ffa,Nonlinear FFA,cola_stratified,CoLA stratified,roberta-base,RoBERTa-base,homo,Homo,20,150,nguyen repo,/homes/neumann/nguyen/fedlora/FederatedLLM/epoch_round_tuning_cola_client_count,0,20,20,38,39,0.513134547199089,80.44103547459252,"0, 1, 2, 3, 4, 5, 6, 7, 8, 9, 10, 11, 12, 13, 14, 15, 16, 17, 18, 19",4,4,ffa_global_B,,/homes/neumann/nguyen/fedlora/FederatedLLM/epoch_round_tuning_cola_client_count/tuning-ffa-cola_stratified-roberta-base-homo-e20-r150/seed0/20/38/round_config.json
ffa,Nonlinear FFA,cola_stratified,CoLA stratified,roberta-base,RoBERTa-base,homo,Homo,20,150,nguyen repo,/homes/neumann/nguyen/fedlora/FederatedLLM/epoch_round_tuning_cola_client_count,0,20,20,39,40,0.5158001386531648,80.53691275167785,"0, 1, 2, 3, 4, 5, 6, 7, 8, 9, 10, 11, 12, 13, 14, 15, 16, 17, 18, 19",4,4,ffa_global_B,,/homes/neumann/nguyen/fedlora/FederatedLLM/epoch_round_tuning_cola_client_count/tuning-ffa-cola_stratified-roberta-base-homo-e20-r150/seed0/20/39/round_config.json
ffa,Nonlinear FFA,cola_stratified,CoLA stratified,roberta-base,RoBERTa-base,homo,Homo,20,150,nguyen repo,/homes/neumann/nguyen/fedlora/FederatedLLM/epoch_round_tuning_cola_client_count,0,20,20,40,41,0.5186267566332291,80.63279002876318,"0, 1, 2, 3, 4, 5, 6, 7, 8, 9, 10, 11, 12, 13, 14, 15, 16, 17, 18, 19",4,4,ffa_global_B,,/homes/neumann/nguyen/fedlora/FederatedLLM/epoch_round_tuning_cola_client_count/tuning-ffa-cola_stratified-roberta-base-homo-e20-r150/seed0/20/40/round_config.json
ffa,Nonlinear FFA,cola_stratified,CoLA stratified,roberta-base,RoBERTa-base,homo,Homo,20,150,nguyen repo,/homes/neumann/nguyen/fedlora/FederatedLLM/epoch_round_tuning_cola_client_count,0,20,20,41,42,0.5214716883534575,80.72866730584852,"0, 1, 2, 3, 4, 5, 6, 7, 8, 9, 10, 11, 12, 13, 14, 15, 16, 17, 18, 19",4,4,ffa_global_B,,/homes/neumann/nguyen/fedlora/FederatedLLM/epoch_round_tuning_cola_client_count/tuning-ffa-cola_stratified-roberta-base-homo-e20-r150/seed0/20/41/round_config.json
ffa,Nonlinear FFA,cola_stratified,CoLA stratified,roberta-base,RoBERTa-base,homo,Homo,20,150,nguyen repo,/homes/neumann/nguyen/fedlora/FederatedLLM/epoch_round_tuning_cola_client_count,0,20,20,42,43,0.5214716883534575,80.72866730584852,"0, 1, 2, 3, 4, 5, 6, 7, 8, 9, 10, 11, 12, 13, 14, 15, 16, 17, 18, 19",4,4,ffa_global_B,,/homes/neumann/nguyen/fedlora/FederatedLLM/epoch_round_tuning_cola_client_count/tuning-ffa-cola_stratified-roberta-base-homo-e20-r150/seed0/20/42/round_config.json
ffa,Nonlinear FFA,cola_stratified,CoLA stratified,roberta-base,RoBERTa-base,homo,Homo,20,150,nguyen repo,/homes/neumann/nguyen/fedlora/FederatedLLM/epoch_round_tuning_cola_client_count,0,20,20,43,44,0.5214716883534575,80.72866730584852,"0, 1, 2, 3, 4, 5, 6, 7, 8, 9, 10, 11, 12, 13, 14, 15, 16, 17, 18, 19",4,4,ffa_global_B,,/homes/neumann/nguyen/fedlora/FederatedLLM/epoch_round_tuning_cola_client_count/tuning-ffa-cola_stratified-roberta-base-homo-e20-r150/seed0/20/43/round_config.json
ffa,Nonlinear FFA,cola_stratified,CoLA stratified,roberta-base,RoBERTa-base,homo,Homo,20,150,nguyen repo,/homes/neumann/nguyen/fedlora/FederatedLLM/epoch_round_tuning_cola_client_count,0,20,20,44,45,0.5214716883534575,80.72866730584852,"0, 1, 2, 3, 4, 5, 6, 7, 8, 9, 10, 11, 12, 13, 14, 15, 16, 17, 18, 19",4,4,ffa_global_B,,/homes/neumann/nguyen/fedlora/FederatedLLM/epoch_round_tuning_cola_client_count/tuning-ffa-cola_stratified-roberta-base-homo-e20-r150/seed0/20/44/round_config.json
ffa,Nonlinear FFA,cola_stratified,CoLA stratified,roberta-base,RoBERTa-base,homo,Homo,20,150,nguyen repo,/homes/neumann/nguyen/fedlora/FederatedLLM/epoch_round_tuning_cola_client_count,0,20,20,45,46,0.5214716883534575,80.72866730584852,"0, 1, 2, 3, 4, 5, 6, 7, 8, 9, 10, 11, 12, 13, 14, 15, 16, 17, 18, 19",4,4,ffa_global_B,,/homes/neumann/nguyen/fedlora/FederatedLLM/epoch_round_tuning_cola_client_count/tuning-ffa-cola_stratified-roberta-base-homo-e20-r150/seed0/20/45/round_config.json
ffa,Nonlinear FFA,cola_stratified,CoLA stratified,roberta-base,RoBERTa-base,homo,Homo,20,150,nguyen repo,/homes/neumann/nguyen/fedlora/FederatedLLM/epoch_round_tuning_cola_client_count,0,20,20,46,47,0.5214716883534575,80.72866730584852,"0, 1, 2, 3, 4, 5, 6, 7, 8, 9, 10, 11, 12, 13, 14, 15, 16, 17, 18, 19",4,4,ffa_global_B,,/homes/neumann/nguyen/fedlora/FederatedLLM/epoch_round_tuning_cola_client_count/tuning-ffa-cola_stratified-roberta-base-homo-e20-r150/seed0/20/46/round_config.json
ffa,Nonlinear FFA,cola_stratified,CoLA stratified,roberta-base,RoBERTa-base,homo,Homo,20,150,nguyen repo,/homes/neumann/nguyen/fedlora/FederatedLLM/epoch_round_tuning_cola_client_count,0,20,20,47,48,0.5186267566332291,80.63279002876318,"0, 1, 2, 3, 4, 5, 6, 7, 8, 9, 10, 11, 12, 13, 14, 15, 16, 17, 18, 19",4,4,ffa_global_B,,/homes/neumann/nguyen/fedlora/FederatedLLM/epoch_round_tuning_cola_client_count/tuning-ffa-cola_stratified-roberta-base-homo-e20-r150/seed0/20/47/round_config.json
ffa,Nonlinear FFA,cola_stratified,CoLA stratified,roberta-base,RoBERTa-base,homo,Homo,20,150,nguyen repo,/homes/neumann/nguyen/fedlora/FederatedLLM/epoch_round_tuning_cola_client_count,0,20,20,48,49,0.5186267566332291,80.63279002876318,"0, 1, 2, 3, 4, 5, 6, 7, 8, 9, 10, 11, 12, 13, 14, 15, 16, 17, 18, 19",4,4,ffa_global_B,,/homes/neumann/nguyen/fedlora/FederatedLLM/epoch_round_tuning_cola_client_count/tuning-ffa-cola_stratified-roberta-base-homo-e20-r150/seed0/20/48/round_config.json
ffa,Nonlinear FFA,cola_stratified,CoLA stratified,roberta-base,RoBERTa-base,homo,Homo,20,150,nguyen repo,/homes/neumann/nguyen/fedlora/FederatedLLM/epoch_round_tuning_cola_client_count,0,20,20,49,50,0.5186267566332291,80.63279002876318,"0, 1, 2, 3, 4, 5, 6, 7, 8, 9, 10, 11, 12, 13, 14, 15, 16, 17, 18, 19",4,4,ffa_global_B,,/homes/neumann/nguyen/fedlora/FederatedLLM/epoch_round_tuning_cola_client_count/tuning-ffa-cola_stratified-roberta-base-homo-e20-r150/seed0/20/49/round_config.json
ffa,Nonlinear FFA,cola_stratified,CoLA stratified,roberta-base,RoBERTa-base,homo,Homo,20,150,nguyen repo,/homes/neumann/nguyen/fedlora/FederatedLLM/epoch_round_tuning_cola_client_count,0,20,20,50,51,0.5186267566332291,80.63279002876318,"0, 1, 2, 3, 4, 5, 6, 7, 8, 9, 10, 11, 12, 13, 14, 15, 16, 17, 18, 19",4,4,ffa_global_B,,/homes/neumann/nguyen/fedlora/FederatedLLM/epoch_round_tuning_cola_client_count/tuning-ffa-cola_stratified-roberta-base-homo-e20-r150/seed0/20/50/round_config.json
ffa,Nonlinear FFA,cola_stratified,CoLA stratified,roberta-base,RoBERTa-base,homo,Homo,20,150,nguyen repo,/homes/neumann/nguyen/fedlora/FederatedLLM/epoch_round_tuning_cola_client_count,0,20,20,51,52,0.5158001386531648,80.53691275167785,"0, 1, 2, 3, 4, 5, 6, 7, 8, 9, 10, 11, 12, 13, 14, 15, 16, 17, 18, 19",4,4,ffa_global_B,,/homes/neumann/nguyen/fedlora/FederatedLLM/epoch_round_tuning_cola_client_count/tuning-ffa-cola_stratified-roberta-base-homo-e20-r150/seed0/20/51/round_config.json
ffa,Nonlinear FFA,cola_stratified,CoLA stratified,roberta-base,RoBERTa-base,homo,Homo,20,150,nguyen repo,/homes/neumann/nguyen/fedlora/FederatedLLM/epoch_round_tuning_cola_client_count,0,20,20,52,53,0.5158001386531648,80.53691275167785,"0, 1, 2, 3, 4, 5, 6, 7, 8, 9, 10, 11, 12, 13, 14, 15, 16, 17, 18, 19",4,4,ffa_global_B,,/homes/neumann/nguyen/fedlora/FederatedLLM/epoch_round_tuning_cola_client_count/tuning-ffa-cola_stratified-roberta-base-homo-e20-r150/seed0/20/52/round_config.json
ffa,Nonlinear FFA,cola_stratified,CoLA stratified,roberta-base,RoBERTa-base,homo,Homo,20,150,nguyen repo,/homes/neumann/nguyen/fedlora/FederatedLLM/epoch_round_tuning_cola_client_count,0,20,20,53,54,0.5158001386531648,80.53691275167785,"0, 1, 2, 3, 4, 5, 6, 7, 8, 9, 10, 11, 12, 13, 14, 15, 16, 17, 18, 19",4,4,ffa_global_B,,/homes/neumann/nguyen/fedlora/FederatedLLM/epoch_round_tuning_cola_client_count/tuning-ffa-cola_stratified-roberta-base-homo-e20-r150/seed0/20/53/round_config.json
ffa,Nonlinear FFA,cola_stratified,CoLA stratified,roberta-base,RoBERTa-base,homo,Homo,20,150,nguyen repo,/homes/neumann/nguyen/fedlora/FederatedLLM/epoch_round_tuning_cola_client_count,0,20,20,54,55,0.5158001386531648,80.53691275167785,"0, 1, 2, 3, 4, 5, 6, 7, 8, 9, 10, 11, 12, 13, 14, 15, 16, 17, 18, 19",4,4,ffa_global_B,,/homes/neumann/nguyen/fedlora/FederatedLLM/epoch_round_tuning_cola_client_count/tuning-ffa-cola_stratified-roberta-base-homo-e20-r150/seed0/20/54/round_config.json
ffa,Nonlinear FFA,cola_stratified,CoLA stratified,roberta-base,RoBERTa-base,homo,Homo,20,150,nguyen repo,/homes/neumann/nguyen/fedlora/FederatedLLM/epoch_round_tuning_cola_client_count,0,20,20,55,56,0.5158001386531648,80.53691275167785,"0, 1, 2, 3, 4, 5, 6, 7, 8, 9, 10, 11, 12, 13, 14, 15, 16, 17, 18, 19",4,4,ffa_global_B,,/homes/neumann/nguyen/fedlora/FederatedLLM/epoch_round_tuning_cola_client_count/tuning-ffa-cola_stratified-roberta-base-homo-e20-r150/seed0/20/55/round_config.json
ffa,Nonlinear FFA,cola_stratified,CoLA stratified,roberta-base,RoBERTa-base,homo,Homo,20,150,nguyen repo,/homes/neumann/nguyen/fedlora/FederatedLLM/epoch_round_tuning_cola_client_count,0,20,20,56,57,0.513134547199089,80.44103547459252,"0, 1, 2, 3, 4, 5, 6, 7, 8, 9, 10, 11, 12, 13, 14, 15, 16, 17, 18, 19",4,4,ffa_global_B,,/homes/neumann/nguyen/fedlora/FederatedLLM/epoch_round_tuning_cola_client_count/tuning-ffa-cola_stratified-roberta-base-homo-e20-r150/seed0/20/56/round_config.json
ffa,Nonlinear FFA,cola_stratified,CoLA stratified,roberta-base,RoBERTa-base,homo,Homo,20,150,nguyen repo,/homes/neumann/nguyen/fedlora/FederatedLLM/epoch_round_tuning_cola_client_count,0,20,20,57,58,0.518459870748358,80.63279002876318,"0, 1, 2, 3, 4, 5, 6, 7, 8, 9, 10, 11, 12, 13, 14, 15, 16, 17, 18, 19",4,4,ffa_global_B,,/homes/neumann/nguyen/fedlora/FederatedLLM/epoch_round_tuning_cola_client_count/tuning-ffa-cola_stratified-roberta-base-homo-e20-r150/seed0/20/57/round_config.json
ffa,Nonlinear FFA,cola_stratified,CoLA stratified,roberta-base,RoBERTa-base,homo,Homo,20,150,nguyen repo,/homes/neumann/nguyen/fedlora/FederatedLLM/epoch_round_tuning_cola_client_count,0,20,20,58,59,0.518459870748358,80.63279002876318,"0, 1, 2, 3, 4, 5, 6, 7, 8, 9, 10, 11, 12, 13, 14, 15, 16, 17, 18, 19",4,4,ffa_global_B,,/homes/neumann/nguyen/fedlora/FederatedLLM/epoch_round_tuning_cola_client_count/tuning-ffa-cola_stratified-roberta-base-homo-e20-r150/seed0/20/58/round_config.json
ffa,Nonlinear FFA,cola_stratified,CoLA stratified,roberta-base,RoBERTa-base,homo,Homo,20,150,nguyen repo,/homes/neumann/nguyen/fedlora/FederatedLLM/epoch_round_tuning_cola_client_count,0,20,20,59,60,0.518459870748358,80.63279002876318,"0, 1, 2, 3, 4, 5, 6, 7, 8, 9, 10, 11, 12, 13, 14, 15, 16, 17, 18, 19",4,4,ffa_global_B,,/homes/neumann/nguyen/fedlora/FederatedLLM/epoch_round_tuning_cola_client_count/tuning-ffa-cola_stratified-roberta-base-homo-e20-r150/seed0/20/59/round_config.json
ffa,Nonlinear FFA,cola_stratified,CoLA stratified,roberta-base,RoBERTa-base,homo,Homo,20,150,nguyen repo,/homes/neumann/nguyen/fedlora/FederatedLLM/epoch_round_tuning_cola_client_count,0,20,20,60,61,0.5158001386531648,80.53691275167785,"0, 1, 2, 3, 4, 5, 6, 7, 8, 9, 10, 11, 12, 13, 14, 15, 16, 17, 18, 19",4,4,ffa_global_B,,/homes/neumann/nguyen/fedlora/FederatedLLM/epoch_round_tuning_cola_client_count/tuning-ffa-cola_stratified-roberta-base-homo-e20-r150/seed0/20/60/round_config.json
ffa,Nonlinear FFA,cola_stratified,CoLA stratified,roberta-base,RoBERTa-base,homo,Homo,20,150,nguyen repo,/homes/neumann/nguyen/fedlora/FederatedLLM/epoch_round_tuning_cola_client_count,0,20,20,61,62,0.518459870748358,80.63279002876318,"0, 1, 2, 3, 4, 5, 6, 7, 8, 9, 10, 11, 12, 13, 14, 15, 16, 17, 18, 19",4,4,ffa_global_B,,/homes/neumann/nguyen/fedlora/FederatedLLM/epoch_round_tuning_cola_client_count/tuning-ffa-cola_stratified-roberta-base-homo-e20-r150/seed0/20/61/round_config.json
ffa,Nonlinear FFA,cola_stratified,CoLA stratified,roberta-base,RoBERTa-base,homo,Homo,20,150,nguyen repo,/homes/neumann/nguyen/fedlora/FederatedLLM/epoch_round_tuning_cola_client_count,0,20,20,62,63,0.5211138326512601,80.72866730584852,"0, 1, 2, 3, 4, 5, 6, 7, 8, 9, 10, 11, 12, 13, 14, 15, 16, 17, 18, 19",4,4,ffa_global_B,,/homes/neumann/nguyen/fedlora/FederatedLLM/epoch_round_tuning_cola_client_count/tuning-ffa-cola_stratified-roberta-base-homo-e20-r150/seed0/20/62/round_config.json
ffa,Nonlinear FFA,cola_stratified,CoLA stratified,roberta-base,RoBERTa-base,homo,Homo,20,150,nguyen repo,/homes/neumann/nguyen/fedlora/FederatedLLM/epoch_round_tuning_cola_client_count,0,20,20,63,64,0.5211138326512601,80.72866730584852,"0, 1, 2, 3, 4, 5, 6, 7, 8, 9, 10, 11, 12, 13, 14, 15, 16, 17, 18, 19",4,4,ffa_global_B,,/homes/neumann/nguyen/fedlora/FederatedLLM/epoch_round_tuning_cola_client_count/tuning-ffa-cola_stratified-roberta-base-homo-e20-r150/seed0/20/63/round_config.json
ffa,Nonlinear FFA,cola_stratified,CoLA stratified,roberta-base,RoBERTa-base,homo,Homo,20,150,nguyen repo,/homes/neumann/nguyen/fedlora/FederatedLLM/epoch_round_tuning_cola_client_count,0,20,20,64,65,0.518459870748358,80.63279002876318,"0, 1, 2, 3, 4, 5, 6, 7, 8, 9, 10, 11, 12, 13, 14, 15, 16, 17, 18, 19",4,4,ffa_global_B,,/homes/neumann/nguyen/fedlora/FederatedLLM/epoch_round_tuning_cola_client_count/tuning-ffa-cola_stratified-roberta-base-homo-e20-r150/seed0/20/64/round_config.json
ffa,Nonlinear FFA,cola_stratified,CoLA stratified,roberta-base,RoBERTa-base,homo,Homo,20,150,nguyen repo,/homes/neumann/nguyen/fedlora/FederatedLLM/epoch_round_tuning_cola_client_count,0,20,20,65,66,0.5239281598926565,80.82454458293384,"0, 1, 2, 3, 4, 5, 6, 7, 8, 9, 10, 11, 12, 13, 14, 15, 16, 17, 18, 19",4,4,ffa_global_B,,/homes/neumann/nguyen/fedlora/FederatedLLM/epoch_round_tuning_cola_client_count/tuning-ffa-cola_stratified-roberta-base-homo-e20-r150/seed0/20/65/round_config.json
ffa,Nonlinear FFA,cola_stratified,CoLA stratified,roberta-base,RoBERTa-base,homo,Homo,20,150,nguyen repo,/homes/neumann/nguyen/fedlora/FederatedLLM/epoch_round_tuning_cola_client_count,0,20,20,66,67,0.5239281598926565,80.82454458293384,"0, 1, 2, 3, 4, 5, 6, 7, 8, 9, 10, 11, 12, 13, 14, 15, 16, 17, 18, 19",4,4,ffa_global_B,,/homes/neumann/nguyen/fedlora/FederatedLLM/epoch_round_tuning_cola_client_count/tuning-ffa-cola_stratified-roberta-base-homo-e20-r150/seed0/20/66/round_config.json
ffa,Nonlinear FFA,cola_stratified,CoLA stratified,roberta-base,RoBERTa-base,homo,Homo,20,150,nguyen repo,/homes/neumann/nguyen/fedlora/FederatedLLM/epoch_round_tuning_cola_client_count,0,20,20,67,68,0.5211138326512601,80.72866730584852,"0, 1, 2, 3, 4, 5, 6, 7, 8, 9, 10, 11, 12, 13, 14, 15, 16, 17, 18, 19",4,4,ffa_global_B,,/homes/neumann/nguyen/fedlora/FederatedLLM/epoch_round_tuning_cola_client_count/tuning-ffa-cola_stratified-roberta-base-homo-e20-r150/seed0/20/67/round_config.json
ffa,Nonlinear FFA,cola_stratified,CoLA stratified,roberta-base,RoBERTa-base,homo,Homo,20,150,nguyen repo,/homes/neumann/nguyen/fedlora/FederatedLLM/epoch_round_tuning_cola_client_count,0,20,20,68,69,0.5211138326512601,80.72866730584852,"0, 1, 2, 3, 4, 5, 6, 7, 8, 9, 10, 11, 12, 13, 14, 15, 16, 17, 18, 19",4,4,ffa_global_B,,/homes/neumann/nguyen/fedlora/FederatedLLM/epoch_round_tuning_cola_client_count/tuning-ffa-cola_stratified-roberta-base-homo-e20-r150/seed0/20/68/round_config.json
ffa,Nonlinear FFA,cola_stratified,CoLA stratified,roberta-base,RoBERTa-base,homo,Homo,20,150,nguyen repo,/homes/neumann/nguyen/fedlora/FederatedLLM/epoch_round_tuning_cola_client_count,0,20,20,69,70,0.5158001386531648,80.53691275167785,"0, 1, 2, 3, 4, 5, 6, 7, 8, 9, 10, 11, 12, 13, 14, 15, 16, 17, 18, 19",4,4,ffa_global_B,,/homes/neumann/nguyen/fedlora/FederatedLLM/epoch_round_tuning_cola_client_count/tuning-ffa-cola_stratified-roberta-base-homo-e20-r150/seed0/20/69/round_config.json
ffa,Nonlinear FFA,cola_stratified,CoLA stratified,roberta-base,RoBERTa-base,homo,Homo,20,150,nguyen repo,/homes/neumann/nguyen/fedlora/FederatedLLM/epoch_round_tuning_cola_client_count,0,20,20,70,71,0.5158001386531648,80.53691275167785,"0, 1, 2, 3, 4, 5, 6, 7, 8, 9, 10, 11, 12, 13, 14, 15, 16, 17, 18, 19",4,4,ffa_global_B,,/homes/neumann/nguyen/fedlora/FederatedLLM/epoch_round_tuning_cola_client_count/tuning-ffa-cola_stratified-roberta-base-homo-e20-r150/seed0/20/70/round_config.json
ffa,Nonlinear FFA,cola_stratified,CoLA stratified,roberta-base,RoBERTa-base,homo,Homo,20,150,nguyen repo,/homes/neumann/nguyen/fedlora/FederatedLLM/epoch_round_tuning_cola_client_count,0,20,20,71,72,0.5158001386531648,80.53691275167785,"0, 1, 2, 3, 4, 5, 6, 7, 8, 9, 10, 11, 12, 13, 14, 15, 16, 17, 18, 19",4,4,ffa_global_B,,/homes/neumann/nguyen/fedlora/FederatedLLM/epoch_round_tuning_cola_client_count/tuning-ffa-cola_stratified-roberta-base-homo-e20-r150/seed0/20/71/round_config.json
ffa,Nonlinear FFA,cola_stratified,CoLA stratified,roberta-base,RoBERTa-base,homo,Homo,20,150,nguyen repo,/homes/neumann/nguyen/fedlora/FederatedLLM/epoch_round_tuning_cola_client_count,0,20,20,72,73,0.5129915816040594,80.44103547459252,"0, 1, 2, 3, 4, 5, 6, 7, 8, 9, 10, 11, 12, 13, 14, 15, 16, 17, 18, 19",4,4,ffa_global_B,,/homes/neumann/nguyen/fedlora/FederatedLLM/epoch_round_tuning_cola_client_count/tuning-ffa-cola_stratified-roberta-base-homo-e20-r150/seed0/20/72/round_config.json
ffa,Nonlinear FFA,cola_stratified,CoLA stratified,roberta-base,RoBERTa-base,homo,Homo,20,150,nguyen repo,/homes/neumann/nguyen/fedlora/FederatedLLM/epoch_round_tuning_cola_client_count,0,20,20,73,74,0.5129915816040594,80.44103547459252,"0, 1, 2, 3, 4, 5, 6, 7, 8, 9, 10, 11, 12, 13, 14, 15, 16, 17, 18, 19",4,4,ffa_global_B,,/homes/neumann/nguyen/fedlora/FederatedLLM/epoch_round_tuning_cola_client_count/tuning-ffa-cola_stratified-roberta-base-homo-e20-r150/seed0/20/73/round_config.json
ffa,Nonlinear FFA,cola_stratified,CoLA stratified,roberta-base,RoBERTa-base,homo,Homo,20,150,nguyen repo,/homes/neumann/nguyen/fedlora/FederatedLLM/epoch_round_tuning_cola_client_count,0,20,20,74,75,0.5159673470694772,80.53691275167785,"0, 1, 2, 3, 4, 5, 6, 7, 8, 9, 10, 11, 12, 13, 14, 15, 16, 17, 18, 19",4,4,ffa_global_B,,/homes/neumann/nguyen/fedlora/FederatedLLM/epoch_round_tuning_cola_client_count/tuning-ffa-cola_stratified-roberta-base-homo-e20-r150/seed0/20/74/round_config.json
ffa,Nonlinear FFA,cola_stratified,CoLA stratified,roberta-base,RoBERTa-base,homo,Homo,20,150,nguyen repo,/homes/neumann/nguyen/fedlora/FederatedLLM/epoch_round_tuning_cola_client_count,0,20,20,75,76,0.5186267566332291,80.63279002876318,"0, 1, 2, 3, 4, 5, 6, 7, 8, 9, 10, 11, 12, 13, 14, 15, 16, 17, 18, 19",4,4,ffa_global_B,,/homes/neumann/nguyen/fedlora/FederatedLLM/epoch_round_tuning_cola_client_count/tuning-ffa-cola_stratified-roberta-base-homo-e20-r150/seed0/20/75/round_config.json
ffa,Nonlinear FFA,cola_stratified,CoLA stratified,roberta-base,RoBERTa-base,homo,Homo,20,150,nguyen repo,/homes/neumann/nguyen/fedlora/FederatedLLM/epoch_round_tuning_cola_client_count,0,20,20,76,77,0.5241189660673692,80.82454458293384,"0, 1, 2, 3, 4, 5, 6, 7, 8, 9, 10, 11, 12, 13, 14, 15, 16, 17, 18, 19",4,4,ffa_global_B,,/homes/neumann/nguyen/fedlora/FederatedLLM/epoch_round_tuning_cola_client_count/tuning-ffa-cola_stratified-roberta-base-homo-e20-r150/seed0/20/76/round_config.json
ffa,Nonlinear FFA,cola_stratified,CoLA stratified,roberta-base,RoBERTa-base,homo,Homo,20,150,nguyen repo,/homes/neumann/nguyen/fedlora/FederatedLLM/epoch_round_tuning_cola_client_count,0,20,20,77,78,0.5269760296374377,80.92042186001918,"0, 1, 2, 3, 4, 5, 6, 7, 8, 9, 10, 11, 12, 13, 14, 15, 16, 17, 18, 19",4,4,ffa_global_B,,/homes/neumann/nguyen/fedlora/FederatedLLM/epoch_round_tuning_cola_client_count/tuning-ffa-cola_stratified-roberta-base-homo-e20-r150/seed0/20/77/round_config.json
ffa,Nonlinear FFA,cola_stratified,CoLA stratified,roberta-base,RoBERTa-base,homo,Homo,20,150,nguyen repo,/homes/neumann/nguyen/fedlora/FederatedLLM/epoch_round_tuning_cola_client_count,0,20,20,78,79,0.5243351914860497,80.82454458293384,"0, 1, 2, 3, 4, 5, 6, 7, 8, 9, 10, 11, 12, 13, 14, 15, 16, 17, 18, 19",4,4,ffa_global_B,,/homes/neumann/nguyen/fedlora/FederatedLLM/epoch_round_tuning_cola_client_count/tuning-ffa-cola_stratified-roberta-base-homo-e20-r150/seed0/20/78/round_config.json
ffa,Nonlinear FFA,cola_stratified,CoLA stratified,roberta-base,RoBERTa-base,homo,Homo,20,150,nguyen repo,/homes/neumann/nguyen/fedlora/FederatedLLM/epoch_round_tuning_cola_client_count,0,20,20,79,80,0.5216885723420658,80.72866730584852,"0, 1, 2, 3, 4, 5, 6, 7, 8, 9, 10, 11, 12, 13, 14, 15, 16, 17, 18, 19",4,4,ffa_global_B,,/homes/neumann/nguyen/fedlora/FederatedLLM/epoch_round_tuning_cola_client_count/tuning-ffa-cola_stratified-roberta-base-homo-e20-r150/seed0/20/79/round_config.json
ffa,Nonlinear FFA,cola_stratified,CoLA stratified,roberta-base,RoBERTa-base,homo,Homo,20,150,nguyen repo,/homes/neumann/nguyen/fedlora/FederatedLLM/epoch_round_tuning_cola_client_count,0,20,20,80,81,0.518818601771926,80.63279002876318,"0, 1, 2, 3, 4, 5, 6, 7, 8, 9, 10, 11, 12, 13, 14, 15, 16, 17, 18, 19",4,4,ffa_global_B,,/homes/neumann/nguyen/fedlora/FederatedLLM/epoch_round_tuning_cola_client_count/tuning-ffa-cola_stratified-roberta-base-homo-e20-r150/seed0/20/80/round_config.json
ffa,Nonlinear FFA,cola_stratified,CoLA stratified,roberta-base,RoBERTa-base,homo,Homo,20,150,nguyen repo,/homes/neumann/nguyen/fedlora/FederatedLLM/epoch_round_tuning_cola_client_count,0,20,20,81,82,0.5161596159953151,80.53691275167785,"0, 1, 2, 3, 4, 5, 6, 7, 8, 9, 10, 11, 12, 13, 14, 15, 16, 17, 18, 19",4,4,ffa_global_B,,/homes/neumann/nguyen/fedlora/FederatedLLM/epoch_round_tuning_cola_client_count/tuning-ffa-cola_stratified-roberta-base-homo-e20-r150/seed0/20/81/round_config.json
ffa,Nonlinear FFA,cola_stratified,CoLA stratified,roberta-base,RoBERTa-base,homo,Homo,20,150,nguyen repo,/homes/neumann/nguyen/fedlora/FederatedLLM/epoch_round_tuning_cola_client_count,0,20,20,82,83,0.5214716883534575,80.72866730584852,"0, 1, 2, 3, 4, 5, 6, 7, 8, 9, 10, 11, 12, 13, 14, 15, 16, 17, 18, 19",4,4,ffa_global_B,,/homes/neumann/nguyen/fedlora/FederatedLLM/epoch_round_tuning_cola_client_count/tuning-ffa-cola_stratified-roberta-base-homo-e20-r150/seed0/20/82/round_config.json
ffa,Nonlinear FFA,cola_stratified,CoLA stratified,roberta-base,RoBERTa-base,homo,Homo,20,150,nguyen repo,/homes/neumann/nguyen/fedlora/FederatedLLM/epoch_round_tuning_cola_client_count,0,20,20,83,84,0.5241189660673692,80.82454458293384,"0, 1, 2, 3, 4, 5, 6, 7, 8, 9, 10, 11, 12, 13, 14, 15, 16, 17, 18, 19",4,4,ffa_global_B,,/homes/neumann/nguyen/fedlora/FederatedLLM/epoch_round_tuning_cola_client_count/tuning-ffa-cola_stratified-roberta-base-homo-e20-r150/seed0/20/83/round_config.json
ffa,Nonlinear FFA,cola_stratified,CoLA stratified,roberta-base,RoBERTa-base,homo,Homo,20,150,nguyen repo,/homes/neumann/nguyen/fedlora/FederatedLLM/epoch_round_tuning_cola_client_count,0,20,20,84,85,0.5214716883534575,80.72866730584852,"0, 1, 2, 3, 4, 5, 6, 7, 8, 9, 10, 11, 12, 13, 14, 15, 16, 17, 18, 19",4,4,ffa_global_B,,/homes/neumann/nguyen/fedlora/FederatedLLM/epoch_round_tuning_cola_client_count/tuning-ffa-cola_stratified-roberta-base-homo-e20-r150/seed0/20/84/round_config.json
ffa,Nonlinear FFA,cola_stratified,CoLA stratified,roberta-base,RoBERTa-base,homo,Homo,20,150,nguyen repo,/homes/neumann/nguyen/fedlora/FederatedLLM/epoch_round_tuning_cola_client_count,0,20,20,85,86,0.5214716883534575,80.72866730584852,"0, 1, 2, 3, 4, 5, 6, 7, 8, 9, 10, 11, 12, 13, 14, 15, 16, 17, 18, 19",4,4,ffa_global_B,,/homes/neumann/nguyen/fedlora/FederatedLLM/epoch_round_tuning_cola_client_count/tuning-ffa-cola_stratified-roberta-base-homo-e20-r150/seed0/20/85/round_config.json
ffa,Nonlinear FFA,cola_stratified,CoLA stratified,roberta-base,RoBERTa-base,homo,Homo,20,150,nguyen repo,/homes/neumann/nguyen/fedlora/FederatedLLM/epoch_round_tuning_cola_client_count,0,20,20,86,87,0.5214716883534575,80.72866730584852,"0, 1, 2, 3, 4, 5, 6, 7, 8, 9, 10, 11, 12, 13, 14, 15, 16, 17, 18, 19",4,4,ffa_global_B,,/homes/neumann/nguyen/fedlora/FederatedLLM/epoch_round_tuning_cola_client_count/tuning-ffa-cola_stratified-roberta-base-homo-e20-r150/seed0/20/86/round_config.json
ffa,Nonlinear FFA,cola_stratified,CoLA stratified,roberta-base,RoBERTa-base,homo,Homo,20,150,nguyen repo,/homes/neumann/nguyen/fedlora/FederatedLLM/epoch_round_tuning_cola_client_count,0,20,20,87,88,0.5214716883534575,80.72866730584852,"0, 1, 2, 3, 4, 5, 6, 7, 8, 9, 10, 11, 12, 13, 14, 15, 16, 17, 18, 19",4,4,ffa_global_B,,/homes/neumann/nguyen/fedlora/FederatedLLM/epoch_round_tuning_cola_client_count/tuning-ffa-cola_stratified-roberta-base-homo-e20-r150/seed0/20/87/round_config.json
ffa,Nonlinear FFA,cola_stratified,CoLA stratified,roberta-base,RoBERTa-base,homo,Homo,20,150,nguyen repo,/homes/neumann/nguyen/fedlora/FederatedLLM/epoch_round_tuning_cola_client_count,0,20,20,88,89,0.5243351914860497,80.82454458293384,"0, 1, 2, 3, 4, 5, 6, 7, 8, 9, 10, 11, 12, 13, 14, 15, 16, 17, 18, 19",4,4,ffa_global_B,,/homes/neumann/nguyen/fedlora/FederatedLLM/epoch_round_tuning_cola_client_count/tuning-ffa-cola_stratified-roberta-base-homo-e20-r150/seed0/20/88/round_config.json
ffa,Nonlinear FFA,cola_stratified,CoLA stratified,roberta-base,RoBERTa-base,homo,Homo,20,150,nguyen repo,/homes/neumann/nguyen/fedlora/FederatedLLM/epoch_round_tuning_cola_client_count,0,20,20,89,90,0.5214716883534575,80.72866730584852,"0, 1, 2, 3, 4, 5, 6, 7, 8, 9, 10, 11, 12, 13, 14, 15, 16, 17, 18, 19",4,4,ffa_global_B,,/homes/neumann/nguyen/fedlora/FederatedLLM/epoch_round_tuning_cola_client_count/tuning-ffa-cola_stratified-roberta-base-homo-e20-r150/seed0/20/89/round_config.json
ffa,Nonlinear FFA,cola_stratified,CoLA stratified,roberta-base,RoBERTa-base,homo,Homo,20,150,nguyen repo,/homes/neumann/nguyen/fedlora/FederatedLLM/epoch_round_tuning_cola_client_count,0,20,20,90,91,0.5214716883534575,80.72866730584852,"0, 1, 2, 3, 4, 5, 6, 7, 8, 9, 10, 11, 12, 13, 14, 15, 16, 17, 18, 19",4,4,ffa_global_B,,/homes/neumann/nguyen/fedlora/FederatedLLM/epoch_round_tuning_cola_client_count/tuning-ffa-cola_stratified-roberta-base-homo-e20-r150/seed0/20/90/round_config.json
ffa,Nonlinear FFA,cola_stratified,CoLA stratified,roberta-base,RoBERTa-base,homo,Homo,20,150,nguyen repo,/homes/neumann/nguyen/fedlora/FederatedLLM/epoch_round_tuning_cola_client_count,0,20,20,91,92,0.5134946392219878,80.44103547459252,"0, 1, 2, 3, 4, 5, 6, 7, 8, 9, 10, 11, 12, 13, 14, 15, 16, 17, 18, 19",4,4,ffa_global_B,,/homes/neumann/nguyen/fedlora/FederatedLLM/epoch_round_tuning_cola_client_count/tuning-ffa-cola_stratified-roberta-base-homo-e20-r150/seed0/20/91/round_config.json
ffa,Nonlinear FFA,cola_stratified,CoLA stratified,roberta-base,RoBERTa-base,homo,Homo,20,150,nguyen repo,/homes/neumann/nguyen/fedlora/FederatedLLM/epoch_round_tuning_cola_client_count,0,20,20,92,93,0.5190360820585255,80.63279002876318,"0, 1, 2, 3, 4, 5, 6, 7, 8, 9, 10, 11, 12, 13, 14, 15, 16, 17, 18, 19",4,4,ffa_global_B,,/homes/neumann/nguyen/fedlora/FederatedLLM/epoch_round_tuning_cola_client_count/tuning-ffa-cola_stratified-roberta-base-homo-e20-r150/seed0/20/92/round_config.json
ffa,Nonlinear FFA,cola_stratified,CoLA stratified,roberta-base,RoBERTa-base,homo,Homo,20,150,nguyen repo,/homes/neumann/nguyen/fedlora/FederatedLLM/epoch_round_tuning_cola_client_count,0,20,20,93,94,0.5214716883534575,80.72866730584852,"0, 1, 2, 3, 4, 5, 6, 7, 8, 9, 10, 11, 12, 13, 14, 15, 16, 17, 18, 19",4,4,ffa_global_B,,/homes/neumann/nguyen/fedlora/FederatedLLM/epoch_round_tuning_cola_client_count/tuning-ffa-cola_stratified-roberta-base-homo-e20-r150/seed0/20/93/round_config.json
ffa,Nonlinear FFA,cola_stratified,CoLA stratified,roberta-base,RoBERTa-base,homo,Homo,20,150,nguyen repo,/homes/neumann/nguyen/fedlora/FederatedLLM/epoch_round_tuning_cola_client_count,0,20,20,94,95,0.5186267566332291,80.63279002876318,"0, 1, 2, 3, 4, 5, 6, 7, 8, 9, 10, 11, 12, 13, 14, 15, 16, 17, 18, 19",4,4,ffa_global_B,,/homes/neumann/nguyen/fedlora/FederatedLLM/epoch_round_tuning_cola_client_count/tuning-ffa-cola_stratified-roberta-base-homo-e20-r150/seed0/20/94/round_config.json
ffa,Nonlinear FFA,cola_stratified,CoLA stratified,roberta-base,RoBERTa-base,homo,Homo,20,150,nguyen repo,/homes/neumann/nguyen/fedlora/FederatedLLM/epoch_round_tuning_cola_client_count,0,20,20,95,96,0.5265703302665122,80.92042186001918,"0, 1, 2, 3, 4, 5, 6, 7, 8, 9, 10, 11, 12, 13, 14, 15, 16, 17, 18, 19",4,4,ffa_global_B,,/homes/neumann/nguyen/fedlora/FederatedLLM/epoch_round_tuning_cola_client_count/tuning-ffa-cola_stratified-roberta-base-homo-e20-r150/seed0/20/95/round_config.json
ffa,Nonlinear FFA,cola_stratified,CoLA stratified,roberta-base,RoBERTa-base,homo,Homo,20,150,nguyen repo,/homes/neumann/nguyen/fedlora/FederatedLLM/epoch_round_tuning_cola_client_count,0,20,20,96,97,0.5159673470694772,80.53691275167785,"0, 1, 2, 3, 4, 5, 6, 7, 8, 9, 10, 11, 12, 13, 14, 15, 16, 17, 18, 19",4,4,ffa_global_B,,/homes/neumann/nguyen/fedlora/FederatedLLM/epoch_round_tuning_cola_client_count/tuning-ffa-cola_stratified-roberta-base-homo-e20-r150/seed0/20/96/round_config.json
ffa,Nonlinear FFA,cola_stratified,CoLA stratified,roberta-base,RoBERTa-base,homo,Homo,20,150,nguyen repo,/homes/neumann/nguyen/fedlora/FederatedLLM/epoch_round_tuning_cola_client_count,0,20,20,97,98,0.5158001386531648,80.53691275167785,"0, 1, 2, 3, 4, 5, 6, 7, 8, 9, 10, 11, 12, 13, 14, 15, 16, 17, 18, 19",4,4,ffa_global_B,,/homes/neumann/nguyen/fedlora/FederatedLLM/epoch_round_tuning_cola_client_count/tuning-ffa-cola_stratified-roberta-base-homo-e20-r150/seed0/20/97/round_config.json
ffa,Nonlinear FFA,cola_stratified,CoLA stratified,roberta-base,RoBERTa-base,homo,Homo,20,150,nguyen repo,/homes/neumann/nguyen/fedlora/FederatedLLM/epoch_round_tuning_cola_client_count,0,20,20,98,99,0.5239281598926565,80.82454458293384,"0, 1, 2, 3, 4, 5, 6, 7, 8, 9, 10, 11, 12, 13, 14, 15, 16, 17, 18, 19",4,4,ffa_global_B,,/homes/neumann/nguyen/fedlora/FederatedLLM/epoch_round_tuning_cola_client_count/tuning-ffa-cola_stratified-roberta-base-homo-e20-r150/seed0/20/98/round_config.json
ffa,Nonlinear FFA,cola_stratified,CoLA stratified,roberta-base,RoBERTa-base,homo,Homo,20,150,nguyen repo,/homes/neumann/nguyen/fedlora/FederatedLLM/epoch_round_tuning_cola_client_count,0,20,20,99,100,0.5159673470694772,80.53691275167785,"0, 1, 2, 3, 4, 5, 6, 7, 8, 9, 10, 11, 12, 13, 14, 15, 16, 17, 18, 19",4,4,ffa_global_B,,/homes/neumann/nguyen/fedlora/FederatedLLM/epoch_round_tuning_cola_client_count/tuning-ffa-cola_stratified-roberta-base-homo-e20-r150/seed0/20/99/round_config.json
ffa,Nonlinear FFA,cola_stratified,CoLA stratified,roberta-base,RoBERTa-base,homo,Homo,20,150,nguyen repo,/homes/neumann/nguyen/fedlora/FederatedLLM/epoch_round_tuning_cola_client_count,0,20,20,100,101,0.5186267566332291,80.63279002876318,"0, 1, 2, 3, 4, 5, 6, 7, 8, 9, 10, 11, 12, 13, 14, 15, 16, 17, 18, 19",4,4,ffa_global_B,,/homes/neumann/nguyen/fedlora/FederatedLLM/epoch_round_tuning_cola_client_count/tuning-ffa-cola_stratified-roberta-base-homo-e20-r150/seed0/20/100/round_config.json
ffa,Nonlinear FFA,cola_stratified,CoLA stratified,roberta-base,RoBERTa-base,homo,Homo,20,150,nguyen repo,/homes/neumann/nguyen/fedlora/FederatedLLM/epoch_round_tuning_cola_client_count,0,20,20,101,102,0.5186267566332291,80.63279002876318,"0, 1, 2, 3, 4, 5, 6, 7, 8, 9, 10, 11, 12, 13, 14, 15, 16, 17, 18, 19",4,4,ffa_global_B,,/homes/neumann/nguyen/fedlora/FederatedLLM/epoch_round_tuning_cola_client_count/tuning-ffa-cola_stratified-roberta-base-homo-e20-r150/seed0/20/101/round_config.json
ffa,Nonlinear FFA,cola_stratified,CoLA stratified,roberta-base,RoBERTa-base,homo,Homo,20,150,nguyen repo,/homes/neumann/nguyen/fedlora/FederatedLLM/epoch_round_tuning_cola_client_count,0,20,20,102,103,0.5158001386531648,80.53691275167785,"0, 1, 2, 3, 4, 5, 6, 7, 8, 9, 10, 11, 12, 13, 14, 15, 16, 17, 18, 19",4,4,ffa_global_B,,/homes/neumann/nguyen/fedlora/FederatedLLM/epoch_round_tuning_cola_client_count/tuning-ffa-cola_stratified-roberta-base-homo-e20-r150/seed0/20/102/round_config.json
ffa,Nonlinear FFA,cola_stratified,CoLA stratified,roberta-base,RoBERTa-base,homo,Homo,20,150,nguyen repo,/homes/neumann/nguyen/fedlora/FederatedLLM/epoch_round_tuning_cola_client_count,0,20,20,103,104,0.5216885723420658,80.72866730584852,"0, 1, 2, 3, 4, 5, 6, 7, 8, 9, 10, 11, 12, 13, 14, 15, 16, 17, 18, 19",4,4,ffa_global_B,,/homes/neumann/nguyen/fedlora/FederatedLLM/epoch_round_tuning_cola_client_count/tuning-ffa-cola_stratified-roberta-base-homo-e20-r150/seed0/20/103/round_config.json
ffa,Nonlinear FFA,cola_stratified,CoLA stratified,roberta-base,RoBERTa-base,homo,Homo,20,150,nguyen repo,/homes/neumann/nguyen/fedlora/FederatedLLM/epoch_round_tuning_cola_client_count,0,20,20,104,105,0.5161596159953151,80.53691275167785,"0, 1, 2, 3, 4, 5, 6, 7, 8, 9, 10, 11, 12, 13, 14, 15, 16, 17, 18, 19",4,4,ffa_global_B,,/homes/neumann/nguyen/fedlora/FederatedLLM/epoch_round_tuning_cola_client_count/tuning-ffa-cola_stratified-roberta-base-homo-e20-r150/seed0/20/104/round_config.json
ffa,Nonlinear FFA,cola_stratified,CoLA stratified,roberta-base,RoBERTa-base,homo,Homo,20,150,nguyen repo,/homes/neumann/nguyen/fedlora/FederatedLLM/epoch_round_tuning_cola_client_count,0,20,20,105,106,0.5186267566332291,80.63279002876318,"0, 1, 2, 3, 4, 5, 6, 7, 8, 9, 10, 11, 12, 13, 14, 15, 16, 17, 18, 19",4,4,ffa_global_B,,/homes/neumann/nguyen/fedlora/FederatedLLM/epoch_round_tuning_cola_client_count/tuning-ffa-cola_stratified-roberta-base-homo-e20-r150/seed0/20/105/round_config.json
ffa,Nonlinear FFA,cola_stratified,CoLA stratified,roberta-base,RoBERTa-base,homo,Homo,20,150,nguyen repo,/homes/neumann/nguyen/fedlora/FederatedLLM/epoch_round_tuning_cola_client_count,0,20,20,106,107,0.5158001386531648,80.53691275167785,"0, 1, 2, 3, 4, 5, 6, 7, 8, 9, 10, 11, 12, 13, 14, 15, 16, 17, 18, 19",4,4,ffa_global_B,,/homes/neumann/nguyen/fedlora/FederatedLLM/epoch_round_tuning_cola_client_count/tuning-ffa-cola_stratified-roberta-base-homo-e20-r150/seed0/20/106/round_config.json
ffa,Nonlinear FFA,cola_stratified,CoLA stratified,roberta-base,RoBERTa-base,homo,Homo,20,150,nguyen repo,/homes/neumann/nguyen/fedlora/FederatedLLM/epoch_round_tuning_cola_client_count,0,20,20,107,108,0.518459870748358,80.63279002876318,"0, 1, 2, 3, 4, 5, 6, 7, 8, 9, 10, 11, 12, 13, 14, 15, 16, 17, 18, 19",4,4,ffa_global_B,,/homes/neumann/nguyen/fedlora/FederatedLLM/epoch_round_tuning_cola_client_count/tuning-ffa-cola_stratified-roberta-base-homo-e20-r150/seed0/20/107/round_config.json
ffa,Nonlinear FFA,cola_stratified,CoLA stratified,roberta-base,RoBERTa-base,homo,Homo,20,150,nguyen repo,/homes/neumann/nguyen/fedlora/FederatedLLM/epoch_round_tuning_cola_client_count,0,20,20,108,109,0.518459870748358,80.63279002876318,"0, 1, 2, 3, 4, 5, 6, 7, 8, 9, 10, 11, 12, 13, 14, 15, 16, 17, 18, 19",4,4,ffa_global_B,,/homes/neumann/nguyen/fedlora/FederatedLLM/epoch_round_tuning_cola_client_count/tuning-ffa-cola_stratified-roberta-base-homo-e20-r150/seed0/20/108/round_config.json
ffa,Nonlinear FFA,cola_stratified,CoLA stratified,roberta-base,RoBERTa-base,homo,Homo,20,150,nguyen repo,/homes/neumann/nguyen/fedlora/FederatedLLM/epoch_round_tuning_cola_client_count,0,20,20,109,110,0.5128724791536567,80.44103547459252,"0, 1, 2, 3, 4, 5, 6, 7, 8, 9, 10, 11, 12, 13, 14, 15, 16, 17, 18, 19",4,4,ffa_global_B,,/homes/neumann/nguyen/fedlora/FederatedLLM/epoch_round_tuning_cola_client_count/tuning-ffa-cola_stratified-roberta-base-homo-e20-r150/seed0/20/109/round_config.json
ffa,Nonlinear FFA,cola_stratified,CoLA stratified,roberta-base,RoBERTa-base,homo,Homo,20,150,nguyen repo,/homes/neumann/nguyen/fedlora/FederatedLLM/epoch_round_tuning_cola_client_count,0,20,20,110,111,0.5128724791536567,80.44103547459252,"0, 1, 2, 3, 4, 5, 6, 7, 8, 9, 10, 11, 12, 13, 14, 15, 16, 17, 18, 19",4,4,ffa_global_B,,/homes/neumann/nguyen/fedlora/FederatedLLM/epoch_round_tuning_cola_client_count/tuning-ffa-cola_stratified-roberta-base-homo-e20-r150/seed0/20/110/round_config.json
ffa,Nonlinear FFA,cola_stratified,CoLA stratified,roberta-base,RoBERTa-base,homo,Homo,20,150,nguyen repo,/homes/neumann/nguyen/fedlora/FederatedLLM/epoch_round_tuning_cola_client_count,0,20,20,111,112,0.515657335036008,80.53691275167785,"0, 1, 2, 3, 4, 5, 6, 7, 8, 9, 10, 11, 12, 13, 14, 15, 16, 17, 18, 19",4,4,ffa_global_B,,/homes/neumann/nguyen/fedlora/FederatedLLM/epoch_round_tuning_cola_client_count/tuning-ffa-cola_stratified-roberta-base-homo-e20-r150/seed0/20/111/round_config.json
ffa,Nonlinear FFA,cola_stratified,CoLA stratified,roberta-base,RoBERTa-base,homo,Homo,20,150,nguyen repo,/homes/neumann/nguyen/fedlora/FederatedLLM/epoch_round_tuning_cola_client_count,0,20,20,112,113,0.5158001386531648,80.53691275167785,"0, 1, 2, 3, 4, 5, 6, 7, 8, 9, 10, 11, 12, 13, 14, 15, 16, 17, 18, 19",4,4,ffa_global_B,,/homes/neumann/nguyen/fedlora/FederatedLLM/epoch_round_tuning_cola_client_count/tuning-ffa-cola_stratified-roberta-base-homo-e20-r150/seed0/20/112/round_config.json
ffa,Nonlinear FFA,cola_stratified,CoLA stratified,roberta-base,RoBERTa-base,homo,Homo,20,150,nguyen repo,/homes/neumann/nguyen/fedlora/FederatedLLM/epoch_round_tuning_cola_client_count,0,20,20,113,114,0.5159673470694772,80.53691275167785,"0, 1, 2, 3, 4, 5, 6, 7, 8, 9, 10, 11, 12, 13, 14, 15, 16, 17, 18, 19",4,4,ffa_global_B,,/homes/neumann/nguyen/fedlora/FederatedLLM/epoch_round_tuning_cola_client_count/tuning-ffa-cola_stratified-roberta-base-homo-e20-r150/seed0/20/113/round_config.json
ffa,Nonlinear FFA,cola_stratified,CoLA stratified,roberta-base,RoBERTa-base,homo,Homo,20,150,nguyen repo,/homes/neumann/nguyen/fedlora/FederatedLLM/epoch_round_tuning_cola_client_count,0,20,20,114,115,0.5129915816040594,80.44103547459252,"0, 1, 2, 3, 4, 5, 6, 7, 8, 9, 10, 11, 12, 13, 14, 15, 16, 17, 18, 19",4,4,ffa_global_B,,/homes/neumann/nguyen/fedlora/FederatedLLM/epoch_round_tuning_cola_client_count/tuning-ffa-cola_stratified-roberta-base-homo-e20-r150/seed0/20/114/round_config.json
ffa,Nonlinear FFA,cola_stratified,CoLA stratified,roberta-base,RoBERTa-base,homo,Homo,20,150,nguyen repo,/homes/neumann/nguyen/fedlora/FederatedLLM/epoch_round_tuning_cola_client_count,0,20,20,115,116,0.5186267566332291,80.63279002876318,"0, 1, 2, 3, 4, 5, 6, 7, 8, 9, 10, 11, 12, 13, 14, 15, 16, 17, 18, 19",4,4,ffa_global_B,,/homes/neumann/nguyen/fedlora/FederatedLLM/epoch_round_tuning_cola_client_count/tuning-ffa-cola_stratified-roberta-base-homo-e20-r150/seed0/20/115/round_config.json
ffa,Nonlinear FFA,cola_stratified,CoLA stratified,roberta-base,RoBERTa-base,homo,Homo,20,150,nguyen repo,/homes/neumann/nguyen/fedlora/FederatedLLM/epoch_round_tuning_cola_client_count,0,20,20,116,117,0.5211138326512601,80.72866730584852,"0, 1, 2, 3, 4, 5, 6, 7, 8, 9, 10, 11, 12, 13, 14, 15, 16, 17, 18, 19",4,4,ffa_global_B,,/homes/neumann/nguyen/fedlora/FederatedLLM/epoch_round_tuning_cola_client_count/tuning-ffa-cola_stratified-roberta-base-homo-e20-r150/seed0/20/116/round_config.json
ffa,Nonlinear FFA,cola_stratified,CoLA stratified,roberta-base,RoBERTa-base,homo,Homo,20,150,nguyen repo,/homes/neumann/nguyen/fedlora/FederatedLLM/epoch_round_tuning_cola_client_count,0,20,20,117,118,0.5265703302665122,80.92042186001918,"0, 1, 2, 3, 4, 5, 6, 7, 8, 9, 10, 11, 12, 13, 14, 15, 16, 17, 18, 19",4,4,ffa_global_B,,/homes/neumann/nguyen/fedlora/FederatedLLM/epoch_round_tuning_cola_client_count/tuning-ffa-cola_stratified-roberta-base-homo-e20-r150/seed0/20/117/round_config.json
ffa,Nonlinear FFA,cola_stratified,CoLA stratified,roberta-base,RoBERTa-base,homo,Homo,20,150,nguyen repo,/homes/neumann/nguyen/fedlora/FederatedLLM/epoch_round_tuning_cola_client_count,0,20,20,118,119,0.5237621121274929,80.82454458293384,"0, 1, 2, 3, 4, 5, 6, 7, 8, 9, 10, 11, 12, 13, 14, 15, 16, 17, 18, 19",4,4,ffa_global_B,,/homes/neumann/nguyen/fedlora/FederatedLLM/epoch_round_tuning_cola_client_count/tuning-ffa-cola_stratified-roberta-base-homo-e20-r150/seed0/20/118/round_config.json
ffa,Nonlinear FFA,cola_stratified,CoLA stratified,roberta-base,RoBERTa-base,homo,Homo,20,150,nguyen repo,/homes/neumann/nguyen/fedlora/FederatedLLM/epoch_round_tuning_cola_client_count,0,20,20,119,120,0.5239281598926565,80.82454458293384,"0, 1, 2, 3, 4, 5, 6, 7, 8, 9, 10, 11, 12, 13, 14, 15, 16, 17, 18, 19",4,4,ffa_global_B,,/homes/neumann/nguyen/fedlora/FederatedLLM/epoch_round_tuning_cola_client_count/tuning-ffa-cola_stratified-roberta-base-homo-e20-r150/seed0/20/119/round_config.json
ffa,Nonlinear FFA,cola_stratified,CoLA stratified,roberta-base,RoBERTa-base,homo,Homo,20,150,nguyen repo,/homes/neumann/nguyen/fedlora/FederatedLLM/epoch_round_tuning_cola_client_count,0,20,20,120,121,0.5239281598926565,80.82454458293384,"0, 1, 2, 3, 4, 5, 6, 7, 8, 9, 10, 11, 12, 13, 14, 15, 16, 17, 18, 19",4,4,ffa_global_B,,/homes/neumann/nguyen/fedlora/FederatedLLM/epoch_round_tuning_cola_client_count/tuning-ffa-cola_stratified-roberta-base-homo-e20-r150/seed0/20/120/round_config.json
ffa,Nonlinear FFA,cola_stratified,CoLA stratified,roberta-base,RoBERTa-base,homo,Homo,20,150,nguyen repo,/homes/neumann/nguyen/fedlora/FederatedLLM/epoch_round_tuning_cola_client_count,0,20,20,121,122,0.5237621121274929,80.82454458293384,"0, 1, 2, 3, 4, 5, 6, 7, 8, 9, 10, 11, 12, 13, 14, 15, 16, 17, 18, 19",4,4,ffa_global_B,,/homes/neumann/nguyen/fedlora/FederatedLLM/epoch_round_tuning_cola_client_count/tuning-ffa-cola_stratified-roberta-base-homo-e20-r150/seed0/20/121/round_config.json
ffa,Nonlinear FFA,cola_stratified,CoLA stratified,roberta-base,RoBERTa-base,homo,Homo,20,150,nguyen repo,/homes/neumann/nguyen/fedlora/FederatedLLM/epoch_round_tuning_cola_client_count,0,20,20,122,123,0.5239281598926565,80.82454458293384,"0, 1, 2, 3, 4, 5, 6, 7, 8, 9, 10, 11, 12, 13, 14, 15, 16, 17, 18, 19",4,4,ffa_global_B,,/homes/neumann/nguyen/fedlora/FederatedLLM/epoch_round_tuning_cola_client_count/tuning-ffa-cola_stratified-roberta-base-homo-e20-r150/seed0/20/122/round_config.json
ffa,Nonlinear FFA,cola_stratified,CoLA stratified,roberta-base,RoBERTa-base,homo,Homo,20,150,nguyen repo,/homes/neumann/nguyen/fedlora/FederatedLLM/epoch_round_tuning_cola_client_count,0,20,20,123,124,0.518459870748358,80.63279002876318,"0, 1, 2, 3, 4, 5, 6, 7, 8, 9, 10, 11, 12, 13, 14, 15, 16, 17, 18, 19",4,4,ffa_global_B,,/homes/neumann/nguyen/fedlora/FederatedLLM/epoch_round_tuning_cola_client_count/tuning-ffa-cola_stratified-roberta-base-homo-e20-r150/seed0/20/123/round_config.json
ffa,Nonlinear FFA,cola_stratified,CoLA stratified,roberta-base,RoBERTa-base,homo,Homo,20,150,nguyen repo,/homes/neumann/nguyen/fedlora/FederatedLLM/epoch_round_tuning_cola_client_count,0,20,20,124,125,0.5046216086478392,80.15340364333653,"0, 1, 2, 3, 4, 5, 6, 7, 8, 9, 10, 11, 12, 13, 14, 15, 16, 17, 18, 19",4,4,ffa_global_B,,/homes/neumann/nguyen/fedlora/FederatedLLM/epoch_round_tuning_cola_client_count/tuning-ffa-cola_stratified-roberta-base-homo-e20-r150/seed0/20/124/round_config.json
ffa,Nonlinear FFA,cola_stratified,CoLA stratified,roberta-base,RoBERTa-base,homo,Homo,20,150,nguyen repo,/homes/neumann/nguyen/fedlora/FederatedLLM/epoch_round_tuning_cola_client_count,0,20,20,125,126,0.5154424505113391,80.53691275167785,"0, 1, 2, 3, 4, 5, 6, 7, 8, 9, 10, 11, 12, 13, 14, 15, 16, 17, 18, 19",4,4,ffa_global_B,,/homes/neumann/nguyen/fedlora/FederatedLLM/epoch_round_tuning_cola_client_count/tuning-ffa-cola_stratified-roberta-base-homo-e20-r150/seed0/20/125/round_config.json
flora,Linear FLoRA,cola_stratified,CoLA stratified,roberta-base,RoBERTa-base,homo,Homo,20,150,nguyen repo,/homes/neumann/nguyen/fedlora/FederatedLLM/epoch_round_tuning_cola_client_count,0,3,3,0,1,0.5429398231122686,81.49568552253116,"0, 1, 2",12,12,merged_linear_residual,,/homes/neumann/nguyen/fedlora/FederatedLLM/epoch_round_tuning_cola_client_count/tuning-flora-cola_stratified-roberta-base-homo-e20-r150/seed0/3/0/round_config.json
flora,Linear FLoRA,cola_stratified,CoLA stratified,roberta-base,RoBERTa-base,homo,Homo,20,150,nguyen repo,/homes/neumann/nguyen/fedlora/FederatedLLM/epoch_round_tuning_cola_client_count,0,3,3,1,2,0.5541614866719362,81.87919463087249,"0, 1, 2",12,12,merged_linear_residual,,/homes/neumann/nguyen/fedlora/FederatedLLM/epoch_round_tuning_cola_client_count/tuning-flora-cola_stratified-roberta-base-homo-e20-r150/seed0/3/1/round_config.json
flora,Linear FLoRA,cola_stratified,CoLA stratified,roberta-base,RoBERTa-base,homo,Homo,20,150,nguyen repo,/homes/neumann/nguyen/fedlora/FederatedLLM/epoch_round_tuning_cola_client_count,0,3,3,2,3,0.5590042613014093,82.07094918504313,"0, 1, 2",12,12,merged_linear_residual,,/homes/neumann/nguyen/fedlora/FederatedLLM/epoch_round_tuning_cola_client_count/tuning-flora-cola_stratified-roberta-base-homo-e20-r150/seed0/3/2/round_config.json
flora,Linear FLoRA,cola_stratified,CoLA stratified,roberta-base,RoBERTa-base,homo,Homo,20,150,nguyen repo,/homes/neumann/nguyen/fedlora/FederatedLLM/epoch_round_tuning_cola_client_count,0,3,3,3,4,0.5638613324305274,82.2627037392138,"0, 1, 2",12,12,merged_linear_residual,,/homes/neumann/nguyen/fedlora/FederatedLLM/epoch_round_tuning_cola_client_count/tuning-flora-cola_stratified-roberta-base-homo-e20-r150/seed0/3/3/round_config.json
flora,Linear FLoRA,cola_stratified,CoLA stratified,roberta-base,RoBERTa-base,homo,Homo,20,150,nguyen repo,/homes/neumann/nguyen/fedlora/FederatedLLM/epoch_round_tuning_cola_client_count,0,3,3,4,5,0.5661745589126856,82.35858101629914,"0, 1, 2",12,12,merged_linear_residual,,/homes/neumann/nguyen/fedlora/FederatedLLM/epoch_round_tuning_cola_client_count/tuning-flora-cola_stratified-roberta-base-homo-e20-r150/seed0/3/4/round_config.json
flora,Linear FLoRA,cola_stratified,CoLA stratified,roberta-base,RoBERTa-base,homo,Homo,20,150,nguyen repo,/homes/neumann/nguyen/fedlora/FederatedLLM/epoch_round_tuning_cola_client_count,0,3,3,5,6,0.5636121316930314,82.2627037392138,"0, 1, 2",12,12,merged_linear_residual,,/homes/neumann/nguyen/fedlora/FederatedLLM/epoch_round_tuning_cola_client_count/tuning-flora-cola_stratified-roberta-base-homo-e20-r150/seed0/3/5/round_config.json
flora,Linear FLoRA,cola_stratified,CoLA stratified,roberta-base,RoBERTa-base,homo,Homo,20,150,nguyen repo,/homes/neumann/nguyen/fedlora/FederatedLLM/epoch_round_tuning_cola_client_count,0,3,3,6,7,0.5685115636716958,82.45445829338448,"0, 1, 2",12,12,merged_linear_residual,,/homes/neumann/nguyen/fedlora/FederatedLLM/epoch_round_tuning_cola_client_count/tuning-flora-cola_stratified-roberta-base-homo-e20-r150/seed0/3/6/round_config.json
flora,Linear FLoRA,cola_stratified,CoLA stratified,roberta-base,RoBERTa-base,homo,Homo,20,150,nguyen repo,/homes/neumann/nguyen/fedlora/FederatedLLM/epoch_round_tuning_cola_client_count,0,3,3,7,8,0.5604411498024476,82.16682646212847,"0, 1, 2",12,12,merged_linear_residual,,/homes/neumann/nguyen/fedlora/FederatedLLM/epoch_round_tuning_cola_client_count/tuning-flora-cola_stratified-roberta-base-homo-e20-r150/seed0/3/7/round_config.json
flora,Linear FLoRA,cola_stratified,CoLA stratified,roberta-base,RoBERTa-base,homo,Homo,20,150,nguyen repo,/homes/neumann/nguyen/fedlora/FederatedLLM/epoch_round_tuning_cola_client_count,0,3,3,8,9,0.5606182756735524,82.16682646212847,"0, 1, 2",12,12,merged_linear_residual,,/homes/neumann/nguyen/fedlora/FederatedLLM/epoch_round_tuning_cola_client_count/tuning-flora-cola_stratified-roberta-base-homo-e20-r150/seed0/3/8/round_config.json
flora,Linear FLoRA,cola_stratified,CoLA stratified,roberta-base,RoBERTa-base,homo,Homo,20,150,nguyen repo,/homes/neumann/nguyen/fedlora/FederatedLLM/epoch_round_tuning_cola_client_count,0,3,3,9,10,0.5526991664576107,81.87919463087249,"0, 1, 2",12,12,merged_linear_residual,,/homes/neumann/nguyen/fedlora/FederatedLLM/epoch_round_tuning_cola_client_count/tuning-flora-cola_stratified-roberta-base-homo-e20-r150/seed0/3/9/round_config.json
flora,Linear FLoRA,cola_stratified,CoLA stratified,roberta-base,RoBERTa-base,homo,Homo,20,150,nguyen repo,/homes/neumann/nguyen/fedlora/FederatedLLM/epoch_round_tuning_cola_client_count,0,3,3,10,11,0.5580435869782275,82.07094918504313,"0, 1, 2",12,12,merged_linear_residual,,/homes/neumann/nguyen/fedlora/FederatedLLM/epoch_round_tuning_cola_client_count/tuning-flora-cola_stratified-roberta-base-homo-e20-r150/seed0/3/10/round_config.json
flora,Linear FLoRA,cola_stratified,CoLA stratified,roberta-base,RoBERTa-base,homo,Homo,20,150,nguyen repo,/homes/neumann/nguyen/fedlora/FederatedLLM/epoch_round_tuning_cola_client_count,0,3,3,11,12,0.5580435869782275,82.07094918504313,"0, 1, 2",12,12,merged_linear_residual,,/homes/neumann/nguyen/fedlora/FederatedLLM/epoch_round_tuning_cola_client_count/tuning-flora-cola_stratified-roberta-base-homo-e20-r150/seed0/3/11/round_config.json
flora,Linear FLoRA,cola_stratified,CoLA stratified,roberta-base,RoBERTa-base,homo,Homo,20,150,nguyen repo,/homes/neumann/nguyen/fedlora/FederatedLLM/epoch_round_tuning_cola_client_count,0,3,3,12,13,0.5580435869782275,82.07094918504313,"0, 1, 2",12,12,merged_linear_residual,,/homes/neumann/nguyen/fedlora/FederatedLLM/epoch_round_tuning_cola_client_count/tuning-flora-cola_stratified-roberta-base-homo-e20-r150/seed0/3/12/round_config.json
flora,Linear FLoRA,cola_stratified,CoLA stratified,roberta-base,RoBERTa-base,homo,Homo,20,150,nguyen repo,/homes/neumann/nguyen/fedlora/FederatedLLM/epoch_round_tuning_cola_client_count,0,3,3,13,14,0.5554642168473025,81.97507190795783,"0, 1, 2",12,12,merged_linear_residual,,/homes/neumann/nguyen/fedlora/FederatedLLM/epoch_round_tuning_cola_client_count/tuning-flora-cola_stratified-roberta-base-homo-e20-r150/seed0/3/13/round_config.json
flora,Linear FLoRA,cola_stratified,CoLA stratified,roberta-base,RoBERTa-base,homo,Homo,20,150,nguyen repo,/homes/neumann/nguyen/fedlora/FederatedLLM/epoch_round_tuning_cola_client_count,0,3,3,14,15,0.5528800923802824,81.87919463087249,"0, 1, 2",12,12,merged_linear_residual,,/homes/neumann/nguyen/fedlora/FederatedLLM/epoch_round_tuning_cola_client_count/tuning-flora-cola_stratified-roberta-base-homo-e20-r150/seed0/3/14/round_config.json
flora,Linear FLoRA,cola_stratified,CoLA stratified,roberta-base,RoBERTa-base,homo,Homo,20,150,nguyen repo,/homes/neumann/nguyen/fedlora/FederatedLLM/epoch_round_tuning_cola_client_count,0,3,3,15,16,0.5501090458146111,81.78331735378715,"0, 1, 2",12,12,merged_linear_residual,,/homes/neumann/nguyen/fedlora/FederatedLLM/epoch_round_tuning_cola_client_count/tuning-flora-cola_stratified-roberta-base-homo-e20-r150/seed0/3/15/round_config.json
flora,Linear FLoRA,cola_stratified,CoLA stratified,roberta-base,RoBERTa-base,homo,Homo,20,150,nguyen repo,/homes/neumann/nguyen/fedlora/FederatedLLM/epoch_round_tuning_cola_client_count,0,3,3,16,17,0.5580435869782275,82.07094918504313,"0, 1, 2",12,12,merged_linear_residual,,/homes/neumann/nguyen/fedlora/FederatedLLM/epoch_round_tuning_cola_client_count/tuning-flora-cola_stratified-roberta-base-homo-e20-r150/seed0/3/16/round_config.json
flora,Linear FLoRA,cola_stratified,CoLA stratified,roberta-base,RoBERTa-base,homo,Homo,20,150,nguyen repo,/homes/neumann/nguyen/fedlora/FederatedLLM/epoch_round_tuning_cola_client_count,0,3,3,17,18,0.5554642168473025,81.97507190795783,"0, 1, 2",12,12,merged_linear_residual,,/homes/neumann/nguyen/fedlora/FederatedLLM/epoch_round_tuning_cola_client_count/tuning-flora-cola_stratified-roberta-base-homo-e20-r150/seed0/3/17/round_config.json
flora,Linear FLoRA,cola_stratified,CoLA stratified,roberta-base,RoBERTa-base,homo,Homo,20,150,nguyen repo,/homes/neumann/nguyen/fedlora/FederatedLLM/epoch_round_tuning_cola_client_count,0,3,3,18,19,0.5554642168473025,81.97507190795783,"0, 1, 2",12,12,merged_linear_residual,,/homes/neumann/nguyen/fedlora/FederatedLLM/epoch_round_tuning_cola_client_count/tuning-flora-cola_stratified-roberta-base-homo-e20-r150/seed0/3/18/round_config.json
flora,Linear FLoRA,cola_stratified,CoLA stratified,roberta-base,RoBERTa-base,homo,Homo,20,150,nguyen repo,/homes/neumann/nguyen/fedlora/FederatedLLM/epoch_round_tuning_cola_client_count,0,3,3,19,20,0.5608193878799941,82.16682646212847,"0, 1, 2",12,12,merged_linear_residual,,/homes/neumann/nguyen/fedlora/FederatedLLM/epoch_round_tuning_cola_client_count/tuning-flora-cola_stratified-roberta-base-homo-e20-r150/seed0/3/19/round_config.json
flora,Linear FLoRA,cola_stratified,CoLA stratified,roberta-base,RoBERTa-base,homo,Homo,20,150,nguyen repo,/homes/neumann/nguyen/fedlora/FederatedLLM/epoch_round_tuning_cola_client_count,0,3,3,20,21,0.5582461120366569,82.07094918504313,"0, 1, 2",12,12,merged_linear_residual,,/homes/neumann/nguyen/fedlora/FederatedLLM/epoch_round_tuning_cola_client_count/tuning-flora-cola_stratified-roberta-base-homo-e20-r150/seed0/3/20/round_config.json
flora,Linear FLoRA,cola_stratified,CoLA stratified,roberta-base,RoBERTa-base,homo,Homo,20,150,nguyen repo,/homes/neumann/nguyen/fedlora/FederatedLLM/epoch_round_tuning_cola_client_count,0,3,3,21,22,0.5608193878799941,82.16682646212847,"0, 1, 2",12,12,merged_linear_residual,,/homes/neumann/nguyen/fedlora/FederatedLLM/epoch_round_tuning_cola_client_count/tuning-flora-cola_stratified-roberta-base-homo-e20-r150/seed0/3/21/round_config.json
flora,Linear FLoRA,cola_stratified,CoLA stratified,roberta-base,RoBERTa-base,homo,Homo,20,150,nguyen repo,/homes/neumann/nguyen/fedlora/FederatedLLM/epoch_round_tuning_cola_client_count,0,3,3,22,23,0.5582461120366569,82.07094918504313,"0, 1, 2",12,12,merged_linear_residual,,/homes/neumann/nguyen/fedlora/FederatedLLM/epoch_round_tuning_cola_client_count/tuning-flora-cola_stratified-roberta-base-homo-e20-r150/seed0/3/22/round_config.json
flora,Linear FLoRA,cola_stratified,CoLA stratified,roberta-base,RoBERTa-base,homo,Homo,20,150,nguyen repo,/homes/neumann/nguyen/fedlora/FederatedLLM/epoch_round_tuning_cola_client_count,0,3,3,23,24,0.5582461120366569,82.07094918504313,"0, 1, 2",12,12,merged_linear_residual,,/homes/neumann/nguyen/fedlora/FederatedLLM/epoch_round_tuning_cola_client_count/tuning-flora-cola_stratified-roberta-base-homo-e20-r150/seed0/3/23/round_config.json
flora,Linear FLoRA,cola_stratified,CoLA stratified,roberta-base,RoBERTa-base,homo,Homo,20,150,nguyen repo,/homes/neumann/nguyen/fedlora/FederatedLLM/epoch_round_tuning_cola_client_count,0,3,3,24,25,0.5584733161070394,82.07094918504313,"0, 1, 2",12,12,merged_linear_residual,,/homes/neumann/nguyen/fedlora/FederatedLLM/epoch_round_tuning_cola_client_count/tuning-flora-cola_stratified-roberta-base-homo-e20-r150/seed0/3/24/round_config.json
flora,Linear FLoRA,cola_stratified,CoLA stratified,roberta-base,RoBERTa-base,homo,Homo,20,150,nguyen repo,/homes/neumann/nguyen/fedlora/FederatedLLM/epoch_round_tuning_cola_client_count,0,3,3,25,26,0.5580435869782275,82.07094918504313,"0, 1, 2",12,12,merged_linear_residual,,/homes/neumann/nguyen/fedlora/FederatedLLM/epoch_round_tuning_cola_client_count/tuning-flora-cola_stratified-roberta-base-homo-e20-r150/seed0/3/25/round_config.json
flora,Linear FLoRA,cola_stratified,CoLA stratified,roberta-base,RoBERTa-base,homo,Homo,20,150,nguyen repo,/homes/neumann/nguyen/fedlora/FederatedLLM/epoch_round_tuning_cola_client_count,0,3,3,26,27,0.5687324280194611,82.45445829338448,"0, 1, 2",12,12,merged_linear_residual,,/homes/neumann/nguyen/fedlora/FederatedLLM/epoch_round_tuning_cola_client_count/tuning-flora-cola_stratified-roberta-base-homo-e20-r150/seed0/3/26/round_config.json
flora,Linear FLoRA,cola_stratified,CoLA stratified,roberta-base,RoBERTa-base,homo,Homo,20,150,nguyen repo,/homes/neumann/nguyen/fedlora/FederatedLLM/epoch_round_tuning_cola_client_count,0,3,3,27,28,0.5608193878799941,82.16682646212847,"0, 1, 2",12,12,merged_linear_residual,,/homes/neumann/nguyen/fedlora/FederatedLLM/epoch_round_tuning_cola_client_count/tuning-flora-cola_stratified-roberta-base-homo-e20-r150/seed0/3/27/round_config.json
flora,Linear FLoRA,cola_stratified,CoLA stratified,roberta-base,RoBERTa-base,homo,Homo,20,150,nguyen repo,/homes/neumann/nguyen/fedlora/FederatedLLM/epoch_round_tuning_cola_client_count,0,3,3,28,29,0.5606182756735524,82.16682646212847,"0, 1, 2",12,12,merged_linear_residual,,/homes/neumann/nguyen/fedlora/FederatedLLM/epoch_round_tuning_cola_client_count/tuning-flora-cola_stratified-roberta-base-homo-e20-r150/seed0/3/28/round_config.json
flora,Linear FLoRA,cola_stratified,CoLA stratified,roberta-base,RoBERTa-base,homo,Homo,20,150,nguyen repo,/homes/neumann/nguyen/fedlora/FederatedLLM/epoch_round_tuning_cola_client_count,0,3,3,29,30,0.5631883547866908,82.2627037392138,"0, 1, 2",12,12,merged_linear_residual,,/homes/neumann/nguyen/fedlora/FederatedLLM/epoch_round_tuning_cola_client_count/tuning-flora-cola_stratified-roberta-base-homo-e20-r150/seed0/3/29/round_config.json
flora,Linear FLoRA,cola_stratified,CoLA stratified,roberta-base,RoBERTa-base,homo,Homo,20,150,nguyen repo,/homes/neumann/nguyen/fedlora/FederatedLLM/epoch_round_tuning_cola_client_count,0,3,3,30,31,0.557865145901686,82.07094918504313,"0, 1, 2",12,12,merged_linear_residual,,/homes/neumann/nguyen/fedlora/FederatedLLM/epoch_round_tuning_cola_client_count/tuning-flora-cola_stratified-roberta-base-homo-e20-r150/seed0/3/30/round_config.json
flora,Linear FLoRA,cola_stratified,CoLA stratified,roberta-base,RoBERTa-base,homo,Homo,20,150,nguyen repo,/homes/neumann/nguyen/fedlora/FederatedLLM/epoch_round_tuning_cola_client_count,0,3,3,31,32,0.5633880074988443,82.2627037392138,"0, 1, 2",12,12,merged_linear_residual,,/homes/neumann/nguyen/fedlora/FederatedLLM/epoch_round_tuning_cola_client_count/tuning-flora-cola_stratified-roberta-base-homo-e20-r150/seed0/3/31/round_config.json
flora,Linear FLoRA,cola_stratified,CoLA stratified,roberta-base,RoBERTa-base,homo,Homo,20,150,nguyen repo,/homes/neumann/nguyen/fedlora/FederatedLLM/epoch_round_tuning_cola_client_count,0,3,3,32,33,0.5633880074988443,82.2627037392138,"0, 1, 2",12,12,merged_linear_residual,,/homes/neumann/nguyen/fedlora/FederatedLLM/epoch_round_tuning_cola_client_count/tuning-flora-cola_stratified-roberta-base-homo-e20-r150/seed0/3/32/round_config.json
flora,Linear FLoRA,cola_stratified,CoLA stratified,roberta-base,RoBERTa-base,homo,Homo,20,150,nguyen repo,/homes/neumann/nguyen/fedlora/FederatedLLM/epoch_round_tuning_cola_client_count,0,3,3,33,34,0.5556681072632618,81.97507190795783,"0, 1, 2",12,12,merged_linear_residual,,/homes/neumann/nguyen/fedlora/FederatedLLM/epoch_round_tuning_cola_client_count/tuning-flora-cola_stratified-roberta-base-homo-e20-r150/seed0/3/33/round_config.json
flora,Linear FLoRA,cola_stratified,CoLA stratified,roberta-base,RoBERTa-base,homo,Homo,20,150,nguyen repo,/homes/neumann/nguyen/fedlora/FederatedLLM/epoch_round_tuning_cola_client_count,0,3,3,34,35,0.5582461120366569,82.07094918504313,"0, 1, 2",12,12,merged_linear_residual,,/homes/neumann/nguyen/fedlora/FederatedLLM/epoch_round_tuning_cola_client_count/tuning-flora-cola_stratified-roberta-base-homo-e20-r150/seed0/3/34/round_config.json
flora,Linear FLoRA,cola_stratified,CoLA stratified,roberta-base,RoBERTa-base,homo,Homo,20,150,nguyen repo,/homes/neumann/nguyen/fedlora/FederatedLLM/epoch_round_tuning_cola_client_count,0,3,3,35,36,0.5556681072632618,81.97507190795783,"0, 1, 2",12,12,merged_linear_residual,,/homes/neumann/nguyen/fedlora/FederatedLLM/epoch_round_tuning_cola_client_count/tuning-flora-cola_stratified-roberta-base-homo-e20-r150/seed0/3/35/round_config.json
flora,Linear FLoRA,cola_stratified,CoLA stratified,roberta-base,RoBERTa-base,homo,Homo,20,150,nguyen repo,/homes/neumann/nguyen/fedlora/FederatedLLM/epoch_round_tuning_cola_client_count,0,3,3,36,37,0.5530852997835514,81.87919463087249,"0, 1, 2",12,12,merged_linear_residual,,/homes/neumann/nguyen/fedlora/FederatedLLM/epoch_round_tuning_cola_client_count/tuning-flora-cola_stratified-roberta-base-homo-e20-r150/seed0/3/36/round_config.json
flora,Linear FLoRA,cola_stratified,CoLA stratified,roberta-base,RoBERTa-base,homo,Homo,20,150,nguyen repo,/homes/neumann/nguyen/fedlora/FederatedLLM/epoch_round_tuning_cola_client_count,0,3,3,37,38,0.5556681072632618,81.97507190795783,"0, 1, 2",12,12,merged_linear_residual,,/homes/neumann/nguyen/fedlora/FederatedLLM/epoch_round_tuning_cola_client_count/tuning-flora-cola_stratified-roberta-base-homo-e20-r150/seed0/3/37/round_config.json
flora,Linear FLoRA,cola_stratified,CoLA stratified,roberta-base,RoBERTa-base,homo,Homo,20,150,nguyen repo,/homes/neumann/nguyen/fedlora/FederatedLLM/epoch_round_tuning_cola_client_count,0,3,3,38,39,0.5556681072632618,81.97507190795783,"0, 1, 2",12,12,merged_linear_residual,,/homes/neumann/nguyen/fedlora/FederatedLLM/epoch_round_tuning_cola_client_count/tuning-flora-cola_stratified-roberta-base-homo-e20-r150/seed0/3/38/round_config.json
flora,Linear FLoRA,cola_stratified,CoLA stratified,roberta-base,RoBERTa-base,homo,Homo,20,150,nguyen repo,/homes/neumann/nguyen/fedlora/FederatedLLM/epoch_round_tuning_cola_client_count,0,3,3,39,40,0.5556681072632618,81.97507190795783,"0, 1, 2",12,12,merged_linear_residual,,/homes/neumann/nguyen/fedlora/FederatedLLM/epoch_round_tuning_cola_client_count/tuning-flora-cola_stratified-roberta-base-homo-e20-r150/seed0/3/39/round_config.json
flora,Linear FLoRA,cola_stratified,CoLA stratified,roberta-base,RoBERTa-base,homo,Homo,20,150,nguyen repo,/homes/neumann/nguyen/fedlora/FederatedLLM/epoch_round_tuning_cola_client_count,0,3,3,40,41,0.5659520425514886,82.35858101629914,"0, 1, 2",12,12,merged_linear_residual,,/homes/neumann/nguyen/fedlora/FederatedLLM/epoch_round_tuning_cola_client_count/tuning-flora-cola_stratified-roberta-base-homo-e20-r150/seed0/3/40/round_config.json
flora,Linear FLoRA,cola_stratified,CoLA stratified,roberta-base,RoBERTa-base,homo,Homo,20,150,nguyen repo,/homes/neumann/nguyen/fedlora/FederatedLLM/epoch_round_tuning_cola_client_count,0,3,3,41,42,0.5633880074988443,82.2627037392138,"0, 1, 2",12,12,merged_linear_residual,,/homes/neumann/nguyen/fedlora/FederatedLLM/epoch_round_tuning_cola_client_count/tuning-flora-cola_stratified-roberta-base-homo-e20-r150/seed0/3/41/round_config.json
flora,Linear FLoRA,cola_stratified,CoLA stratified,roberta-base,RoBERTa-base,homo,Homo,20,150,nguyen repo,/homes/neumann/nguyen/fedlora/FederatedLLM/epoch_round_tuning_cola_client_count,0,3,3,42,43,0.5556681072632618,81.97507190795783,"0, 1, 2",12,12,merged_linear_residual,,/homes/neumann/nguyen/fedlora/FederatedLLM/epoch_round_tuning_cola_client_count/tuning-flora-cola_stratified-roberta-base-homo-e20-r150/seed0/3/42/round_config.json
flora,Linear FLoRA,cola_stratified,CoLA stratified,roberta-base,RoBERTa-base,homo,Homo,20,150,nguyen repo,/homes/neumann/nguyen/fedlora/FederatedLLM/epoch_round_tuning_cola_client_count,0,3,3,43,44,0.5608193878799941,82.16682646212847,"0, 1, 2",12,12,merged_linear_residual,,/homes/neumann/nguyen/fedlora/FederatedLLM/epoch_round_tuning_cola_client_count/tuning-flora-cola_stratified-roberta-base-homo-e20-r150/seed0/3/43/round_config.json
flora,Linear FLoRA,cola_stratified,CoLA stratified,roberta-base,RoBERTa-base,homo,Homo,20,150,nguyen repo,/homes/neumann/nguyen/fedlora/FederatedLLM/epoch_round_tuning_cola_client_count,0,3,3,44,45,0.5633880074988443,82.2627037392138,"0, 1, 2",12,12,merged_linear_residual,,/homes/neumann/nguyen/fedlora/FederatedLLM/epoch_round_tuning_cola_client_count/tuning-flora-cola_stratified-roberta-base-homo-e20-r150/seed0/3/44/round_config.json
flora,Linear FLoRA,cola_stratified,CoLA stratified,roberta-base,RoBERTa-base,homo,Homo,20,150,nguyen repo,/homes/neumann/nguyen/fedlora/FederatedLLM/epoch_round_tuning_cola_client_count,0,3,3,45,46,0.5608193878799941,82.16682646212847,"0, 1, 2",12,12,merged_linear_residual,,/homes/neumann/nguyen/fedlora/FederatedLLM/epoch_round_tuning_cola_client_count/tuning-flora-cola_stratified-roberta-base-homo-e20-r150/seed0/3/45/round_config.json
flora,Linear FLoRA,cola_stratified,CoLA stratified,roberta-base,RoBERTa-base,homo,Homo,20,150,nguyen repo,/homes/neumann/nguyen/fedlora/FederatedLLM/epoch_round_tuning_cola_client_count,0,3,3,46,47,0.5608193878799941,82.16682646212847,"0, 1, 2",12,12,merged_linear_residual,,/homes/neumann/nguyen/fedlora/FederatedLLM/epoch_round_tuning_cola_client_count/tuning-flora-cola_stratified-roberta-base-homo-e20-r150/seed0/3/46/round_config.json
flora,Linear FLoRA,cola_stratified,CoLA stratified,roberta-base,RoBERTa-base,homo,Homo,20,150,nguyen repo,/homes/neumann/nguyen/fedlora/FederatedLLM/epoch_round_tuning_cola_client_count,0,3,3,47,48,0.5736173416598102,82.64621284755513,"0, 1, 2",12,12,merged_linear_residual,,/homes/neumann/nguyen/fedlora/FederatedLLM/epoch_round_tuning_cola_client_count/tuning-flora-cola_stratified-roberta-base-homo-e20-r150/seed0/3/47/round_config.json
flora,Linear FLoRA,cola_stratified,CoLA stratified,roberta-base,RoBERTa-base,homo,Homo,20,150,nguyen repo,/homes/neumann/nguyen/fedlora/FederatedLLM/epoch_round_tuning_cola_client_count,0,3,3,48,49,0.5710666404909023,82.5503355704698,"0, 1, 2",12,12,merged_linear_residual,,/homes/neumann/nguyen/fedlora/FederatedLLM/epoch_round_tuning_cola_client_count/tuning-flora-cola_stratified-roberta-base-homo-e20-r150/seed0/3/48/round_config.json
flora,Linear FLoRA,cola_stratified,CoLA stratified,roberta-base,RoBERTa-base,homo,Homo,20,150,nguyen repo,/homes/neumann/nguyen/fedlora/FederatedLLM/epoch_round_tuning_cola_client_count,0,3,3,49,50,0.5633880074988443,82.2627037392138,"0, 1, 2",12,12,merged_linear_residual,,/homes/neumann/nguyen/fedlora/FederatedLLM/epoch_round_tuning_cola_client_count/tuning-flora-cola_stratified-roberta-base-homo-e20-r150/seed0/3/49/round_config.json
flora,Linear FLoRA,cola_stratified,CoLA stratified,roberta-base,RoBERTa-base,homo,Homo,20,150,nguyen repo,/homes/neumann/nguyen/fedlora/FederatedLLM/epoch_round_tuning_cola_client_count,0,3,3,50,51,0.5530852997835514,81.87919463087249,"0, 1, 2",12,12,merged_linear_residual,,/homes/neumann/nguyen/fedlora/FederatedLLM/epoch_round_tuning_cola_client_count/tuning-flora-cola_stratified-roberta-base-homo-e20-r150/seed0/3/50/round_config.json
flora,Linear FLoRA,cola_stratified,CoLA stratified,roberta-base,RoBERTa-base,homo,Homo,20,150,nguyen repo,/homes/neumann/nguyen/fedlora/FederatedLLM/epoch_round_tuning_cola_client_count,0,3,3,51,52,0.5608193878799941,82.16682646212847,"0, 1, 2",12,12,merged_linear_residual,,/homes/neumann/nguyen/fedlora/FederatedLLM/epoch_round_tuning_cola_client_count/tuning-flora-cola_stratified-roberta-base-homo-e20-r150/seed0/3/51/round_config.json
flora,Linear FLoRA,cola_stratified,CoLA stratified,roberta-base,RoBERTa-base,homo,Homo,20,150,nguyen repo,/homes/neumann/nguyen/fedlora/FederatedLLM/epoch_round_tuning_cola_client_count,0,3,3,52,53,0.5530852997835514,81.87919463087249,"0, 1, 2",12,12,merged_linear_residual,,/homes/neumann/nguyen/fedlora/FederatedLLM/epoch_round_tuning_cola_client_count/tuning-flora-cola_stratified-roberta-base-homo-e20-r150/seed0/3/52/round_config.json
flora,Linear FLoRA,cola_stratified,CoLA stratified,roberta-base,RoBERTa-base,homo,Homo,20,150,nguyen repo,/homes/neumann/nguyen/fedlora/FederatedLLM/epoch_round_tuning_cola_client_count,0,3,3,53,54,0.5608193878799941,82.16682646212847,"0, 1, 2",12,12,merged_linear_residual,,/homes/neumann/nguyen/fedlora/FederatedLLM/epoch_round_tuning_cola_client_count/tuning-flora-cola_stratified-roberta-base-homo-e20-r150/seed0/3/53/round_config.json
flora,Linear FLoRA,cola_stratified,CoLA stratified,roberta-base,RoBERTa-base,homo,Homo,20,150,nguyen repo,/homes/neumann/nguyen/fedlora/FederatedLLM/epoch_round_tuning_cola_client_count,0,3,3,54,55,0.5659520425514886,82.35858101629914,"0, 1, 2",12,12,merged_linear_residual,,/homes/neumann/nguyen/fedlora/FederatedLLM/epoch_round_tuning_cola_client_count/tuning-flora-cola_stratified-roberta-base-homo-e20-r150/seed0/3/54/round_config.json
flora,Linear FLoRA,cola_stratified,CoLA stratified,roberta-base,RoBERTa-base,homo,Homo,20,150,nguyen repo,/homes/neumann/nguyen/fedlora/FederatedLLM/epoch_round_tuning_cola_client_count,0,3,3,55,56,0.5685115636716958,82.45445829338448,"0, 1, 2",12,12,merged_linear_residual,,/homes/neumann/nguyen/fedlora/FederatedLLM/epoch_round_tuning_cola_client_count/tuning-flora-cola_stratified-roberta-base-homo-e20-r150/seed0/3/55/round_config.json
flora,Linear FLoRA,cola_stratified,CoLA stratified,roberta-base,RoBERTa-base,homo,Homo,20,150,nguyen repo,/homes/neumann/nguyen/fedlora/FederatedLLM/epoch_round_tuning_cola_client_count,0,3,3,56,57,0.5659520425514886,82.35858101629914,"0, 1, 2",12,12,merged_linear_residual,,/homes/neumann/nguyen/fedlora/FederatedLLM/epoch_round_tuning_cola_client_count/tuning-flora-cola_stratified-roberta-base-homo-e20-r150/seed0/3/56/round_config.json
flora,Linear FLoRA,cola_stratified,CoLA stratified,roberta-base,RoBERTa-base,homo,Homo,20,150,nguyen repo,/homes/neumann/nguyen/fedlora/FederatedLLM/epoch_round_tuning_cola_client_count,0,3,3,57,58,0.5633880074988443,82.2627037392138,"0, 1, 2",12,12,merged_linear_residual,,/homes/neumann/nguyen/fedlora/FederatedLLM/epoch_round_tuning_cola_client_count/tuning-flora-cola_stratified-roberta-base-homo-e20-r150/seed0/3/57/round_config.json
flora,Linear FLoRA,cola_stratified,CoLA stratified,roberta-base,RoBERTa-base,homo,Homo,20,150,nguyen repo,/homes/neumann/nguyen/fedlora/FederatedLLM/epoch_round_tuning_cola_client_count,0,3,3,58,59,0.565753895146675,82.35858101629914,"0, 1, 2",12,12,merged_linear_residual,,/homes/neumann/nguyen/fedlora/FederatedLLM/epoch_round_tuning_cola_client_count/tuning-flora-cola_stratified-roberta-base-homo-e20-r150/seed0/3/58/round_config.json
flora,Linear FLoRA,cola_stratified,CoLA stratified,roberta-base,RoBERTa-base,homo,Homo,20,150,nguyen repo,/homes/neumann/nguyen/fedlora/FederatedLLM/epoch_round_tuning_cola_client_count,0,3,3,59,60,0.5683149665802574,82.45445829338448,"0, 1, 2",12,12,merged_linear_residual,,/homes/neumann/nguyen/fedlora/FederatedLLM/epoch_round_tuning_cola_client_count/tuning-flora-cola_stratified-roberta-base-homo-e20-r150/seed0/3/59/round_config.json
flora,Linear FLoRA,cola_stratified,CoLA stratified,roberta-base,RoBERTa-base,homo,Homo,20,150,nguyen repo,/homes/neumann/nguyen/fedlora/FederatedLLM/epoch_round_tuning_cola_client_count,0,3,3,60,61,0.5710666404909023,82.5503355704698,"0, 1, 2",12,12,merged_linear_residual,,/homes/neumann/nguyen/fedlora/FederatedLLM/epoch_round_tuning_cola_client_count/tuning-flora-cola_stratified-roberta-base-homo-e20-r150/seed0/3/60/round_config.json
flora,Linear FLoRA,cola_stratified,CoLA stratified,roberta-base,RoBERTa-base,homo,Homo,20,150,nguyen repo,/homes/neumann/nguyen/fedlora/FederatedLLM/epoch_round_tuning_cola_client_count,0,3,3,61,62,0.565753895146675,82.35858101629914,"0, 1, 2",12,12,merged_linear_residual,,/homes/neumann/nguyen/fedlora/FederatedLLM/epoch_round_tuning_cola_client_count/tuning-flora-cola_stratified-roberta-base-homo-e20-r150/seed0/3/61/round_config.json
flora,Linear FLoRA,cola_stratified,CoLA stratified,roberta-base,RoBERTa-base,homo,Homo,20,150,nguyen repo,/homes/neumann/nguyen/fedlora/FederatedLLM/epoch_round_tuning_cola_client_count,0,3,3,62,63,0.5630125915007046,82.2627037392138,"0, 1, 2",12,12,merged_linear_residual,,/homes/neumann/nguyen/fedlora/FederatedLLM/epoch_round_tuning_cola_client_count/tuning-flora-cola_stratified-roberta-base-homo-e20-r150/seed0/3/62/round_config.json
flora,Linear FLoRA,cola_stratified,CoLA stratified,roberta-base,RoBERTa-base,homo,Homo,20,150,nguyen repo,/homes/neumann/nguyen/fedlora/FederatedLLM/epoch_round_tuning_cola_client_count,0,3,3,63,64,0.5708716379334386,82.5503355704698,"0, 1, 2",12,12,merged_linear_residual,,/homes/neumann/nguyen/fedlora/FederatedLLM/epoch_round_tuning_cola_client_count/tuning-flora-cola_stratified-roberta-base-homo-e20-r150/seed0/3/63/round_config.json
flora,Linear FLoRA,cola_stratified,CoLA stratified,roberta-base,RoBERTa-base,homo,Homo,20,150,nguyen repo,/homes/neumann/nguyen/fedlora/FederatedLLM/epoch_round_tuning_cola_client_count,0,3,3,64,65,0.5683149665802574,82.45445829338448,"0, 1, 2",12,12,merged_linear_residual,,/homes/neumann/nguyen/fedlora/FederatedLLM/epoch_round_tuning_cola_client_count/tuning-flora-cola_stratified-roberta-base-homo-e20-r150/seed0/3/64/round_config.json
flora,Linear FLoRA,cola_stratified,CoLA stratified,roberta-base,RoBERTa-base,homo,Homo,20,150,nguyen repo,/homes/neumann/nguyen/fedlora/FederatedLLM/epoch_round_tuning_cola_client_count,0,3,3,65,66,0.5606182756735524,82.16682646212847,"0, 1, 2",12,12,merged_linear_residual,,/homes/neumann/nguyen/fedlora/FederatedLLM/epoch_round_tuning_cola_client_count/tuning-flora-cola_stratified-roberta-base-homo-e20-r150/seed0/3/65/round_config.json
flora,Linear FLoRA,cola_stratified,CoLA stratified,roberta-base,RoBERTa-base,homo,Homo,20,150,nguyen repo,/homes/neumann/nguyen/fedlora/FederatedLLM/epoch_round_tuning_cola_client_count,0,3,3,66,67,0.5631883547866908,82.2627037392138,"0, 1, 2",12,12,merged_linear_residual,,/homes/neumann/nguyen/fedlora/FederatedLLM/epoch_round_tuning_cola_client_count/tuning-flora-cola_stratified-roberta-base-homo-e20-r150/seed0/3/66/round_config.json
flora,Linear FLoRA,cola_stratified,CoLA stratified,roberta-base,RoBERTa-base,homo,Homo,20,150,nguyen repo,/homes/neumann/nguyen/fedlora/FederatedLLM/epoch_round_tuning_cola_client_count,0,3,3,67,68,0.5604411498024476,82.16682646212847,"0, 1, 2",12,12,merged_linear_residual,,/homes/neumann/nguyen/fedlora/FederatedLLM/epoch_round_tuning_cola_client_count/tuning-flora-cola_stratified-roberta-base-homo-e20-r150/seed0/3/67/round_config.json
flora,Linear FLoRA,cola_stratified,CoLA stratified,roberta-base,RoBERTa-base,homo,Homo,20,150,nguyen repo,/homes/neumann/nguyen/fedlora/FederatedLLM/epoch_round_tuning_cola_client_count,0,3,3,68,69,0.5552845087956161,81.97507190795783,"0, 1, 2",12,12,merged_linear_residual,,/homes/neumann/nguyen/fedlora/FederatedLLM/epoch_round_tuning_cola_client_count/tuning-flora-cola_stratified-roberta-base-homo-e20-r150/seed0/3/68/round_config.json
flora,Linear FLoRA,cola_stratified,CoLA stratified,roberta-base,RoBERTa-base,homo,Homo,20,150,nguyen repo,/homes/neumann/nguyen/fedlora/FederatedLLM/epoch_round_tuning_cola_client_count,0,3,3,69,70,0.565753895146675,82.35858101629914,"0, 1, 2",12,12,merged_linear_residual,,/homes/neumann/nguyen/fedlora/FederatedLLM/epoch_round_tuning_cola_client_count/tuning-flora-cola_stratified-roberta-base-homo-e20-r150/seed0/3/69/round_config.json
flora,Linear FLoRA,cola_stratified,CoLA stratified,roberta-base,RoBERTa-base,homo,Homo,20,150,nguyen repo,/homes/neumann/nguyen/fedlora/FederatedLLM/epoch_round_tuning_cola_client_count,0,3,3,70,71,0.5631883547866908,82.2627037392138,"0, 1, 2",12,12,merged_linear_residual,,/homes/neumann/nguyen/fedlora/FederatedLLM/epoch_round_tuning_cola_client_count/tuning-flora-cola_stratified-roberta-base-homo-e20-r150/seed0/3/70/round_config.json
flora,Linear FLoRA,cola_stratified,CoLA stratified,roberta-base,RoBERTa-base,homo,Homo,20,150,nguyen repo,/homes/neumann/nguyen/fedlora/FederatedLLM/epoch_round_tuning_cola_client_count,0,3,3,71,72,0.5502911396062787,81.78331735378715,"0, 1, 2",12,12,merged_linear_residual,,/homes/neumann/nguyen/fedlora/FederatedLLM/epoch_round_tuning_cola_client_count/tuning-flora-cola_stratified-roberta-base-homo-e20-r150/seed0/3/71/round_config.json
flora,Linear FLoRA,cola_stratified,CoLA stratified,roberta-base,RoBERTa-base,homo,Homo,20,150,nguyen repo,/homes/neumann/nguyen/fedlora/FederatedLLM/epoch_round_tuning_cola_client_count,0,3,3,72,73,0.5606182756735524,82.16682646212847,"0, 1, 2",12,12,merged_linear_residual,,/homes/neumann/nguyen/fedlora/FederatedLLM/epoch_round_tuning_cola_client_count/tuning-flora-cola_stratified-roberta-base-homo-e20-r150/seed0/3/72/round_config.json
flora,Linear FLoRA,cola_stratified,CoLA stratified,roberta-base,RoBERTa-base,homo,Homo,20,150,nguyen repo,/homes/neumann/nguyen/fedlora/FederatedLLM/epoch_round_tuning_cola_client_count,0,3,3,73,74,0.5631883547866908,82.2627037392138,"0, 1, 2",12,12,merged_linear_residual,,/homes/neumann/nguyen/fedlora/FederatedLLM/epoch_round_tuning_cola_client_count/tuning-flora-cola_stratified-roberta-base-homo-e20-r150/seed0/3/73/round_config.json
flora,Linear FLoRA,cola_stratified,CoLA stratified,roberta-base,RoBERTa-base,homo,Homo,20,150,nguyen repo,/homes/neumann/nguyen/fedlora/FederatedLLM/epoch_round_tuning_cola_client_count,0,3,3,74,75,0.565753895146675,82.35858101629914,"0, 1, 2",12,12,merged_linear_residual,,/homes/neumann/nguyen/fedlora/FederatedLLM/epoch_round_tuning_cola_client_count/tuning-flora-cola_stratified-roberta-base-homo-e20-r150/seed0/3/74/round_config.json
flora,Linear FLoRA,cola_stratified,CoLA stratified,roberta-base,RoBERTa-base,homo,Homo,20,150,nguyen repo,/homes/neumann/nguyen/fedlora/FederatedLLM/epoch_round_tuning_cola_client_count,0,3,3,75,76,0.5606182756735524,82.16682646212847,"0, 1, 2",12,12,merged_linear_residual,,/homes/neumann/nguyen/fedlora/FederatedLLM/epoch_round_tuning_cola_client_count/tuning-flora-cola_stratified-roberta-base-homo-e20-r150/seed0/3/75/round_config.json
flora,Linear FLoRA,cola_stratified,CoLA stratified,roberta-base,RoBERTa-base,homo,Homo,20,150,nguyen repo,/homes/neumann/nguyen/fedlora/FederatedLLM/epoch_round_tuning_cola_client_count,0,3,3,76,77,0.5633880074988443,82.2627037392138,"0, 1, 2",12,12,merged_linear_residual,,/homes/neumann/nguyen/fedlora/FederatedLLM/epoch_round_tuning_cola_client_count/tuning-flora-cola_stratified-roberta-base-homo-e20-r150/seed0/3/76/round_config.json
flora,Linear FLoRA,cola_stratified,CoLA stratified,roberta-base,RoBERTa-base,homo,Homo,20,150,nguyen repo,/homes/neumann/nguyen/fedlora/FederatedLLM/epoch_round_tuning_cola_client_count,0,3,3,77,78,0.5608193878799941,82.16682646212847,"0, 1, 2",12,12,merged_linear_residual,,/homes/neumann/nguyen/fedlora/FederatedLLM/epoch_round_tuning_cola_client_count/tuning-flora-cola_stratified-roberta-base-homo-e20-r150/seed0/3/77/round_config.json
flora,Linear FLoRA,cola_stratified,CoLA stratified,roberta-base,RoBERTa-base,homo,Homo,20,150,nguyen repo,/homes/neumann/nguyen/fedlora/FederatedLLM/epoch_round_tuning_cola_client_count,0,3,3,78,79,0.565579540997454,82.35858101629914,"0, 1, 2",12,12,merged_linear_residual,,/homes/neumann/nguyen/fedlora/FederatedLLM/epoch_round_tuning_cola_client_count/tuning-flora-cola_stratified-roberta-base-homo-e20-r150/seed0/3/78/round_config.json
flora,Linear FLoRA,cola_stratified,CoLA stratified,roberta-base,RoBERTa-base,homo,Homo,20,150,nguyen repo,/homes/neumann/nguyen/fedlora/FederatedLLM/epoch_round_tuning_cola_client_count,0,3,3,79,80,0.5526991664576107,81.87919463087249,"0, 1, 2",12,12,merged_linear_residual,,/homes/neumann/nguyen/fedlora/FederatedLLM/epoch_round_tuning_cola_client_count/tuning-flora-cola_stratified-roberta-base-homo-e20-r150/seed0/3/79/round_config.json
flora,Linear FLoRA,cola_stratified,CoLA stratified,roberta-base,RoBERTa-base,homo,Homo,20,150,nguyen repo,/homes/neumann/nguyen/fedlora/FederatedLLM/epoch_round_tuning_cola_client_count,0,3,3,80,81,0.5708716379334386,82.5503355704698,"0, 1, 2",12,12,merged_linear_residual,,/homes/neumann/nguyen/fedlora/FederatedLLM/epoch_round_tuning_cola_client_count/tuning-flora-cola_stratified-roberta-base-homo-e20-r150/seed0/3/80/round_config.json
flora,Linear FLoRA,cola_stratified,CoLA stratified,roberta-base,RoBERTa-base,homo,Homo,20,150,nguyen repo,/homes/neumann/nguyen/fedlora/FederatedLLM/epoch_round_tuning_cola_client_count,0,3,3,81,82,0.565753895146675,82.35858101629914,"0, 1, 2",12,12,merged_linear_residual,,/homes/neumann/nguyen/fedlora/FederatedLLM/epoch_round_tuning_cola_client_count/tuning-flora-cola_stratified-roberta-base-homo-e20-r150/seed0/3/81/round_config.json
flora,Linear FLoRA,cola_stratified,CoLA stratified,roberta-base,RoBERTa-base,homo,Homo,20,150,nguyen repo,/homes/neumann/nguyen/fedlora/FederatedLLM/epoch_round_tuning_cola_client_count,0,3,3,82,83,0.5708716379334386,82.5503355704698,"0, 1, 2",12,12,merged_linear_residual,,/homes/neumann/nguyen/fedlora/FederatedLLM/epoch_round_tuning_cola_client_count/tuning-flora-cola_stratified-roberta-base-homo-e20-r150/seed0/3/82/round_config.json
flora,Linear FLoRA,cola_stratified,CoLA stratified,roberta-base,RoBERTa-base,homo,Homo,20,150,nguyen repo,/homes/neumann/nguyen/fedlora/FederatedLLM/epoch_round_tuning_cola_client_count,0,3,3,83,84,0.5633880074988443,82.2627037392138,"0, 1, 2",12,12,merged_linear_residual,,/homes/neumann/nguyen/fedlora/FederatedLLM/epoch_round_tuning_cola_client_count/tuning-flora-cola_stratified-roberta-base-homo-e20-r150/seed0/3/83/round_config.json
flora,Linear FLoRA,cola_stratified,CoLA stratified,roberta-base,RoBERTa-base,homo,Homo,20,150,nguyen repo,/homes/neumann/nguyen/fedlora/FederatedLLM/epoch_round_tuning_cola_client_count,0,3,3,84,85,0.5604411498024476,82.16682646212847,"0, 1, 2",12,12,merged_linear_residual,,/homes/neumann/nguyen/fedlora/FederatedLLM/epoch_round_tuning_cola_client_count/tuning-flora-cola_stratified-roberta-base-homo-e20-r150/seed0/3/84/round_config.json
flora,Linear FLoRA,cola_stratified,CoLA stratified,roberta-base,RoBERTa-base,homo,Homo,20,150,nguyen repo,/homes/neumann/nguyen/fedlora/FederatedLLM/epoch_round_tuning_cola_client_count,0,3,3,85,86,0.5631883547866908,82.2627037392138,"0, 1, 2",12,12,merged_linear_residual,,/homes/neumann/nguyen/fedlora/FederatedLLM/epoch_round_tuning_cola_client_count/tuning-flora-cola_stratified-roberta-base-homo-e20-r150/seed0/3/85/round_config.json
flora,Linear FLoRA,cola_stratified,CoLA stratified,roberta-base,RoBERTa-base,homo,Homo,20,150,nguyen repo,/homes/neumann/nguyen/fedlora/FederatedLLM/epoch_round_tuning_cola_client_count,0,3,3,86,87,0.5606182756735524,82.16682646212847,"0, 1, 2",12,12,merged_linear_residual,,/homes/neumann/nguyen/fedlora/FederatedLLM/epoch_round_tuning_cola_client_count/tuning-flora-cola_stratified-roberta-base-homo-e20-r150/seed0/3/86/round_config.json
flora,Linear FLoRA,cola_stratified,CoLA stratified,roberta-base,RoBERTa-base,homo,Homo,20,150,nguyen repo,/homes/neumann/nguyen/fedlora/FederatedLLM/epoch_round_tuning_cola_client_count,0,3,3,87,88,0.5710666404909023,82.5503355704698,"0, 1, 2",12,12,merged_linear_residual,,/homes/neumann/nguyen/fedlora/FederatedLLM/epoch_round_tuning_cola_client_count/tuning-flora-cola_stratified-roberta-base-homo-e20-r150/seed0/3/87/round_config.json
flora,Linear FLoRA,cola_stratified,CoLA stratified,roberta-base,RoBERTa-base,homo,Homo,20,150,nguyen repo,/homes/neumann/nguyen/fedlora/FederatedLLM/epoch_round_tuning_cola_client_count,0,3,3,88,89,0.565753895146675,82.35858101629914,"0, 1, 2",12,12,merged_linear_residual,,/homes/neumann/nguyen/fedlora/FederatedLLM/epoch_round_tuning_cola_client_count/tuning-flora-cola_stratified-roberta-base-homo-e20-r150/seed0/3/88/round_config.json
flora,Linear FLoRA,cola_stratified,CoLA stratified,roberta-base,RoBERTa-base,homo,Homo,20,150,nguyen repo,/homes/neumann/nguyen/fedlora/FederatedLLM/epoch_round_tuning_cola_client_count,0,3,3,89,90,0.5683149665802574,82.45445829338448,"0, 1, 2",12,12,merged_linear_residual,,/homes/neumann/nguyen/fedlora/FederatedLLM/epoch_round_tuning_cola_client_count/tuning-flora-cola_stratified-roberta-base-homo-e20-r150/seed0/3/89/round_config.json
flora,Linear FLoRA,cola_stratified,CoLA stratified,roberta-base,RoBERTa-base,homo,Homo,20,150,nguyen repo,/homes/neumann/nguyen/fedlora/FederatedLLM/epoch_round_tuning_cola_client_count,0,3,3,90,91,0.5633880074988443,82.2627037392138,"0, 1, 2",12,12,merged_linear_residual,,/homes/neumann/nguyen/fedlora/FederatedLLM/epoch_round_tuning_cola_client_count/tuning-flora-cola_stratified-roberta-base-homo-e20-r150/seed0/3/90/round_config.json
flora,Linear FLoRA,cola_stratified,CoLA stratified,roberta-base,RoBERTa-base,homo,Homo,20,150,nguyen repo,/homes/neumann/nguyen/fedlora/FederatedLLM/epoch_round_tuning_cola_client_count,0,3,3,91,92,0.565753895146675,82.35858101629914,"0, 1, 2",12,12,merged_linear_residual,,/homes/neumann/nguyen/fedlora/FederatedLLM/epoch_round_tuning_cola_client_count/tuning-flora-cola_stratified-roberta-base-homo-e20-r150/seed0/3/91/round_config.json
flora,Linear FLoRA,cola_stratified,CoLA stratified,roberta-base,RoBERTa-base,homo,Homo,20,150,nguyen repo,/homes/neumann/nguyen/fedlora/FederatedLLM/epoch_round_tuning_cola_client_count,0,3,3,92,93,0.5683149665802574,82.45445829338448,"0, 1, 2",12,12,merged_linear_residual,,/homes/neumann/nguyen/fedlora/FederatedLLM/epoch_round_tuning_cola_client_count/tuning-flora-cola_stratified-roberta-base-homo-e20-r150/seed0/3/92/round_config.json
flora,Linear FLoRA,cola_stratified,CoLA stratified,roberta-base,RoBERTa-base,homo,Homo,20,150,nguyen repo,/homes/neumann/nguyen/fedlora/FederatedLLM/epoch_round_tuning_cola_client_count,0,3,3,93,94,0.565753895146675,82.35858101629914,"0, 1, 2",12,12,merged_linear_residual,,/homes/neumann/nguyen/fedlora/FederatedLLM/epoch_round_tuning_cola_client_count/tuning-flora-cola_stratified-roberta-base-homo-e20-r150/seed0/3/93/round_config.json
flora,Linear FLoRA,cola_stratified,CoLA stratified,roberta-base,RoBERTa-base,homo,Homo,20,150,nguyen repo,/homes/neumann/nguyen/fedlora/FederatedLLM/epoch_round_tuning_cola_client_count,0,3,3,94,95,0.5712858094294248,82.5503355704698,"0, 1, 2",12,12,merged_linear_residual,,/homes/neumann/nguyen/fedlora/FederatedLLM/epoch_round_tuning_cola_client_count/tuning-flora-cola_stratified-roberta-base-homo-e20-r150/seed0/3/94/round_config.json
flora,Linear FLoRA,cola_stratified,CoLA stratified,roberta-base,RoBERTa-base,homo,Homo,20,150,nguyen repo,/homes/neumann/nguyen/fedlora/FederatedLLM/epoch_round_tuning_cola_client_count,0,3,3,95,96,0.5736173416598102,82.64621284755513,"0, 1, 2",12,12,merged_linear_residual,,/homes/neumann/nguyen/fedlora/FederatedLLM/epoch_round_tuning_cola_client_count/tuning-flora-cola_stratified-roberta-base-homo-e20-r150/seed0/3/95/round_config.json
flora,Linear FLoRA,cola_stratified,CoLA stratified,roberta-base,RoBERTa-base,homo,Homo,20,150,nguyen repo,/homes/neumann/nguyen/fedlora/FederatedLLM/epoch_round_tuning_cola_client_count,0,3,3,96,97,0.5736173416598102,82.64621284755513,"0, 1, 2",12,12,merged_linear_residual,,/homes/neumann/nguyen/fedlora/FederatedLLM/epoch_round_tuning_cola_client_count/tuning-flora-cola_stratified-roberta-base-homo-e20-r150/seed0/3/96/round_config.json
flora,Linear FLoRA,cola_stratified,CoLA stratified,roberta-base,RoBERTa-base,homo,Homo,20,150,nguyen repo,/homes/neumann/nguyen/fedlora/FederatedLLM/epoch_round_tuning_cola_client_count,0,3,3,97,98,0.573423977092437,82.64621284755513,"0, 1, 2",12,12,merged_linear_residual,,/homes/neumann/nguyen/fedlora/FederatedLLM/epoch_round_tuning_cola_client_count/tuning-flora-cola_stratified-roberta-base-homo-e20-r150/seed0/3/97/round_config.json
flora,Linear FLoRA,cola_stratified,CoLA stratified,roberta-base,RoBERTa-base,homo,Homo,20,150,nguyen repo,/homes/neumann/nguyen/fedlora/FederatedLLM/epoch_round_tuning_cola_client_count,0,3,3,98,99,0.573423977092437,82.64621284755513,"0, 1, 2",12,12,merged_linear_residual,,/homes/neumann/nguyen/fedlora/FederatedLLM/epoch_round_tuning_cola_client_count/tuning-flora-cola_stratified-roberta-base-homo-e20-r150/seed0/3/98/round_config.json
flora,Linear FLoRA,cola_stratified,CoLA stratified,roberta-base,RoBERTa-base,homo,Homo,20,150,nguyen repo,/homes/neumann/nguyen/fedlora/FederatedLLM/epoch_round_tuning_cola_client_count,0,3,3,99,100,0.5681420673133338,82.45445829338448,"0, 1, 2",12,12,merged_linear_residual,,/homes/neumann/nguyen/fedlora/FederatedLLM/epoch_round_tuning_cola_client_count/tuning-flora-cola_stratified-roberta-base-homo-e20-r150/seed0/3/99/round_config.json
flora,Linear FLoRA,cola_stratified,CoLA stratified,roberta-base,RoBERTa-base,homo,Homo,20,150,nguyen repo,/homes/neumann/nguyen/fedlora/FederatedLLM/epoch_round_tuning_cola_client_count,0,3,3,100,101,0.565579540997454,82.35858101629914,"0, 1, 2",12,12,merged_linear_residual,,/homes/neumann/nguyen/fedlora/FederatedLLM/epoch_round_tuning_cola_client_count/tuning-flora-cola_stratified-roberta-base-homo-e20-r150/seed0/3/100/round_config.json
flora,Linear FLoRA,cola_stratified,CoLA stratified,roberta-base,RoBERTa-base,homo,Homo,20,150,nguyen repo,/homes/neumann/nguyen/fedlora/FederatedLLM/epoch_round_tuning_cola_client_count,0,3,3,101,102,0.5606182756735524,82.16682646212847,"0, 1, 2",12,12,merged_linear_residual,,/homes/neumann/nguyen/fedlora/FederatedLLM/epoch_round_tuning_cola_client_count/tuning-flora-cola_stratified-roberta-base-homo-e20-r150/seed0/3/101/round_config.json
flora,Linear FLoRA,cola_stratified,CoLA stratified,roberta-base,RoBERTa-base,homo,Homo,20,150,nguyen repo,/homes/neumann/nguyen/fedlora/FederatedLLM/epoch_round_tuning_cola_client_count,0,3,3,102,103,0.5736173416598102,82.64621284755513,"0, 1, 2",12,12,merged_linear_residual,,/homes/neumann/nguyen/fedlora/FederatedLLM/epoch_round_tuning_cola_client_count/tuning-flora-cola_stratified-roberta-base-homo-e20-r150/seed0/3/102/round_config.json
flora,Linear FLoRA,cola_stratified,CoLA stratified,roberta-base,RoBERTa-base,homo,Homo,20,150,nguyen repo,/homes/neumann/nguyen/fedlora/FederatedLLM/epoch_round_tuning_cola_client_count,0,3,3,103,104,0.5606182756735524,82.16682646212847,"0, 1, 2",12,12,merged_linear_residual,,/homes/neumann/nguyen/fedlora/FederatedLLM/epoch_round_tuning_cola_client_count/tuning-flora-cola_stratified-roberta-base-homo-e20-r150/seed0/3/103/round_config.json
flora,Linear FLoRA,cola_stratified,CoLA stratified,roberta-base,RoBERTa-base,homo,Homo,20,150,nguyen repo,/homes/neumann/nguyen/fedlora/FederatedLLM/epoch_round_tuning_cola_client_count,0,3,3,104,105,0.5759720510041162,82.74209012464046,"0, 1, 2",12,12,merged_linear_residual,,/homes/neumann/nguyen/fedlora/FederatedLLM/epoch_round_tuning_cola_client_count/tuning-flora-cola_stratified-roberta-base-homo-e20-r150/seed0/3/104/round_config.json
flora,Linear FLoRA,cola_stratified,CoLA stratified,roberta-base,RoBERTa-base,homo,Homo,20,150,nguyen repo,/homes/neumann/nguyen/fedlora/FederatedLLM/epoch_round_tuning_cola_client_count,0,3,3,105,106,0.565753895146675,82.35858101629914,"0, 1, 2",12,12,merged_linear_residual,,/homes/neumann/nguyen/fedlora/FederatedLLM/epoch_round_tuning_cola_client_count/tuning-flora-cola_stratified-roberta-base-homo-e20-r150/seed0/3/105/round_config.json
flora,Linear FLoRA,cola_stratified,CoLA stratified,roberta-base,RoBERTa-base,homo,Homo,20,150,nguyen repo,/homes/neumann/nguyen/fedlora/FederatedLLM/epoch_round_tuning_cola_client_count,0,3,3,106,107,0.5685115636716958,82.45445829338448,"0, 1, 2",12,12,merged_linear_residual,,/homes/neumann/nguyen/fedlora/FederatedLLM/epoch_round_tuning_cola_client_count/tuning-flora-cola_stratified-roberta-base-homo-e20-r150/seed0/3/106/round_config.json
flora,Linear FLoRA,cola_stratified,CoLA stratified,roberta-base,RoBERTa-base,homo,Homo,20,150,nguyen repo,/homes/neumann/nguyen/fedlora/FederatedLLM/epoch_round_tuning_cola_client_count,0,3,3,107,108,0.5708716379334386,82.5503355704698,"0, 1, 2",12,12,merged_linear_residual,,/homes/neumann/nguyen/fedlora/FederatedLLM/epoch_round_tuning_cola_client_count/tuning-flora-cola_stratified-roberta-base-homo-e20-r150/seed0/3/107/round_config.json
flora,Linear FLoRA,cola_stratified,CoLA stratified,roberta-base,RoBERTa-base,homo,Homo,20,150,nguyen repo,/homes/neumann/nguyen/fedlora/FederatedLLM/epoch_round_tuning_cola_client_count,0,3,3,108,109,0.5708716379334386,82.5503355704698,"0, 1, 2",12,12,merged_linear_residual,,/homes/neumann/nguyen/fedlora/FederatedLLM/epoch_round_tuning_cola_client_count/tuning-flora-cola_stratified-roberta-base-homo-e20-r150/seed0/3/108/round_config.json
flora,Linear FLoRA,cola_stratified,CoLA stratified,roberta-base,RoBERTa-base,homo,Homo,20,150,nguyen repo,/homes/neumann/nguyen/fedlora/FederatedLLM/epoch_round_tuning_cola_client_count,0,3,3,109,110,0.573423977092437,82.64621284755513,"0, 1, 2",12,12,merged_linear_residual,,/homes/neumann/nguyen/fedlora/FederatedLLM/epoch_round_tuning_cola_client_count/tuning-flora-cola_stratified-roberta-base-homo-e20-r150/seed0/3/109/round_config.json
flora,Linear FLoRA,cola_stratified,CoLA stratified,roberta-base,RoBERTa-base,homo,Homo,20,150,nguyen repo,/homes/neumann/nguyen/fedlora/FederatedLLM/epoch_round_tuning_cola_client_count,0,3,3,110,111,0.5683149665802574,82.45445829338448,"0, 1, 2",12,12,merged_linear_residual,,/homes/neumann/nguyen/fedlora/FederatedLLM/epoch_round_tuning_cola_client_count/tuning-flora-cola_stratified-roberta-base-homo-e20-r150/seed0/3/110/round_config.json
flora,Linear FLoRA,cola_stratified,CoLA stratified,roberta-base,RoBERTa-base,homo,Homo,20,150,nguyen repo,/homes/neumann/nguyen/fedlora/FederatedLLM/epoch_round_tuning_cola_client_count,0,3,3,111,112,0.5685115636716958,82.45445829338448,"0, 1, 2",12,12,merged_linear_residual,,/homes/neumann/nguyen/fedlora/FederatedLLM/epoch_round_tuning_cola_client_count/tuning-flora-cola_stratified-roberta-base-homo-e20-r150/seed0/3/111/round_config.json
flora,Linear FLoRA,cola_stratified,CoLA stratified,roberta-base,RoBERTa-base,homo,Homo,20,150,nguyen repo,/homes/neumann/nguyen/fedlora/FederatedLLM/epoch_round_tuning_cola_client_count,0,3,3,112,113,0.5681420673133338,82.45445829338448,"0, 1, 2",12,12,merged_linear_residual,,/homes/neumann/nguyen/fedlora/FederatedLLM/epoch_round_tuning_cola_client_count/tuning-flora-cola_stratified-roberta-base-homo-e20-r150/seed0/3/112/round_config.json
flora,Linear FLoRA,cola_stratified,CoLA stratified,roberta-base,RoBERTa-base,homo,Homo,20,150,nguyen repo,/homes/neumann/nguyen/fedlora/FederatedLLM/epoch_round_tuning_cola_client_count,0,3,3,113,114,0.5630125915007046,82.2627037392138,"0, 1, 2",12,12,merged_linear_residual,,/homes/neumann/nguyen/fedlora/FederatedLLM/epoch_round_tuning_cola_client_count/tuning-flora-cola_stratified-roberta-base-homo-e20-r150/seed0/3/113/round_config.json
flora,Linear FLoRA,cola_stratified,CoLA stratified,roberta-base,RoBERTa-base,homo,Homo,20,150,nguyen repo,/homes/neumann/nguyen/fedlora/FederatedLLM/epoch_round_tuning_cola_client_count,0,3,3,114,115,0.565579540997454,82.35858101629914,"0, 1, 2",12,12,merged_linear_residual,,/homes/neumann/nguyen/fedlora/FederatedLLM/epoch_round_tuning_cola_client_count/tuning-flora-cola_stratified-roberta-base-homo-e20-r150/seed0/3/114/round_config.json
flora,Linear FLoRA,cola_stratified,CoLA stratified,roberta-base,RoBERTa-base,homo,Homo,20,150,nguyen repo,/homes/neumann/nguyen/fedlora/FederatedLLM/epoch_round_tuning_cola_client_count,0,3,3,115,116,0.565579540997454,82.35858101629914,"0, 1, 2",12,12,merged_linear_residual,,/homes/neumann/nguyen/fedlora/FederatedLLM/epoch_round_tuning_cola_client_count/tuning-flora-cola_stratified-roberta-base-homo-e20-r150/seed0/3/115/round_config.json
flora,Linear FLoRA,cola_stratified,CoLA stratified,roberta-base,RoBERTa-base,homo,Homo,20,150,nguyen repo,/homes/neumann/nguyen/fedlora/FederatedLLM/epoch_round_tuning_cola_client_count,0,3,3,116,117,0.5708716379334386,82.5503355704698,"0, 1, 2",12,12,merged_linear_residual,,/homes/neumann/nguyen/fedlora/FederatedLLM/epoch_round_tuning_cola_client_count/tuning-flora-cola_stratified-roberta-base-homo-e20-r150/seed0/3/116/round_config.json
flora,Linear FLoRA,cola_stratified,CoLA stratified,roberta-base,RoBERTa-base,homo,Homo,20,150,nguyen repo,/homes/neumann/nguyen/fedlora/FederatedLLM/epoch_round_tuning_cola_client_count,0,3,3,117,118,0.565579540997454,82.35858101629914,"0, 1, 2",12,12,merged_linear_residual,,/homes/neumann/nguyen/fedlora/FederatedLLM/epoch_round_tuning_cola_client_count/tuning-flora-cola_stratified-roberta-base-homo-e20-r150/seed0/3/117/round_config.json
flora,Linear FLoRA,cola_stratified,CoLA stratified,roberta-base,RoBERTa-base,homo,Homo,20,150,nguyen repo,/homes/neumann/nguyen/fedlora/FederatedLLM/epoch_round_tuning_cola_client_count,0,3,3,118,119,0.5600481335616141,82.16682646212847,"0, 1, 2",12,12,merged_linear_residual,,/homes/neumann/nguyen/fedlora/FederatedLLM/epoch_round_tuning_cola_client_count/tuning-flora-cola_stratified-roberta-base-homo-e20-r150/seed0/3/118/round_config.json
flora,Linear FLoRA,cola_stratified,CoLA stratified,roberta-base,RoBERTa-base,homo,Homo,20,150,nguyen repo,/homes/neumann/nguyen/fedlora/FederatedLLM/epoch_round_tuning_cola_client_count,0,3,3,119,120,0.565579540997454,82.35858101629914,"0, 1, 2",12,12,merged_linear_residual,,/homes/neumann/nguyen/fedlora/FederatedLLM/epoch_round_tuning_cola_client_count/tuning-flora-cola_stratified-roberta-base-homo-e20-r150/seed0/3/119/round_config.json
flora,Linear FLoRA,cola_stratified,CoLA stratified,roberta-base,RoBERTa-base,homo,Homo,20,150,nguyen repo,/homes/neumann/nguyen/fedlora/FederatedLLM/epoch_round_tuning_cola_client_count,0,3,3,120,121,0.5653000167449913,82.35858101629914,"0, 1, 2",12,12,merged_linear_residual,,/homes/neumann/nguyen/fedlora/FederatedLLM/epoch_round_tuning_cola_client_count/tuning-flora-cola_stratified-roberta-base-homo-e20-r150/seed0/3/120/round_config.json
flora,Linear FLoRA,cola_stratified,CoLA stratified,roberta-base,RoBERTa-base,homo,Homo,20,150,nguyen repo,/homes/neumann/nguyen/fedlora/FederatedLLM/epoch_round_tuning_cola_client_count,0,3,3,121,122,0.5654284260149138,82.35858101629914,"0, 1, 2",12,12,merged_linear_residual,,/homes/neumann/nguyen/fedlora/FederatedLLM/epoch_round_tuning_cola_client_count/tuning-flora-cola_stratified-roberta-base-homo-e20-r150/seed0/3/121/round_config.json
flora,Linear FLoRA,cola_stratified,CoLA stratified,roberta-base,RoBERTa-base,homo,Homo,20,150,nguyen repo,/homes/neumann/nguyen/fedlora/FederatedLLM/epoch_round_tuning_cola_client_count,0,3,3,122,123,0.5602874440614692,82.16682646212847,"0, 1, 2",12,12,merged_linear_residual,,/homes/neumann/nguyen/fedlora/FederatedLLM/epoch_round_tuning_cola_client_count/tuning-flora-cola_stratified-roberta-base-homo-e20-r150/seed0/3/122/round_config.json
flora,Linear FLoRA,cola_stratified,CoLA stratified,roberta-base,RoBERTa-base,homo,Homo,20,150,nguyen repo,/homes/neumann/nguyen/fedlora/FederatedLLM/epoch_round_tuning_cola_client_count,0,3,3,123,124,0.565579540997454,82.35858101629914,"0, 1, 2",12,12,merged_linear_residual,,/homes/neumann/nguyen/fedlora/FederatedLLM/epoch_round_tuning_cola_client_count/tuning-flora-cola_stratified-roberta-base-homo-e20-r150/seed0/3/123/round_config.json
flora,Linear FLoRA,cola_stratified,CoLA stratified,roberta-base,RoBERTa-base,homo,Homo,20,150,nguyen repo,/homes/neumann/nguyen/fedlora/FederatedLLM/epoch_round_tuning_cola_client_count,0,3,3,124,125,0.5549953471254846,81.97507190795783,"0, 1, 2",12,12,merged_linear_residual,,/homes/neumann/nguyen/fedlora/FederatedLLM/epoch_round_tuning_cola_client_count/tuning-flora-cola_stratified-roberta-base-homo-e20-r150/seed0/3/124/round_config.json
flora,Linear FLoRA,cola_stratified,CoLA stratified,roberta-base,RoBERTa-base,homo,Homo,20,150,nguyen repo,/homes/neumann/nguyen/fedlora/FederatedLLM/epoch_round_tuning_cola_client_count,0,3,3,125,126,0.5602874440614692,82.16682646212847,"0, 1, 2",12,12,merged_linear_residual,,/homes/neumann/nguyen/fedlora/FederatedLLM/epoch_round_tuning_cola_client_count/tuning-flora-cola_stratified-roberta-base-homo-e20-r150/seed0/3/125/round_config.json
flora,Linear FLoRA,cola_stratified,CoLA stratified,roberta-base,RoBERTa-base,homo,Homo,20,150,nguyen repo,/homes/neumann/nguyen/fedlora/FederatedLLM/epoch_round_tuning_cola_client_count,0,3,3,126,127,0.5575782477551274,82.07094918504313,"0, 1, 2",12,12,merged_linear_residual,,/homes/neumann/nguyen/fedlora/FederatedLLM/epoch_round_tuning_cola_client_count/tuning-flora-cola_stratified-roberta-base-homo-e20-r150/seed0/3/126/round_config.json
flora,Linear FLoRA,cola_stratified,CoLA stratified,roberta-base,RoBERTa-base,homo,Homo,20,150,nguyen repo,/homes/neumann/nguyen/fedlora/FederatedLLM/epoch_round_tuning_cola_client_count,0,3,3,127,128,0.565579540997454,82.35858101629914,"0, 1, 2",12,12,merged_linear_residual,,/homes/neumann/nguyen/fedlora/FederatedLLM/epoch_round_tuning_cola_client_count/tuning-flora-cola_stratified-roberta-base-homo-e20-r150/seed0/3/127/round_config.json
flora,Linear FLoRA,cola_stratified,CoLA stratified,roberta-base,RoBERTa-base,homo,Homo,20,150,nguyen repo,/homes/neumann/nguyen/fedlora/FederatedLLM/epoch_round_tuning_cola_client_count,0,3,3,128,129,0.573423977092437,82.64621284755513,"0, 1, 2",12,12,merged_linear_residual,,/homes/neumann/nguyen/fedlora/FederatedLLM/epoch_round_tuning_cola_client_count/tuning-flora-cola_stratified-roberta-base-homo-e20-r150/seed0/3/128/round_config.json
flora,Linear FLoRA,cola_stratified,CoLA stratified,roberta-base,RoBERTa-base,homo,Homo,20,150,nguyen repo,/homes/neumann/nguyen/fedlora/FederatedLLM/epoch_round_tuning_cola_client_count,0,3,3,129,130,0.570700238509515,82.5503355704698,"0, 1, 2",12,12,merged_linear_residual,,/homes/neumann/nguyen/fedlora/FederatedLLM/epoch_round_tuning_cola_client_count/tuning-flora-cola_stratified-roberta-base-homo-e20-r150/seed0/3/129/round_config.json
flora,Linear FLoRA,cola_stratified,CoLA stratified,roberta-base,RoBERTa-base,homo,Homo,20,150,nguyen repo,/homes/neumann/nguyen/fedlora/FederatedLLM/epoch_round_tuning_cola_client_count,0,3,3,130,131,0.573423977092437,82.64621284755513,"0, 1, 2",12,12,merged_linear_residual,,/homes/neumann/nguyen/fedlora/FederatedLLM/epoch_round_tuning_cola_client_count/tuning-flora-cola_stratified-roberta-base-homo-e20-r150/seed0/3/130/round_config.json
flora,Linear FLoRA,cola_stratified,CoLA stratified,roberta-base,RoBERTa-base,homo,Homo,20,150,nguyen repo,/homes/neumann/nguyen/fedlora/FederatedLLM/epoch_round_tuning_cola_client_count,0,3,3,131,132,0.5681420673133338,82.45445829338448,"0, 1, 2",12,12,merged_linear_residual,,/homes/neumann/nguyen/fedlora/FederatedLLM/epoch_round_tuning_cola_client_count/tuning-flora-cola_stratified-roberta-base-homo-e20-r150/seed0/3/131/round_config.json
flora,Linear FLoRA,cola_stratified,CoLA stratified,roberta-base,RoBERTa-base,homo,Homo,20,150,nguyen repo,/homes/neumann/nguyen/fedlora/FederatedLLM/epoch_round_tuning_cola_client_count,0,3,3,132,133,0.5732541217080575,82.64621284755513,"0, 1, 2",12,12,merged_linear_residual,,/homes/neumann/nguyen/fedlora/FederatedLLM/epoch_round_tuning_cola_client_count/tuning-flora-cola_stratified-roberta-base-homo-e20-r150/seed0/3/132/round_config.json
flora,Linear FLoRA,cola_stratified,CoLA stratified,roberta-base,RoBERTa-base,homo,Homo,20,150,nguyen repo,/homes/neumann/nguyen/fedlora/FederatedLLM/epoch_round_tuning_cola_client_count,0,3,3,133,134,0.570700238509515,82.5503355704698,"0, 1, 2",12,12,merged_linear_residual,,/homes/neumann/nguyen/fedlora/FederatedLLM/epoch_round_tuning_cola_client_count/tuning-flora-cola_stratified-roberta-base-homo-e20-r150/seed0/3/133/round_config.json
flora,Linear FLoRA,cola_stratified,CoLA stratified,roberta-base,RoBERTa-base,homo,Homo,20,150,nguyen repo,/homes/neumann/nguyen/fedlora/FederatedLLM/epoch_round_tuning_cola_client_count,0,3,3,134,135,0.5731072389988161,82.64621284755513,"0, 1, 2",12,12,merged_linear_residual,,/homes/neumann/nguyen/fedlora/FederatedLLM/epoch_round_tuning_cola_client_count/tuning-flora-cola_stratified-roberta-base-homo-e20-r150/seed0/3/134/round_config.json
flora,Linear FLoRA,cola_stratified,CoLA stratified,roberta-base,RoBERTa-base,homo,Homo,20,150,nguyen repo,/homes/neumann/nguyen/fedlora/FederatedLLM/epoch_round_tuning_cola_client_count,0,3,3,135,136,0.5731072389988161,82.64621284755513,"0, 1, 2",12,12,merged_linear_residual,,/homes/neumann/nguyen/fedlora/FederatedLLM/epoch_round_tuning_cola_client_count/tuning-flora-cola_stratified-roberta-base-homo-e20-r150/seed0/3/135/round_config.json
flora,Linear FLoRA,cola_stratified,CoLA stratified,roberta-base,RoBERTa-base,homo,Homo,20,150,nguyen repo,/homes/neumann/nguyen/fedlora/FederatedLLM/epoch_round_tuning_cola_client_count,0,3,3,136,137,0.5758037831117457,82.74209012464046,"0, 1, 2",12,12,merged_linear_residual,,/homes/neumann/nguyen/fedlora/FederatedLLM/epoch_round_tuning_cola_client_count/tuning-flora-cola_stratified-roberta-base-homo-e20-r150/seed0/3/136/round_config.json
flora,Linear FLoRA,cola_stratified,CoLA stratified,roberta-base,RoBERTa-base,homo,Homo,20,150,nguyen repo,/homes/neumann/nguyen/fedlora/FederatedLLM/epoch_round_tuning_cola_client_count,0,3,3,137,138,0.5732541217080575,82.64621284755513,"0, 1, 2",12,12,merged_linear_residual,,/homes/neumann/nguyen/fedlora/FederatedLLM/epoch_round_tuning_cola_client_count/tuning-flora-cola_stratified-roberta-base-homo-e20-r150/seed0/3/137/round_config.json
flora,Linear FLoRA,cola_stratified,CoLA stratified,roberta-base,RoBERTa-base,homo,Homo,20,150,nguyen repo,/homes/neumann/nguyen/fedlora/FederatedLLM/epoch_round_tuning_cola_client_count,0,3,3,138,139,0.5732541217080575,82.64621284755513,"0, 1, 2",12,12,merged_linear_residual,,/homes/neumann/nguyen/fedlora/FederatedLLM/epoch_round_tuning_cola_client_count/tuning-flora-cola_stratified-roberta-base-homo-e20-r150/seed0/3/138/round_config.json
flora,Linear FLoRA,cola_stratified,CoLA stratified,roberta-base,RoBERTa-base,homo,Homo,20,150,nguyen repo,/homes/neumann/nguyen/fedlora/FederatedLLM/epoch_round_tuning_cola_client_count,0,3,3,139,140,0.565753895146675,82.35858101629914,"0, 1, 2",12,12,merged_linear_residual,,/homes/neumann/nguyen/fedlora/FederatedLLM/epoch_round_tuning_cola_client_count/tuning-flora-cola_stratified-roberta-base-homo-e20-r150/seed0/3/139/round_config.json
flora,Linear FLoRA,cola_stratified,CoLA stratified,roberta-base,RoBERTa-base,homo,Homo,20,150,nguyen repo,/homes/neumann/nguyen/fedlora/FederatedLLM/epoch_round_tuning_cola_client_count,0,10,10,0,1,0.42013178301366794,77.18120805369128,"0, 1, 2, 3, 4, 5, 6, 7, 8, 9",40,40,merged_linear_residual,,/homes/neumann/nguyen/fedlora/FederatedLLM/epoch_round_tuning_cola_client_count/tuning-flora-cola_stratified-roberta-base-homo-e20-r150/seed0/10/0/round_config.json
flora,Linear FLoRA,cola_stratified,CoLA stratified,roberta-base,RoBERTa-base,homo,Homo,20,150,nguyen repo,/homes/neumann/nguyen/fedlora/FederatedLLM/epoch_round_tuning_cola_client_count,0,10,10,1,2,0.48082075308138933,79.29050814956855,"0, 1, 2, 3, 4, 5, 6, 7, 8, 9",40,40,merged_linear_residual,,/homes/neumann/nguyen/fedlora/FederatedLLM/epoch_round_tuning_cola_client_count/tuning-flora-cola_stratified-roberta-base-homo-e20-r150/seed0/10/1/round_config.json
flora,Linear FLoRA,cola_stratified,CoLA stratified,roberta-base,RoBERTa-base,homo,Homo,20,150,nguyen repo,/homes/neumann/nguyen/fedlora/FederatedLLM/epoch_round_tuning_cola_client_count,0,10,10,2,3,0.48886510271911465,79.57813998082455,"0, 1, 2, 3, 4, 5, 6, 7, 8, 9",40,40,merged_linear_residual,,/homes/neumann/nguyen/fedlora/FederatedLLM/epoch_round_tuning_cola_client_count/tuning-flora-cola_stratified-roberta-base-homo-e20-r150/seed0/10/2/round_config.json
flora,Linear FLoRA,cola_stratified,CoLA stratified,roberta-base,RoBERTa-base,homo,Homo,20,150,nguyen repo,/homes/neumann/nguyen/fedlora/FederatedLLM/epoch_round_tuning_cola_client_count,0,10,10,3,4,0.4914459913724542,79.67401725790988,"0, 1, 2, 3, 4, 5, 6, 7, 8, 9",40,40,merged_linear_residual,,/homes/neumann/nguyen/fedlora/FederatedLLM/epoch_round_tuning_cola_client_count/tuning-flora-cola_stratified-roberta-base-homo-e20-r150/seed0/10/3/round_config.json
flora,Linear FLoRA,cola_stratified,CoLA stratified,roberta-base,RoBERTa-base,homo,Homo,20,150,nguyen repo,/homes/neumann/nguyen/fedlora/FederatedLLM/epoch_round_tuning_cola_client_count,0,10,10,4,5,0.49416142552618536,79.76989453499522,"0, 1, 2, 3, 4, 5, 6, 7, 8, 9",40,40,merged_linear_residual,,/homes/neumann/nguyen/fedlora/FederatedLLM/epoch_round_tuning_cola_client_count/tuning-flora-cola_stratified-roberta-base-homo-e20-r150/seed0/10/4/round_config.json
flora,Linear FLoRA,cola_stratified,CoLA stratified,roberta-base,RoBERTa-base,homo,Homo,20,150,nguyen repo,/homes/neumann/nguyen/fedlora/FederatedLLM/epoch_round_tuning_cola_client_count,0,10,10,5,6,0.49430354503894686,79.76989453499522,"0, 1, 2, 3, 4, 5, 6, 7, 8, 9",40,40,merged_linear_residual,,/homes/neumann/nguyen/fedlora/FederatedLLM/epoch_round_tuning_cola_client_count/tuning-flora-cola_stratified-roberta-base-homo-e20-r150/seed0/10/5/round_config.json
flora,Linear FLoRA,cola_stratified,CoLA stratified,roberta-base,RoBERTa-base,homo,Homo,20,150,nguyen repo,/homes/neumann/nguyen/fedlora/FederatedLLM/epoch_round_tuning_cola_client_count,0,10,10,6,7,0.49988318353976524,79.96164908916586,"0, 1, 2, 3, 4, 5, 6, 7, 8, 9",40,40,merged_linear_residual,,/homes/neumann/nguyen/fedlora/FederatedLLM/epoch_round_tuning_cola_client_count/tuning-flora-cola_stratified-roberta-base-homo-e20-r150/seed0/10/6/round_config.json
flora,Linear FLoRA,cola_stratified,CoLA stratified,roberta-base,RoBERTa-base,homo,Homo,20,150,nguyen repo,/homes/neumann/nguyen/fedlora/FederatedLLM/epoch_round_tuning_cola_client_count,0,10,10,7,8,0.49988318353976524,79.96164908916586,"0, 1, 2, 3, 4, 5, 6, 7, 8, 9",40,40,merged_linear_residual,,/homes/neumann/nguyen/fedlora/FederatedLLM/epoch_round_tuning_cola_client_count/tuning-flora-cola_stratified-roberta-base-homo-e20-r150/seed0/10/7/round_config.json
flora,Linear FLoRA,cola_stratified,CoLA stratified,roberta-base,RoBERTa-base,homo,Homo,20,150,nguyen repo,/homes/neumann/nguyen/fedlora/FederatedLLM/epoch_round_tuning_cola_client_count,0,10,10,8,9,0.5025795557201045,80.0575263662512,"0, 1, 2, 3, 4, 5, 6, 7, 8, 9",40,40,merged_linear_residual,,/homes/neumann/nguyen/fedlora/FederatedLLM/epoch_round_tuning_cola_client_count/tuning-flora-cola_stratified-roberta-base-homo-e20-r150/seed0/10/8/round_config.json
flora,Linear FLoRA,cola_stratified,CoLA stratified,roberta-base,RoBERTa-base,homo,Homo,20,150,nguyen repo,/homes/neumann/nguyen/fedlora/FederatedLLM/epoch_round_tuning_cola_client_count,0,10,10,9,10,0.5077854223436783,80.24928092042187,"0, 1, 2, 3, 4, 5, 6, 7, 8, 9",40,40,merged_linear_residual,,/homes/neumann/nguyen/fedlora/FederatedLLM/epoch_round_tuning_cola_client_count/tuning-flora-cola_stratified-roberta-base-homo-e20-r150/seed0/10/9/round_config.json
flora,Linear FLoRA,cola_stratified,CoLA stratified,roberta-base,RoBERTa-base,homo,Homo,20,150,nguyen repo,/homes/neumann/nguyen/fedlora/FederatedLLM/epoch_round_tuning_cola_client_count,0,10,10,10,11,0.5134946392219878,80.44103547459252,"0, 1, 2, 3, 4, 5, 6, 7, 8, 9",40,40,merged_linear_residual,,/homes/neumann/nguyen/fedlora/FederatedLLM/epoch_round_tuning_cola_client_count/tuning-flora-cola_stratified-roberta-base-homo-e20-r150/seed0/10/10/round_config.json
flora,Linear FLoRA,cola_stratified,CoLA stratified,roberta-base,RoBERTa-base,homo,Homo,20,150,nguyen repo,/homes/neumann/nguyen/fedlora/FederatedLLM/epoch_round_tuning_cola_client_count,0,10,10,11,12,0.5161596159953151,80.53691275167785,"0, 1, 2, 3, 4, 5, 6, 7, 8, 9",40,40,merged_linear_residual,,/homes/neumann/nguyen/fedlora/FederatedLLM/epoch_round_tuning_cola_client_count/tuning-flora-cola_stratified-roberta-base-homo-e20-r150/seed0/10/11/round_config.json
flora,Linear FLoRA,cola_stratified,CoLA stratified,roberta-base,RoBERTa-base,homo,Homo,20,150,nguyen repo,/homes/neumann/nguyen/fedlora/FederatedLLM/epoch_round_tuning_cola_client_count,0,10,10,12,13,0.5216885723420658,80.72866730584852,"0, 1, 2, 3, 4, 5, 6, 7, 8, 9",40,40,merged_linear_residual,,/homes/neumann/nguyen/fedlora/FederatedLLM/epoch_round_tuning_cola_client_count/tuning-flora-cola_stratified-roberta-base-homo-e20-r150/seed0/10/12/round_config.json
flora,Linear FLoRA,cola_stratified,CoLA stratified,roberta-base,RoBERTa-base,homo,Homo,20,150,nguyen repo,/homes/neumann/nguyen/fedlora/FederatedLLM/epoch_round_tuning_cola_client_count,0,10,10,13,14,0.5243351914860497,80.82454458293384,"0, 1, 2, 3, 4, 5, 6, 7, 8, 9",40,40,merged_linear_residual,,/homes/neumann/nguyen/fedlora/FederatedLLM/epoch_round_tuning_cola_client_count/tuning-flora-cola_stratified-roberta-base-homo-e20-r150/seed0/10/13/round_config.json
flora,Linear FLoRA,cola_stratified,CoLA stratified,roberta-base,RoBERTa-base,homo,Homo,20,150,nguyen repo,/homes/neumann/nguyen/fedlora/FederatedLLM/epoch_round_tuning_cola_client_count,0,10,10,14,15,0.5296111755015093,81.01629913710451,"0, 1, 2, 3, 4, 5, 6, 7, 8, 9",40,40,merged_linear_residual,,/homes/neumann/nguyen/fedlora/FederatedLLM/epoch_round_tuning_cola_client_count/tuning-flora-cola_stratified-roberta-base-homo-e20-r150/seed0/10/14/round_config.json
flora,Linear FLoRA,cola_stratified,CoLA stratified,roberta-base,RoBERTa-base,homo,Homo,20,150,nguyen repo,/homes/neumann/nguyen/fedlora/FederatedLLM/epoch_round_tuning_cola_client_count,0,10,10,15,16,0.5322407163754954,81.11217641418985,"0, 1, 2, 3, 4, 5, 6, 7, 8, 9",40,40,merged_linear_residual,,/homes/neumann/nguyen/fedlora/FederatedLLM/epoch_round_tuning_cola_client_count/tuning-flora-cola_stratified-roberta-base-homo-e20-r150/seed0/10/15/round_config.json
flora,Linear FLoRA,cola_stratified,CoLA stratified,roberta-base,RoBERTa-base,homo,Homo,20,150,nguyen repo,/homes/neumann/nguyen/fedlora/FederatedLLM/epoch_round_tuning_cola_client_count,0,10,10,16,17,0.5353683709142973,81.20805369127517,"0, 1, 2, 3, 4, 5, 6, 7, 8, 9",40,40,merged_linear_residual,,/homes/neumann/nguyen/fedlora/FederatedLLM/epoch_round_tuning_cola_client_count/tuning-flora-cola_stratified-roberta-base-homo-e20-r150/seed0/10/16/round_config.json
flora,Linear FLoRA,cola_stratified,CoLA stratified,roberta-base,RoBERTa-base,homo,Homo,20,150,nguyen repo,/homes/neumann/nguyen/fedlora/FederatedLLM/epoch_round_tuning_cola_client_count,0,10,10,17,18,0.5412018534046763,81.39980824544583,"0, 1, 2, 3, 4, 5, 6, 7, 8, 9",40,40,merged_linear_residual,,/homes/neumann/nguyen/fedlora/FederatedLLM/epoch_round_tuning_cola_client_count/tuning-flora-cola_stratified-roberta-base-homo-e20-r150/seed0/10/17/round_config.json
flora,Linear FLoRA,cola_stratified,CoLA stratified,roberta-base,RoBERTa-base,homo,Homo,20,150,nguyen repo,/homes/neumann/nguyen/fedlora/FederatedLLM/epoch_round_tuning_cola_client_count,0,10,10,18,19,0.5438043977290685,81.49568552253116,"0, 1, 2, 3, 4, 5, 6, 7, 8, 9",40,40,merged_linear_residual,,/homes/neumann/nguyen/fedlora/FederatedLLM/epoch_round_tuning_cola_client_count/tuning-flora-cola_stratified-roberta-base-homo-e20-r150/seed0/10/18/round_config.json
flora,Linear FLoRA,cola_stratified,CoLA stratified,roberta-base,RoBERTa-base,homo,Homo,20,150,nguyen repo,/homes/neumann/nguyen/fedlora/FederatedLLM/epoch_round_tuning_cola_client_count,0,10,10,19,20,0.5382754413823179,81.30393096836049,"0, 1, 2, 3, 4, 5, 6, 7, 8, 9",40,40,merged_linear_residual,,/homes/neumann/nguyen/fedlora/FederatedLLM/epoch_round_tuning_cola_client_count/tuning-flora-cola_stratified-roberta-base-homo-e20-r150/seed0/10/19/round_config.json
flora,Linear FLoRA,cola_stratified,CoLA stratified,roberta-base,RoBERTa-base,homo,Homo,20,150,nguyen repo,/homes/neumann/nguyen/fedlora/FederatedLLM/epoch_round_tuning_cola_client_count,0,10,10,20,21,0.5327464850355671,81.11217641418985,"0, 1, 2, 3, 4, 5, 6, 7, 8, 9",40,40,merged_linear_residual,,/homes/neumann/nguyen/fedlora/FederatedLLM/epoch_round_tuning_cola_client_count/tuning-flora-cola_stratified-roberta-base-homo-e20-r150/seed0/10/20/round_config.json
flora,Linear FLoRA,cola_stratified,CoLA stratified,roberta-base,RoBERTa-base,homo,Homo,20,150,nguyen repo,/homes/neumann/nguyen/fedlora/FederatedLLM/epoch_round_tuning_cola_client_count,0,10,10,21,22,0.5301189677316009,81.01629913710451,"0, 1, 2, 3, 4, 5, 6, 7, 8, 9",40,40,merged_linear_residual,,/homes/neumann/nguyen/fedlora/FederatedLLM/epoch_round_tuning_cola_client_count/tuning-flora-cola_stratified-roberta-base-homo-e20-r150/seed0/10/21/round_config.json
flora,Linear FLoRA,cola_stratified,CoLA stratified,roberta-base,RoBERTa-base,homo,Homo,20,150,nguyen repo,/homes/neumann/nguyen/fedlora/FederatedLLM/epoch_round_tuning_cola_client_count,0,10,10,22,23,0.5274857307551519,80.92042186001918,"0, 1, 2, 3, 4, 5, 6, 7, 8, 9",40,40,merged_linear_residual,,/homes/neumann/nguyen/fedlora/FederatedLLM/epoch_round_tuning_cola_client_count/tuning-flora-cola_stratified-roberta-base-homo-e20-r150/seed0/10/22/round_config.json
flora,Linear FLoRA,cola_stratified,CoLA stratified,roberta-base,RoBERTa-base,homo,Homo,20,150,nguyen repo,/homes/neumann/nguyen/fedlora/FederatedLLM/epoch_round_tuning_cola_client_count,0,10,10,23,24,0.5301189677316009,81.01629913710451,"0, 1, 2, 3, 4, 5, 6, 7, 8, 9",40,40,merged_linear_residual,,/homes/neumann/nguyen/fedlora/FederatedLLM/epoch_round_tuning_cola_client_count/tuning-flora-cola_stratified-roberta-base-homo-e20-r150/seed0/10/23/round_config.json
flora,Linear FLoRA,cola_stratified,CoLA stratified,roberta-base,RoBERTa-base,homo,Homo,20,150,nguyen repo,/homes/neumann/nguyen/fedlora/FederatedLLM/epoch_round_tuning_cola_client_count,0,10,10,24,25,0.5330397816266463,81.11217641418985,"0, 1, 2, 3, 4, 5, 6, 7, 8, 9",40,40,merged_linear_residual,,/homes/neumann/nguyen/fedlora/FederatedLLM/epoch_round_tuning_cola_client_count/tuning-flora-cola_stratified-roberta-base-homo-e20-r150/seed0/10/24/round_config.json
flora,Linear FLoRA,cola_stratified,CoLA stratified,roberta-base,RoBERTa-base,homo,Homo,20,150,nguyen repo,/homes/neumann/nguyen/fedlora/FederatedLLM/epoch_round_tuning_cola_client_count,0,10,10,25,26,0.5356604105681386,81.20805369127517,"0, 1, 2, 3, 4, 5, 6, 7, 8, 9",40,40,merged_linear_residual,,/homes/neumann/nguyen/fedlora/FederatedLLM/epoch_round_tuning_cola_client_count/tuning-flora-cola_stratified-roberta-base-homo-e20-r150/seed0/10/25/round_config.json
flora,Linear FLoRA,cola_stratified,CoLA stratified,roberta-base,RoBERTa-base,homo,Homo,20,150,nguyen repo,/homes/neumann/nguyen/fedlora/FederatedLLM/epoch_round_tuning_cola_client_count,0,10,10,26,27,0.5359802487630552,81.20805369127517,"0, 1, 2, 3, 4, 5, 6, 7, 8, 9",40,40,merged_linear_residual,,/homes/neumann/nguyen/fedlora/FederatedLLM/epoch_round_tuning_cola_client_count/tuning-flora-cola_stratified-roberta-base-homo-e20-r150/seed0/10/26/round_config.json
flora,Linear FLoRA,cola_stratified,CoLA stratified,roberta-base,RoBERTa-base,homo,Homo,20,150,nguyen repo,/homes/neumann/nguyen/fedlora/FederatedLLM/epoch_round_tuning_cola_client_count,0,10,10,27,28,0.5382754413823179,81.30393096836049,"0, 1, 2, 3, 4, 5, 6, 7, 8, 9",40,40,merged_linear_residual,,/homes/neumann/nguyen/fedlora/FederatedLLM/epoch_round_tuning_cola_client_count/tuning-flora-cola_stratified-roberta-base-homo-e20-r150/seed0/10/27/round_config.json
flora,Linear FLoRA,cola_stratified,CoLA stratified,roberta-base,RoBERTa-base,homo,Homo,20,150,nguyen repo,/homes/neumann/nguyen/fedlora/FederatedLLM/epoch_round_tuning_cola_client_count,0,10,10,28,29,0.5356604105681386,81.20805369127517,"0, 1, 2, 3, 4, 5, 6, 7, 8, 9",40,40,merged_linear_residual,,/homes/neumann/nguyen/fedlora/FederatedLLM/epoch_round_tuning_cola_client_count/tuning-flora-cola_stratified-roberta-base-homo-e20-r150/seed0/10/28/round_config.json
flora,Linear FLoRA,cola_stratified,CoLA stratified,roberta-base,RoBERTa-base,homo,Homo,20,150,nguyen repo,/homes/neumann/nguyen/fedlora/FederatedLLM/epoch_round_tuning_cola_client_count,0,10,10,29,30,0.546743296241214,81.5915627996165,"0, 1, 2, 3, 4, 5, 6, 7, 8, 9",40,40,merged_linear_residual,,/homes/neumann/nguyen/fedlora/FederatedLLM/epoch_round_tuning_cola_client_count/tuning-flora-cola_stratified-roberta-base-homo-e20-r150/seed0/10/29/round_config.json
flora,Linear FLoRA,cola_stratified,CoLA stratified,roberta-base,RoBERTa-base,homo,Homo,20,150,nguyen repo,/homes/neumann/nguyen/fedlora/FederatedLLM/epoch_round_tuning_cola_client_count,0,10,10,30,31,0.5415470309368803,81.39980824544583,"0, 1, 2, 3, 4, 5, 6, 7, 8, 9",40,40,merged_linear_residual,,/homes/neumann/nguyen/fedlora/FederatedLLM/epoch_round_tuning_cola_client_count/tuning-flora-cola_stratified-roberta-base-homo-e20-r150/seed0/10/30/round_config.json
flora,Linear FLoRA,cola_stratified,CoLA stratified,roberta-base,RoBERTa-base,homo,Homo,20,150,nguyen repo,/homes/neumann/nguyen/fedlora/FederatedLLM/epoch_round_tuning_cola_client_count,0,10,10,31,32,0.5438043977290685,81.49568552253116,"0, 1, 2, 3, 4, 5, 6, 7, 8, 9",40,40,merged_linear_residual,,/homes/neumann/nguyen/fedlora/FederatedLLM/epoch_round_tuning_cola_client_count/tuning-flora-cola_stratified-roberta-base-homo-e20-r150/seed0/10/31/round_config.json
flora,Linear FLoRA,cola_stratified,CoLA stratified,roberta-base,RoBERTa-base,homo,Homo,20,150,nguyen repo,/homes/neumann/nguyen/fedlora/FederatedLLM/epoch_round_tuning_cola_client_count,0,10,10,32,33,0.5441478833696352,81.49568552253116,"0, 1, 2, 3, 4, 5, 6, 7, 8, 9",40,40,merged_linear_residual,,/homes/neumann/nguyen/fedlora/FederatedLLM/epoch_round_tuning_cola_client_count/tuning-flora-cola_stratified-roberta-base-homo-e20-r150/seed0/10/32/round_config.json
flora,Linear FLoRA,cola_stratified,CoLA stratified,roberta-base,RoBERTa-base,homo,Homo,20,150,nguyen repo,/homes/neumann/nguyen/fedlora/FederatedLLM/epoch_round_tuning_cola_client_count,0,10,10,33,34,0.5493333540758192,81.68744007670182,"0, 1, 2, 3, 4, 5, 6, 7, 8, 9",40,40,merged_linear_residual,,/homes/neumann/nguyen/fedlora/FederatedLLM/epoch_round_tuning_cola_client_count/tuning-flora-cola_stratified-roberta-base-homo-e20-r150/seed0/10/33/round_config.json
flora,Linear FLoRA,cola_stratified,CoLA stratified,roberta-base,RoBERTa-base,homo,Homo,20,150,nguyen repo,/homes/neumann/nguyen/fedlora/FederatedLLM/epoch_round_tuning_cola_client_count,0,10,10,34,35,0.5438043977290685,81.49568552253116,"0, 1, 2, 3, 4, 5, 6, 7, 8, 9",40,40,merged_linear_residual,,/homes/neumann/nguyen/fedlora/FederatedLLM/epoch_round_tuning_cola_client_count/tuning-flora-cola_stratified-roberta-base-homo-e20-r150/seed0/10/34/round_config.json
flora,Linear FLoRA,cola_stratified,CoLA stratified,roberta-base,RoBERTa-base,homo,Homo,20,150,nguyen repo,/homes/neumann/nguyen/fedlora/FederatedLLM/epoch_round_tuning_cola_client_count,0,10,10,35,36,0.5497019342411297,81.68744007670182,"0, 1, 2, 3, 4, 5, 6, 7, 8, 9",40,40,merged_linear_residual,,/homes/neumann/nguyen/fedlora/FederatedLLM/epoch_round_tuning_cola_client_count/tuning-flora-cola_stratified-roberta-base-homo-e20-r150/seed0/10/35/round_config.json
flora,Linear FLoRA,cola_stratified,CoLA stratified,roberta-base,RoBERTa-base,homo,Homo,20,150,nguyen repo,/homes/neumann/nguyen/fedlora/FederatedLLM/epoch_round_tuning_cola_client_count,0,10,10,36,37,0.5522847390777518,81.78331735378715,"0, 1, 2, 3, 4, 5, 6, 7, 8, 9",40,40,merged_linear_residual,,/homes/neumann/nguyen/fedlora/FederatedLLM/epoch_round_tuning_cola_client_count/tuning-flora-cola_stratified-roberta-base-homo-e20-r150/seed0/10/36/round_config.json
flora,Linear FLoRA,cola_stratified,CoLA stratified,roberta-base,RoBERTa-base,homo,Homo,20,150,nguyen repo,/homes/neumann/nguyen/fedlora/FederatedLLM/epoch_round_tuning_cola_client_count,0,10,10,37,38,0.5522847390777518,81.78331735378715,"0, 1, 2, 3, 4, 5, 6, 7, 8, 9",40,40,merged_linear_residual,,/homes/neumann/nguyen/fedlora/FederatedLLM/epoch_round_tuning_cola_client_count/tuning-flora-cola_stratified-roberta-base-homo-e20-r150/seed0/10/37/round_config.json
flora,Linear FLoRA,cola_stratified,CoLA stratified,roberta-base,RoBERTa-base,homo,Homo,20,150,nguyen repo,/homes/neumann/nguyen/fedlora/FederatedLLM/epoch_round_tuning_cola_client_count,0,10,10,38,39,0.5600020773413192,82.07094918504313,"0, 1, 2, 3, 4, 5, 6, 7, 8, 9",40,40,merged_linear_residual,,/homes/neumann/nguyen/fedlora/FederatedLLM/epoch_round_tuning_cola_client_count/tuning-flora-cola_stratified-roberta-base-homo-e20-r150/seed0/10/38/round_config.json
flora,Linear FLoRA,cola_stratified,CoLA stratified,roberta-base,RoBERTa-base,homo,Homo,20,150,nguyen repo,/homes/neumann/nguyen/fedlora/FederatedLLM/epoch_round_tuning_cola_client_count,0,10,10,39,40,0.5489933947733587,81.68744007670182,"0, 1, 2, 3, 4, 5, 6, 7, 8, 9",40,40,merged_linear_residual,,/homes/neumann/nguyen/fedlora/FederatedLLM/epoch_round_tuning_cola_client_count/tuning-flora-cola_stratified-roberta-base-homo-e20-r150/seed0/10/39/round_config.json
flora,Linear FLoRA,cola_stratified,CoLA stratified,roberta-base,RoBERTa-base,homo,Homo,20,150,nguyen repo,/homes/neumann/nguyen/fedlora/FederatedLLM/epoch_round_tuning_cola_client_count,0,10,10,40,41,0.554497736057339,81.87919463087249,"0, 1, 2, 3, 4, 5, 6, 7, 8, 9",40,40,merged_linear_residual,,/homes/neumann/nguyen/fedlora/FederatedLLM/epoch_round_tuning_cola_client_count/tuning-flora-cola_stratified-roberta-base-homo-e20-r150/seed0/10/40/round_config.json
flora,Linear FLoRA,cola_stratified,CoLA stratified,roberta-base,RoBERTa-base,homo,Homo,20,150,nguyen repo,/homes/neumann/nguyen/fedlora/FederatedLLM/epoch_round_tuning_cola_client_count,0,10,10,41,42,0.5570722226722097,81.97507190795783,"0, 1, 2, 3, 4, 5, 6, 7, 8, 9",40,40,merged_linear_residual,,/homes/neumann/nguyen/fedlora/FederatedLLM/epoch_round_tuning_cola_client_count/tuning-flora-cola_stratified-roberta-base-homo-e20-r150/seed0/10/41/round_config.json
flora,Linear FLoRA,cola_stratified,CoLA stratified,roberta-base,RoBERTa-base,homo,Homo,20,150,nguyen repo,/homes/neumann/nguyen/fedlora/FederatedLLM/epoch_round_tuning_cola_client_count,0,10,10,42,43,0.5622061839027462,82.16682646212847,"0, 1, 2, 3, 4, 5, 6, 7, 8, 9",40,40,merged_linear_residual,,/homes/neumann/nguyen/fedlora/FederatedLLM/epoch_round_tuning_cola_client_count/tuning-flora-cola_stratified-roberta-base-homo-e20-r150/seed0/10/42/round_config.json
flora,Linear FLoRA,cola_stratified,CoLA stratified,roberta-base,RoBERTa-base,homo,Homo,20,150,nguyen repo,/homes/neumann/nguyen/fedlora/FederatedLLM/epoch_round_tuning_cola_client_count,0,10,10,43,44,0.5515800132380696,81.78331735378715,"0, 1, 2, 3, 4, 5, 6, 7, 8, 9",40,40,merged_linear_residual,,/homes/neumann/nguyen/fedlora/FederatedLLM/epoch_round_tuning_cola_client_count/tuning-flora-cola_stratified-roberta-base-homo-e20-r150/seed0/10/43/round_config.json
flora,Linear FLoRA,cola_stratified,CoLA stratified,roberta-base,RoBERTa-base,homo,Homo,20,150,nguyen repo,/homes/neumann/nguyen/fedlora/FederatedLLM/epoch_round_tuning_cola_client_count,0,10,10,44,45,0.554497736057339,81.87919463087249,"0, 1, 2, 3, 4, 5, 6, 7, 8, 9",40,40,merged_linear_residual,,/homes/neumann/nguyen/fedlora/FederatedLLM/epoch_round_tuning_cola_client_count/tuning-flora-cola_stratified-roberta-base-homo-e20-r150/seed0/10/44/round_config.json
flora,Linear FLoRA,cola_stratified,CoLA stratified,roberta-base,RoBERTa-base,homo,Homo,20,150,nguyen repo,/homes/neumann/nguyen/fedlora/FederatedLLM/epoch_round_tuning_cola_client_count,0,10,10,45,46,0.5541614866719362,81.87919463087249,"0, 1, 2, 3, 4, 5, 6, 7, 8, 9",40,40,merged_linear_residual,,/homes/neumann/nguyen/fedlora/FederatedLLM/epoch_round_tuning_cola_client_count/tuning-flora-cola_stratified-roberta-base-homo-e20-r150/seed0/10/45/round_config.json
flora,Linear FLoRA,cola_stratified,CoLA stratified,roberta-base,RoBERTa-base,homo,Homo,20,150,nguyen repo,/homes/neumann/nguyen/fedlora/FederatedLLM/epoch_round_tuning_cola_client_count,0,10,10,46,47,0.5570722226722097,81.97507190795783,"0, 1, 2, 3, 4, 5, 6, 7, 8, 9",40,40,merged_linear_residual,,/homes/neumann/nguyen/fedlora/FederatedLLM/epoch_round_tuning_cola_client_count/tuning-flora-cola_stratified-roberta-base-homo-e20-r150/seed0/10/46/round_config.json
flora,Linear FLoRA,cola_stratified,CoLA stratified,roberta-base,RoBERTa-base,homo,Homo,20,150,nguyen repo,/homes/neumann/nguyen/fedlora/FederatedLLM/epoch_round_tuning_cola_client_count,0,10,10,47,48,0.5548623104225698,81.87919463087249,"0, 1, 2, 3, 4, 5, 6, 7, 8, 9",40,40,merged_linear_residual,,/homes/neumann/nguyen/fedlora/FederatedLLM/epoch_round_tuning_cola_client_count/tuning-flora-cola_stratified-roberta-base-homo-e20-r150/seed0/10/47/round_config.json
flora,Linear FLoRA,cola_stratified,CoLA stratified,roberta-base,RoBERTa-base,homo,Homo,20,150,nguyen repo,/homes/neumann/nguyen/fedlora/FederatedLLM/epoch_round_tuning_cola_client_count,0,10,10,48,49,0.5625644321063499,82.16682646212847,"0, 1, 2, 3, 4, 5, 6, 7, 8, 9",40,40,merged_linear_residual,,/homes/neumann/nguyen/fedlora/FederatedLLM/epoch_round_tuning_cola_client_count/tuning-flora-cola_stratified-roberta-base-homo-e20-r150/seed0/10/48/round_config.json
flora,Linear FLoRA,cola_stratified,CoLA stratified,roberta-base,RoBERTa-base,homo,Homo,20,150,nguyen repo,/homes/neumann/nguyen/fedlora/FederatedLLM/epoch_round_tuning_cola_client_count,0,10,10,49,50,0.5564310110490012,81.97507190795783,"0, 1, 2, 3, 4, 5, 6, 7, 8, 9",40,40,merged_linear_residual,,/homes/neumann/nguyen/fedlora/FederatedLLM/epoch_round_tuning_cola_client_count/tuning-flora-cola_stratified-roberta-base-homo-e20-r150/seed0/10/49/round_config.json
flora,Linear FLoRA,cola_stratified,CoLA stratified,roberta-base,RoBERTa-base,homo,Homo,20,150,nguyen repo,/homes/neumann/nguyen/fedlora/FederatedLLM/epoch_round_tuning_cola_client_count,0,10,10,50,51,0.5618758275359192,82.16682646212847,"0, 1, 2, 3, 4, 5, 6, 7, 8, 9",40,40,merged_linear_residual,,/homes/neumann/nguyen/fedlora/FederatedLLM/epoch_round_tuning_cola_client_count/tuning-flora-cola_stratified-roberta-base-homo-e20-r150/seed0/10/50/round_config.json
flora,Linear FLoRA,cola_stratified,CoLA stratified,roberta-base,RoBERTa-base,homo,Homo,20,150,nguyen repo,/homes/neumann/nguyen/fedlora/FederatedLLM/epoch_round_tuning_cola_client_count,0,10,10,51,52,0.5564310110490012,81.97507190795783,"0, 1, 2, 3, 4, 5, 6, 7, 8, 9",40,40,merged_linear_residual,,/homes/neumann/nguyen/fedlora/FederatedLLM/epoch_round_tuning_cola_client_count/tuning-flora-cola_stratified-roberta-base-homo-e20-r150/seed0/10/51/round_config.json
flora,Linear FLoRA,cola_stratified,CoLA stratified,roberta-base,RoBERTa-base,homo,Homo,20,150,nguyen repo,/homes/neumann/nguyen/fedlora/FederatedLLM/epoch_round_tuning_cola_client_count,0,10,10,52,53,0.5622061839027462,82.16682646212847,"0, 1, 2, 3, 4, 5, 6, 7, 8, 9",40,40,merged_linear_residual,,/homes/neumann/nguyen/fedlora/FederatedLLM/epoch_round_tuning_cola_client_count/tuning-flora-cola_stratified-roberta-base-homo-e20-r150/seed0/10/52/round_config.json
flora,Linear FLoRA,cola_stratified,CoLA stratified,roberta-base,RoBERTa-base,homo,Homo,20,150,nguyen repo,/homes/neumann/nguyen/fedlora/FederatedLLM/epoch_round_tuning_cola_client_count,0,10,10,53,54,0.5561508659240181,81.97507190795783,"0, 1, 2, 3, 4, 5, 6, 7, 8, 9",40,40,merged_linear_residual,,/homes/neumann/nguyen/fedlora/FederatedLLM/epoch_round_tuning_cola_client_count/tuning-flora-cola_stratified-roberta-base-homo-e20-r150/seed0/10/53/round_config.json
flora,Linear FLoRA,cola_stratified,CoLA stratified,roberta-base,RoBERTa-base,homo,Homo,20,150,nguyen repo,/homes/neumann/nguyen/fedlora/FederatedLLM/epoch_round_tuning_cola_client_count,0,10,10,54,55,0.5567378947584477,81.97507190795783,"0, 1, 2, 3, 4, 5, 6, 7, 8, 9",40,40,merged_linear_residual,,/homes/neumann/nguyen/fedlora/FederatedLLM/epoch_round_tuning_cola_client_count/tuning-flora-cola_stratified-roberta-base-homo-e20-r150/seed0/10/54/round_config.json
flora,Linear FLoRA,cola_stratified,CoLA stratified,roberta-base,RoBERTa-base,homo,Homo,20,150,nguyen repo,/homes/neumann/nguyen/fedlora/FederatedLLM/epoch_round_tuning_cola_client_count,0,10,10,55,56,0.5567378947584477,81.97507190795783,"0, 1, 2, 3, 4, 5, 6, 7, 8, 9",40,40,merged_linear_residual,,/homes/neumann/nguyen/fedlora/FederatedLLM/epoch_round_tuning_cola_client_count/tuning-flora-cola_stratified-roberta-base-homo-e20-r150/seed0/10/55/round_config.json
flora,Linear FLoRA,cola_stratified,CoLA stratified,roberta-base,RoBERTa-base,homo,Homo,20,150,nguyen repo,/homes/neumann/nguyen/fedlora/FederatedLLM/epoch_round_tuning_cola_client_count,0,10,10,56,57,0.5541614866719362,81.87919463087249,"0, 1, 2, 3, 4, 5, 6, 7, 8, 9",40,40,merged_linear_residual,,/homes/neumann/nguyen/fedlora/FederatedLLM/epoch_round_tuning_cola_client_count/tuning-flora-cola_stratified-roberta-base-homo-e20-r150/seed0/10/56/round_config.json
flora,Linear FLoRA,cola_stratified,CoLA stratified,roberta-base,RoBERTa-base,homo,Homo,20,150,nguyen repo,/homes/neumann/nguyen/fedlora/FederatedLLM/epoch_round_tuning_cola_client_count,0,10,10,57,58,0.554497736057339,81.87919463087249,"0, 1, 2, 3, 4, 5, 6, 7, 8, 9",40,40,merged_linear_residual,,/homes/neumann/nguyen/fedlora/FederatedLLM/epoch_round_tuning_cola_client_count/tuning-flora-cola_stratified-roberta-base-homo-e20-r150/seed0/10/57/round_config.json
flora,Linear FLoRA,cola_stratified,CoLA stratified,roberta-base,RoBERTa-base,homo,Homo,20,150,nguyen repo,/homes/neumann/nguyen/fedlora/FederatedLLM/epoch_round_tuning_cola_client_count,0,10,10,58,59,0.5596416792460465,82.07094918504313,"0, 1, 2, 3, 4, 5, 6, 7, 8, 9",40,40,merged_linear_residual,,/homes/neumann/nguyen/fedlora/FederatedLLM/epoch_round_tuning_cola_client_count/tuning-flora-cola_stratified-roberta-base-homo-e20-r150/seed0/10/58/round_config.json
flora,Linear FLoRA,cola_stratified,CoLA stratified,roberta-base,RoBERTa-base,homo,Homo,20,150,nguyen repo,/homes/neumann/nguyen/fedlora/FederatedLLM/epoch_round_tuning_cola_client_count,0,10,10,59,60,0.5567378947584477,81.97507190795783,"0, 1, 2, 3, 4, 5, 6, 7, 8, 9",40,40,merged_linear_residual,,/homes/neumann/nguyen/fedlora/FederatedLLM/epoch_round_tuning_cola_client_count/tuning-flora-cola_stratified-roberta-base-homo-e20-r150/seed0/10/59/round_config.json
flora,Linear FLoRA,cola_stratified,CoLA stratified,roberta-base,RoBERTa-base,homo,Homo,20,150,nguyen repo,/homes/neumann/nguyen/fedlora/FederatedLLM/epoch_round_tuning_cola_client_count,0,10,10,60,61,0.5622061839027462,82.16682646212847,"0, 1, 2, 3, 4, 5, 6, 7, 8, 9",40,40,merged_linear_residual,,/homes/neumann/nguyen/fedlora/FederatedLLM/epoch_round_tuning_cola_client_count/tuning-flora-cola_stratified-roberta-base-homo-e20-r150/seed0/10/60/round_config.json
flora,Linear FLoRA,cola_stratified,CoLA stratified,roberta-base,RoBERTa-base,homo,Homo,20,150,nguyen repo,/homes/neumann/nguyen/fedlora/FederatedLLM/epoch_round_tuning_cola_client_count,0,10,10,61,62,0.5596416792460465,82.07094918504313,"0, 1, 2, 3, 4, 5, 6, 7, 8, 9",40,40,merged_linear_residual,,/homes/neumann/nguyen/fedlora/FederatedLLM/epoch_round_tuning_cola_client_count/tuning-flora-cola_stratified-roberta-base-homo-e20-r150/seed0/10/61/round_config.json
flora,Linear FLoRA,cola_stratified,CoLA stratified,roberta-base,RoBERTa-base,homo,Homo,20,150,nguyen repo,/homes/neumann/nguyen/fedlora/FederatedLLM/epoch_round_tuning_cola_client_count,0,10,10,62,63,0.5600020773413192,82.07094918504313,"0, 1, 2, 3, 4, 5, 6, 7, 8, 9",40,40,merged_linear_residual,,/homes/neumann/nguyen/fedlora/FederatedLLM/epoch_round_tuning_cola_client_count/tuning-flora-cola_stratified-roberta-base-homo-e20-r150/seed0/10/62/round_config.json
flora,Linear FLoRA,cola_stratified,CoLA stratified,roberta-base,RoBERTa-base,homo,Homo,20,150,nguyen repo,/homes/neumann/nguyen/fedlora/FederatedLLM/epoch_round_tuning_cola_client_count,0,10,10,63,64,0.554497736057339,81.87919463087249,"0, 1, 2, 3, 4, 5, 6, 7, 8, 9",40,40,merged_linear_residual,,/homes/neumann/nguyen/fedlora/FederatedLLM/epoch_round_tuning_cola_client_count/tuning-flora-cola_stratified-roberta-base-homo-e20-r150/seed0/10/63/round_config.json
flora,Linear FLoRA,cola_stratified,CoLA stratified,roberta-base,RoBERTa-base,homo,Homo,20,150,nguyen repo,/homes/neumann/nguyen/fedlora/FederatedLLM/epoch_round_tuning_cola_client_count,0,10,10,64,65,0.5570722226722097,81.97507190795783,"0, 1, 2, 3, 4, 5, 6, 7, 8, 9",40,40,merged_linear_residual,,/homes/neumann/nguyen/fedlora/FederatedLLM/epoch_round_tuning_cola_client_count/tuning-flora-cola_stratified-roberta-base-homo-e20-r150/seed0/10/64/round_config.json
flora,Linear FLoRA,cola_stratified,CoLA stratified,roberta-base,RoBERTa-base,homo,Homo,20,150,nguyen repo,/homes/neumann/nguyen/fedlora/FederatedLLM/epoch_round_tuning_cola_client_count,0,10,10,65,66,0.554497736057339,81.87919463087249,"0, 1, 2, 3, 4, 5, 6, 7, 8, 9",40,40,merged_linear_residual,,/homes/neumann/nguyen/fedlora/FederatedLLM/epoch_round_tuning_cola_client_count/tuning-flora-cola_stratified-roberta-base-homo-e20-r150/seed0/10/65/round_config.json
flora,Linear FLoRA,cola_stratified,CoLA stratified,roberta-base,RoBERTa-base,homo,Homo,20,150,nguyen repo,/homes/neumann/nguyen/fedlora/FederatedLLM/epoch_round_tuning_cola_client_count,0,10,10,66,67,0.554497736057339,81.87919463087249,"0, 1, 2, 3, 4, 5, 6, 7, 8, 9",40,40,merged_linear_residual,,/homes/neumann/nguyen/fedlora/FederatedLLM/epoch_round_tuning_cola_client_count/tuning-flora-cola_stratified-roberta-base-homo-e20-r150/seed0/10/66/round_config.json
flora,Linear FLoRA,cola_stratified,CoLA stratified,roberta-base,RoBERTa-base,homo,Homo,20,150,nguyen repo,/homes/neumann/nguyen/fedlora/FederatedLLM/epoch_round_tuning_cola_client_count,0,10,10,67,68,0.554497736057339,81.87919463087249,"0, 1, 2, 3, 4, 5, 6, 7, 8, 9",40,40,merged_linear_residual,,/homes/neumann/nguyen/fedlora/FederatedLLM/epoch_round_tuning_cola_client_count/tuning-flora-cola_stratified-roberta-base-homo-e20-r150/seed0/10/67/round_config.json
flora,Linear FLoRA,cola_stratified,CoLA stratified,roberta-base,RoBERTa-base,homo,Homo,20,150,nguyen repo,/homes/neumann/nguyen/fedlora/FederatedLLM/epoch_round_tuning_cola_client_count,0,10,10,68,69,0.5570722226722097,81.97507190795783,"0, 1, 2, 3, 4, 5, 6, 7, 8, 9",40,40,merged_linear_residual,,/homes/neumann/nguyen/fedlora/FederatedLLM/epoch_round_tuning_cola_client_count/tuning-flora-cola_stratified-roberta-base-homo-e20-r150/seed0/10/68/round_config.json
flora,Linear FLoRA,cola_stratified,CoLA stratified,roberta-base,RoBERTa-base,homo,Homo,20,150,nguyen repo,/homes/neumann/nguyen/fedlora/FederatedLLM/epoch_round_tuning_cola_client_count,0,10,10,69,70,0.5574347297707926,81.97507190795783,"0, 1, 2, 3, 4, 5, 6, 7, 8, 9",40,40,merged_linear_residual,,/homes/neumann/nguyen/fedlora/FederatedLLM/epoch_round_tuning_cola_client_count/tuning-flora-cola_stratified-roberta-base-homo-e20-r150/seed0/10/69/round_config.json
flora,Linear FLoRA,cola_stratified,CoLA stratified,roberta-base,RoBERTa-base,homo,Homo,20,150,nguyen repo,/homes/neumann/nguyen/fedlora/FederatedLLM/epoch_round_tuning_cola_client_count,0,10,10,70,71,0.5574347297707926,81.97507190795783,"0, 1, 2, 3, 4, 5, 6, 7, 8, 9",40,40,merged_linear_residual,,/homes/neumann/nguyen/fedlora/FederatedLLM/epoch_round_tuning_cola_client_count/tuning-flora-cola_stratified-roberta-base-homo-e20-r150/seed0/10/70/round_config.json
flora,Linear FLoRA,cola_stratified,CoLA stratified,roberta-base,RoBERTa-base,homo,Homo,20,150,nguyen repo,/homes/neumann/nguyen/fedlora/FederatedLLM/epoch_round_tuning_cola_client_count,0,10,10,71,72,0.5578261819142895,81.97507190795783,"0, 1, 2, 3, 4, 5, 6, 7, 8, 9",40,40,merged_linear_residual,,/homes/neumann/nguyen/fedlora/FederatedLLM/epoch_round_tuning_cola_client_count/tuning-flora-cola_stratified-roberta-base-homo-e20-r150/seed0/10/71/round_config.json
flora,Linear FLoRA,cola_stratified,CoLA stratified,roberta-base,RoBERTa-base,homo,Homo,20,150,nguyen repo,/homes/neumann/nguyen/fedlora/FederatedLLM/epoch_round_tuning_cola_client_count,0,10,10,72,73,0.5574347297707926,81.97507190795783,"0, 1, 2, 3, 4, 5, 6, 7, 8, 9",40,40,merged_linear_residual,,/homes/neumann/nguyen/fedlora/FederatedLLM/epoch_round_tuning_cola_client_count/tuning-flora-cola_stratified-roberta-base-homo-e20-r150/seed0/10/72/round_config.json
flora,Linear FLoRA,cola_stratified,CoLA stratified,roberta-base,RoBERTa-base,homo,Homo,20,150,nguyen repo,/homes/neumann/nguyen/fedlora/FederatedLLM/epoch_round_tuning_cola_client_count,0,10,10,73,74,0.5600020773413192,82.07094918504313,"0, 1, 2, 3, 4, 5, 6, 7, 8, 9",40,40,merged_linear_residual,,/homes/neumann/nguyen/fedlora/FederatedLLM/epoch_round_tuning_cola_client_count/tuning-flora-cola_stratified-roberta-base-homo-e20-r150/seed0/10/73/round_config.json
flora,Linear FLoRA,cola_stratified,CoLA stratified,roberta-base,RoBERTa-base,homo,Homo,20,150,nguyen repo,/homes/neumann/nguyen/fedlora/FederatedLLM/epoch_round_tuning_cola_client_count,0,10,10,74,75,0.5541614866719362,81.87919463087249,"0, 1, 2, 3, 4, 5, 6, 7, 8, 9",40,40,merged_linear_residual,,/homes/neumann/nguyen/fedlora/FederatedLLM/epoch_round_tuning_cola_client_count/tuning-flora-cola_stratified-roberta-base-homo-e20-r150/seed0/10/74/round_config.json
flora,Linear FLoRA,cola_stratified,CoLA stratified,roberta-base,RoBERTa-base,homo,Homo,20,150,nguyen repo,/homes/neumann/nguyen/fedlora/FederatedLLM/epoch_round_tuning_cola_client_count,0,10,10,75,76,0.554497736057339,81.87919463087249,"0, 1, 2, 3, 4, 5, 6, 7, 8, 9",40,40,merged_linear_residual,,/homes/neumann/nguyen/fedlora/FederatedLLM/epoch_round_tuning_cola_client_count/tuning-flora-cola_stratified-roberta-base-homo-e20-r150/seed0/10/75/round_config.json
flora,Linear FLoRA,cola_stratified,CoLA stratified,roberta-base,RoBERTa-base,homo,Homo,20,150,nguyen repo,/homes/neumann/nguyen/fedlora/FederatedLLM/epoch_round_tuning_cola_client_count,0,10,10,76,77,0.5622061839027462,82.16682646212847,"0, 1, 2, 3, 4, 5, 6, 7, 8, 9",40,40,merged_linear_residual,,/homes/neumann/nguyen/fedlora/FederatedLLM/epoch_round_tuning_cola_client_count/tuning-flora-cola_stratified-roberta-base-homo-e20-r150/seed0/10/76/round_config.json
flora,Linear FLoRA,cola_stratified,CoLA stratified,roberta-base,RoBERTa-base,homo,Homo,20,150,nguyen repo,/homes/neumann/nguyen/fedlora/FederatedLLM/epoch_round_tuning_cola_client_count,0,10,10,77,78,0.5570722226722097,81.97507190795783,"0, 1, 2, 3, 4, 5, 6, 7, 8, 9",40,40,merged_linear_residual,,/homes/neumann/nguyen/fedlora/FederatedLLM/epoch_round_tuning_cola_client_count/tuning-flora-cola_stratified-roberta-base-homo-e20-r150/seed0/10/77/round_config.json
flora,Linear FLoRA,cola_stratified,CoLA stratified,roberta-base,RoBERTa-base,homo,Homo,20,150,nguyen repo,/homes/neumann/nguyen/fedlora/FederatedLLM/epoch_round_tuning_cola_client_count,0,10,10,78,79,0.546401550342545,81.5915627996165,"0, 1, 2, 3, 4, 5, 6, 7, 8, 9",40,40,merged_linear_residual,,/homes/neumann/nguyen/fedlora/FederatedLLM/epoch_round_tuning_cola_client_count/tuning-flora-cola_stratified-roberta-base-homo-e20-r150/seed0/10/78/round_config.json
flora,Linear FLoRA,cola_stratified,CoLA stratified,roberta-base,RoBERTa-base,homo,Homo,20,150,nguyen repo,/homes/neumann/nguyen/fedlora/FederatedLLM/epoch_round_tuning_cola_client_count,0,10,10,79,80,0.5541614866719362,81.87919463087249,"0, 1, 2, 3, 4, 5, 6, 7, 8, 9",40,40,merged_linear_residual,,/homes/neumann/nguyen/fedlora/FederatedLLM/epoch_round_tuning_cola_client_count/tuning-flora-cola_stratified-roberta-base-homo-e20-r150/seed0/10/79/round_config.json
flora,Linear FLoRA,cola_stratified,CoLA stratified,roberta-base,RoBERTa-base,homo,Homo,20,150,nguyen repo,/homes/neumann/nguyen/fedlora/FederatedLLM/epoch_round_tuning_cola_client_count,0,10,10,80,81,0.5596416792460465,82.07094918504313,"0, 1, 2, 3, 4, 5, 6, 7, 8, 9",40,40,merged_linear_residual,,/homes/neumann/nguyen/fedlora/FederatedLLM/epoch_round_tuning_cola_client_count/tuning-flora-cola_stratified-roberta-base-homo-e20-r150/seed0/10/80/round_config.json
flora,Linear FLoRA,cola_stratified,CoLA stratified,roberta-base,RoBERTa-base,homo,Homo,20,150,nguyen repo,/homes/neumann/nguyen/fedlora/FederatedLLM/epoch_round_tuning_cola_client_count,0,10,10,81,82,0.5596416792460465,82.07094918504313,"0, 1, 2, 3, 4, 5, 6, 7, 8, 9",40,40,merged_linear_residual,,/homes/neumann/nguyen/fedlora/FederatedLLM/epoch_round_tuning_cola_client_count/tuning-flora-cola_stratified-roberta-base-homo-e20-r150/seed0/10/81/round_config.json
flora,Linear FLoRA,cola_stratified,CoLA stratified,roberta-base,RoBERTa-base,homo,Homo,20,150,nguyen repo,/homes/neumann/nguyen/fedlora/FederatedLLM/epoch_round_tuning_cola_client_count,0,10,10,82,83,0.559309315958025,82.07094918504313,"0, 1, 2, 3, 4, 5, 6, 7, 8, 9",40,40,merged_linear_residual,,/homes/neumann/nguyen/fedlora/FederatedLLM/epoch_round_tuning_cola_client_count/tuning-flora-cola_stratified-roberta-base-homo-e20-r150/seed0/10/82/round_config.json
flora,Linear FLoRA,cola_stratified,CoLA stratified,roberta-base,RoBERTa-base,homo,Homo,20,150,nguyen repo,/homes/neumann/nguyen/fedlora/FederatedLLM/epoch_round_tuning_cola_client_count,0,10,10,83,84,0.5515800132380696,81.78331735378715,"0, 1, 2, 3, 4, 5, 6, 7, 8, 9",40,40,merged_linear_residual,,/homes/neumann/nguyen/fedlora/FederatedLLM/epoch_round_tuning_cola_client_count/tuning-flora-cola_stratified-roberta-base-homo-e20-r150/seed0/10/83/round_config.json
flora,Linear FLoRA,cola_stratified,CoLA stratified,roberta-base,RoBERTa-base,homo,Homo,20,150,nguyen repo,/homes/neumann/nguyen/fedlora/FederatedLLM/epoch_round_tuning_cola_client_count,0,10,10,84,85,0.5622061839027462,82.16682646212847,"0, 1, 2, 3, 4, 5, 6, 7, 8, 9",40,40,merged_linear_residual,,/homes/neumann/nguyen/fedlora/FederatedLLM/epoch_round_tuning_cola_client_count/tuning-flora-cola_stratified-roberta-base-homo-e20-r150/seed0/10/84/round_config.json
flora,Linear FLoRA,cola_stratified,CoLA stratified,roberta-base,RoBERTa-base,homo,Homo,20,150,nguyen repo,/homes/neumann/nguyen/fedlora/FederatedLLM/epoch_round_tuning_cola_client_count,0,10,10,85,86,0.5538528183427729,81.87919463087249,"0, 1, 2, 3, 4, 5, 6, 7, 8, 9",40,40,merged_linear_residual,,/homes/neumann/nguyen/fedlora/FederatedLLM/epoch_round_tuning_cola_client_count/tuning-flora-cola_stratified-roberta-base-homo-e20-r150/seed0/10/85/round_config.json
flora,Linear FLoRA,cola_stratified,CoLA stratified,roberta-base,RoBERTa-base,homo,Homo,20,150,nguyen repo,/homes/neumann/nguyen/fedlora/FederatedLLM/epoch_round_tuning_cola_client_count,0,10,10,86,87,0.5538528183427729,81.87919463087249,"0, 1, 2, 3, 4, 5, 6, 7, 8, 9",40,40,merged_linear_residual,,/homes/neumann/nguyen/fedlora/FederatedLLM/epoch_round_tuning_cola_client_count/tuning-flora-cola_stratified-roberta-base-homo-e20-r150/seed0/10/86/round_config.json
flora,Linear FLoRA,cola_stratified,CoLA stratified,roberta-base,RoBERTa-base,homo,Homo,20,150,nguyen repo,/homes/neumann/nguyen/fedlora/FederatedLLM/epoch_round_tuning_cola_client_count,0,10,10,87,88,0.5538528183427729,81.87919463087249,"0, 1, 2, 3, 4, 5, 6, 7, 8, 9",40,40,merged_linear_residual,,/homes/neumann/nguyen/fedlora/FederatedLLM/epoch_round_tuning_cola_client_count/tuning-flora-cola_stratified-roberta-base-homo-e20-r150/seed0/10/87/round_config.json
flora,Linear FLoRA,cola_stratified,CoLA stratified,roberta-base,RoBERTa-base,homo,Homo,20,150,nguyen repo,/homes/neumann/nguyen/fedlora/FederatedLLM/epoch_round_tuning_cola_client_count,0,10,10,88,89,0.5486812940978261,81.68744007670182,"0, 1, 2, 3, 4, 5, 6, 7, 8, 9",40,40,merged_linear_residual,,/homes/neumann/nguyen/fedlora/FederatedLLM/epoch_round_tuning_cola_client_count/tuning-flora-cola_stratified-roberta-base-homo-e20-r150/seed0/10/88/round_config.json
flora,Linear FLoRA,cola_stratified,CoLA stratified,roberta-base,RoBERTa-base,homo,Homo,20,150,nguyen repo,/homes/neumann/nguyen/fedlora/FederatedLLM/epoch_round_tuning_cola_client_count,0,10,10,89,90,0.5509861945620832,81.78331735378715,"0, 1, 2, 3, 4, 5, 6, 7, 8, 9",40,40,merged_linear_residual,,/homes/neumann/nguyen/fedlora/FederatedLLM/epoch_round_tuning_cola_client_count/tuning-flora-cola_stratified-roberta-base-homo-e20-r150/seed0/10/89/round_config.json
flora,Linear FLoRA,cola_stratified,CoLA stratified,roberta-base,RoBERTa-base,homo,Homo,20,150,nguyen repo,/homes/neumann/nguyen/fedlora/FederatedLLM/epoch_round_tuning_cola_client_count,0,10,10,90,91,0.5512696056141492,81.78331735378715,"0, 1, 2, 3, 4, 5, 6, 7, 8, 9",40,40,merged_linear_residual,,/homes/neumann/nguyen/fedlora/FederatedLLM/epoch_round_tuning_cola_client_count/tuning-flora-cola_stratified-roberta-base-homo-e20-r150/seed0/10/90/round_config.json
flora,Linear FLoRA,cola_stratified,CoLA stratified,roberta-base,RoBERTa-base,homo,Homo,20,150,nguyen repo,/homes/neumann/nguyen/fedlora/FederatedLLM/epoch_round_tuning_cola_client_count,0,10,10,91,92,0.5622061839027462,82.16682646212847,"0, 1, 2, 3, 4, 5, 6, 7, 8, 9",40,40,merged_linear_residual,,/homes/neumann/nguyen/fedlora/FederatedLLM/epoch_round_tuning_cola_client_count/tuning-flora-cola_stratified-roberta-base-homo-e20-r150/seed0/10/91/round_config.json
flora,Linear FLoRA,cola_stratified,CoLA stratified,roberta-base,RoBERTa-base,homo,Homo,20,150,nguyen repo,/homes/neumann/nguyen/fedlora/FederatedLLM/epoch_round_tuning_cola_client_count,0,10,10,92,93,0.5567378947584477,81.97507190795783,"0, 1, 2, 3, 4, 5, 6, 7, 8, 9",40,40,merged_linear_residual,,/homes/neumann/nguyen/fedlora/FederatedLLM/epoch_round_tuning_cola_client_count/tuning-flora-cola_stratified-roberta-base-homo-e20-r150/seed0/10/92/round_config.json
flora,Linear FLoRA,cola_stratified,CoLA stratified,roberta-base,RoBERTa-base,homo,Homo,20,150,nguyen repo,/homes/neumann/nguyen/fedlora/FederatedLLM/epoch_round_tuning_cola_client_count,0,10,10,93,94,0.5548623104225698,81.87919463087249,"0, 1, 2, 3, 4, 5, 6, 7, 8, 9",40,40,merged_linear_residual,,/homes/neumann/nguyen/fedlora/FederatedLLM/epoch_round_tuning_cola_client_count/tuning-flora-cola_stratified-roberta-base-homo-e20-r150/seed0/10/93/round_config.json
flora,Linear FLoRA,cola_stratified,CoLA stratified,roberta-base,RoBERTa-base,homo,Homo,20,150,nguyen repo,/homes/neumann/nguyen/fedlora/FederatedLLM/epoch_round_tuning_cola_client_count,0,10,10,94,95,0.5512696056141492,81.78331735378715,"0, 1, 2, 3, 4, 5, 6, 7, 8, 9",40,40,merged_linear_residual,,/homes/neumann/nguyen/fedlora/FederatedLLM/epoch_round_tuning_cola_client_count/tuning-flora-cola_stratified-roberta-base-homo-e20-r150/seed0/10/94/round_config.json
flora,Linear FLoRA,cola_stratified,CoLA stratified,roberta-base,RoBERTa-base,homo,Homo,20,150,nguyen repo,/homes/neumann/nguyen/fedlora/FederatedLLM/epoch_round_tuning_cola_client_count,0,10,10,95,96,0.56805664154049,82.35858101629914,"0, 1, 2, 3, 4, 5, 6, 7, 8, 9",40,40,merged_linear_residual,,/homes/neumann/nguyen/fedlora/FederatedLLM/epoch_round_tuning_cola_client_count/tuning-flora-cola_stratified-roberta-base-homo-e20-r150/seed0/10/95/round_config.json
flora,Linear FLoRA,cola_stratified,CoLA stratified,roberta-base,RoBERTa-base,homo,Homo,20,150,nguyen repo,/homes/neumann/nguyen/fedlora/FederatedLLM/epoch_round_tuning_cola_client_count,0,10,10,96,97,0.559309315958025,82.07094918504313,"0, 1, 2, 3, 4, 5, 6, 7, 8, 9",40,40,merged_linear_residual,,/homes/neumann/nguyen/fedlora/FederatedLLM/epoch_round_tuning_cola_client_count/tuning-flora-cola_stratified-roberta-base-homo-e20-r150/seed0/10/96/round_config.json
flora,Linear FLoRA,cola_stratified,CoLA stratified,roberta-base,RoBERTa-base,homo,Homo,20,150,nguyen repo,/homes/neumann/nguyen/fedlora/FederatedLLM/epoch_round_tuning_cola_client_count,0,10,10,97,98,0.5567378947584477,81.97507190795783,"0, 1, 2, 3, 4, 5, 6, 7, 8, 9",40,40,merged_linear_residual,,/homes/neumann/nguyen/fedlora/FederatedLLM/epoch_round_tuning_cola_client_count/tuning-flora-cola_stratified-roberta-base-homo-e20-r150/seed0/10/97/round_config.json
flora,Linear FLoRA,cola_stratified,CoLA stratified,roberta-base,RoBERTa-base,homo,Homo,20,150,nguyen repo,/homes/neumann/nguyen/fedlora/FederatedLLM/epoch_round_tuning_cola_client_count,0,10,10,98,99,0.5567378947584477,81.97507190795783,"0, 1, 2, 3, 4, 5, 6, 7, 8, 9",40,40,merged_linear_residual,,/homes/neumann/nguyen/fedlora/FederatedLLM/epoch_round_tuning_cola_client_count/tuning-flora-cola_stratified-roberta-base-homo-e20-r150/seed0/10/98/round_config.json
flora,Linear FLoRA,cola_stratified,CoLA stratified,roberta-base,RoBERTa-base,homo,Homo,20,150,nguyen repo,/homes/neumann/nguyen/fedlora/FederatedLLM/epoch_round_tuning_cola_client_count,0,10,10,99,100,0.5486812940978261,81.68744007670182,"0, 1, 2, 3, 4, 5, 6, 7, 8, 9",40,40,merged_linear_residual,,/homes/neumann/nguyen/fedlora/FederatedLLM/epoch_round_tuning_cola_client_count/tuning-flora-cola_stratified-roberta-base-homo-e20-r150/seed0/10/99/round_config.json
flora,Linear FLoRA,cola_stratified,CoLA stratified,roberta-base,RoBERTa-base,homo,Homo,20,150,nguyen repo,/homes/neumann/nguyen/fedlora/FederatedLLM/epoch_round_tuning_cola_client_count,0,10,10,100,101,0.546401550342545,81.5915627996165,"0, 1, 2, 3, 4, 5, 6, 7, 8, 9",40,40,merged_linear_residual,,/homes/neumann/nguyen/fedlora/FederatedLLM/epoch_round_tuning_cola_client_count/tuning-flora-cola_stratified-roberta-base-homo-e20-r150/seed0/10/100/round_config.json
flora,Linear FLoRA,cola_stratified,CoLA stratified,roberta-base,RoBERTa-base,homo,Homo,20,150,nguyen repo,/homes/neumann/nguyen/fedlora/FederatedLLM/epoch_round_tuning_cola_client_count,0,10,10,101,102,0.5486812940978261,81.68744007670182,"0, 1, 2, 3, 4, 5, 6, 7, 8, 9",40,40,merged_linear_residual,,/homes/neumann/nguyen/fedlora/FederatedLLM/epoch_round_tuning_cola_client_count/tuning-flora-cola_stratified-roberta-base-homo-e20-r150/seed0/10/101/round_config.json
flora,Linear FLoRA,cola_stratified,CoLA stratified,roberta-base,RoBERTa-base,homo,Homo,20,150,nguyen repo,/homes/neumann/nguyen/fedlora/FederatedLLM/epoch_round_tuning_cola_client_count,0,10,10,102,103,0.5486812940978261,81.68744007670182,"0, 1, 2, 3, 4, 5, 6, 7, 8, 9",40,40,merged_linear_residual,,/homes/neumann/nguyen/fedlora/FederatedLLM/epoch_round_tuning_cola_client_count/tuning-flora-cola_stratified-roberta-base-homo-e20-r150/seed0/10/102/round_config.json
flora,Linear FLoRA,cola_stratified,CoLA stratified,roberta-base,RoBERTa-base,homo,Homo,20,150,nguyen repo,/homes/neumann/nguyen/fedlora/FederatedLLM/epoch_round_tuning_cola_client_count,0,10,10,103,104,0.5567378947584477,81.97507190795783,"0, 1, 2, 3, 4, 5, 6, 7, 8, 9",40,40,merged_linear_residual,,/homes/neumann/nguyen/fedlora/FederatedLLM/epoch_round_tuning_cola_client_count/tuning-flora-cola_stratified-roberta-base-homo-e20-r150/seed0/10/103/round_config.json
flora,Linear FLoRA,cola_stratified,CoLA stratified,roberta-base,RoBERTa-base,homo,Homo,20,150,nguyen repo,/homes/neumann/nguyen/fedlora/FederatedLLM/epoch_round_tuning_cola_client_count,0,10,10,104,105,0.5618758275359192,82.16682646212847,"0, 1, 2, 3, 4, 5, 6, 7, 8, 9",40,40,merged_linear_residual,,/homes/neumann/nguyen/fedlora/FederatedLLM/epoch_round_tuning_cola_client_count/tuning-flora-cola_stratified-roberta-base-homo-e20-r150/seed0/10/104/round_config.json
flora,Linear FLoRA,cola_stratified,CoLA stratified,roberta-base,RoBERTa-base,homo,Homo,20,150,nguyen repo,/homes/neumann/nguyen/fedlora/FederatedLLM/epoch_round_tuning_cola_client_count,0,10,10,105,106,0.5564310110490012,81.97507190795783,"0, 1, 2, 3, 4, 5, 6, 7, 8, 9",40,40,merged_linear_residual,,/homes/neumann/nguyen/fedlora/FederatedLLM/epoch_round_tuning_cola_client_count/tuning-flora-cola_stratified-roberta-base-homo-e20-r150/seed0/10/105/round_config.json
flora,Linear FLoRA,cola_stratified,CoLA stratified,roberta-base,RoBERTa-base,homo,Homo,20,150,nguyen repo,/homes/neumann/nguyen/fedlora/FederatedLLM/epoch_round_tuning_cola_client_count,0,10,10,106,107,0.558725817965338,82.07094918504313,"0, 1, 2, 3, 4, 5, 6, 7, 8, 9",40,40,merged_linear_residual,,/homes/neumann/nguyen/fedlora/FederatedLLM/epoch_round_tuning_cola_client_count/tuning-flora-cola_stratified-roberta-base-homo-e20-r150/seed0/10/106/round_config.json
flora,Linear FLoRA,cola_stratified,CoLA stratified,roberta-base,RoBERTa-base,homo,Homo,20,150,nguyen repo,/homes/neumann/nguyen/fedlora/FederatedLLM/epoch_round_tuning_cola_client_count,0,10,10,107,108,0.5538528183427729,81.87919463087249,"0, 1, 2, 3, 4, 5, 6, 7, 8, 9",40,40,merged_linear_residual,,/homes/neumann/nguyen/fedlora/FederatedLLM/epoch_round_tuning_cola_client_count/tuning-flora-cola_stratified-roberta-base-homo-e20-r150/seed0/10/107/round_config.json
flora,Linear FLoRA,cola_stratified,CoLA stratified,roberta-base,RoBERTa-base,homo,Homo,20,150,nguyen repo,/homes/neumann/nguyen/fedlora/FederatedLLM/epoch_round_tuning_cola_client_count,0,10,10,108,109,0.5644375055893357,82.2627037392138,"0, 1, 2, 3, 4, 5, 6, 7, 8, 9",40,40,merged_linear_residual,,/homes/neumann/nguyen/fedlora/FederatedLLM/epoch_round_tuning_cola_client_count/tuning-flora-cola_stratified-roberta-base-homo-e20-r150/seed0/10/108/round_config.json
flora,Linear FLoRA,cola_stratified,CoLA stratified,roberta-base,RoBERTa-base,homo,Homo,20,150,nguyen repo,/homes/neumann/nguyen/fedlora/FederatedLLM/epoch_round_tuning_cola_client_count,0,10,10,109,110,0.5561508659240181,81.97507190795783,"0, 1, 2, 3, 4, 5, 6, 7, 8, 9",40,40,merged_linear_residual,,/homes/neumann/nguyen/fedlora/FederatedLLM/epoch_round_tuning_cola_client_count/tuning-flora-cola_stratified-roberta-base-homo-e20-r150/seed0/10/109/round_config.json
flora,Linear FLoRA,cola_stratified,CoLA stratified,roberta-base,RoBERTa-base,homo,Homo,20,150,nguyen repo,/homes/neumann/nguyen/fedlora/FederatedLLM/epoch_round_tuning_cola_client_count,0,10,10,110,111,0.5618758275359192,82.16682646212847,"0, 1, 2, 3, 4, 5, 6, 7, 8, 9",40,40,merged_linear_residual,,/homes/neumann/nguyen/fedlora/FederatedLLM/epoch_round_tuning_cola_client_count/tuning-flora-cola_stratified-roberta-base-homo-e20-r150/seed0/10/110/round_config.json
flora,Linear FLoRA,cola_stratified,CoLA stratified,roberta-base,RoBERTa-base,homo,Homo,20,150,nguyen repo,/homes/neumann/nguyen/fedlora/FederatedLLM/epoch_round_tuning_cola_client_count,0,10,10,111,112,0.5590042613014093,82.07094918504313,"0, 1, 2, 3, 4, 5, 6, 7, 8, 9",40,40,merged_linear_residual,,/homes/neumann/nguyen/fedlora/FederatedLLM/epoch_round_tuning_cola_client_count/tuning-flora-cola_stratified-roberta-base-homo-e20-r150/seed0/10/111/round_config.json
flora,Linear FLoRA,cola_stratified,CoLA stratified,roberta-base,RoBERTa-base,homo,Homo,20,150,nguyen repo,/homes/neumann/nguyen/fedlora/FederatedLLM/epoch_round_tuning_cola_client_count,0,10,10,112,113,0.5638613324305274,82.2627037392138,"0, 1, 2, 3, 4, 5, 6, 7, 8, 9",40,40,merged_linear_residual,,/homes/neumann/nguyen/fedlora/FederatedLLM/epoch_round_tuning_cola_client_count/tuning-flora-cola_stratified-roberta-base-homo-e20-r150/seed0/10/112/round_config.json
flora,Linear FLoRA,cola_stratified,CoLA stratified,roberta-base,RoBERTa-base,homo,Homo,20,150,nguyen repo,/homes/neumann/nguyen/fedlora/FederatedLLM/epoch_round_tuning_cola_client_count,0,10,10,113,114,0.5664220425772281,82.35858101629914,"0, 1, 2, 3, 4, 5, 6, 7, 8, 9",40,40,merged_linear_residual,,/homes/neumann/nguyen/fedlora/FederatedLLM/epoch_round_tuning_cola_client_count/tuning-flora-cola_stratified-roberta-base-homo-e20-r150/seed0/10/113/round_config.json
flora,Linear FLoRA,cola_stratified,CoLA stratified,roberta-base,RoBERTa-base,homo,Homo,20,150,nguyen repo,/homes/neumann/nguyen/fedlora/FederatedLLM/epoch_round_tuning_cola_client_count,0,10,10,114,115,0.5618758275359192,82.16682646212847,"0, 1, 2, 3, 4, 5, 6, 7, 8, 9",40,40,merged_linear_residual,,/homes/neumann/nguyen/fedlora/FederatedLLM/epoch_round_tuning_cola_client_count/tuning-flora-cola_stratified-roberta-base-homo-e20-r150/seed0/10/114/round_config.json
flora,Linear FLoRA,cola_stratified,CoLA stratified,roberta-base,RoBERTa-base,homo,Homo,20,150,nguyen repo,/homes/neumann/nguyen/fedlora/FederatedLLM/epoch_round_tuning_cola_client_count,0,10,10,115,116,0.5564310110490012,81.97507190795783,"0, 1, 2, 3, 4, 5, 6, 7, 8, 9",40,40,merged_linear_residual,,/homes/neumann/nguyen/fedlora/FederatedLLM/epoch_round_tuning_cola_client_count/tuning-flora-cola_stratified-roberta-base-homo-e20-r150/seed0/10/115/round_config.json
flora,Linear FLoRA,cola_stratified,CoLA stratified,roberta-base,RoBERTa-base,homo,Homo,20,150,nguyen repo,/homes/neumann/nguyen/fedlora/FederatedLLM/epoch_round_tuning_cola_client_count,0,10,10,116,117,0.558725817965338,82.07094918504313,"0, 1, 2, 3, 4, 5, 6, 7, 8, 9",40,40,merged_linear_residual,,/homes/neumann/nguyen/fedlora/FederatedLLM/epoch_round_tuning_cola_client_count/tuning-flora-cola_stratified-roberta-base-homo-e20-r150/seed0/10/116/round_config.json
flora,Linear FLoRA,cola_stratified,CoLA stratified,roberta-base,RoBERTa-base,homo,Homo,20,150,nguyen repo,/homes/neumann/nguyen/fedlora/FederatedLLM/epoch_round_tuning_cola_client_count,0,10,10,117,118,0.5618758275359192,82.16682646212847,"0, 1, 2, 3, 4, 5, 6, 7, 8, 9",40,40,merged_linear_residual,,/homes/neumann/nguyen/fedlora/FederatedLLM/epoch_round_tuning_cola_client_count/tuning-flora-cola_stratified-roberta-base-homo-e20-r150/seed0/10/117/round_config.json
flora,Linear FLoRA,cola_stratified,CoLA stratified,roberta-base,RoBERTa-base,homo,Homo,20,150,nguyen repo,/homes/neumann/nguyen/fedlora/FederatedLLM/epoch_round_tuning_cola_client_count,0,10,10,118,119,0.5561508659240181,81.97507190795783,"0, 1, 2, 3, 4, 5, 6, 7, 8, 9",40,40,merged_linear_residual,,/homes/neumann/nguyen/fedlora/FederatedLLM/epoch_round_tuning_cola_client_count/tuning-flora-cola_stratified-roberta-base-homo-e20-r150/seed0/10/118/round_config.json
flora,Linear FLoRA,cola_stratified,CoLA stratified,roberta-base,RoBERTa-base,homo,Homo,20,150,nguyen repo,/homes/neumann/nguyen/fedlora/FederatedLLM/epoch_round_tuning_cola_client_count,0,10,10,119,120,0.5590042613014093,82.07094918504313,"0, 1, 2, 3, 4, 5, 6, 7, 8, 9",40,40,merged_linear_residual,,/homes/neumann/nguyen/fedlora/FederatedLLM/epoch_round_tuning_cola_client_count/tuning-flora-cola_stratified-roberta-base-homo-e20-r150/seed0/10/119/round_config.json
flora,Linear FLoRA,cola_stratified,CoLA stratified,roberta-base,RoBERTa-base,homo,Homo,20,150,nguyen repo,/homes/neumann/nguyen/fedlora/FederatedLLM/epoch_round_tuning_cola_client_count,0,10,10,120,121,0.5669944250738059,82.35858101629914,"0, 1, 2, 3, 4, 5, 6, 7, 8, 9",40,40,merged_linear_residual,,/homes/neumann/nguyen/fedlora/FederatedLLM/epoch_round_tuning_cola_client_count/tuning-flora-cola_stratified-roberta-base-homo-e20-r150/seed0/10/120/round_config.json
flora,Linear FLoRA,cola_stratified,CoLA stratified,roberta-base,RoBERTa-base,homo,Homo,20,150,nguyen repo,/homes/neumann/nguyen/fedlora/FederatedLLM/epoch_round_tuning_cola_client_count,0,10,10,121,122,0.5512696056141492,81.78331735378715,"0, 1, 2, 3, 4, 5, 6, 7, 8, 9",40,40,merged_linear_residual,,/homes/neumann/nguyen/fedlora/FederatedLLM/epoch_round_tuning_cola_client_count/tuning-flora-cola_stratified-roberta-base-homo-e20-r150/seed0/10/121/round_config.json
flora,Linear FLoRA,cola_stratified,CoLA stratified,roberta-base,RoBERTa-base,homo,Homo,20,150,nguyen repo,/homes/neumann/nguyen/fedlora/FederatedLLM/epoch_round_tuning_cola_client_count,0,10,10,122,123,0.5535710170134831,81.87919463087249,"0, 1, 2, 3, 4, 5, 6, 7, 8, 9",40,40,merged_linear_residual,,/homes/neumann/nguyen/fedlora/FederatedLLM/epoch_round_tuning_cola_client_count/tuning-flora-cola_stratified-roberta-base-homo-e20-r150/seed0/10/122/round_config.json
flora,Linear FLoRA,cola_stratified,CoLA stratified,roberta-base,RoBERTa-base,homo,Homo,20,150,nguyen repo,/homes/neumann/nguyen/fedlora/FederatedLLM/epoch_round_tuning_cola_client_count,0,10,10,123,124,0.559309315958025,82.07094918504313,"0, 1, 2, 3, 4, 5, 6, 7, 8, 9",40,40,merged_linear_residual,,/homes/neumann/nguyen/fedlora/FederatedLLM/epoch_round_tuning_cola_client_count/tuning-flora-cola_stratified-roberta-base-homo-e20-r150/seed0/10/123/round_config.json
flora,Linear FLoRA,cola_stratified,CoLA stratified,roberta-base,RoBERTa-base,homo,Homo,20,150,nguyen repo,/homes/neumann/nguyen/fedlora/FederatedLLM/epoch_round_tuning_cola_client_count,0,10,10,124,125,0.5590042613014093,82.07094918504313,"0, 1, 2, 3, 4, 5, 6, 7, 8, 9",40,40,merged_linear_residual,,/homes/neumann/nguyen/fedlora/FederatedLLM/epoch_round_tuning_cola_client_count/tuning-flora-cola_stratified-roberta-base-homo-e20-r150/seed0/10/124/round_config.json
flora,Linear FLoRA,cola_stratified,CoLA stratified,roberta-base,RoBERTa-base,homo,Homo,20,150,nguyen repo,/homes/neumann/nguyen/fedlora/FederatedLLM/epoch_round_tuning_cola_client_count,0,10,10,125,126,0.5618758275359192,82.16682646212847,"0, 1, 2, 3, 4, 5, 6, 7, 8, 9",40,40,merged_linear_residual,,/homes/neumann/nguyen/fedlora/FederatedLLM/epoch_round_tuning_cola_client_count/tuning-flora-cola_stratified-roberta-base-homo-e20-r150/seed0/10/125/round_config.json
flora,Linear FLoRA,cola_stratified,CoLA stratified,roberta-base,RoBERTa-base,homo,Homo,20,150,nguyen repo,/homes/neumann/nguyen/fedlora/FederatedLLM/epoch_round_tuning_cola_client_count,0,10,10,126,127,0.5644375055893357,82.2627037392138,"0, 1, 2, 3, 4, 5, 6, 7, 8, 9",40,40,merged_linear_residual,,/homes/neumann/nguyen/fedlora/FederatedLLM/epoch_round_tuning_cola_client_count/tuning-flora-cola_stratified-roberta-base-homo-e20-r150/seed0/10/126/round_config.json
flora,Linear FLoRA,cola_stratified,CoLA stratified,roberta-base,RoBERTa-base,homo,Homo,20,150,nguyen repo,/homes/neumann/nguyen/fedlora/FederatedLLM/epoch_round_tuning_cola_client_count,0,10,10,127,128,0.5535710170134831,81.87919463087249,"0, 1, 2, 3, 4, 5, 6, 7, 8, 9",40,40,merged_linear_residual,,/homes/neumann/nguyen/fedlora/FederatedLLM/epoch_round_tuning_cola_client_count/tuning-flora-cola_stratified-roberta-base-homo-e20-r150/seed0/10/127/round_config.json
flora,Linear FLoRA,cola_stratified,CoLA stratified,roberta-base,RoBERTa-base,homo,Homo,20,150,nguyen repo,/homes/neumann/nguyen/fedlora/FederatedLLM/epoch_round_tuning_cola_client_count,0,10,10,128,129,0.5561508659240181,81.97507190795783,"0, 1, 2, 3, 4, 5, 6, 7, 8, 9",40,40,merged_linear_residual,,/homes/neumann/nguyen/fedlora/FederatedLLM/epoch_round_tuning_cola_client_count/tuning-flora-cola_stratified-roberta-base-homo-e20-r150/seed0/10/128/round_config.json
flora,Linear FLoRA,cola_stratified,CoLA stratified,roberta-base,RoBERTa-base,homo,Homo,20,150,nguyen repo,/homes/neumann/nguyen/fedlora/FederatedLLM/epoch_round_tuning_cola_client_count,0,10,10,129,130,0.5644375055893357,82.2627037392138,"0, 1, 2, 3, 4, 5, 6, 7, 8, 9",40,40,merged_linear_residual,,/homes/neumann/nguyen/fedlora/FederatedLLM/epoch_round_tuning_cola_client_count/tuning-flora-cola_stratified-roberta-base-homo-e20-r150/seed0/10/129/round_config.json
flora,Linear FLoRA,cola_stratified,CoLA stratified,roberta-base,RoBERTa-base,homo,Homo,20,150,nguyen repo,/homes/neumann/nguyen/fedlora/FederatedLLM/epoch_round_tuning_cola_client_count,0,20,20,0,1,0.3231268791190384,74.01725790987535,"0, 1, 2, 3, 4, 5, 6, 7, 8, 9, 10, 11, 12, 13, 14, 15, 16, 17, 18, 19",80,80,merged_linear_residual,,/homes/neumann/nguyen/fedlora/FederatedLLM/epoch_round_tuning_cola_client_count/tuning-flora-cola_stratified-roberta-base-homo-e20-r150/seed0/20/0/round_config.json
flora,Linear FLoRA,cola_stratified,CoLA stratified,roberta-base,RoBERTa-base,homo,Homo,20,150,nguyen repo,/homes/neumann/nguyen/fedlora/FederatedLLM/epoch_round_tuning_cola_client_count,0,20,20,1,2,0.44746940891234993,78.13998082454458,"0, 1, 2, 3, 4, 5, 6, 7, 8, 9, 10, 11, 12, 13, 14, 15, 16, 17, 18, 19",80,80,merged_linear_residual,,/homes/neumann/nguyen/fedlora/FederatedLLM/epoch_round_tuning_cola_client_count/tuning-flora-cola_stratified-roberta-base-homo-e20-r150/seed0/20/1/round_config.json
flora,Linear FLoRA,cola_stratified,CoLA stratified,roberta-base,RoBERTa-base,homo,Homo,20,150,nguyen repo,/homes/neumann/nguyen/fedlora/FederatedLLM/epoch_round_tuning_cola_client_count,0,20,20,2,3,0.45859730034180485,78.52348993288591,"0, 1, 2, 3, 4, 5, 6, 7, 8, 9, 10, 11, 12, 13, 14, 15, 16, 17, 18, 19",80,80,merged_linear_residual,,/homes/neumann/nguyen/fedlora/FederatedLLM/epoch_round_tuning_cola_client_count/tuning-flora-cola_stratified-roberta-base-homo-e20-r150/seed0/20/2/round_config.json
flora,Linear FLoRA,cola_stratified,CoLA stratified,roberta-base,RoBERTa-base,homo,Homo,20,150,nguyen repo,/homes/neumann/nguyen/fedlora/FederatedLLM/epoch_round_tuning_cola_client_count,0,20,20,3,4,0.480655898219179,79.29050814956855,"0, 1, 2, 3, 4, 5, 6, 7, 8, 9, 10, 11, 12, 13, 14, 15, 16, 17, 18, 19",80,80,merged_linear_residual,,/homes/neumann/nguyen/fedlora/FederatedLLM/epoch_round_tuning_cola_client_count/tuning-flora-cola_stratified-roberta-base-homo-e20-r150/seed0/20/3/round_config.json
flora,Linear FLoRA,cola_stratified,CoLA stratified,roberta-base,RoBERTa-base,homo,Homo,20,150,nguyen repo,/homes/neumann/nguyen/fedlora/FederatedLLM/epoch_round_tuning_cola_client_count,0,20,20,4,5,0.4861356803540783,79.48226270373921,"0, 1, 2, 3, 4, 5, 6, 7, 8, 9, 10, 11, 12, 13, 14, 15, 16, 17, 18, 19",80,80,merged_linear_residual,,/homes/neumann/nguyen/fedlora/FederatedLLM/epoch_round_tuning_cola_client_count/tuning-flora-cola_stratified-roberta-base-homo-e20-r150/seed0/20/4/round_config.json
flora,Linear FLoRA,cola_stratified,CoLA stratified,roberta-base,RoBERTa-base,homo,Homo,20,150,nguyen repo,/homes/neumann/nguyen/fedlora/FederatedLLM/epoch_round_tuning_cola_client_count,0,20,20,5,6,0.4914459913724542,79.67401725790988,"0, 1, 2, 3, 4, 5, 6, 7, 8, 9, 10, 11, 12, 13, 14, 15, 16, 17, 18, 19",80,80,merged_linear_residual,,/homes/neumann/nguyen/fedlora/FederatedLLM/epoch_round_tuning_cola_client_count/tuning-flora-cola_stratified-roberta-base-homo-e20-r150/seed0/20/5/round_config.json
flora,Linear FLoRA,cola_stratified,CoLA stratified,roberta-base,RoBERTa-base,homo,Homo,20,150,nguyen repo,/homes/neumann/nguyen/fedlora/FederatedLLM/epoch_round_tuning_cola_client_count,0,20,20,6,7,0.49988318353976524,79.96164908916586,"0, 1, 2, 3, 4, 5, 6, 7, 8, 9, 10, 11, 12, 13, 14, 15, 16, 17, 18, 19",80,80,merged_linear_residual,,/homes/neumann/nguyen/fedlora/FederatedLLM/epoch_round_tuning_cola_client_count/tuning-flora-cola_stratified-roberta-base-homo-e20-r150/seed0/20/6/round_config.json
flora,Linear FLoRA,cola_stratified,CoLA stratified,roberta-base,RoBERTa-base,homo,Homo,20,150,nguyen repo,/homes/neumann/nguyen/fedlora/FederatedLLM/epoch_round_tuning_cola_client_count,0,20,20,7,8,0.5025795557201045,80.0575263662512,"0, 1, 2, 3, 4, 5, 6, 7, 8, 9, 10, 11, 12, 13, 14, 15, 16, 17, 18, 19",80,80,merged_linear_residual,,/homes/neumann/nguyen/fedlora/FederatedLLM/epoch_round_tuning_cola_client_count/tuning-flora-cola_stratified-roberta-base-homo-e20-r150/seed0/20/7/round_config.json
flora,Linear FLoRA,cola_stratified,CoLA stratified,roberta-base,RoBERTa-base,homo,Homo,20,150,nguyen repo,/homes/neumann/nguyen/fedlora/FederatedLLM/epoch_round_tuning_cola_client_count,0,20,20,8,9,0.5054628220405837,80.15340364333653,"0, 1, 2, 3, 4, 5, 6, 7, 8, 9, 10, 11, 12, 13, 14, 15, 16, 17, 18, 19",80,80,merged_linear_residual,,/homes/neumann/nguyen/fedlora/FederatedLLM/epoch_round_tuning_cola_client_count/tuning-flora-cola_stratified-roberta-base-homo-e20-r150/seed0/20/8/round_config.json
flora,Linear FLoRA,cola_stratified,CoLA stratified,roberta-base,RoBERTa-base,homo,Homo,20,150,nguyen repo,/homes/neumann/nguyen/fedlora/FederatedLLM/epoch_round_tuning_cola_client_count,0,20,20,9,10,0.508365554162712,80.24928092042187,"0, 1, 2, 3, 4, 5, 6, 7, 8, 9, 10, 11, 12, 13, 14, 15, 16, 17, 18, 19",80,80,merged_linear_residual,,/homes/neumann/nguyen/fedlora/FederatedLLM/epoch_round_tuning_cola_client_count/tuning-flora-cola_stratified-roberta-base-homo-e20-r150/seed0/20/9/round_config.json
flora,Linear FLoRA,cola_stratified,CoLA stratified,roberta-base,RoBERTa-base,homo,Homo,20,150,nguyen repo,/homes/neumann/nguyen/fedlora/FederatedLLM/epoch_round_tuning_cola_client_count,0,20,20,10,11,0.508365554162712,80.24928092042187,"0, 1, 2, 3, 4, 5, 6, 7, 8, 9, 10, 11, 12, 13, 14, 15, 16, 17, 18, 19",80,80,merged_linear_residual,,/homes/neumann/nguyen/fedlora/FederatedLLM/epoch_round_tuning_cola_client_count/tuning-flora-cola_stratified-roberta-base-homo-e20-r150/seed0/20/10/round_config.json
flora,Linear FLoRA,cola_stratified,CoLA stratified,roberta-base,RoBERTa-base,homo,Homo,20,150,nguyen repo,/homes/neumann/nguyen/fedlora/FederatedLLM/epoch_round_tuning_cola_client_count,0,20,20,11,12,0.5054628220405837,80.15340364333653,"0, 1, 2, 3, 4, 5, 6, 7, 8, 9, 10, 11, 12, 13, 14, 15, 16, 17, 18, 19",80,80,merged_linear_residual,,/homes/neumann/nguyen/fedlora/FederatedLLM/epoch_round_tuning_cola_client_count/tuning-flora-cola_stratified-roberta-base-homo-e20-r150/seed0/20/11/round_config.json
flora,Linear FLoRA,cola_stratified,CoLA stratified,roberta-base,RoBERTa-base,homo,Homo,20,150,nguyen repo,/homes/neumann/nguyen/fedlora/FederatedLLM/epoch_round_tuning_cola_client_count,0,20,20,12,13,0.5025795557201045,80.0575263662512,"0, 1, 2, 3, 4, 5, 6, 7, 8, 9, 10, 11, 12, 13, 14, 15, 16, 17, 18, 19",80,80,merged_linear_residual,,/homes/neumann/nguyen/fedlora/FederatedLLM/epoch_round_tuning_cola_client_count/tuning-flora-cola_stratified-roberta-base-homo-e20-r150/seed0/20/12/round_config.json
flora,Linear FLoRA,cola_stratified,CoLA stratified,roberta-base,RoBERTa-base,homo,Homo,20,150,nguyen repo,/homes/neumann/nguyen/fedlora/FederatedLLM/epoch_round_tuning_cola_client_count,0,20,20,13,14,0.5054628220405837,80.15340364333653,"0, 1, 2, 3, 4, 5, 6, 7, 8, 9, 10, 11, 12, 13, 14, 15, 16, 17, 18, 19",80,80,merged_linear_residual,,/homes/neumann/nguyen/fedlora/FederatedLLM/epoch_round_tuning_cola_client_count/tuning-flora-cola_stratified-roberta-base-homo-e20-r150/seed0/20/13/round_config.json
flora,Linear FLoRA,cola_stratified,CoLA stratified,roberta-base,RoBERTa-base,homo,Homo,20,150,nguyen repo,/homes/neumann/nguyen/fedlora/FederatedLLM/epoch_round_tuning_cola_client_count,0,20,20,14,15,0.5054628220405837,80.15340364333653,"0, 1, 2, 3, 4, 5, 6, 7, 8, 9, 10, 11, 12, 13, 14, 15, 16, 17, 18, 19",80,80,merged_linear_residual,,/homes/neumann/nguyen/fedlora/FederatedLLM/epoch_round_tuning_cola_client_count/tuning-flora-cola_stratified-roberta-base-homo-e20-r150/seed0/20/14/round_config.json
flora,Linear FLoRA,cola_stratified,CoLA stratified,roberta-base,RoBERTa-base,homo,Homo,20,150,nguyen repo,/homes/neumann/nguyen/fedlora/FederatedLLM/epoch_round_tuning_cola_client_count,0,20,20,15,16,0.5110424605414021,80.34515819750719,"0, 1, 2, 3, 4, 5, 6, 7, 8, 9, 10, 11, 12, 13, 14, 15, 16, 17, 18, 19",80,80,merged_linear_residual,,/homes/neumann/nguyen/fedlora/FederatedLLM/epoch_round_tuning_cola_client_count/tuning-flora-cola_stratified-roberta-base-homo-e20-r150/seed0/20/15/round_config.json
flora,Linear FLoRA,cola_stratified,CoLA stratified,roberta-base,RoBERTa-base,homo,Homo,20,150,nguyen repo,/homes/neumann/nguyen/fedlora/FederatedLLM/epoch_round_tuning_cola_client_count,0,20,20,16,17,0.5081463378939296,80.24928092042187,"0, 1, 2, 3, 4, 5, 6, 7, 8, 9, 10, 11, 12, 13, 14, 15, 16, 17, 18, 19",80,80,merged_linear_residual,,/homes/neumann/nguyen/fedlora/FederatedLLM/epoch_round_tuning_cola_client_count/tuning-flora-cola_stratified-roberta-base-homo-e20-r150/seed0/20/16/round_config.json
flora,Linear FLoRA,cola_stratified,CoLA stratified,roberta-base,RoBERTa-base,homo,Homo,20,150,nguyen repo,/homes/neumann/nguyen/fedlora/FederatedLLM/epoch_round_tuning_cola_client_count,0,20,20,17,18,0.5081463378939296,80.24928092042187,"0, 1, 2, 3, 4, 5, 6, 7, 8, 9, 10, 11, 12, 13, 14, 15, 16, 17, 18, 19",80,80,merged_linear_residual,,/homes/neumann/nguyen/fedlora/FederatedLLM/epoch_round_tuning_cola_client_count/tuning-flora-cola_stratified-roberta-base-homo-e20-r150/seed0/20/17/round_config.json
flora,Linear FLoRA,cola_stratified,CoLA stratified,roberta-base,RoBERTa-base,homo,Homo,20,150,nguyen repo,/homes/neumann/nguyen/fedlora/FederatedLLM/epoch_round_tuning_cola_client_count,0,20,20,18,19,0.5110424605414021,80.34515819750719,"0, 1, 2, 3, 4, 5, 6, 7, 8, 9, 10, 11, 12, 13, 14, 15, 16, 17, 18, 19",80,80,merged_linear_residual,,/homes/neumann/nguyen/fedlora/FederatedLLM/epoch_round_tuning_cola_client_count/tuning-flora-cola_stratified-roberta-base-homo-e20-r150/seed0/20/18/round_config.json
flora,Linear FLoRA,cola_stratified,CoLA stratified,roberta-base,RoBERTa-base,homo,Homo,20,150,nguyen repo,/homes/neumann/nguyen/fedlora/FederatedLLM/epoch_round_tuning_cola_client_count,0,20,20,19,20,0.5137131200677547,80.44103547459252,"0, 1, 2, 3, 4, 5, 6, 7, 8, 9, 10, 11, 12, 13, 14, 15, 16, 17, 18, 19",80,80,merged_linear_residual,,/homes/neumann/nguyen/fedlora/FederatedLLM/epoch_round_tuning_cola_client_count/tuning-flora-cola_stratified-roberta-base-homo-e20-r150/seed0/20/19/round_config.json
flora,Linear FLoRA,cola_stratified,CoLA stratified,roberta-base,RoBERTa-base,homo,Homo,20,150,nguyen repo,/homes/neumann/nguyen/fedlora/FederatedLLM/epoch_round_tuning_cola_client_count,0,20,20,20,21,0.5137131200677547,80.44103547459252,"0, 1, 2, 3, 4, 5, 6, 7, 8, 9, 10, 11, 12, 13, 14, 15, 16, 17, 18, 19",80,80,merged_linear_residual,,/homes/neumann/nguyen/fedlora/FederatedLLM/epoch_round_tuning_cola_client_count/tuning-flora-cola_stratified-roberta-base-homo-e20-r150/seed0/20/20/round_config.json
flora,Linear FLoRA,cola_stratified,CoLA stratified,roberta-base,RoBERTa-base,homo,Homo,20,150,nguyen repo,/homes/neumann/nguyen/fedlora/FederatedLLM/epoch_round_tuning_cola_client_count,0,20,20,21,22,0.5166220990422205,80.53691275167785,"0, 1, 2, 3, 4, 5, 6, 7, 8, 9, 10, 11, 12, 13, 14, 15, 16, 17, 18, 19",80,80,merged_linear_residual,,/homes/neumann/nguyen/fedlora/FederatedLLM/epoch_round_tuning_cola_client_count/tuning-flora-cola_stratified-roberta-base-homo-e20-r150/seed0/20/21/round_config.json
flora,Linear FLoRA,cola_stratified,CoLA stratified,roberta-base,RoBERTa-base,homo,Homo,20,150,nguyen repo,/homes/neumann/nguyen/fedlora/FederatedLLM/epoch_round_tuning_cola_client_count,0,20,20,22,23,0.5192799022415798,80.63279002876318,"0, 1, 2, 3, 4, 5, 6, 7, 8, 9, 10, 11, 12, 13, 14, 15, 16, 17, 18, 19",80,80,merged_linear_residual,,/homes/neumann/nguyen/fedlora/FederatedLLM/epoch_round_tuning_cola_client_count/tuning-flora-cola_stratified-roberta-base-homo-e20-r150/seed0/20/22/round_config.json
flora,Linear FLoRA,cola_stratified,CoLA stratified,roberta-base,RoBERTa-base,homo,Homo,20,150,nguyen repo,/homes/neumann/nguyen/fedlora/FederatedLLM/epoch_round_tuning_cola_client_count,0,20,20,23,24,0.5166220990422205,80.53691275167785,"0, 1, 2, 3, 4, 5, 6, 7, 8, 9, 10, 11, 12, 13, 14, 15, 16, 17, 18, 19",80,80,merged_linear_residual,,/homes/neumann/nguyen/fedlora/FederatedLLM/epoch_round_tuning_cola_client_count/tuning-flora-cola_stratified-roberta-base-homo-e20-r150/seed0/20/23/round_config.json
flora,Linear FLoRA,cola_stratified,CoLA stratified,roberta-base,RoBERTa-base,homo,Homo,20,150,nguyen repo,/homes/neumann/nguyen/fedlora/FederatedLLM/epoch_round_tuning_cola_client_count,0,20,20,24,25,0.5166220990422205,80.53691275167785,"0, 1, 2, 3, 4, 5, 6, 7, 8, 9, 10, 11, 12, 13, 14, 15, 16, 17, 18, 19",80,80,merged_linear_residual,,/homes/neumann/nguyen/fedlora/FederatedLLM/epoch_round_tuning_cola_client_count/tuning-flora-cola_stratified-roberta-base-homo-e20-r150/seed0/20/24/round_config.json
flora,Linear FLoRA,cola_stratified,CoLA stratified,roberta-base,RoBERTa-base,homo,Homo,20,150,nguyen repo,/homes/neumann/nguyen/fedlora/FederatedLLM/epoch_round_tuning_cola_client_count,0,20,20,25,26,0.5166220990422205,80.53691275167785,"0, 1, 2, 3, 4, 5, 6, 7, 8, 9, 10, 11, 12, 13, 14, 15, 16, 17, 18, 19",80,80,merged_linear_residual,,/homes/neumann/nguyen/fedlora/FederatedLLM/epoch_round_tuning_cola_client_count/tuning-flora-cola_stratified-roberta-base-homo-e20-r150/seed0/20/25/round_config.json
flora,Linear FLoRA,cola_stratified,CoLA stratified,roberta-base,RoBERTa-base,homo,Homo,20,150,nguyen repo,/homes/neumann/nguyen/fedlora/FederatedLLM/epoch_round_tuning_cola_client_count,0,20,20,26,27,0.5166220990422205,80.53691275167785,"0, 1, 2, 3, 4, 5, 6, 7, 8, 9, 10, 11, 12, 13, 14, 15, 16, 17, 18, 19",80,80,merged_linear_residual,,/homes/neumann/nguyen/fedlora/FederatedLLM/epoch_round_tuning_cola_client_count/tuning-flora-cola_stratified-roberta-base-homo-e20-r150/seed0/20/26/round_config.json
flora,Linear FLoRA,cola_stratified,CoLA stratified,roberta-base,RoBERTa-base,homo,Homo,20,150,nguyen repo,/homes/neumann/nguyen/fedlora/FederatedLLM/epoch_round_tuning_cola_client_count,0,20,20,27,28,0.5166220990422205,80.53691275167785,"0, 1, 2, 3, 4, 5, 6, 7, 8, 9, 10, 11, 12, 13, 14, 15, 16, 17, 18, 19",80,80,merged_linear_residual,,/homes/neumann/nguyen/fedlora/FederatedLLM/epoch_round_tuning_cola_client_count/tuning-flora-cola_stratified-roberta-base-homo-e20-r150/seed0/20/27/round_config.json
flora,Linear FLoRA,cola_stratified,CoLA stratified,roberta-base,RoBERTa-base,homo,Homo,20,150,nguyen repo,/homes/neumann/nguyen/fedlora/FederatedLLM/epoch_round_tuning_cola_client_count,0,20,20,28,29,0.5166220990422205,80.53691275167785,"0, 1, 2, 3, 4, 5, 6, 7, 8, 9, 10, 11, 12, 13, 14, 15, 16, 17, 18, 19",80,80,merged_linear_residual,,/homes/neumann/nguyen/fedlora/FederatedLLM/epoch_round_tuning_cola_client_count/tuning-flora-cola_stratified-roberta-base-homo-e20-r150/seed0/20/28/round_config.json
flora,Linear FLoRA,cola_stratified,CoLA stratified,roberta-base,RoBERTa-base,homo,Homo,20,150,nguyen repo,/homes/neumann/nguyen/fedlora/FederatedLLM/epoch_round_tuning_cola_client_count,0,20,20,29,30,0.5192799022415798,80.63279002876318,"0, 1, 2, 3, 4, 5, 6, 7, 8, 9, 10, 11, 12, 13, 14, 15, 16, 17, 18, 19",80,80,merged_linear_residual,,/homes/neumann/nguyen/fedlora/FederatedLLM/epoch_round_tuning_cola_client_count/tuning-flora-cola_stratified-roberta-base-homo-e20-r150/seed0/20/29/round_config.json
flora,Linear FLoRA,cola_stratified,CoLA stratified,roberta-base,RoBERTa-base,homo,Homo,20,150,nguyen repo,/homes/neumann/nguyen/fedlora/FederatedLLM/epoch_round_tuning_cola_client_count,0,20,20,30,31,0.5192799022415798,80.63279002876318,"0, 1, 2, 3, 4, 5, 6, 7, 8, 9, 10, 11, 12, 13, 14, 15, 16, 17, 18, 19",80,80,merged_linear_residual,,/homes/neumann/nguyen/fedlora/FederatedLLM/epoch_round_tuning_cola_client_count/tuning-flora-cola_stratified-roberta-base-homo-e20-r150/seed0/20/30/round_config.json
flora,Linear FLoRA,cola_stratified,CoLA stratified,roberta-base,RoBERTa-base,homo,Homo,20,150,nguyen repo,/homes/neumann/nguyen/fedlora/FederatedLLM/epoch_round_tuning_cola_client_count,0,20,20,31,32,0.5192799022415798,80.63279002876318,"0, 1, 2, 3, 4, 5, 6, 7, 8, 9, 10, 11, 12, 13, 14, 15, 16, 17, 18, 19",80,80,merged_linear_residual,,/homes/neumann/nguyen/fedlora/FederatedLLM/epoch_round_tuning_cola_client_count/tuning-flora-cola_stratified-roberta-base-homo-e20-r150/seed0/20/31/round_config.json
flora,Linear FLoRA,cola_stratified,CoLA stratified,roberta-base,RoBERTa-base,homo,Homo,20,150,nguyen repo,/homes/neumann/nguyen/fedlora/FederatedLLM/epoch_round_tuning_cola_client_count,0,20,20,32,33,0.5192799022415798,80.63279002876318,"0, 1, 2, 3, 4, 5, 6, 7, 8, 9, 10, 11, 12, 13, 14, 15, 16, 17, 18, 19",80,80,merged_linear_residual,,/homes/neumann/nguyen/fedlora/FederatedLLM/epoch_round_tuning_cola_client_count/tuning-flora-cola_stratified-roberta-base-homo-e20-r150/seed0/20/32/round_config.json
flora,Linear FLoRA,cola_stratified,CoLA stratified,roberta-base,RoBERTa-base,homo,Homo,20,150,nguyen repo,/homes/neumann/nguyen/fedlora/FederatedLLM/epoch_round_tuning_cola_client_count,0,20,20,33,34,0.5219316798836575,80.72866730584852,"0, 1, 2, 3, 4, 5, 6, 7, 8, 9, 10, 11, 12, 13, 14, 15, 16, 17, 18, 19",80,80,merged_linear_residual,,/homes/neumann/nguyen/fedlora/FederatedLLM/epoch_round_tuning_cola_client_count/tuning-flora-cola_stratified-roberta-base-homo-e20-r150/seed0/20/33/round_config.json
flora,Linear FLoRA,cola_stratified,CoLA stratified,roberta-base,RoBERTa-base,homo,Homo,20,150,nguyen repo,/homes/neumann/nguyen/fedlora/FederatedLLM/epoch_round_tuning_cola_client_count,0,20,20,34,35,0.5219316798836575,80.72866730584852,"0, 1, 2, 3, 4, 5, 6, 7, 8, 9, 10, 11, 12, 13, 14, 15, 16, 17, 18, 19",80,80,merged_linear_residual,,/homes/neumann/nguyen/fedlora/FederatedLLM/epoch_round_tuning_cola_client_count/tuning-flora-cola_stratified-roberta-base-homo-e20-r150/seed0/20/34/round_config.json
flora,Linear FLoRA,cola_stratified,CoLA stratified,roberta-base,RoBERTa-base,homo,Homo,20,150,nguyen repo,/homes/neumann/nguyen/fedlora/FederatedLLM/epoch_round_tuning_cola_client_count,0,20,20,35,36,0.5245775248950632,80.82454458293384,"0, 1, 2, 3, 4, 5, 6, 7, 8, 9, 10, 11, 12, 13, 14, 15, 16, 17, 18, 19",80,80,merged_linear_residual,,/homes/neumann/nguyen/fedlora/FederatedLLM/epoch_round_tuning_cola_client_count/tuning-flora-cola_stratified-roberta-base-homo-e20-r150/seed0/20/35/round_config.json
flora,Linear FLoRA,cola_stratified,CoLA stratified,roberta-base,RoBERTa-base,homo,Homo,20,150,nguyen repo,/homes/neumann/nguyen/fedlora/FederatedLLM/epoch_round_tuning_cola_client_count,0,20,20,36,37,0.5272175286888164,80.92042186001918,"0, 1, 2, 3, 4, 5, 6, 7, 8, 9, 10, 11, 12, 13, 14, 15, 16, 17, 18, 19",80,80,merged_linear_residual,,/homes/neumann/nguyen/fedlora/FederatedLLM/epoch_round_tuning_cola_client_count/tuning-flora-cola_stratified-roberta-base-homo-e20-r150/seed0/20/36/round_config.json
flora,Linear FLoRA,cola_stratified,CoLA stratified,roberta-base,RoBERTa-base,homo,Homo,20,150,nguyen repo,/homes/neumann/nguyen/fedlora/FederatedLLM/epoch_round_tuning_cola_client_count,0,20,20,37,38,0.5298517812001735,81.01629913710451,"0, 1, 2, 3, 4, 5, 6, 7, 8, 9, 10, 11, 12, 13, 14, 15, 16, 17, 18, 19",80,80,merged_linear_residual,,/homes/neumann/nguyen/fedlora/FederatedLLM/epoch_round_tuning_cola_client_count/tuning-flora-cola_stratified-roberta-base-homo-e20-r150/seed0/20/37/round_config.json
flora,Linear FLoRA,cola_stratified,CoLA stratified,roberta-base,RoBERTa-base,homo,Homo,20,150,nguyen repo,/homes/neumann/nguyen/fedlora/FederatedLLM/epoch_round_tuning_cola_client_count,0,20,20,38,39,0.5298517812001735,81.01629913710451,"0, 1, 2, 3, 4, 5, 6, 7, 8, 9, 10, 11, 12, 13, 14, 15, 16, 17, 18, 19",80,80,merged_linear_residual,,/homes/neumann/nguyen/fedlora/FederatedLLM/epoch_round_tuning_cola_client_count/tuning-flora-cola_stratified-roberta-base-homo-e20-r150/seed0/20/38/round_config.json
flora,Linear FLoRA,cola_stratified,CoLA stratified,roberta-base,RoBERTa-base,homo,Homo,20,150,nguyen repo,/homes/neumann/nguyen/fedlora/FederatedLLM/epoch_round_tuning_cola_client_count,0,20,20,39,40,0.532480370921418,81.11217641418985,"0, 1, 2, 3, 4, 5, 6, 7, 8, 9, 10, 11, 12, 13, 14, 15, 16, 17, 18, 19",80,80,merged_linear_residual,,/homes/neumann/nguyen/fedlora/FederatedLLM/epoch_round_tuning_cola_client_count/tuning-flora-cola_stratified-roberta-base-homo-e20-r150/seed0/20/39/round_config.json
flora,Linear FLoRA,cola_stratified,CoLA stratified,roberta-base,RoBERTa-base,homo,Homo,20,150,nguyen repo,/homes/neumann/nguyen/fedlora/FederatedLLM/epoch_round_tuning_cola_client_count,0,20,20,40,41,0.5351033849356494,81.20805369127517,"0, 1, 2, 3, 4, 5, 6, 7, 8, 9, 10, 11, 12, 13, 14, 15, 16, 17, 18, 19",80,80,merged_linear_residual,,/homes/neumann/nguyen/fedlora/FederatedLLM/epoch_round_tuning_cola_client_count/tuning-flora-cola_stratified-roberta-base-homo-e20-r150/seed0/20/40/round_config.json
flora,Linear FLoRA,cola_stratified,CoLA stratified,roberta-base,RoBERTa-base,homo,Homo,20,150,nguyen repo,/homes/neumann/nguyen/fedlora/FederatedLLM/epoch_round_tuning_cola_client_count,0,20,20,41,42,0.5377209089496056,81.30393096836049,"0, 1, 2, 3, 4, 5, 6, 7, 8, 9, 10, 11, 12, 13, 14, 15, 16, 17, 18, 19",80,80,merged_linear_residual,,/homes/neumann/nguyen/fedlora/FederatedLLM/epoch_round_tuning_cola_client_count/tuning-flora-cola_stratified-roberta-base-homo-e20-r150/seed0/20/41/round_config.json
flora,Linear FLoRA,cola_stratified,CoLA stratified,roberta-base,RoBERTa-base,homo,Homo,20,150,nguyen repo,/homes/neumann/nguyen/fedlora/FederatedLLM/epoch_round_tuning_cola_client_count,0,20,20,42,43,0.5377209089496056,81.30393096836049,"0, 1, 2, 3, 4, 5, 6, 7, 8, 9, 10, 11, 12, 13, 14, 15, 16, 17, 18, 19",80,80,merged_linear_residual,,/homes/neumann/nguyen/fedlora/FederatedLLM/epoch_round_tuning_cola_client_count/tuning-flora-cola_stratified-roberta-base-homo-e20-r150/seed0/20/42/round_config.json
flora,Linear FLoRA,cola_stratified,CoLA stratified,roberta-base,RoBERTa-base,homo,Homo,20,150,nguyen repo,/homes/neumann/nguyen/fedlora/FederatedLLM/epoch_round_tuning_cola_client_count,0,20,20,43,44,0.5377209089496056,81.30393096836049,"0, 1, 2, 3, 4, 5, 6, 7, 8, 9, 10, 11, 12, 13, 14, 15, 16, 17, 18, 19",80,80,merged_linear_residual,,/homes/neumann/nguyen/fedlora/FederatedLLM/epoch_round_tuning_cola_client_count/tuning-flora-cola_stratified-roberta-base-homo-e20-r150/seed0/20/43/round_config.json
flora,Linear FLoRA,cola_stratified,CoLA stratified,roberta-base,RoBERTa-base,homo,Homo,20,150,nguyen repo,/homes/neumann/nguyen/fedlora/FederatedLLM/epoch_round_tuning_cola_client_count,0,20,20,44,45,0.5377209089496056,81.30393096836049,"0, 1, 2, 3, 4, 5, 6, 7, 8, 9, 10, 11, 12, 13, 14, 15, 16, 17, 18, 19",80,80,merged_linear_residual,,/homes/neumann/nguyen/fedlora/FederatedLLM/epoch_round_tuning_cola_client_count/tuning-flora-cola_stratified-roberta-base-homo-e20-r150/seed0/20/44/round_config.json
flora,Linear FLoRA,cola_stratified,CoLA stratified,roberta-base,RoBERTa-base,homo,Homo,20,150,nguyen repo,/homes/neumann/nguyen/fedlora/FederatedLLM/epoch_round_tuning_cola_client_count,0,20,20,45,46,0.5377209089496056,81.30393096836049,"0, 1, 2, 3, 4, 5, 6, 7, 8, 9, 10, 11, 12, 13, 14, 15, 16, 17, 18, 19",80,80,merged_linear_residual,,/homes/neumann/nguyen/fedlora/FederatedLLM/epoch_round_tuning_cola_client_count/tuning-flora-cola_stratified-roberta-base-homo-e20-r150/seed0/20/45/round_config.json
flora,Linear FLoRA,cola_stratified,CoLA stratified,roberta-base,RoBERTa-base,homo,Homo,20,150,nguyen repo,/homes/neumann/nguyen/fedlora/FederatedLLM/epoch_round_tuning_cola_client_count,0,20,20,46,47,0.5377209089496056,81.30393096836049,"0, 1, 2, 3, 4, 5, 6, 7, 8, 9, 10, 11, 12, 13, 14, 15, 16, 17, 18, 19",80,80,merged_linear_residual,,/homes/neumann/nguyen/fedlora/FederatedLLM/epoch_round_tuning_cola_client_count/tuning-flora-cola_stratified-roberta-base-homo-e20-r150/seed0/20/46/round_config.json
flora,Linear FLoRA,cola_stratified,CoLA stratified,roberta-base,RoBERTa-base,homo,Homo,20,150,nguyen repo,/homes/neumann/nguyen/fedlora/FederatedLLM/epoch_round_tuning_cola_client_count,0,20,20,47,48,0.5377209089496056,81.30393096836049,"0, 1, 2, 3, 4, 5, 6, 7, 8, 9, 10, 11, 12, 13, 14, 15, 16, 17, 18, 19",80,80,merged_linear_residual,,/homes/neumann/nguyen/fedlora/FederatedLLM/epoch_round_tuning_cola_client_count/tuning-flora-cola_stratified-roberta-base-homo-e20-r150/seed0/20/47/round_config.json
flora,Linear FLoRA,cola_stratified,CoLA stratified,roberta-base,RoBERTa-base,homo,Homo,20,150,nguyen repo,/homes/neumann/nguyen/fedlora/FederatedLLM/epoch_round_tuning_cola_client_count,0,20,20,48,49,0.5351033849356494,81.20805369127517,"0, 1, 2, 3, 4, 5, 6, 7, 8, 9, 10, 11, 12, 13, 14, 15, 16, 17, 18, 19",80,80,merged_linear_residual,,/homes/neumann/nguyen/fedlora/FederatedLLM/epoch_round_tuning_cola_client_count/tuning-flora-cola_stratified-roberta-base-homo-e20-r150/seed0/20/48/round_config.json
flora,Linear FLoRA,cola_stratified,CoLA stratified,roberta-base,RoBERTa-base,homo,Homo,20,150,nguyen repo,/homes/neumann/nguyen/fedlora/FederatedLLM/epoch_round_tuning_cola_client_count,0,20,20,49,50,0.5377209089496056,81.30393096836049,"0, 1, 2, 3, 4, 5, 6, 7, 8, 9, 10, 11, 12, 13, 14, 15, 16, 17, 18, 19",80,80,merged_linear_residual,,/homes/neumann/nguyen/fedlora/FederatedLLM/epoch_round_tuning_cola_client_count/tuning-flora-cola_stratified-roberta-base-homo-e20-r150/seed0/20/49/round_config.json
flora,Linear FLoRA,cola_stratified,CoLA stratified,roberta-base,RoBERTa-base,homo,Homo,20,150,nguyen repo,/homes/neumann/nguyen/fedlora/FederatedLLM/epoch_round_tuning_cola_client_count,0,20,20,50,51,0.5351033849356494,81.20805369127517,"0, 1, 2, 3, 4, 5, 6, 7, 8, 9, 10, 11, 12, 13, 14, 15, 16, 17, 18, 19",80,80,merged_linear_residual,,/homes/neumann/nguyen/fedlora/FederatedLLM/epoch_round_tuning_cola_client_count/tuning-flora-cola_stratified-roberta-base-homo-e20-r150/seed0/20/50/round_config.json
flora,Linear FLoRA,cola_stratified,CoLA stratified,roberta-base,RoBERTa-base,homo,Homo,20,150,nguyen repo,/homes/neumann/nguyen/fedlora/FederatedLLM/epoch_round_tuning_cola_client_count,0,20,20,51,52,0.5351033849356494,81.20805369127517,"0, 1, 2, 3, 4, 5, 6, 7, 8, 9, 10, 11, 12, 13, 14, 15, 16, 17, 18, 19",80,80,merged_linear_residual,,/homes/neumann/nguyen/fedlora/FederatedLLM/epoch_round_tuning_cola_client_count/tuning-flora-cola_stratified-roberta-base-homo-e20-r150/seed0/20/51/round_config.json
flora,Linear FLoRA,cola_stratified,CoLA stratified,roberta-base,RoBERTa-base,homo,Homo,20,150,nguyen repo,/homes/neumann/nguyen/fedlora/FederatedLLM/epoch_round_tuning_cola_client_count,0,20,20,52,53,0.5351033849356494,81.20805369127517,"0, 1, 2, 3, 4, 5, 6, 7, 8, 9, 10, 11, 12, 13, 14, 15, 16, 17, 18, 19",80,80,merged_linear_residual,,/homes/neumann/nguyen/fedlora/FederatedLLM/epoch_round_tuning_cola_client_count/tuning-flora-cola_stratified-roberta-base-homo-e20-r150/seed0/20/52/round_config.json
flora,Linear FLoRA,cola_stratified,CoLA stratified,roberta-base,RoBERTa-base,homo,Homo,20,150,nguyen repo,/homes/neumann/nguyen/fedlora/FederatedLLM/epoch_round_tuning_cola_client_count,0,20,20,53,54,0.5351033849356494,81.20805369127517,"0, 1, 2, 3, 4, 5, 6, 7, 8, 9, 10, 11, 12, 13, 14, 15, 16, 17, 18, 19",80,80,merged_linear_residual,,/homes/neumann/nguyen/fedlora/FederatedLLM/epoch_round_tuning_cola_client_count/tuning-flora-cola_stratified-roberta-base-homo-e20-r150/seed0/20/53/round_config.json
flora,Linear FLoRA,cola_stratified,CoLA stratified,roberta-base,RoBERTa-base,homo,Homo,20,150,nguyen repo,/homes/neumann/nguyen/fedlora/FederatedLLM/epoch_round_tuning_cola_client_count,0,20,20,54,55,0.5403330273255521,81.39980824544583,"0, 1, 2, 3, 4, 5, 6, 7, 8, 9, 10, 11, 12, 13, 14, 15, 16, 17, 18, 19",80,80,merged_linear_residual,,/homes/neumann/nguyen/fedlora/FederatedLLM/epoch_round_tuning_cola_client_count/tuning-flora-cola_stratified-roberta-base-homo-e20-r150/seed0/20/54/round_config.json
flora,Linear FLoRA,cola_stratified,CoLA stratified,roberta-base,RoBERTa-base,homo,Homo,20,150,nguyen repo,/homes/neumann/nguyen/fedlora/FederatedLLM/epoch_round_tuning_cola_client_count,0,20,20,55,56,0.5374833254970165,81.30393096836049,"0, 1, 2, 3, 4, 5, 6, 7, 8, 9, 10, 11, 12, 13, 14, 15, 16, 17, 18, 19",80,80,merged_linear_residual,,/homes/neumann/nguyen/fedlora/FederatedLLM/epoch_round_tuning_cola_client_count/tuning-flora-cola_stratified-roberta-base-homo-e20-r150/seed0/20/55/round_config.json
flora,Linear FLoRA,cola_stratified,CoLA stratified,roberta-base,RoBERTa-base,homo,Homo,20,150,nguyen repo,/homes/neumann/nguyen/fedlora/FederatedLLM/epoch_round_tuning_cola_client_count,0,20,20,56,57,0.5374833254970165,81.30393096836049,"0, 1, 2, 3, 4, 5, 6, 7, 8, 9, 10, 11, 12, 13, 14, 15, 16, 17, 18, 19",80,80,merged_linear_residual,,/homes/neumann/nguyen/fedlora/FederatedLLM/epoch_round_tuning_cola_client_count/tuning-flora-cola_stratified-roberta-base-homo-e20-r150/seed0/20/56/round_config.json
flora,Linear FLoRA,cola_stratified,CoLA stratified,roberta-base,RoBERTa-base,homo,Homo,20,150,nguyen repo,/homes/neumann/nguyen/fedlora/FederatedLLM/epoch_round_tuning_cola_client_count,0,20,20,57,58,0.540096561588247,81.39980824544583,"0, 1, 2, 3, 4, 5, 6, 7, 8, 9, 10, 11, 12, 13, 14, 15, 16, 17, 18, 19",80,80,merged_linear_residual,,/homes/neumann/nguyen/fedlora/FederatedLLM/epoch_round_tuning_cola_client_count/tuning-flora-cola_stratified-roberta-base-homo-e20-r150/seed0/20/57/round_config.json
flora,Linear FLoRA,cola_stratified,CoLA stratified,roberta-base,RoBERTa-base,homo,Homo,20,150,nguyen repo,/homes/neumann/nguyen/fedlora/FederatedLLM/epoch_round_tuning_cola_client_count,0,20,20,58,59,0.540096561588247,81.39980824544583,"0, 1, 2, 3, 4, 5, 6, 7, 8, 9, 10, 11, 12, 13, 14, 15, 16, 17, 18, 19",80,80,merged_linear_residual,,/homes/neumann/nguyen/fedlora/FederatedLLM/epoch_round_tuning_cola_client_count/tuning-flora-cola_stratified-roberta-base-homo-e20-r150/seed0/20/58/round_config.json
flora,Linear FLoRA,cola_stratified,CoLA stratified,roberta-base,RoBERTa-base,homo,Homo,20,150,nguyen repo,/homes/neumann/nguyen/fedlora/FederatedLLM/epoch_round_tuning_cola_client_count,0,20,20,59,60,0.540096561588247,81.39980824544583,"0, 1, 2, 3, 4, 5, 6, 7, 8, 9, 10, 11, 12, 13, 14, 15, 16, 17, 18, 19",80,80,merged_linear_residual,,/homes/neumann/nguyen/fedlora/FederatedLLM/epoch_round_tuning_cola_client_count/tuning-flora-cola_stratified-roberta-base-homo-e20-r150/seed0/20/59/round_config.json
flora,Linear FLoRA,cola_stratified,CoLA stratified,roberta-base,RoBERTa-base,homo,Homo,20,150,nguyen repo,/homes/neumann/nguyen/fedlora/FederatedLLM/epoch_round_tuning_cola_client_count,0,20,20,60,61,0.5377209089496056,81.30393096836049,"0, 1, 2, 3, 4, 5, 6, 7, 8, 9, 10, 11, 12, 13, 14, 15, 16, 17, 18, 19",80,80,merged_linear_residual,,/homes/neumann/nguyen/fedlora/FederatedLLM/epoch_round_tuning_cola_client_count/tuning-flora-cola_stratified-roberta-base-homo-e20-r150/seed0/20/60/round_config.json
flora,Linear FLoRA,cola_stratified,CoLA stratified,roberta-base,RoBERTa-base,homo,Homo,20,150,nguyen repo,/homes/neumann/nguyen/fedlora/FederatedLLM/epoch_round_tuning_cola_client_count,0,20,20,61,62,0.5348647381812536,81.20805369127517,"0, 1, 2, 3, 4, 5, 6, 7, 8, 9, 10, 11, 12, 13, 14, 15, 16, 17, 18, 19",80,80,merged_linear_residual,,/homes/neumann/nguyen/fedlora/FederatedLLM/epoch_round_tuning_cola_client_count/tuning-flora-cola_stratified-roberta-base-homo-e20-r150/seed0/20/61/round_config.json
flora,Linear FLoRA,cola_stratified,CoLA stratified,roberta-base,RoBERTa-base,homo,Homo,20,150,nguyen repo,/homes/neumann/nguyen/fedlora/FederatedLLM/epoch_round_tuning_cola_client_count,0,20,20,62,63,0.540096561588247,81.39980824544583,"0, 1, 2, 3, 4, 5, 6, 7, 8, 9, 10, 11, 12, 13, 14, 15, 16, 17, 18, 19",80,80,merged_linear_residual,,/homes/neumann/nguyen/fedlora/FederatedLLM/epoch_round_tuning_cola_client_count/tuning-flora-cola_stratified-roberta-base-homo-e20-r150/seed0/20/62/round_config.json
flora,Linear FLoRA,cola_stratified,CoLA stratified,roberta-base,RoBERTa-base,homo,Homo,20,150,nguyen repo,/homes/neumann/nguyen/fedlora/FederatedLLM/epoch_round_tuning_cola_client_count,0,20,20,63,64,0.5374833254970165,81.30393096836049,"0, 1, 2, 3, 4, 5, 6, 7, 8, 9, 10, 11, 12, 13, 14, 15, 16, 17, 18, 19",80,80,merged_linear_residual,,/homes/neumann/nguyen/fedlora/FederatedLLM/epoch_round_tuning_cola_client_count/tuning-flora-cola_stratified-roberta-base-homo-e20-r150/seed0/20/63/round_config.json
flora,Linear FLoRA,cola_stratified,CoLA stratified,roberta-base,RoBERTa-base,homo,Homo,20,150,nguyen repo,/homes/neumann/nguyen/fedlora/FederatedLLM/epoch_round_tuning_cola_client_count,0,20,20,64,65,0.5403330273255521,81.39980824544583,"0, 1, 2, 3, 4, 5, 6, 7, 8, 9, 10, 11, 12, 13, 14, 15, 16, 17, 18, 19",80,80,merged_linear_residual,,/homes/neumann/nguyen/fedlora/FederatedLLM/epoch_round_tuning_cola_client_count/tuning-flora-cola_stratified-roberta-base-homo-e20-r150/seed0/20/64/round_config.json
flora,Linear FLoRA,cola_stratified,CoLA stratified,roberta-base,RoBERTa-base,homo,Homo,20,150,nguyen repo,/homes/neumann/nguyen/fedlora/FederatedLLM/epoch_round_tuning_cola_client_count,0,20,20,65,66,0.5403330273255521,81.39980824544583,"0, 1, 2, 3, 4, 5, 6, 7, 8, 9, 10, 11, 12, 13, 14, 15, 16, 17, 18, 19",80,80,merged_linear_residual,,/homes/neumann/nguyen/fedlora/FederatedLLM/epoch_round_tuning_cola_client_count/tuning-flora-cola_stratified-roberta-base-homo-e20-r150/seed0/20/65/round_config.json
flora,Linear FLoRA,cola_stratified,CoLA stratified,roberta-base,RoBERTa-base,homo,Homo,20,150,nguyen repo,/homes/neumann/nguyen/fedlora/FederatedLLM/epoch_round_tuning_cola_client_count,0,20,20,66,67,0.5481377727255567,81.68744007670182,"0, 1, 2, 3, 4, 5, 6, 7, 8, 9, 10, 11, 12, 13, 14, 15, 16, 17, 18, 19",80,80,merged_linear_residual,,/homes/neumann/nguyen/fedlora/FederatedLLM/epoch_round_tuning_cola_client_count/tuning-flora-cola_stratified-roberta-base-homo-e20-r150/seed0/20/66/round_config.json
flora,Linear FLoRA,cola_stratified,CoLA stratified,roberta-base,RoBERTa-base,homo,Homo,20,150,nguyen repo,/homes/neumann/nguyen/fedlora/FederatedLLM/epoch_round_tuning_cola_client_count,0,20,20,67,68,0.5453073067742302,81.5915627996165,"0, 1, 2, 3, 4, 5, 6, 7, 8, 9, 10, 11, 12, 13, 14, 15, 16, 17, 18, 19",80,80,merged_linear_residual,,/homes/neumann/nguyen/fedlora/FederatedLLM/epoch_round_tuning_cola_client_count/tuning-flora-cola_stratified-roberta-base-homo-e20-r150/seed0/20/67/round_config.json
flora,Linear FLoRA,cola_stratified,CoLA stratified,roberta-base,RoBERTa-base,homo,Homo,20,150,nguyen repo,/homes/neumann/nguyen/fedlora/FederatedLLM/epoch_round_tuning_cola_client_count,0,20,20,68,69,0.5427045284376305,81.49568552253116,"0, 1, 2, 3, 4, 5, 6, 7, 8, 9, 10, 11, 12, 13, 14, 15, 16, 17, 18, 19",80,80,merged_linear_residual,,/homes/neumann/nguyen/fedlora/FederatedLLM/epoch_round_tuning_cola_client_count/tuning-flora-cola_stratified-roberta-base-homo-e20-r150/seed0/20/68/round_config.json
flora,Linear FLoRA,cola_stratified,CoLA stratified,roberta-base,RoBERTa-base,homo,Homo,20,150,nguyen repo,/homes/neumann/nguyen/fedlora/FederatedLLM/epoch_round_tuning_cola_client_count,0,20,20,69,70,0.5481377727255567,81.68744007670182,"0, 1, 2, 3, 4, 5, 6, 7, 8, 9, 10, 11, 12, 13, 14, 15, 16, 17, 18, 19",80,80,merged_linear_residual,,/homes/neumann/nguyen/fedlora/FederatedLLM/epoch_round_tuning_cola_client_count/tuning-flora-cola_stratified-roberta-base-homo-e20-r150/seed0/20/69/round_config.json
flora,Linear FLoRA,cola_stratified,CoLA stratified,roberta-base,RoBERTa-base,homo,Homo,20,150,nguyen repo,/homes/neumann/nguyen/fedlora/FederatedLLM/epoch_round_tuning_cola_client_count,0,20,20,70,71,0.5481377727255567,81.68744007670182,"0, 1, 2, 3, 4, 5, 6, 7, 8, 9, 10, 11, 12, 13, 14, 15, 16, 17, 18, 19",80,80,merged_linear_residual,,/homes/neumann/nguyen/fedlora/FederatedLLM/epoch_round_tuning_cola_client_count/tuning-flora-cola_stratified-roberta-base-homo-e20-r150/seed0/20/70/round_config.json
flora,Linear FLoRA,cola_stratified,CoLA stratified,roberta-base,RoBERTa-base,homo,Homo,20,150,nguyen repo,/homes/neumann/nguyen/fedlora/FederatedLLM/epoch_round_tuning_cola_client_count,0,20,20,71,72,0.5450984477574647,81.5915627996165,"0, 1, 2, 3, 4, 5, 6, 7, 8, 9, 10, 11, 12, 13, 14, 15, 16, 17, 18, 19",80,80,merged_linear_residual,,/homes/neumann/nguyen/fedlora/FederatedLLM/epoch_round_tuning_cola_client_count/tuning-flora-cola_stratified-roberta-base-homo-e20-r150/seed0/20/71/round_config.json
flora,Linear FLoRA,cola_stratified,CoLA stratified,roberta-base,RoBERTa-base,homo,Homo,20,150,nguyen repo,/homes/neumann/nguyen/fedlora/FederatedLLM/epoch_round_tuning_cola_client_count,0,20,20,72,73,0.5453073067742302,81.5915627996165,"0, 1, 2, 3, 4, 5, 6, 7, 8, 9, 10, 11, 12, 13, 14, 15, 16, 17, 18, 19",80,80,merged_linear_residual,,/homes/neumann/nguyen/fedlora/FederatedLLM/epoch_round_tuning_cola_client_count/tuning-flora-cola_stratified-roberta-base-homo-e20-r150/seed0/20/72/round_config.json
flora,Linear FLoRA,cola_stratified,CoLA stratified,roberta-base,RoBERTa-base,homo,Homo,20,150,nguyen repo,/homes/neumann/nguyen/fedlora/FederatedLLM/epoch_round_tuning_cola_client_count,0,20,20,73,74,0.5453073067742302,81.5915627996165,"0, 1, 2, 3, 4, 5, 6, 7, 8, 9, 10, 11, 12, 13, 14, 15, 16, 17, 18, 19",80,80,merged_linear_residual,,/homes/neumann/nguyen/fedlora/FederatedLLM/epoch_round_tuning_cola_client_count/tuning-flora-cola_stratified-roberta-base-homo-e20-r150/seed0/20/73/round_config.json
flora,Linear FLoRA,cola_stratified,CoLA stratified,roberta-base,RoBERTa-base,homo,Homo,20,150,nguyen repo,/homes/neumann/nguyen/fedlora/FederatedLLM/epoch_round_tuning_cola_client_count,0,20,20,74,75,0.540096561588247,81.39980824544583,"0, 1, 2, 3, 4, 5, 6, 7, 8, 9, 10, 11, 12, 13, 14, 15, 16, 17, 18, 19",80,80,merged_linear_residual,,/homes/neumann/nguyen/fedlora/FederatedLLM/epoch_round_tuning_cola_client_count/tuning-flora-cola_stratified-roberta-base-homo-e20-r150/seed0/20/74/round_config.json
flora,Linear FLoRA,cola_stratified,CoLA stratified,roberta-base,RoBERTa-base,homo,Homo,20,150,nguyen repo,/homes/neumann/nguyen/fedlora/FederatedLLM/epoch_round_tuning_cola_client_count,0,20,20,75,76,0.5372712841497043,81.30393096836049,"0, 1, 2, 3, 4, 5, 6, 7, 8, 9, 10, 11, 12, 13, 14, 15, 16, 17, 18, 19",80,80,merged_linear_residual,,/homes/neumann/nguyen/fedlora/FederatedLLM/epoch_round_tuning_cola_client_count/tuning-flora-cola_stratified-roberta-base-homo-e20-r150/seed0/20/75/round_config.json
flora,Linear FLoRA,cola_stratified,CoLA stratified,roberta-base,RoBERTa-base,homo,Homo,20,150,nguyen repo,/homes/neumann/nguyen/fedlora/FederatedLLM/epoch_round_tuning_cola_client_count,0,20,20,76,77,0.5427045284376305,81.49568552253116,"0, 1, 2, 3, 4, 5, 6, 7, 8, 9, 10, 11, 12, 13, 14, 15, 16, 17, 18, 19",80,80,merged_linear_residual,,/homes/neumann/nguyen/fedlora/FederatedLLM/epoch_round_tuning_cola_client_count/tuning-flora-cola_stratified-roberta-base-homo-e20-r150/seed0/20/76/round_config.json
flora,Linear FLoRA,cola_stratified,CoLA stratified,roberta-base,RoBERTa-base,homo,Homo,20,150,nguyen repo,/homes/neumann/nguyen/fedlora/FederatedLLM/epoch_round_tuning_cola_client_count,0,20,20,77,78,0.5398855271993364,81.39980824544583,"0, 1, 2, 3, 4, 5, 6, 7, 8, 9, 10, 11, 12, 13, 14, 15, 16, 17, 18, 19",80,80,merged_linear_residual,,/homes/neumann/nguyen/fedlora/FederatedLLM/epoch_round_tuning_cola_client_count/tuning-flora-cola_stratified-roberta-base-homo-e20-r150/seed0/20/77/round_config.json
flora,Linear FLoRA,cola_stratified,CoLA stratified,roberta-base,RoBERTa-base,homo,Homo,20,150,nguyen repo,/homes/neumann/nguyen/fedlora/FederatedLLM/epoch_round_tuning_cola_client_count,0,20,20,78,79,0.5481377727255567,81.68744007670182,"0, 1, 2, 3, 4, 5, 6, 7, 8, 9, 10, 11, 12, 13, 14, 15, 16, 17, 18, 19",80,80,merged_linear_residual,,/homes/neumann/nguyen/fedlora/FederatedLLM/epoch_round_tuning_cola_client_count/tuning-flora-cola_stratified-roberta-base-homo-e20-r150/seed0/20/78/round_config.json
flora,Linear FLoRA,cola_stratified,CoLA stratified,roberta-base,RoBERTa-base,homo,Homo,20,150,nguyen repo,/homes/neumann/nguyen/fedlora/FederatedLLM/epoch_round_tuning_cola_client_count,0,20,20,79,80,0.5507290863491242,81.78331735378715,"0, 1, 2, 3, 4, 5, 6, 7, 8, 9, 10, 11, 12, 13, 14, 15, 16, 17, 18, 19",80,80,merged_linear_residual,,/homes/neumann/nguyen/fedlora/FederatedLLM/epoch_round_tuning_cola_client_count/tuning-flora-cola_stratified-roberta-base-homo-e20-r150/seed0/20/79/round_config.json
flora,Linear FLoRA,cola_stratified,CoLA stratified,roberta-base,RoBERTa-base,homo,Homo,20,150,nguyen repo,/homes/neumann/nguyen/fedlora/FederatedLLM/epoch_round_tuning_cola_client_count,0,20,20,80,81,0.5483963207275208,81.68744007670182,"0, 1, 2, 3, 4, 5, 6, 7, 8, 9, 10, 11, 12, 13, 14, 15, 16, 17, 18, 19",80,80,merged_linear_residual,,/homes/neumann/nguyen/fedlora/FederatedLLM/epoch_round_tuning_cola_client_count/tuning-flora-cola_stratified-roberta-base-homo-e20-r150/seed0/20/80/round_config.json
flora,Linear FLoRA,cola_stratified,CoLA stratified,roberta-base,RoBERTa-base,homo,Homo,20,150,nguyen repo,/homes/neumann/nguyen/fedlora/FederatedLLM/epoch_round_tuning_cola_client_count,0,20,20,81,82,0.5483963207275208,81.68744007670182,"0, 1, 2, 3, 4, 5, 6, 7, 8, 9, 10, 11, 12, 13, 14, 15, 16, 17, 18, 19",80,80,merged_linear_residual,,/homes/neumann/nguyen/fedlora/FederatedLLM/epoch_round_tuning_cola_client_count/tuning-flora-cola_stratified-roberta-base-homo-e20-r150/seed0/20/81/round_config.json
flora,Linear FLoRA,cola_stratified,CoLA stratified,roberta-base,RoBERTa-base,homo,Homo,20,150,nguyen repo,/homes/neumann/nguyen/fedlora/FederatedLLM/epoch_round_tuning_cola_client_count,0,20,20,82,83,0.5538528183427729,81.87919463087249,"0, 1, 2, 3, 4, 5, 6, 7, 8, 9, 10, 11, 12, 13, 14, 15, 16, 17, 18, 19",80,80,merged_linear_residual,,/homes/neumann/nguyen/fedlora/FederatedLLM/epoch_round_tuning_cola_client_count/tuning-flora-cola_stratified-roberta-base-homo-e20-r150/seed0/20/82/round_config.json
flora,Linear FLoRA,cola_stratified,CoLA stratified,roberta-base,RoBERTa-base,homo,Homo,20,150,nguyen repo,/homes/neumann/nguyen/fedlora/FederatedLLM/epoch_round_tuning_cola_client_count,0,20,20,83,84,0.5486812940978261,81.68744007670182,"0, 1, 2, 3, 4, 5, 6, 7, 8, 9, 10, 11, 12, 13, 14, 15, 16, 17, 18, 19",80,80,merged_linear_residual,,/homes/neumann/nguyen/fedlora/FederatedLLM/epoch_round_tuning_cola_client_count/tuning-flora-cola_stratified-roberta-base-homo-e20-r150/seed0/20/83/round_config.json
flora,Linear FLoRA,cola_stratified,CoLA stratified,roberta-base,RoBERTa-base,homo,Homo,20,150,nguyen repo,/homes/neumann/nguyen/fedlora/FederatedLLM/epoch_round_tuning_cola_client_count,0,20,20,84,85,0.5512696056141492,81.78331735378715,"0, 1, 2, 3, 4, 5, 6, 7, 8, 9, 10, 11, 12, 13, 14, 15, 16, 17, 18, 19",80,80,merged_linear_residual,,/homes/neumann/nguyen/fedlora/FederatedLLM/epoch_round_tuning_cola_client_count/tuning-flora-cola_stratified-roberta-base-homo-e20-r150/seed0/20/84/round_config.json
flora,Linear FLoRA,cola_stratified,CoLA stratified,roberta-base,RoBERTa-base,homo,Homo,20,150,nguyen repo,/homes/neumann/nguyen/fedlora/FederatedLLM/epoch_round_tuning_cola_client_count,0,20,20,85,86,0.5590042613014093,82.07094918504313,"0, 1, 2, 3, 4, 5, 6, 7, 8, 9, 10, 11, 12, 13, 14, 15, 16, 17, 18, 19",80,80,merged_linear_residual,,/homes/neumann/nguyen/fedlora/FederatedLLM/epoch_round_tuning_cola_client_count/tuning-flora-cola_stratified-roberta-base-homo-e20-r150/seed0/20/85/round_config.json
flora,Linear FLoRA,cola_stratified,CoLA stratified,roberta-base,RoBERTa-base,homo,Homo,20,150,nguyen repo,/homes/neumann/nguyen/fedlora/FederatedLLM/epoch_round_tuning_cola_client_count,0,20,20,86,87,0.5535710170134831,81.87919463087249,"0, 1, 2, 3, 4, 5, 6, 7, 8, 9, 10, 11, 12, 13, 14, 15, 16, 17, 18, 19",80,80,merged_linear_residual,,/homes/neumann/nguyen/fedlora/FederatedLLM/epoch_round_tuning_cola_client_count/tuning-flora-cola_stratified-roberta-base-homo-e20-r150/seed0/20/86/round_config.json
flora,Linear FLoRA,cola_stratified,CoLA stratified,roberta-base,RoBERTa-base,homo,Homo,20,150,nguyen repo,/homes/neumann/nguyen/fedlora/FederatedLLM/epoch_round_tuning_cola_client_count,0,20,20,87,88,0.5535710170134831,81.87919463087249,"0, 1, 2, 3, 4, 5, 6, 7, 8, 9, 10, 11, 12, 13, 14, 15, 16, 17, 18, 19",80,80,merged_linear_residual,,/homes/neumann/nguyen/fedlora/FederatedLLM/epoch_round_tuning_cola_client_count/tuning-flora-cola_stratified-roberta-base-homo-e20-r150/seed0/20/87/round_config.json
flora,Linear FLoRA,cola_stratified,CoLA stratified,roberta-base,RoBERTa-base,homo,Homo,20,150,nguyen repo,/homes/neumann/nguyen/fedlora/FederatedLLM/epoch_round_tuning_cola_client_count,0,20,20,88,89,0.5590042613014093,82.07094918504313,"0, 1, 2, 3, 4, 5, 6, 7, 8, 9, 10, 11, 12, 13, 14, 15, 16, 17, 18, 19",80,80,merged_linear_residual,,/homes/neumann/nguyen/fedlora/FederatedLLM/epoch_round_tuning_cola_client_count/tuning-flora-cola_stratified-roberta-base-homo-e20-r150/seed0/20/88/round_config.json
flora,Linear FLoRA,cola_stratified,CoLA stratified,roberta-base,RoBERTa-base,homo,Homo,20,150,nguyen repo,/homes/neumann/nguyen/fedlora/FederatedLLM/epoch_round_tuning_cola_client_count,0,20,20,89,90,0.558725817965338,82.07094918504313,"0, 1, 2, 3, 4, 5, 6, 7, 8, 9, 10, 11, 12, 13, 14, 15, 16, 17, 18, 19",80,80,merged_linear_residual,,/homes/neumann/nguyen/fedlora/FederatedLLM/epoch_round_tuning_cola_client_count/tuning-flora-cola_stratified-roberta-base-homo-e20-r150/seed0/20/89/round_config.json
flora,Linear FLoRA,cola_stratified,CoLA stratified,roberta-base,RoBERTa-base,homo,Homo,20,150,nguyen repo,/homes/neumann/nguyen/fedlora/FederatedLLM/epoch_round_tuning_cola_client_count,0,20,20,90,91,0.5612959486647031,82.16682646212847,"0, 1, 2, 3, 4, 5, 6, 7, 8, 9, 10, 11, 12, 13, 14, 15, 16, 17, 18, 19",80,80,merged_linear_residual,,/homes/neumann/nguyen/fedlora/FederatedLLM/epoch_round_tuning_cola_client_count/tuning-flora-cola_stratified-roberta-base-homo-e20-r150/seed0/20/90/round_config.json
flora,Linear FLoRA,cola_stratified,CoLA stratified,roberta-base,RoBERTa-base,homo,Homo,20,150,nguyen repo,/homes/neumann/nguyen/fedlora/FederatedLLM/epoch_round_tuning_cola_client_count,0,20,20,91,92,0.5612959486647031,82.16682646212847,"0, 1, 2, 3, 4, 5, 6, 7, 8, 9, 10, 11, 12, 13, 14, 15, 16, 17, 18, 19",80,80,merged_linear_residual,,/homes/neumann/nguyen/fedlora/FederatedLLM/epoch_round_tuning_cola_client_count/tuning-flora-cola_stratified-roberta-base-homo-e20-r150/seed0/20/91/round_config.json
flora,Linear FLoRA,cola_stratified,CoLA stratified,roberta-base,RoBERTa-base,homo,Homo,20,150,nguyen repo,/homes/neumann/nguyen/fedlora/FederatedLLM/epoch_round_tuning_cola_client_count,0,20,20,92,93,0.5561508659240181,81.97507190795783,"0, 1, 2, 3, 4, 5, 6, 7, 8, 9, 10, 11, 12, 13, 14, 15, 16, 17, 18, 19",80,80,merged_linear_residual,,/homes/neumann/nguyen/fedlora/FederatedLLM/epoch_round_tuning_cola_client_count/tuning-flora-cola_stratified-roberta-base-homo-e20-r150/seed0/20/92/round_config.json
flora,Linear FLoRA,cola_stratified,CoLA stratified,roberta-base,RoBERTa-base,homo,Homo,20,150,nguyen repo,/homes/neumann/nguyen/fedlora/FederatedLLM/epoch_round_tuning_cola_client_count,0,20,20,93,94,0.558725817965338,82.07094918504313,"0, 1, 2, 3, 4, 5, 6, 7, 8, 9, 10, 11, 12, 13, 14, 15, 16, 17, 18, 19",80,80,merged_linear_residual,,/homes/neumann/nguyen/fedlora/FederatedLLM/epoch_round_tuning_cola_client_count/tuning-flora-cola_stratified-roberta-base-homo-e20-r150/seed0/20/93/round_config.json
flora,Linear FLoRA,cola_stratified,CoLA stratified,roberta-base,RoBERTa-base,homo,Homo,20,150,nguyen repo,/homes/neumann/nguyen/fedlora/FederatedLLM/epoch_round_tuning_cola_client_count,0,20,20,94,95,0.5504976147265442,81.78331735378715,"0, 1, 2, 3, 4, 5, 6, 7, 8, 9, 10, 11, 12, 13, 14, 15, 16, 17, 18, 19",80,80,merged_linear_residual,,/homes/neumann/nguyen/fedlora/FederatedLLM/epoch_round_tuning_cola_client_count/tuning-flora-cola_stratified-roberta-base-homo-e20-r150/seed0/20/94/round_config.json
flora,Linear FLoRA,cola_stratified,CoLA stratified,roberta-base,RoBERTa-base,homo,Homo,20,150,nguyen repo,/homes/neumann/nguyen/fedlora/FederatedLLM/epoch_round_tuning_cola_client_count,0,20,20,95,96,0.5558967816956237,81.97507190795783,"0, 1, 2, 3, 4, 5, 6, 7, 8, 9, 10, 11, 12, 13, 14, 15, 16, 17, 18, 19",80,80,merged_linear_residual,,/homes/neumann/nguyen/fedlora/FederatedLLM/epoch_round_tuning_cola_client_count/tuning-flora-cola_stratified-roberta-base-homo-e20-r150/seed0/20/95/round_config.json
flora,Linear FLoRA,cola_stratified,CoLA stratified,roberta-base,RoBERTa-base,homo,Homo,20,150,nguyen repo,/homes/neumann/nguyen/fedlora/FederatedLLM/epoch_round_tuning_cola_client_count,0,20,20,96,97,0.5530852997835514,81.87919463087249,"0, 1, 2, 3, 4, 5, 6, 7, 8, 9, 10, 11, 12, 13, 14, 15, 16, 17, 18, 19",80,80,merged_linear_residual,,/homes/neumann/nguyen/fedlora/FederatedLLM/epoch_round_tuning_cola_client_count/tuning-flora-cola_stratified-roberta-base-homo-e20-r150/seed0/20/96/round_config.json
flora,Linear FLoRA,cola_stratified,CoLA stratified,roberta-base,RoBERTa-base,homo,Homo,20,150,nguyen repo,/homes/neumann/nguyen/fedlora/FederatedLLM/epoch_round_tuning_cola_client_count,0,20,20,97,98,0.5502911396062787,81.78331735378715,"0, 1, 2, 3, 4, 5, 6, 7, 8, 9, 10, 11, 12, 13, 14, 15, 16, 17, 18, 19",80,80,merged_linear_residual,,/homes/neumann/nguyen/fedlora/FederatedLLM/epoch_round_tuning_cola_client_count/tuning-flora-cola_stratified-roberta-base-homo-e20-r150/seed0/20/97/round_config.json
flora,Linear FLoRA,cola_stratified,CoLA stratified,roberta-base,RoBERTa-base,homo,Homo,20,150,nguyen repo,/homes/neumann/nguyen/fedlora/FederatedLLM/epoch_round_tuning_cola_client_count,0,20,20,98,99,0.5504976147265442,81.78331735378715,"0, 1, 2, 3, 4, 5, 6, 7, 8, 9, 10, 11, 12, 13, 14, 15, 16, 17, 18, 19",80,80,merged_linear_residual,,/homes/neumann/nguyen/fedlora/FederatedLLM/epoch_round_tuning_cola_client_count/tuning-flora-cola_stratified-roberta-base-homo-e20-r150/seed0/20/98/round_config.json
flora,Linear FLoRA,cola_stratified,CoLA stratified,roberta-base,RoBERTa-base,homo,Homo,20,150,nguyen repo,/homes/neumann/nguyen/fedlora/FederatedLLM/epoch_round_tuning_cola_client_count,0,20,20,99,100,0.5502911396062787,81.78331735378715,"0, 1, 2, 3, 4, 5, 6, 7, 8, 9, 10, 11, 12, 13, 14, 15, 16, 17, 18, 19",80,80,merged_linear_residual,,/homes/neumann/nguyen/fedlora/FederatedLLM/epoch_round_tuning_cola_client_count/tuning-flora-cola_stratified-roberta-base-homo-e20-r150/seed0/20/99/round_config.json
flora,Linear FLoRA,cola_stratified,CoLA stratified,roberta-base,RoBERTa-base,homo,Homo,20,150,nguyen repo,/homes/neumann/nguyen/fedlora/FederatedLLM/epoch_round_tuning_cola_client_count,0,20,20,100,101,0.5476972834600634,81.68744007670182,"0, 1, 2, 3, 4, 5, 6, 7, 8, 9, 10, 11, 12, 13, 14, 15, 16, 17, 18, 19",80,80,merged_linear_residual,,/homes/neumann/nguyen/fedlora/FederatedLLM/epoch_round_tuning_cola_client_count/tuning-flora-cola_stratified-roberta-base-homo-e20-r150/seed0/20/100/round_config.json
flora,Linear FLoRA,cola_stratified,CoLA stratified,roberta-base,RoBERTa-base,homo,Homo,20,150,nguyen repo,/homes/neumann/nguyen/fedlora/FederatedLLM/epoch_round_tuning_cola_client_count,0,20,20,101,102,0.5476972834600634,81.68744007670182,"0, 1, 2, 3, 4, 5, 6, 7, 8, 9, 10, 11, 12, 13, 14, 15, 16, 17, 18, 19",80,80,merged_linear_residual,,/homes/neumann/nguyen/fedlora/FederatedLLM/epoch_round_tuning_cola_client_count/tuning-flora-cola_stratified-roberta-base-homo-e20-r150/seed0/20/101/round_config.json
flora,Linear FLoRA,cola_stratified,CoLA stratified,roberta-base,RoBERTa-base,homo,Homo,20,150,nguyen repo,/homes/neumann/nguyen/fedlora/FederatedLLM/epoch_round_tuning_cola_client_count,0,20,20,102,103,0.5476972834600634,81.68744007670182,"0, 1, 2, 3, 4, 5, 6, 7, 8, 9, 10, 11, 12, 13, 14, 15, 16, 17, 18, 19",80,80,merged_linear_residual,,/homes/neumann/nguyen/fedlora/FederatedLLM/epoch_round_tuning_cola_client_count/tuning-flora-cola_stratified-roberta-base-homo-e20-r150/seed0/20/102/round_config.json
flora,Linear FLoRA,cola_stratified,CoLA stratified,roberta-base,RoBERTa-base,homo,Homo,20,150,nguyen repo,/homes/neumann/nguyen/fedlora/FederatedLLM/epoch_round_tuning_cola_client_count,0,20,20,103,104,0.5476972834600634,81.68744007670182,"0, 1, 2, 3, 4, 5, 6, 7, 8, 9, 10, 11, 12, 13, 14, 15, 16, 17, 18, 19",80,80,merged_linear_residual,,/homes/neumann/nguyen/fedlora/FederatedLLM/epoch_round_tuning_cola_client_count/tuning-flora-cola_stratified-roberta-base-homo-e20-r150/seed0/20/103/round_config.json
flora,Linear FLoRA,cola_stratified,CoLA stratified,roberta-base,RoBERTa-base,homo,Homo,20,150,nguyen repo,/homes/neumann/nguyen/fedlora/FederatedLLM/epoch_round_tuning_cola_client_count,0,20,20,104,105,0.5476972834600634,81.68744007670182,"0, 1, 2, 3, 4, 5, 6, 7, 8, 9, 10, 11, 12, 13, 14, 15, 16, 17, 18, 19",80,80,merged_linear_residual,,/homes/neumann/nguyen/fedlora/FederatedLLM/epoch_round_tuning_cola_client_count/tuning-flora-cola_stratified-roberta-base-homo-e20-r150/seed0/20/104/round_config.json
flora,Linear FLoRA,cola_stratified,CoLA stratified,roberta-base,RoBERTa-base,homo,Homo,20,150,nguyen repo,/homes/neumann/nguyen/fedlora/FederatedLLM/epoch_round_tuning_cola_client_count,0,20,20,105,106,0.5502911396062787,81.78331735378715,"0, 1, 2, 3, 4, 5, 6, 7, 8, 9, 10, 11, 12, 13, 14, 15, 16, 17, 18, 19",80,80,merged_linear_residual,,/homes/neumann/nguyen/fedlora/FederatedLLM/epoch_round_tuning_cola_client_count/tuning-flora-cola_stratified-roberta-base-homo-e20-r150/seed0/20/105/round_config.json
flora,Linear FLoRA,cola_stratified,CoLA stratified,roberta-base,RoBERTa-base,homo,Homo,20,150,nguyen repo,/homes/neumann/nguyen/fedlora/FederatedLLM/epoch_round_tuning_cola_client_count,0,20,20,106,107,0.5476972834600634,81.68744007670182,"0, 1, 2, 3, 4, 5, 6, 7, 8, 9, 10, 11, 12, 13, 14, 15, 16, 17, 18, 19",80,80,merged_linear_residual,,/homes/neumann/nguyen/fedlora/FederatedLLM/epoch_round_tuning_cola_client_count/tuning-flora-cola_stratified-roberta-base-homo-e20-r150/seed0/20/106/round_config.json
flora,Linear FLoRA,cola_stratified,CoLA stratified,roberta-base,RoBERTa-base,homo,Homo,20,150,nguyen repo,/homes/neumann/nguyen/fedlora/FederatedLLM/epoch_round_tuning_cola_client_count,0,20,20,107,108,0.5528800923802824,81.87919463087249,"0, 1, 2, 3, 4, 5, 6, 7, 8, 9, 10, 11, 12, 13, 14, 15, 16, 17, 18, 19",80,80,merged_linear_residual,,/homes/neumann/nguyen/fedlora/FederatedLLM/epoch_round_tuning_cola_client_count/tuning-flora-cola_stratified-roberta-base-homo-e20-r150/seed0/20/107/round_config.json
flora,Linear FLoRA,cola_stratified,CoLA stratified,roberta-base,RoBERTa-base,homo,Homo,20,150,nguyen repo,/homes/neumann/nguyen/fedlora/FederatedLLM/epoch_round_tuning_cola_client_count,0,20,20,108,109,0.5502911396062787,81.78331735378715,"0, 1, 2, 3, 4, 5, 6, 7, 8, 9, 10, 11, 12, 13, 14, 15, 16, 17, 18, 19",80,80,merged_linear_residual,,/homes/neumann/nguyen/fedlora/FederatedLLM/epoch_round_tuning_cola_client_count/tuning-flora-cola_stratified-roberta-base-homo-e20-r150/seed0/20/108/round_config.json
flora,Linear FLoRA,cola_stratified,CoLA stratified,roberta-base,RoBERTa-base,homo,Homo,20,150,nguyen repo,/homes/neumann/nguyen/fedlora/FederatedLLM/epoch_round_tuning_cola_client_count,0,20,20,109,110,0.5530852997835514,81.87919463087249,"0, 1, 2, 3, 4, 5, 6, 7, 8, 9, 10, 11, 12, 13, 14, 15, 16, 17, 18, 19",80,80,merged_linear_residual,,/homes/neumann/nguyen/fedlora/FederatedLLM/epoch_round_tuning_cola_client_count/tuning-flora-cola_stratified-roberta-base-homo-e20-r150/seed0/20/109/round_config.json
flora,Linear FLoRA,cola_stratified,CoLA stratified,roberta-base,RoBERTa-base,homo,Homo,20,150,nguyen repo,/homes/neumann/nguyen/fedlora/FederatedLLM/epoch_round_tuning_cola_client_count,0,20,20,110,111,0.5556681072632618,81.97507190795783,"0, 1, 2, 3, 4, 5, 6, 7, 8, 9, 10, 11, 12, 13, 14, 15, 16, 17, 18, 19",80,80,merged_linear_residual,,/homes/neumann/nguyen/fedlora/FederatedLLM/epoch_round_tuning_cola_client_count/tuning-flora-cola_stratified-roberta-base-homo-e20-r150/seed0/20/110/round_config.json
flora,Linear FLoRA,cola_stratified,CoLA stratified,roberta-base,RoBERTa-base,homo,Homo,20,150,nguyen repo,/homes/neumann/nguyen/fedlora/FederatedLLM/epoch_round_tuning_cola_client_count,0,20,20,111,112,0.5556681072632618,81.97507190795783,"0, 1, 2, 3, 4, 5, 6, 7, 8, 9, 10, 11, 12, 13, 14, 15, 16, 17, 18, 19",80,80,merged_linear_residual,,/homes/neumann/nguyen/fedlora/FederatedLLM/epoch_round_tuning_cola_client_count/tuning-flora-cola_stratified-roberta-base-homo-e20-r150/seed0/20/111/round_config.json
flora,Linear FLoRA,cola_stratified,CoLA stratified,roberta-base,RoBERTa-base,homo,Homo,20,150,nguyen repo,/homes/neumann/nguyen/fedlora/FederatedLLM/epoch_round_tuning_cola_client_count,0,20,20,112,113,0.5449141719492956,81.5915627996165,"0, 1, 2, 3, 4, 5, 6, 7, 8, 9, 10, 11, 12, 13, 14, 15, 16, 17, 18, 19",80,80,merged_linear_residual,,/homes/neumann/nguyen/fedlora/FederatedLLM/epoch_round_tuning_cola_client_count/tuning-flora-cola_stratified-roberta-base-homo-e20-r150/seed0/20/112/round_config.json
flora,Linear FLoRA,cola_stratified,CoLA stratified,roberta-base,RoBERTa-base,homo,Homo,20,150,nguyen repo,/homes/neumann/nguyen/fedlora/FederatedLLM/epoch_round_tuning_cola_client_count,0,20,20,113,114,0.5501090458146111,81.78331735378715,"0, 1, 2, 3, 4, 5, 6, 7, 8, 9, 10, 11, 12, 13, 14, 15, 16, 17, 18, 19",80,80,merged_linear_residual,,/homes/neumann/nguyen/fedlora/FederatedLLM/epoch_round_tuning_cola_client_count/tuning-flora-cola_stratified-roberta-base-homo-e20-r150/seed0/20/113/round_config.json
flora,Linear FLoRA,cola_stratified,CoLA stratified,roberta-base,RoBERTa-base,homo,Homo,20,150,nguyen repo,/homes/neumann/nguyen/fedlora/FederatedLLM/epoch_round_tuning_cola_client_count,0,20,20,114,115,0.5530852997835514,81.87919463087249,"0, 1, 2, 3, 4, 5, 6, 7, 8, 9, 10, 11, 12, 13, 14, 15, 16, 17, 18, 19",80,80,merged_linear_residual,,/homes/neumann/nguyen/fedlora/FederatedLLM/epoch_round_tuning_cola_client_count/tuning-flora-cola_stratified-roberta-base-homo-e20-r150/seed0/20/114/round_config.json
flora,Linear FLoRA,cola_stratified,CoLA stratified,roberta-base,RoBERTa-base,homo,Homo,20,150,nguyen repo,/homes/neumann/nguyen/fedlora/FederatedLLM/epoch_round_tuning_cola_client_count,0,20,20,115,116,0.5530852997835514,81.87919463087249,"0, 1, 2, 3, 4, 5, 6, 7, 8, 9, 10, 11, 12, 13, 14, 15, 16, 17, 18, 19",80,80,merged_linear_residual,,/homes/neumann/nguyen/fedlora/FederatedLLM/epoch_round_tuning_cola_client_count/tuning-flora-cola_stratified-roberta-base-homo-e20-r150/seed0/20/115/round_config.json
flora,Linear FLoRA,cola_stratified,CoLA stratified,roberta-base,RoBERTa-base,homo,Homo,20,150,nguyen repo,/homes/neumann/nguyen/fedlora/FederatedLLM/epoch_round_tuning_cola_client_count,0,20,20,116,117,0.5475140727239077,81.68744007670182,"0, 1, 2, 3, 4, 5, 6, 7, 8, 9, 10, 11, 12, 13, 14, 15, 16, 17, 18, 19",80,80,merged_linear_residual,,/homes/neumann/nguyen/fedlora/FederatedLLM/epoch_round_tuning_cola_client_count/tuning-flora-cola_stratified-roberta-base-homo-e20-r150/seed0/20/116/round_config.json
flora,Linear FLoRA,cola_stratified,CoLA stratified,roberta-base,RoBERTa-base,homo,Homo,20,150,nguyen repo,/homes/neumann/nguyen/fedlora/FederatedLLM/epoch_round_tuning_cola_client_count,0,20,20,117,118,0.5554642168473025,81.97507190795783,"0, 1, 2, 3, 4, 5, 6, 7, 8, 9, 10, 11, 12, 13, 14, 15, 16, 17, 18, 19",80,80,merged_linear_residual,,/homes/neumann/nguyen/fedlora/FederatedLLM/epoch_round_tuning_cola_client_count/tuning-flora-cola_stratified-roberta-base-homo-e20-r150/seed0/20/117/round_config.json
flora,Linear FLoRA,cola_stratified,CoLA stratified,roberta-base,RoBERTa-base,homo,Homo,20,150,nguyen repo,/homes/neumann/nguyen/fedlora/FederatedLLM/epoch_round_tuning_cola_client_count,0,20,20,118,119,0.5528800923802824,81.87919463087249,"0, 1, 2, 3, 4, 5, 6, 7, 8, 9, 10, 11, 12, 13, 14, 15, 16, 17, 18, 19",80,80,merged_linear_residual,,/homes/neumann/nguyen/fedlora/FederatedLLM/epoch_round_tuning_cola_client_count/tuning-flora-cola_stratified-roberta-base-homo-e20-r150/seed0/20/118/round_config.json
flora,Linear FLoRA,cola_stratified,CoLA stratified,roberta-base,RoBERTa-base,homo,Homo,20,150,nguyen repo,/homes/neumann/nguyen/fedlora/FederatedLLM/epoch_round_tuning_cola_client_count,0,20,20,119,120,0.5475140727239077,81.68744007670182,"0, 1, 2, 3, 4, 5, 6, 7, 8, 9, 10, 11, 12, 13, 14, 15, 16, 17, 18, 19",80,80,merged_linear_residual,,/homes/neumann/nguyen/fedlora/FederatedLLM/epoch_round_tuning_cola_client_count/tuning-flora-cola_stratified-roberta-base-homo-e20-r150/seed0/20/119/round_config.json
flora,Linear FLoRA,cola_stratified,CoLA stratified,roberta-base,RoBERTa-base,homo,Homo,20,150,nguyen repo,/homes/neumann/nguyen/fedlora/FederatedLLM/epoch_round_tuning_cola_client_count,0,20,20,120,121,0.5449141719492956,81.5915627996165,"0, 1, 2, 3, 4, 5, 6, 7, 8, 9, 10, 11, 12, 13, 14, 15, 16, 17, 18, 19",80,80,merged_linear_residual,,/homes/neumann/nguyen/fedlora/FederatedLLM/epoch_round_tuning_cola_client_count/tuning-flora-cola_stratified-roberta-base-homo-e20-r150/seed0/20/120/round_config.json
flora,Linear FLoRA,cola_stratified,CoLA stratified,roberta-base,RoBERTa-base,homo,Homo,20,150,nguyen repo,/homes/neumann/nguyen/fedlora/FederatedLLM/epoch_round_tuning_cola_client_count,0,20,20,121,122,0.5473547459369941,81.68744007670182,"0, 1, 2, 3, 4, 5, 6, 7, 8, 9, 10, 11, 12, 13, 14, 15, 16, 17, 18, 19",80,80,merged_linear_residual,,/homes/neumann/nguyen/fedlora/FederatedLLM/epoch_round_tuning_cola_client_count/tuning-flora-cola_stratified-roberta-base-homo-e20-r150/seed0/20/121/round_config.json
flora,Linear FLoRA,cola_stratified,CoLA stratified,roberta-base,RoBERTa-base,homo,Homo,20,150,nguyen repo,/homes/neumann/nguyen/fedlora/FederatedLLM/epoch_round_tuning_cola_client_count,0,20,20,122,123,0.5528800923802824,81.87919463087249,"0, 1, 2, 3, 4, 5, 6, 7, 8, 9, 10, 11, 12, 13, 14, 15, 16, 17, 18, 19",80,80,merged_linear_residual,,/homes/neumann/nguyen/fedlora/FederatedLLM/epoch_round_tuning_cola_client_count/tuning-flora-cola_stratified-roberta-base-homo-e20-r150/seed0/20/122/round_config.json
flora,Linear FLoRA,cola_stratified,CoLA stratified,roberta-base,RoBERTa-base,homo,Homo,20,150,nguyen repo,/homes/neumann/nguyen/fedlora/FederatedLLM/epoch_round_tuning_cola_client_count,0,20,20,123,124,0.5501090458146111,81.78331735378715,"0, 1, 2, 3, 4, 5, 6, 7, 8, 9, 10, 11, 12, 13, 14, 15, 16, 17, 18, 19",80,80,merged_linear_residual,,/homes/neumann/nguyen/fedlora/FederatedLLM/epoch_round_tuning_cola_client_count/tuning-flora-cola_stratified-roberta-base-homo-e20-r150/seed0/20/123/round_config.json
flora,Linear FLoRA,cola_stratified,CoLA stratified,roberta-base,RoBERTa-base,homo,Homo,20,150,nguyen repo,/homes/neumann/nguyen/fedlora/FederatedLLM/epoch_round_tuning_cola_client_count,0,20,20,124,125,0.5473547459369941,81.68744007670182,"0, 1, 2, 3, 4, 5, 6, 7, 8, 9, 10, 11, 12, 13, 14, 15, 16, 17, 18, 19",80,80,merged_linear_residual,,/homes/neumann/nguyen/fedlora/FederatedLLM/epoch_round_tuning_cola_client_count/tuning-flora-cola_stratified-roberta-base-homo-e20-r150/seed0/20/124/round_config.json
flora,Linear FLoRA,cola_stratified,CoLA stratified,roberta-base,RoBERTa-base,homo,Homo,20,150,nguyen repo,/homes/neumann/nguyen/fedlora/FederatedLLM/epoch_round_tuning_cola_client_count,0,20,20,125,126,0.5473547459369941,81.68744007670182,"0, 1, 2, 3, 4, 5, 6, 7, 8, 9, 10, 11, 12, 13, 14, 15, 16, 17, 18, 19",80,80,merged_linear_residual,,/homes/neumann/nguyen/fedlora/FederatedLLM/epoch_round_tuning_cola_client_count/tuning-flora-cola_stratified-roberta-base-homo-e20-r150/seed0/20/125/round_config.json
flora,Linear FLoRA,cola_stratified,CoLA stratified,roberta-base,RoBERTa-base,homo,Homo,20,150,nguyen repo,/homes/neumann/nguyen/fedlora/FederatedLLM/epoch_round_tuning_cola_client_count,0,20,20,126,127,0.5526991664576107,81.87919463087249,"0, 1, 2, 3, 4, 5, 6, 7, 8, 9, 10, 11, 12, 13, 14, 15, 16, 17, 18, 19",80,80,merged_linear_residual,,/homes/neumann/nguyen/fedlora/FederatedLLM/epoch_round_tuning_cola_client_count/tuning-flora-cola_stratified-roberta-base-homo-e20-r150/seed0/20/126/round_config.json
flora,Linear FLoRA,cola_stratified,CoLA stratified,roberta-base,RoBERTa-base,homo,Homo,20,150,nguyen repo,/homes/neumann/nguyen/fedlora/FederatedLLM/epoch_round_tuning_cola_client_count,0,20,20,127,128,0.5524078413415989,81.87919463087249,"0, 1, 2, 3, 4, 5, 6, 7, 8, 9, 10, 11, 12, 13, 14, 15, 16, 17, 18, 19",80,80,merged_linear_residual,,/homes/neumann/nguyen/fedlora/FederatedLLM/epoch_round_tuning_cola_client_count/tuning-flora-cola_stratified-roberta-base-homo-e20-r150/seed0/20/127/round_config.json
flora,Linear FLoRA,cola_stratified,CoLA stratified,roberta-base,RoBERTa-base,homo,Homo,20,150,nguyen repo,/homes/neumann/nguyen/fedlora/FederatedLLM/epoch_round_tuning_cola_client_count,0,20,20,128,129,0.5552845087956161,81.97507190795783,"0, 1, 2, 3, 4, 5, 6, 7, 8, 9, 10, 11, 12, 13, 14, 15, 16, 17, 18, 19",80,80,merged_linear_residual,,/homes/neumann/nguyen/fedlora/FederatedLLM/epoch_round_tuning_cola_client_count/tuning-flora-cola_stratified-roberta-base-homo-e20-r150/seed0/20/128/round_config.json
flora,Linear FLoRA,cola_stratified,CoLA stratified,roberta-base,RoBERTa-base,homo,Homo,20,150,nguyen repo,/homes/neumann/nguyen/fedlora/FederatedLLM/epoch_round_tuning_cola_client_count,0,20,20,129,130,0.5526991664576107,81.87919463087249,"0, 1, 2, 3, 4, 5, 6, 7, 8, 9, 10, 11, 12, 13, 14, 15, 16, 17, 18, 19",80,80,merged_linear_residual,,/homes/neumann/nguyen/fedlora/FederatedLLM/epoch_round_tuning_cola_client_count/tuning-flora-cola_stratified-roberta-base-homo-e20-r150/seed0/20/129/round_config.json
flora,Linear FLoRA,cola_stratified,CoLA stratified,roberta-base,RoBERTa-base,homo,Homo,20,150,nguyen repo,/homes/neumann/nguyen/fedlora/FederatedLLM/epoch_round_tuning_cola_client_count,0,20,20,130,131,0.5473547459369941,81.68744007670182,"0, 1, 2, 3, 4, 5, 6, 7, 8, 9, 10, 11, 12, 13, 14, 15, 16, 17, 18, 19",80,80,merged_linear_residual,,/homes/neumann/nguyen/fedlora/FederatedLLM/epoch_round_tuning_cola_client_count/tuning-flora-cola_stratified-roberta-base-homo-e20-r150/seed0/20/130/round_config.json
flora,Linear FLoRA,cola_stratified,CoLA stratified,roberta-base,RoBERTa-base,homo,Homo,20,150,nguyen repo,/homes/neumann/nguyen/fedlora/FederatedLLM/epoch_round_tuning_cola_client_count,0,20,20,131,132,0.5526991664576107,81.87919463087249,"0, 1, 2, 3, 4, 5, 6, 7, 8, 9, 10, 11, 12, 13, 14, 15, 16, 17, 18, 19",80,80,merged_linear_residual,,/homes/neumann/nguyen/fedlora/FederatedLLM/epoch_round_tuning_cola_client_count/tuning-flora-cola_stratified-roberta-base-homo-e20-r150/seed0/20/131/round_config.json
flora,Linear FLoRA,cola_stratified,CoLA stratified,roberta-base,RoBERTa-base,homo,Homo,20,150,nguyen repo,/homes/neumann/nguyen/fedlora/FederatedLLM/epoch_round_tuning_cola_client_count,0,20,20,132,133,0.5552845087956161,81.97507190795783,"0, 1, 2, 3, 4, 5, 6, 7, 8, 9, 10, 11, 12, 13, 14, 15, 16, 17, 18, 19",80,80,merged_linear_residual,,/homes/neumann/nguyen/fedlora/FederatedLLM/epoch_round_tuning_cola_client_count/tuning-flora-cola_stratified-roberta-base-homo-e20-r150/seed0/20/132/round_config.json
flora,Linear FLoRA,cola_stratified,CoLA stratified,roberta-base,RoBERTa-base,homo,Homo,20,150,nguyen repo,/homes/neumann/nguyen/fedlora/FederatedLLM/epoch_round_tuning_cola_client_count,0,20,20,133,134,0.557865145901686,82.07094918504313,"0, 1, 2, 3, 4, 5, 6, 7, 8, 9, 10, 11, 12, 13, 14, 15, 16, 17, 18, 19",80,80,merged_linear_residual,,/homes/neumann/nguyen/fedlora/FederatedLLM/epoch_round_tuning_cola_client_count/tuning-flora-cola_stratified-roberta-base-homo-e20-r150/seed0/20/133/round_config.json
flora,Linear FLoRA,cola_stratified,CoLA stratified,roberta-base,RoBERTa-base,homo,Homo,20,150,nguyen repo,/homes/neumann/nguyen/fedlora/FederatedLLM/epoch_round_tuning_cola_client_count,0,20,20,134,135,0.5526991664576107,81.87919463087249,"0, 1, 2, 3, 4, 5, 6, 7, 8, 9, 10, 11, 12, 13, 14, 15, 16, 17, 18, 19",80,80,merged_linear_residual,,/homes/neumann/nguyen/fedlora/FederatedLLM/epoch_round_tuning_cola_client_count/tuning-flora-cola_stratified-roberta-base-homo-e20-r150/seed0/20/134/round_config.json
flora,Linear FLoRA,cola_stratified,CoLA stratified,roberta-base,RoBERTa-base,homo,Homo,20,150,nguyen repo,/homes/neumann/nguyen/fedlora/FederatedLLM/epoch_round_tuning_cola_client_count,0,20,20,135,136,0.5604411498024476,82.16682646212847,"0, 1, 2, 3, 4, 5, 6, 7, 8, 9, 10, 11, 12, 13, 14, 15, 16, 17, 18, 19",80,80,merged_linear_residual,,/homes/neumann/nguyen/fedlora/FederatedLLM/epoch_round_tuning_cola_client_count/tuning-flora-cola_stratified-roberta-base-homo-e20-r150/seed0/20/135/round_config.json
flora,Linear FLoRA,cola_stratified,CoLA stratified,roberta-base,RoBERTa-base,homo,Homo,20,150,nguyen repo,/homes/neumann/nguyen/fedlora/FederatedLLM/epoch_round_tuning_cola_client_count,0,20,20,136,137,0.5472187281316763,81.68744007670182,"0, 1, 2, 3, 4, 5, 6, 7, 8, 9, 10, 11, 12, 13, 14, 15, 16, 17, 18, 19",80,80,merged_linear_residual,,/homes/neumann/nguyen/fedlora/FederatedLLM/epoch_round_tuning_cola_client_count/tuning-flora-cola_stratified-roberta-base-homo-e20-r150/seed0/20/136/round_config.json
flora,Linear FLoRA,cola_stratified,CoLA stratified,roberta-base,RoBERTa-base,homo,Homo,20,150,nguyen repo,/homes/neumann/nguyen/fedlora/FederatedLLM/epoch_round_tuning_cola_client_count,0,20,20,137,138,0.557865145901686,82.07094918504313,"0, 1, 2, 3, 4, 5, 6, 7, 8, 9, 10, 11, 12, 13, 14, 15, 16, 17, 18, 19",80,80,merged_linear_residual,,/homes/neumann/nguyen/fedlora/FederatedLLM/epoch_round_tuning_cola_client_count/tuning-flora-cola_stratified-roberta-base-homo-e20-r150/seed0/20/137/round_config.json
flora,Linear FLoRA,cola_stratified,CoLA stratified,roberta-base,RoBERTa-base,homo,Homo,20,150,nguyen repo,/homes/neumann/nguyen/fedlora/FederatedLLM/epoch_round_tuning_cola_client_count,0,20,20,138,139,0.5552845087956161,81.97507190795783,"0, 1, 2, 3, 4, 5, 6, 7, 8, 9, 10, 11, 12, 13, 14, 15, 16, 17, 18, 19",80,80,merged_linear_residual,,/homes/neumann/nguyen/fedlora/FederatedLLM/epoch_round_tuning_cola_client_count/tuning-flora-cola_stratified-roberta-base-homo-e20-r150/seed0/20/138/round_config.json
flora,Linear FLoRA,cola_stratified,CoLA stratified,roberta-base,RoBERTa-base,homo,Homo,20,150,nguyen repo,/homes/neumann/nguyen/fedlora/FederatedLLM/epoch_round_tuning_cola_client_count,0,20,20,139,140,0.557865145901686,82.07094918504313,"0, 1, 2, 3, 4, 5, 6, 7, 8, 9, 10, 11, 12, 13, 14, 15, 16, 17, 18, 19",80,80,merged_linear_residual,,/homes/neumann/nguyen/fedlora/FederatedLLM/epoch_round_tuning_cola_client_count/tuning-flora-cola_stratified-roberta-base-homo-e20-r150/seed0/20/139/round_config.json
