Method key,Method,Dataset,Dataset label,Model key,Model,Setting key,Setting,Local epochs,Config rounds,Seed,Client count,Client count label,Round id,Communication round,Accuracy,Selected clients,Round stacked rank,Cumulative or global rank,Rank semantics,Local metrics path,Config path
ffa,Nonlinear FFA,mrpc_stratified,MRPC stratified,roberta-base,RoBERTa-base,homo,Homo,20,150,0,3,3,0,1,75.49019607843137,"0, 1, 2",4,4,ffa_global_B,,epoch_round_tuning_mrpc_client_count/tuning-ffa-mrpc_stratified-roberta-base-homo-e20-r150/seed0/3/0/round_config.json
ffa,Nonlinear FFA,mrpc_stratified,MRPC stratified,roberta-base,RoBERTa-base,homo,Homo,20,150,0,3,3,1,2,79.65686274509804,"0, 1, 2",4,4,ffa_global_B,,epoch_round_tuning_mrpc_client_count/tuning-ffa-mrpc_stratified-roberta-base-homo-e20-r150/seed0/3/1/round_config.json
ffa,Nonlinear FFA,mrpc_stratified,MRPC stratified,roberta-base,RoBERTa-base,homo,Homo,20,150,0,3,3,2,3,80.3921568627451,"0, 1, 2",4,4,ffa_global_B,,epoch_round_tuning_mrpc_client_count/tuning-ffa-mrpc_stratified-roberta-base-homo-e20-r150/seed0/3/2/round_config.json
ffa,Nonlinear FFA,mrpc_stratified,MRPC stratified,roberta-base,RoBERTa-base,homo,Homo,20,150,0,3,3,3,4,81.61764705882352,"0, 1, 2",4,4,ffa_global_B,,epoch_round_tuning_mrpc_client_count/tuning-ffa-mrpc_stratified-roberta-base-homo-e20-r150/seed0/3/3/round_config.json
ffa,Nonlinear FFA,mrpc_stratified,MRPC stratified,roberta-base,RoBERTa-base,homo,Homo,20,150,0,3,3,4,5,82.59803921568627,"0, 1, 2",4,4,ffa_global_B,,epoch_round_tuning_mrpc_client_count/tuning-ffa-mrpc_stratified-roberta-base-homo-e20-r150/seed0/3/4/round_config.json
ffa,Nonlinear FFA,mrpc_stratified,MRPC stratified,roberta-base,RoBERTa-base,homo,Homo,20,150,0,3,3,5,6,82.84313725490196,"0, 1, 2",4,4,ffa_global_B,,epoch_round_tuning_mrpc_client_count/tuning-ffa-mrpc_stratified-roberta-base-homo-e20-r150/seed0/3/5/round_config.json
ffa,Nonlinear FFA,mrpc_stratified,MRPC stratified,roberta-base,RoBERTa-base,homo,Homo,20,150,0,3,3,6,7,82.59803921568627,"0, 1, 2",4,4,ffa_global_B,,epoch_round_tuning_mrpc_client_count/tuning-ffa-mrpc_stratified-roberta-base-homo-e20-r150/seed0/3/6/round_config.json
ffa,Nonlinear FFA,mrpc_stratified,MRPC stratified,roberta-base,RoBERTa-base,homo,Homo,20,150,0,3,3,7,8,82.84313725490196,"0, 1, 2",4,4,ffa_global_B,,epoch_round_tuning_mrpc_client_count/tuning-ffa-mrpc_stratified-roberta-base-homo-e20-r150/seed0/3/7/round_config.json
ffa,Nonlinear FFA,mrpc_stratified,MRPC stratified,roberta-base,RoBERTa-base,homo,Homo,20,150,0,3,3,8,9,82.84313725490196,"0, 1, 2",4,4,ffa_global_B,,epoch_round_tuning_mrpc_client_count/tuning-ffa-mrpc_stratified-roberta-base-homo-e20-r150/seed0/3/8/round_config.json
ffa,Nonlinear FFA,mrpc_stratified,MRPC stratified,roberta-base,RoBERTa-base,homo,Homo,20,150,0,3,3,9,10,83.82352941176471,"0, 1, 2",4,4,ffa_global_B,,epoch_round_tuning_mrpc_client_count/tuning-ffa-mrpc_stratified-roberta-base-homo-e20-r150/seed0/3/9/round_config.json
ffa,Nonlinear FFA,mrpc_stratified,MRPC stratified,roberta-base,RoBERTa-base,homo,Homo,20,150,0,3,3,10,11,83.82352941176471,"0, 1, 2",4,4,ffa_global_B,,epoch_round_tuning_mrpc_client_count/tuning-ffa-mrpc_stratified-roberta-base-homo-e20-r150/seed0/3/10/round_config.json
ffa,Nonlinear FFA,mrpc_stratified,MRPC stratified,roberta-base,RoBERTa-base,homo,Homo,20,150,0,3,3,11,12,83.82352941176471,"0, 1, 2",4,4,ffa_global_B,,epoch_round_tuning_mrpc_client_count/tuning-ffa-mrpc_stratified-roberta-base-homo-e20-r150/seed0/3/11/round_config.json
ffa,Nonlinear FFA,mrpc_stratified,MRPC stratified,roberta-base,RoBERTa-base,homo,Homo,20,150,0,3,3,12,13,84.80392156862744,"0, 1, 2",4,4,ffa_global_B,,epoch_round_tuning_mrpc_client_count/tuning-ffa-mrpc_stratified-roberta-base-homo-e20-r150/seed0/3/12/round_config.json
ffa,Nonlinear FFA,mrpc_stratified,MRPC stratified,roberta-base,RoBERTa-base,homo,Homo,20,150,0,3,3,13,14,85.5392156862745,"0, 1, 2",4,4,ffa_global_B,,epoch_round_tuning_mrpc_client_count/tuning-ffa-mrpc_stratified-roberta-base-homo-e20-r150/seed0/3/13/round_config.json
ffa,Nonlinear FFA,mrpc_stratified,MRPC stratified,roberta-base,RoBERTa-base,homo,Homo,20,150,0,3,3,14,15,86.27450980392157,"0, 1, 2",4,4,ffa_global_B,,epoch_round_tuning_mrpc_client_count/tuning-ffa-mrpc_stratified-roberta-base-homo-e20-r150/seed0/3/14/round_config.json
ffa,Nonlinear FFA,mrpc_stratified,MRPC stratified,roberta-base,RoBERTa-base,homo,Homo,20,150,0,3,3,15,16,85.5392156862745,"0, 1, 2",4,4,ffa_global_B,,epoch_round_tuning_mrpc_client_count/tuning-ffa-mrpc_stratified-roberta-base-homo-e20-r150/seed0/3/15/round_config.json
ffa,Nonlinear FFA,mrpc_stratified,MRPC stratified,roberta-base,RoBERTa-base,homo,Homo,20,150,0,3,3,16,17,85.5392156862745,"0, 1, 2",4,4,ffa_global_B,,epoch_round_tuning_mrpc_client_count/tuning-ffa-mrpc_stratified-roberta-base-homo-e20-r150/seed0/3/16/round_config.json
ffa,Nonlinear FFA,mrpc_stratified,MRPC stratified,roberta-base,RoBERTa-base,homo,Homo,20,150,0,3,3,17,18,85.29411764705883,"0, 1, 2",4,4,ffa_global_B,,epoch_round_tuning_mrpc_client_count/tuning-ffa-mrpc_stratified-roberta-base-homo-e20-r150/seed0/3/17/round_config.json
ffa,Nonlinear FFA,mrpc_stratified,MRPC stratified,roberta-base,RoBERTa-base,homo,Homo,20,150,0,3,3,18,19,85.7843137254902,"0, 1, 2",4,4,ffa_global_B,,epoch_round_tuning_mrpc_client_count/tuning-ffa-mrpc_stratified-roberta-base-homo-e20-r150/seed0/3/18/round_config.json
ffa,Nonlinear FFA,mrpc_stratified,MRPC stratified,roberta-base,RoBERTa-base,homo,Homo,20,150,0,3,3,19,20,85.29411764705883,"0, 1, 2",4,4,ffa_global_B,,epoch_round_tuning_mrpc_client_count/tuning-ffa-mrpc_stratified-roberta-base-homo-e20-r150/seed0/3/19/round_config.json
ffa,Nonlinear FFA,mrpc_stratified,MRPC stratified,roberta-base,RoBERTa-base,homo,Homo,20,150,0,3,3,20,21,84.80392156862744,"0, 1, 2",4,4,ffa_global_B,,epoch_round_tuning_mrpc_client_count/tuning-ffa-mrpc_stratified-roberta-base-homo-e20-r150/seed0/3/20/round_config.json
ffa,Nonlinear FFA,mrpc_stratified,MRPC stratified,roberta-base,RoBERTa-base,homo,Homo,20,150,0,3,3,21,22,83.33333333333334,"0, 1, 2",4,4,ffa_global_B,,epoch_round_tuning_mrpc_client_count/tuning-ffa-mrpc_stratified-roberta-base-homo-e20-r150/seed0/3/21/round_config.json
ffa,Nonlinear FFA,mrpc_stratified,MRPC stratified,roberta-base,RoBERTa-base,homo,Homo,20,150,0,3,3,22,23,83.57843137254902,"0, 1, 2",4,4,ffa_global_B,,epoch_round_tuning_mrpc_client_count/tuning-ffa-mrpc_stratified-roberta-base-homo-e20-r150/seed0/3/22/round_config.json
ffa,Nonlinear FFA,mrpc_stratified,MRPC stratified,roberta-base,RoBERTa-base,homo,Homo,20,150,0,3,3,23,24,84.06862745098039,"0, 1, 2",4,4,ffa_global_B,,epoch_round_tuning_mrpc_client_count/tuning-ffa-mrpc_stratified-roberta-base-homo-e20-r150/seed0/3/23/round_config.json
ffa,Nonlinear FFA,mrpc_stratified,MRPC stratified,roberta-base,RoBERTa-base,homo,Homo,20,150,0,3,3,24,25,84.31372549019608,"0, 1, 2",4,4,ffa_global_B,,epoch_round_tuning_mrpc_client_count/tuning-ffa-mrpc_stratified-roberta-base-homo-e20-r150/seed0/3/24/round_config.json
ffa,Nonlinear FFA,mrpc_stratified,MRPC stratified,roberta-base,RoBERTa-base,homo,Homo,20,150,0,3,3,25,26,84.06862745098039,"0, 1, 2",4,4,ffa_global_B,,epoch_round_tuning_mrpc_client_count/tuning-ffa-mrpc_stratified-roberta-base-homo-e20-r150/seed0/3/25/round_config.json
ffa,Nonlinear FFA,mrpc_stratified,MRPC stratified,roberta-base,RoBERTa-base,homo,Homo,20,150,0,3,3,26,27,83.82352941176471,"0, 1, 2",4,4,ffa_global_B,,epoch_round_tuning_mrpc_client_count/tuning-ffa-mrpc_stratified-roberta-base-homo-e20-r150/seed0/3/26/round_config.json
ffa,Nonlinear FFA,mrpc_stratified,MRPC stratified,roberta-base,RoBERTa-base,homo,Homo,20,150,0,3,3,27,28,84.31372549019608,"0, 1, 2",4,4,ffa_global_B,,epoch_round_tuning_mrpc_client_count/tuning-ffa-mrpc_stratified-roberta-base-homo-e20-r150/seed0/3/27/round_config.json
ffa,Nonlinear FFA,mrpc_stratified,MRPC stratified,roberta-base,RoBERTa-base,homo,Homo,20,150,0,3,3,28,29,83.82352941176471,"0, 1, 2",4,4,ffa_global_B,,epoch_round_tuning_mrpc_client_count/tuning-ffa-mrpc_stratified-roberta-base-homo-e20-r150/seed0/3/28/round_config.json
ffa,Nonlinear FFA,mrpc_stratified,MRPC stratified,roberta-base,RoBERTa-base,homo,Homo,20,150,0,3,3,29,30,84.31372549019608,"0, 1, 2",4,4,ffa_global_B,,epoch_round_tuning_mrpc_client_count/tuning-ffa-mrpc_stratified-roberta-base-homo-e20-r150/seed0/3/29/round_config.json
ffa,Nonlinear FFA,mrpc_stratified,MRPC stratified,roberta-base,RoBERTa-base,homo,Homo,20,150,0,3,3,30,31,84.31372549019608,"0, 1, 2",4,4,ffa_global_B,,epoch_round_tuning_mrpc_client_count/tuning-ffa-mrpc_stratified-roberta-base-homo-e20-r150/seed0/3/30/round_config.json
ffa,Nonlinear FFA,mrpc_stratified,MRPC stratified,roberta-base,RoBERTa-base,homo,Homo,20,150,0,3,3,31,32,84.80392156862744,"0, 1, 2",4,4,ffa_global_B,,epoch_round_tuning_mrpc_client_count/tuning-ffa-mrpc_stratified-roberta-base-homo-e20-r150/seed0/3/31/round_config.json
ffa,Nonlinear FFA,mrpc_stratified,MRPC stratified,roberta-base,RoBERTa-base,homo,Homo,20,150,0,3,3,32,33,83.82352941176471,"0, 1, 2",4,4,ffa_global_B,,epoch_round_tuning_mrpc_client_count/tuning-ffa-mrpc_stratified-roberta-base-homo-e20-r150/seed0/3/32/round_config.json
ffa,Nonlinear FFA,mrpc_stratified,MRPC stratified,roberta-base,RoBERTa-base,homo,Homo,20,150,0,3,3,33,34,84.55882352941177,"0, 1, 2",4,4,ffa_global_B,,epoch_round_tuning_mrpc_client_count/tuning-ffa-mrpc_stratified-roberta-base-homo-e20-r150/seed0/3/33/round_config.json
ffa,Nonlinear FFA,mrpc_stratified,MRPC stratified,roberta-base,RoBERTa-base,homo,Homo,20,150,0,3,3,34,35,84.06862745098039,"0, 1, 2",4,4,ffa_global_B,,epoch_round_tuning_mrpc_client_count/tuning-ffa-mrpc_stratified-roberta-base-homo-e20-r150/seed0/3/34/round_config.json
ffa,Nonlinear FFA,mrpc_stratified,MRPC stratified,roberta-base,RoBERTa-base,homo,Homo,20,150,0,3,3,35,36,84.31372549019608,"0, 1, 2",4,4,ffa_global_B,,epoch_round_tuning_mrpc_client_count/tuning-ffa-mrpc_stratified-roberta-base-homo-e20-r150/seed0/3/35/round_config.json
ffa,Nonlinear FFA,mrpc_stratified,MRPC stratified,roberta-base,RoBERTa-base,homo,Homo,20,150,0,3,3,36,37,84.31372549019608,"0, 1, 2",4,4,ffa_global_B,,epoch_round_tuning_mrpc_client_count/tuning-ffa-mrpc_stratified-roberta-base-homo-e20-r150/seed0/3/36/round_config.json
ffa,Nonlinear FFA,mrpc_stratified,MRPC stratified,roberta-base,RoBERTa-base,homo,Homo,20,150,0,3,3,37,38,84.06862745098039,"0, 1, 2",4,4,ffa_global_B,,epoch_round_tuning_mrpc_client_count/tuning-ffa-mrpc_stratified-roberta-base-homo-e20-r150/seed0/3/37/round_config.json
ffa,Nonlinear FFA,mrpc_stratified,MRPC stratified,roberta-base,RoBERTa-base,homo,Homo,20,150,0,3,3,38,39,83.57843137254902,"0, 1, 2",4,4,ffa_global_B,,epoch_round_tuning_mrpc_client_count/tuning-ffa-mrpc_stratified-roberta-base-homo-e20-r150/seed0/3/38/round_config.json
ffa,Nonlinear FFA,mrpc_stratified,MRPC stratified,roberta-base,RoBERTa-base,homo,Homo,20,150,0,3,3,39,40,84.06862745098039,"0, 1, 2",4,4,ffa_global_B,,epoch_round_tuning_mrpc_client_count/tuning-ffa-mrpc_stratified-roberta-base-homo-e20-r150/seed0/3/39/round_config.json
ffa,Nonlinear FFA,mrpc_stratified,MRPC stratified,roberta-base,RoBERTa-base,homo,Homo,20,150,0,3,3,40,41,83.33333333333334,"0, 1, 2",4,4,ffa_global_B,,epoch_round_tuning_mrpc_client_count/tuning-ffa-mrpc_stratified-roberta-base-homo-e20-r150/seed0/3/40/round_config.json
ffa,Nonlinear FFA,mrpc_stratified,MRPC stratified,roberta-base,RoBERTa-base,homo,Homo,20,150,0,3,3,41,42,83.82352941176471,"0, 1, 2",4,4,ffa_global_B,,epoch_round_tuning_mrpc_client_count/tuning-ffa-mrpc_stratified-roberta-base-homo-e20-r150/seed0/3/41/round_config.json
ffa,Nonlinear FFA,mrpc_stratified,MRPC stratified,roberta-base,RoBERTa-base,homo,Homo,20,150,0,3,3,42,43,84.31372549019608,"0, 1, 2",4,4,ffa_global_B,,epoch_round_tuning_mrpc_client_count/tuning-ffa-mrpc_stratified-roberta-base-homo-e20-r150/seed0/3/42/round_config.json
ffa,Nonlinear FFA,mrpc_stratified,MRPC stratified,roberta-base,RoBERTa-base,homo,Homo,20,150,0,3,3,43,44,83.82352941176471,"0, 1, 2",4,4,ffa_global_B,,epoch_round_tuning_mrpc_client_count/tuning-ffa-mrpc_stratified-roberta-base-homo-e20-r150/seed0/3/43/round_config.json
ffa,Nonlinear FFA,mrpc_stratified,MRPC stratified,roberta-base,RoBERTa-base,homo,Homo,20,150,0,3,3,44,45,83.82352941176471,"0, 1, 2",4,4,ffa_global_B,,epoch_round_tuning_mrpc_client_count/tuning-ffa-mrpc_stratified-roberta-base-homo-e20-r150/seed0/3/44/round_config.json
ffa,Nonlinear FFA,mrpc_stratified,MRPC stratified,roberta-base,RoBERTa-base,homo,Homo,20,150,0,3,3,45,46,84.31372549019608,"0, 1, 2",4,4,ffa_global_B,,epoch_round_tuning_mrpc_client_count/tuning-ffa-mrpc_stratified-roberta-base-homo-e20-r150/seed0/3/45/round_config.json
ffa,Nonlinear FFA,mrpc_stratified,MRPC stratified,roberta-base,RoBERTa-base,homo,Homo,20,150,0,3,3,46,47,84.06862745098039,"0, 1, 2",4,4,ffa_global_B,,epoch_round_tuning_mrpc_client_count/tuning-ffa-mrpc_stratified-roberta-base-homo-e20-r150/seed0/3/46/round_config.json
ffa,Nonlinear FFA,mrpc_stratified,MRPC stratified,roberta-base,RoBERTa-base,homo,Homo,20,150,0,3,3,47,48,84.80392156862744,"0, 1, 2",4,4,ffa_global_B,,epoch_round_tuning_mrpc_client_count/tuning-ffa-mrpc_stratified-roberta-base-homo-e20-r150/seed0/3/47/round_config.json
ffa,Nonlinear FFA,mrpc_stratified,MRPC stratified,roberta-base,RoBERTa-base,homo,Homo,20,150,0,3,3,48,49,84.80392156862744,"0, 1, 2",4,4,ffa_global_B,,epoch_round_tuning_mrpc_client_count/tuning-ffa-mrpc_stratified-roberta-base-homo-e20-r150/seed0/3/48/round_config.json
ffa,Nonlinear FFA,mrpc_stratified,MRPC stratified,roberta-base,RoBERTa-base,homo,Homo,20,150,0,3,3,49,50,84.06862745098039,"0, 1, 2",4,4,ffa_global_B,,epoch_round_tuning_mrpc_client_count/tuning-ffa-mrpc_stratified-roberta-base-homo-e20-r150/seed0/3/49/round_config.json
ffa,Nonlinear FFA,mrpc_stratified,MRPC stratified,roberta-base,RoBERTa-base,homo,Homo,20,150,0,3,3,50,51,83.57843137254902,"0, 1, 2",4,4,ffa_global_B,,epoch_round_tuning_mrpc_client_count/tuning-ffa-mrpc_stratified-roberta-base-homo-e20-r150/seed0/3/50/round_config.json
ffa,Nonlinear FFA,mrpc_stratified,MRPC stratified,roberta-base,RoBERTa-base,homo,Homo,20,150,0,3,3,51,52,84.55882352941177,"0, 1, 2",4,4,ffa_global_B,,epoch_round_tuning_mrpc_client_count/tuning-ffa-mrpc_stratified-roberta-base-homo-e20-r150/seed0/3/51/round_config.json
ffa,Nonlinear FFA,mrpc_stratified,MRPC stratified,roberta-base,RoBERTa-base,homo,Homo,20,150,0,3,3,52,53,84.80392156862744,"0, 1, 2",4,4,ffa_global_B,,epoch_round_tuning_mrpc_client_count/tuning-ffa-mrpc_stratified-roberta-base-homo-e20-r150/seed0/3/52/round_config.json
ffa,Nonlinear FFA,mrpc_stratified,MRPC stratified,roberta-base,RoBERTa-base,homo,Homo,20,150,0,3,3,53,54,84.31372549019608,"0, 1, 2",4,4,ffa_global_B,,epoch_round_tuning_mrpc_client_count/tuning-ffa-mrpc_stratified-roberta-base-homo-e20-r150/seed0/3/53/round_config.json
ffa,Nonlinear FFA,mrpc_stratified,MRPC stratified,roberta-base,RoBERTa-base,homo,Homo,20,150,0,3,3,54,55,84.55882352941177,"0, 1, 2",4,4,ffa_global_B,,epoch_round_tuning_mrpc_client_count/tuning-ffa-mrpc_stratified-roberta-base-homo-e20-r150/seed0/3/54/round_config.json
ffa,Nonlinear FFA,mrpc_stratified,MRPC stratified,roberta-base,RoBERTa-base,homo,Homo,20,150,0,3,3,55,56,84.31372549019608,"0, 1, 2",4,4,ffa_global_B,,epoch_round_tuning_mrpc_client_count/tuning-ffa-mrpc_stratified-roberta-base-homo-e20-r150/seed0/3/55/round_config.json
ffa,Nonlinear FFA,mrpc_stratified,MRPC stratified,roberta-base,RoBERTa-base,homo,Homo,20,150,0,3,3,56,57,85.29411764705883,"0, 1, 2",4,4,ffa_global_B,,epoch_round_tuning_mrpc_client_count/tuning-ffa-mrpc_stratified-roberta-base-homo-e20-r150/seed0/3/56/round_config.json
ffa,Nonlinear FFA,mrpc_stratified,MRPC stratified,roberta-base,RoBERTa-base,homo,Homo,20,150,0,3,3,57,58,84.80392156862744,"0, 1, 2",4,4,ffa_global_B,,epoch_round_tuning_mrpc_client_count/tuning-ffa-mrpc_stratified-roberta-base-homo-e20-r150/seed0/3/57/round_config.json
ffa,Nonlinear FFA,mrpc_stratified,MRPC stratified,roberta-base,RoBERTa-base,homo,Homo,20,150,0,3,3,58,59,84.06862745098039,"0, 1, 2",4,4,ffa_global_B,,epoch_round_tuning_mrpc_client_count/tuning-ffa-mrpc_stratified-roberta-base-homo-e20-r150/seed0/3/58/round_config.json
ffa,Nonlinear FFA,mrpc_stratified,MRPC stratified,roberta-base,RoBERTa-base,homo,Homo,20,150,0,3,3,59,60,84.06862745098039,"0, 1, 2",4,4,ffa_global_B,,epoch_round_tuning_mrpc_client_count/tuning-ffa-mrpc_stratified-roberta-base-homo-e20-r150/seed0/3/59/round_config.json
ffa,Nonlinear FFA,mrpc_stratified,MRPC stratified,roberta-base,RoBERTa-base,homo,Homo,20,150,0,3,3,60,61,84.80392156862744,"0, 1, 2",4,4,ffa_global_B,,epoch_round_tuning_mrpc_client_count/tuning-ffa-mrpc_stratified-roberta-base-homo-e20-r150/seed0/3/60/round_config.json
ffa,Nonlinear FFA,mrpc_stratified,MRPC stratified,roberta-base,RoBERTa-base,homo,Homo,20,150,0,3,3,61,62,84.55882352941177,"0, 1, 2",4,4,ffa_global_B,,epoch_round_tuning_mrpc_client_count/tuning-ffa-mrpc_stratified-roberta-base-homo-e20-r150/seed0/3/61/round_config.json
ffa,Nonlinear FFA,mrpc_stratified,MRPC stratified,roberta-base,RoBERTa-base,homo,Homo,20,150,0,3,3,62,63,84.06862745098039,"0, 1, 2",4,4,ffa_global_B,,epoch_round_tuning_mrpc_client_count/tuning-ffa-mrpc_stratified-roberta-base-homo-e20-r150/seed0/3/62/round_config.json
ffa,Nonlinear FFA,mrpc_stratified,MRPC stratified,roberta-base,RoBERTa-base,homo,Homo,20,150,0,3,3,63,64,83.57843137254902,"0, 1, 2",4,4,ffa_global_B,,epoch_round_tuning_mrpc_client_count/tuning-ffa-mrpc_stratified-roberta-base-homo-e20-r150/seed0/3/63/round_config.json
ffa,Nonlinear FFA,mrpc_stratified,MRPC stratified,roberta-base,RoBERTa-base,homo,Homo,20,150,0,3,3,64,65,83.57843137254902,"0, 1, 2",4,4,ffa_global_B,,epoch_round_tuning_mrpc_client_count/tuning-ffa-mrpc_stratified-roberta-base-homo-e20-r150/seed0/3/64/round_config.json
ffa,Nonlinear FFA,mrpc_stratified,MRPC stratified,roberta-base,RoBERTa-base,homo,Homo,20,150,0,3,3,65,66,83.82352941176471,"0, 1, 2",4,4,ffa_global_B,,epoch_round_tuning_mrpc_client_count/tuning-ffa-mrpc_stratified-roberta-base-homo-e20-r150/seed0/3/65/round_config.json
ffa,Nonlinear FFA,mrpc_stratified,MRPC stratified,roberta-base,RoBERTa-base,homo,Homo,20,150,0,3,3,66,67,83.33333333333334,"0, 1, 2",4,4,ffa_global_B,,epoch_round_tuning_mrpc_client_count/tuning-ffa-mrpc_stratified-roberta-base-homo-e20-r150/seed0/3/66/round_config.json
ffa,Nonlinear FFA,mrpc_stratified,MRPC stratified,roberta-base,RoBERTa-base,homo,Homo,20,150,0,3,3,67,68,84.31372549019608,"0, 1, 2",4,4,ffa_global_B,,epoch_round_tuning_mrpc_client_count/tuning-ffa-mrpc_stratified-roberta-base-homo-e20-r150/seed0/3/67/round_config.json
ffa,Nonlinear FFA,mrpc_stratified,MRPC stratified,roberta-base,RoBERTa-base,homo,Homo,20,150,0,3,3,68,69,83.82352941176471,"0, 1, 2",4,4,ffa_global_B,,epoch_round_tuning_mrpc_client_count/tuning-ffa-mrpc_stratified-roberta-base-homo-e20-r150/seed0/3/68/round_config.json
ffa,Nonlinear FFA,mrpc_stratified,MRPC stratified,roberta-base,RoBERTa-base,homo,Homo,20,150,0,3,3,69,70,83.82352941176471,"0, 1, 2",4,4,ffa_global_B,,epoch_round_tuning_mrpc_client_count/tuning-ffa-mrpc_stratified-roberta-base-homo-e20-r150/seed0/3/69/round_config.json
ffa,Nonlinear FFA,mrpc_stratified,MRPC stratified,roberta-base,RoBERTa-base,homo,Homo,20,150,0,3,3,70,71,84.06862745098039,"0, 1, 2",4,4,ffa_global_B,,epoch_round_tuning_mrpc_client_count/tuning-ffa-mrpc_stratified-roberta-base-homo-e20-r150/seed0/3/70/round_config.json
ffa,Nonlinear FFA,mrpc_stratified,MRPC stratified,roberta-base,RoBERTa-base,homo,Homo,20,150,0,3,3,71,72,83.82352941176471,"0, 1, 2",4,4,ffa_global_B,,epoch_round_tuning_mrpc_client_count/tuning-ffa-mrpc_stratified-roberta-base-homo-e20-r150/seed0/3/71/round_config.json
ffa,Nonlinear FFA,mrpc_stratified,MRPC stratified,roberta-base,RoBERTa-base,homo,Homo,20,150,0,3,3,72,73,83.82352941176471,"0, 1, 2",4,4,ffa_global_B,,epoch_round_tuning_mrpc_client_count/tuning-ffa-mrpc_stratified-roberta-base-homo-e20-r150/seed0/3/72/round_config.json
ffa,Nonlinear FFA,mrpc_stratified,MRPC stratified,roberta-base,RoBERTa-base,homo,Homo,20,150,0,3,3,73,74,84.06862745098039,"0, 1, 2",4,4,ffa_global_B,,epoch_round_tuning_mrpc_client_count/tuning-ffa-mrpc_stratified-roberta-base-homo-e20-r150/seed0/3/73/round_config.json
ffa,Nonlinear FFA,mrpc_stratified,MRPC stratified,roberta-base,RoBERTa-base,homo,Homo,20,150,0,3,3,74,75,83.57843137254902,"0, 1, 2",4,4,ffa_global_B,,epoch_round_tuning_mrpc_client_count/tuning-ffa-mrpc_stratified-roberta-base-homo-e20-r150/seed0/3/74/round_config.json
ffa,Nonlinear FFA,mrpc_stratified,MRPC stratified,roberta-base,RoBERTa-base,homo,Homo,20,150,0,3,3,75,76,83.82352941176471,"0, 1, 2",4,4,ffa_global_B,,epoch_round_tuning_mrpc_client_count/tuning-ffa-mrpc_stratified-roberta-base-homo-e20-r150/seed0/3/75/round_config.json
ffa,Nonlinear FFA,mrpc_stratified,MRPC stratified,roberta-base,RoBERTa-base,homo,Homo,20,150,0,3,3,76,77,83.82352941176471,"0, 1, 2",4,4,ffa_global_B,,epoch_round_tuning_mrpc_client_count/tuning-ffa-mrpc_stratified-roberta-base-homo-e20-r150/seed0/3/76/round_config.json
ffa,Nonlinear FFA,mrpc_stratified,MRPC stratified,roberta-base,RoBERTa-base,homo,Homo,20,150,0,3,3,77,78,83.33333333333334,"0, 1, 2",4,4,ffa_global_B,,epoch_round_tuning_mrpc_client_count/tuning-ffa-mrpc_stratified-roberta-base-homo-e20-r150/seed0/3/77/round_config.json
ffa,Nonlinear FFA,mrpc_stratified,MRPC stratified,roberta-base,RoBERTa-base,homo,Homo,20,150,0,3,3,78,79,84.55882352941177,"0, 1, 2",4,4,ffa_global_B,,epoch_round_tuning_mrpc_client_count/tuning-ffa-mrpc_stratified-roberta-base-homo-e20-r150/seed0/3/78/round_config.json
ffa,Nonlinear FFA,mrpc_stratified,MRPC stratified,roberta-base,RoBERTa-base,homo,Homo,20,150,0,3,3,79,80,83.08823529411765,"0, 1, 2",4,4,ffa_global_B,,epoch_round_tuning_mrpc_client_count/tuning-ffa-mrpc_stratified-roberta-base-homo-e20-r150/seed0/3/79/round_config.json
ffa,Nonlinear FFA,mrpc_stratified,MRPC stratified,roberta-base,RoBERTa-base,homo,Homo,20,150,0,3,3,80,81,83.82352941176471,"0, 1, 2",4,4,ffa_global_B,,epoch_round_tuning_mrpc_client_count/tuning-ffa-mrpc_stratified-roberta-base-homo-e20-r150/seed0/3/80/round_config.json
ffa,Nonlinear FFA,mrpc_stratified,MRPC stratified,roberta-base,RoBERTa-base,homo,Homo,20,150,0,3,3,81,82,84.06862745098039,"0, 1, 2",4,4,ffa_global_B,,epoch_round_tuning_mrpc_client_count/tuning-ffa-mrpc_stratified-roberta-base-homo-e20-r150/seed0/3/81/round_config.json
ffa,Nonlinear FFA,mrpc_stratified,MRPC stratified,roberta-base,RoBERTa-base,homo,Homo,20,150,0,3,3,82,83,83.57843137254902,"0, 1, 2",4,4,ffa_global_B,,epoch_round_tuning_mrpc_client_count/tuning-ffa-mrpc_stratified-roberta-base-homo-e20-r150/seed0/3/82/round_config.json
ffa,Nonlinear FFA,mrpc_stratified,MRPC stratified,roberta-base,RoBERTa-base,homo,Homo,20,150,0,3,3,83,84,84.06862745098039,"0, 1, 2",4,4,ffa_global_B,,epoch_round_tuning_mrpc_client_count/tuning-ffa-mrpc_stratified-roberta-base-homo-e20-r150/seed0/3/83/round_config.json
ffa,Nonlinear FFA,mrpc_stratified,MRPC stratified,roberta-base,RoBERTa-base,homo,Homo,20,150,0,3,3,84,85,84.55882352941177,"0, 1, 2",4,4,ffa_global_B,,epoch_round_tuning_mrpc_client_count/tuning-ffa-mrpc_stratified-roberta-base-homo-e20-r150/seed0/3/84/round_config.json
ffa,Nonlinear FFA,mrpc_stratified,MRPC stratified,roberta-base,RoBERTa-base,homo,Homo,20,150,0,3,3,85,86,83.08823529411765,"0, 1, 2",4,4,ffa_global_B,,epoch_round_tuning_mrpc_client_count/tuning-ffa-mrpc_stratified-roberta-base-homo-e20-r150/seed0/3/85/round_config.json
ffa,Nonlinear FFA,mrpc_stratified,MRPC stratified,roberta-base,RoBERTa-base,homo,Homo,20,150,0,3,3,86,87,83.33333333333334,"0, 1, 2",4,4,ffa_global_B,,epoch_round_tuning_mrpc_client_count/tuning-ffa-mrpc_stratified-roberta-base-homo-e20-r150/seed0/3/86/round_config.json
ffa,Nonlinear FFA,mrpc_stratified,MRPC stratified,roberta-base,RoBERTa-base,homo,Homo,20,150,0,3,3,87,88,82.84313725490196,"0, 1, 2",4,4,ffa_global_B,,epoch_round_tuning_mrpc_client_count/tuning-ffa-mrpc_stratified-roberta-base-homo-e20-r150/seed0/3/87/round_config.json
ffa,Nonlinear FFA,mrpc_stratified,MRPC stratified,roberta-base,RoBERTa-base,homo,Homo,20,150,0,3,3,88,89,83.33333333333334,"0, 1, 2",4,4,ffa_global_B,,epoch_round_tuning_mrpc_client_count/tuning-ffa-mrpc_stratified-roberta-base-homo-e20-r150/seed0/3/88/round_config.json
ffa,Nonlinear FFA,mrpc_stratified,MRPC stratified,roberta-base,RoBERTa-base,homo,Homo,20,150,0,3,3,89,90,82.59803921568627,"0, 1, 2",4,4,ffa_global_B,,epoch_round_tuning_mrpc_client_count/tuning-ffa-mrpc_stratified-roberta-base-homo-e20-r150/seed0/3/89/round_config.json
ffa,Nonlinear FFA,mrpc_stratified,MRPC stratified,roberta-base,RoBERTa-base,homo,Homo,20,150,0,3,3,90,91,83.08823529411765,"0, 1, 2",4,4,ffa_global_B,,epoch_round_tuning_mrpc_client_count/tuning-ffa-mrpc_stratified-roberta-base-homo-e20-r150/seed0/3/90/round_config.json
ffa,Nonlinear FFA,mrpc_stratified,MRPC stratified,roberta-base,RoBERTa-base,homo,Homo,20,150,0,3,3,91,92,83.82352941176471,"0, 1, 2",4,4,ffa_global_B,,epoch_round_tuning_mrpc_client_count/tuning-ffa-mrpc_stratified-roberta-base-homo-e20-r150/seed0/3/91/round_config.json
ffa,Nonlinear FFA,mrpc_stratified,MRPC stratified,roberta-base,RoBERTa-base,homo,Homo,20,150,0,3,3,92,93,82.84313725490196,"0, 1, 2",4,4,ffa_global_B,,epoch_round_tuning_mrpc_client_count/tuning-ffa-mrpc_stratified-roberta-base-homo-e20-r150/seed0/3/92/round_config.json
ffa,Nonlinear FFA,mrpc_stratified,MRPC stratified,roberta-base,RoBERTa-base,homo,Homo,20,150,0,3,3,93,94,84.06862745098039,"0, 1, 2",4,4,ffa_global_B,,epoch_round_tuning_mrpc_client_count/tuning-ffa-mrpc_stratified-roberta-base-homo-e20-r150/seed0/3/93/round_config.json
ffa,Nonlinear FFA,mrpc_stratified,MRPC stratified,roberta-base,RoBERTa-base,homo,Homo,20,150,0,3,3,94,95,82.84313725490196,"0, 1, 2",4,4,ffa_global_B,,epoch_round_tuning_mrpc_client_count/tuning-ffa-mrpc_stratified-roberta-base-homo-e20-r150/seed0/3/94/round_config.json
ffa,Nonlinear FFA,mrpc_stratified,MRPC stratified,roberta-base,RoBERTa-base,homo,Homo,20,150,0,3,3,95,96,83.82352941176471,"0, 1, 2",4,4,ffa_global_B,,epoch_round_tuning_mrpc_client_count/tuning-ffa-mrpc_stratified-roberta-base-homo-e20-r150/seed0/3/95/round_config.json
ffa,Nonlinear FFA,mrpc_stratified,MRPC stratified,roberta-base,RoBERTa-base,homo,Homo,20,150,0,3,3,96,97,83.57843137254902,"0, 1, 2",4,4,ffa_global_B,,epoch_round_tuning_mrpc_client_count/tuning-ffa-mrpc_stratified-roberta-base-homo-e20-r150/seed0/3/96/round_config.json
ffa,Nonlinear FFA,mrpc_stratified,MRPC stratified,roberta-base,RoBERTa-base,homo,Homo,20,150,0,3,3,97,98,83.08823529411765,"0, 1, 2",4,4,ffa_global_B,,epoch_round_tuning_mrpc_client_count/tuning-ffa-mrpc_stratified-roberta-base-homo-e20-r150/seed0/3/97/round_config.json
ffa,Nonlinear FFA,mrpc_stratified,MRPC stratified,roberta-base,RoBERTa-base,homo,Homo,20,150,0,3,3,98,99,83.08823529411765,"0, 1, 2",4,4,ffa_global_B,,epoch_round_tuning_mrpc_client_count/tuning-ffa-mrpc_stratified-roberta-base-homo-e20-r150/seed0/3/98/round_config.json
ffa,Nonlinear FFA,mrpc_stratified,MRPC stratified,roberta-base,RoBERTa-base,homo,Homo,20,150,0,3,3,99,100,83.33333333333334,"0, 1, 2",4,4,ffa_global_B,,epoch_round_tuning_mrpc_client_count/tuning-ffa-mrpc_stratified-roberta-base-homo-e20-r150/seed0/3/99/round_config.json
ffa,Nonlinear FFA,mrpc_stratified,MRPC stratified,roberta-base,RoBERTa-base,homo,Homo,20,150,0,3,3,100,101,83.57843137254902,"0, 1, 2",4,4,ffa_global_B,,epoch_round_tuning_mrpc_client_count/tuning-ffa-mrpc_stratified-roberta-base-homo-e20-r150/seed0/3/100/round_config.json
ffa,Nonlinear FFA,mrpc_stratified,MRPC stratified,roberta-base,RoBERTa-base,homo,Homo,20,150,0,3,3,101,102,84.06862745098039,"0, 1, 2",4,4,ffa_global_B,,epoch_round_tuning_mrpc_client_count/tuning-ffa-mrpc_stratified-roberta-base-homo-e20-r150/seed0/3/101/round_config.json
ffa,Nonlinear FFA,mrpc_stratified,MRPC stratified,roberta-base,RoBERTa-base,homo,Homo,20,150,0,3,3,102,103,84.06862745098039,"0, 1, 2",4,4,ffa_global_B,,epoch_round_tuning_mrpc_client_count/tuning-ffa-mrpc_stratified-roberta-base-homo-e20-r150/seed0/3/102/round_config.json
ffa,Nonlinear FFA,mrpc_stratified,MRPC stratified,roberta-base,RoBERTa-base,homo,Homo,20,150,0,3,3,103,104,84.06862745098039,"0, 1, 2",4,4,ffa_global_B,,epoch_round_tuning_mrpc_client_count/tuning-ffa-mrpc_stratified-roberta-base-homo-e20-r150/seed0/3/103/round_config.json
ffa,Nonlinear FFA,mrpc_stratified,MRPC stratified,roberta-base,RoBERTa-base,homo,Homo,20,150,0,3,3,104,105,84.31372549019608,"0, 1, 2",4,4,ffa_global_B,,epoch_round_tuning_mrpc_client_count/tuning-ffa-mrpc_stratified-roberta-base-homo-e20-r150/seed0/3/104/round_config.json
ffa,Nonlinear FFA,mrpc_stratified,MRPC stratified,roberta-base,RoBERTa-base,homo,Homo,20,150,0,3,3,105,106,84.55882352941177,"0, 1, 2",4,4,ffa_global_B,,epoch_round_tuning_mrpc_client_count/tuning-ffa-mrpc_stratified-roberta-base-homo-e20-r150/seed0/3/105/round_config.json
ffa,Nonlinear FFA,mrpc_stratified,MRPC stratified,roberta-base,RoBERTa-base,homo,Homo,20,150,0,3,3,106,107,84.06862745098039,"0, 1, 2",4,4,ffa_global_B,,epoch_round_tuning_mrpc_client_count/tuning-ffa-mrpc_stratified-roberta-base-homo-e20-r150/seed0/3/106/round_config.json
ffa,Nonlinear FFA,mrpc_stratified,MRPC stratified,roberta-base,RoBERTa-base,homo,Homo,20,150,0,3,3,107,108,83.57843137254902,"0, 1, 2",4,4,ffa_global_B,,epoch_round_tuning_mrpc_client_count/tuning-ffa-mrpc_stratified-roberta-base-homo-e20-r150/seed0/3/107/round_config.json
ffa,Nonlinear FFA,mrpc_stratified,MRPC stratified,roberta-base,RoBERTa-base,homo,Homo,20,150,0,3,3,108,109,82.84313725490196,"0, 1, 2",4,4,ffa_global_B,,epoch_round_tuning_mrpc_client_count/tuning-ffa-mrpc_stratified-roberta-base-homo-e20-r150/seed0/3/108/round_config.json
ffa,Nonlinear FFA,mrpc_stratified,MRPC stratified,roberta-base,RoBERTa-base,homo,Homo,20,150,0,3,3,109,110,83.57843137254902,"0, 1, 2",4,4,ffa_global_B,,epoch_round_tuning_mrpc_client_count/tuning-ffa-mrpc_stratified-roberta-base-homo-e20-r150/seed0/3/109/round_config.json
ffa,Nonlinear FFA,mrpc_stratified,MRPC stratified,roberta-base,RoBERTa-base,homo,Homo,20,150,0,3,3,110,111,83.33333333333334,"0, 1, 2",4,4,ffa_global_B,,epoch_round_tuning_mrpc_client_count/tuning-ffa-mrpc_stratified-roberta-base-homo-e20-r150/seed0/3/110/round_config.json
ffa,Nonlinear FFA,mrpc_stratified,MRPC stratified,roberta-base,RoBERTa-base,homo,Homo,20,150,0,3,3,111,112,82.59803921568627,"0, 1, 2",4,4,ffa_global_B,,epoch_round_tuning_mrpc_client_count/tuning-ffa-mrpc_stratified-roberta-base-homo-e20-r150/seed0/3/111/round_config.json
ffa,Nonlinear FFA,mrpc_stratified,MRPC stratified,roberta-base,RoBERTa-base,homo,Homo,20,150,0,3,3,112,113,83.08823529411765,"0, 1, 2",4,4,ffa_global_B,,epoch_round_tuning_mrpc_client_count/tuning-ffa-mrpc_stratified-roberta-base-homo-e20-r150/seed0/3/112/round_config.json
ffa,Nonlinear FFA,mrpc_stratified,MRPC stratified,roberta-base,RoBERTa-base,homo,Homo,20,150,0,3,3,113,114,83.57843137254902,"0, 1, 2",4,4,ffa_global_B,,epoch_round_tuning_mrpc_client_count/tuning-ffa-mrpc_stratified-roberta-base-homo-e20-r150/seed0/3/113/round_config.json
ffa,Nonlinear FFA,mrpc_stratified,MRPC stratified,roberta-base,RoBERTa-base,homo,Homo,20,150,0,3,3,114,115,84.06862745098039,"0, 1, 2",4,4,ffa_global_B,,epoch_round_tuning_mrpc_client_count/tuning-ffa-mrpc_stratified-roberta-base-homo-e20-r150/seed0/3/114/round_config.json
ffa,Nonlinear FFA,mrpc_stratified,MRPC stratified,roberta-base,RoBERTa-base,homo,Homo,20,150,0,3,3,115,116,83.08823529411765,"0, 1, 2",4,4,ffa_global_B,,epoch_round_tuning_mrpc_client_count/tuning-ffa-mrpc_stratified-roberta-base-homo-e20-r150/seed0/3/115/round_config.json
ffa,Nonlinear FFA,mrpc_stratified,MRPC stratified,roberta-base,RoBERTa-base,homo,Homo,20,150,0,3,3,116,117,83.57843137254902,"0, 1, 2",4,4,ffa_global_B,,epoch_round_tuning_mrpc_client_count/tuning-ffa-mrpc_stratified-roberta-base-homo-e20-r150/seed0/3/116/round_config.json
ffa,Nonlinear FFA,mrpc_stratified,MRPC stratified,roberta-base,RoBERTa-base,homo,Homo,20,150,0,3,3,117,118,82.35294117647058,"0, 1, 2",4,4,ffa_global_B,,epoch_round_tuning_mrpc_client_count/tuning-ffa-mrpc_stratified-roberta-base-homo-e20-r150/seed0/3/117/round_config.json
ffa,Nonlinear FFA,mrpc_stratified,MRPC stratified,roberta-base,RoBERTa-base,homo,Homo,20,150,0,3,3,118,119,84.06862745098039,"0, 1, 2",4,4,ffa_global_B,,epoch_round_tuning_mrpc_client_count/tuning-ffa-mrpc_stratified-roberta-base-homo-e20-r150/seed0/3/118/round_config.json
ffa,Nonlinear FFA,mrpc_stratified,MRPC stratified,roberta-base,RoBERTa-base,homo,Homo,20,150,0,3,3,119,120,83.82352941176471,"0, 1, 2",4,4,ffa_global_B,,epoch_round_tuning_mrpc_client_count/tuning-ffa-mrpc_stratified-roberta-base-homo-e20-r150/seed0/3/119/round_config.json
ffa,Nonlinear FFA,mrpc_stratified,MRPC stratified,roberta-base,RoBERTa-base,homo,Homo,20,150,0,3,3,120,121,83.57843137254902,"0, 1, 2",4,4,ffa_global_B,,epoch_round_tuning_mrpc_client_count/tuning-ffa-mrpc_stratified-roberta-base-homo-e20-r150/seed0/3/120/round_config.json
ffa,Nonlinear FFA,mrpc_stratified,MRPC stratified,roberta-base,RoBERTa-base,homo,Homo,20,150,0,3,3,121,122,84.06862745098039,"0, 1, 2",4,4,ffa_global_B,,epoch_round_tuning_mrpc_client_count/tuning-ffa-mrpc_stratified-roberta-base-homo-e20-r150/seed0/3/121/round_config.json
ffa,Nonlinear FFA,mrpc_stratified,MRPC stratified,roberta-base,RoBERTa-base,homo,Homo,20,150,0,3,3,122,123,83.08823529411765,"0, 1, 2",4,4,ffa_global_B,,epoch_round_tuning_mrpc_client_count/tuning-ffa-mrpc_stratified-roberta-base-homo-e20-r150/seed0/3/122/round_config.json
ffa,Nonlinear FFA,mrpc_stratified,MRPC stratified,roberta-base,RoBERTa-base,homo,Homo,20,150,0,3,3,123,124,82.84313725490196,"0, 1, 2",4,4,ffa_global_B,,epoch_round_tuning_mrpc_client_count/tuning-ffa-mrpc_stratified-roberta-base-homo-e20-r150/seed0/3/123/round_config.json
ffa,Nonlinear FFA,mrpc_stratified,MRPC stratified,roberta-base,RoBERTa-base,homo,Homo,20,150,0,3,3,124,125,83.82352941176471,"0, 1, 2",4,4,ffa_global_B,,epoch_round_tuning_mrpc_client_count/tuning-ffa-mrpc_stratified-roberta-base-homo-e20-r150/seed0/3/124/round_config.json
ffa,Nonlinear FFA,mrpc_stratified,MRPC stratified,roberta-base,RoBERTa-base,homo,Homo,20,150,0,3,3,125,126,83.57843137254902,"0, 1, 2",4,4,ffa_global_B,,epoch_round_tuning_mrpc_client_count/tuning-ffa-mrpc_stratified-roberta-base-homo-e20-r150/seed0/3/125/round_config.json
ffa,Nonlinear FFA,mrpc_stratified,MRPC stratified,roberta-base,RoBERTa-base,homo,Homo,20,150,0,3,3,126,127,84.06862745098039,"0, 1, 2",4,4,ffa_global_B,,epoch_round_tuning_mrpc_client_count/tuning-ffa-mrpc_stratified-roberta-base-homo-e20-r150/seed0/3/126/round_config.json
ffa,Nonlinear FFA,mrpc_stratified,MRPC stratified,roberta-base,RoBERTa-base,homo,Homo,20,150,0,3,3,127,128,84.31372549019608,"0, 1, 2",4,4,ffa_global_B,,epoch_round_tuning_mrpc_client_count/tuning-ffa-mrpc_stratified-roberta-base-homo-e20-r150/seed0/3/127/round_config.json
ffa,Nonlinear FFA,mrpc_stratified,MRPC stratified,roberta-base,RoBERTa-base,homo,Homo,20,150,0,3,3,128,129,83.82352941176471,"0, 1, 2",4,4,ffa_global_B,,epoch_round_tuning_mrpc_client_count/tuning-ffa-mrpc_stratified-roberta-base-homo-e20-r150/seed0/3/128/round_config.json
ffa,Nonlinear FFA,mrpc_stratified,MRPC stratified,roberta-base,RoBERTa-base,homo,Homo,20,150,0,3,3,129,130,82.84313725490196,"0, 1, 2",4,4,ffa_global_B,,epoch_round_tuning_mrpc_client_count/tuning-ffa-mrpc_stratified-roberta-base-homo-e20-r150/seed0/3/129/round_config.json
ffa,Nonlinear FFA,mrpc_stratified,MRPC stratified,roberta-base,RoBERTa-base,homo,Homo,20,150,0,3,3,130,131,83.33333333333334,"0, 1, 2",4,4,ffa_global_B,,epoch_round_tuning_mrpc_client_count/tuning-ffa-mrpc_stratified-roberta-base-homo-e20-r150/seed0/3/130/round_config.json
ffa,Nonlinear FFA,mrpc_stratified,MRPC stratified,roberta-base,RoBERTa-base,homo,Homo,20,150,0,3,3,131,132,83.08823529411765,"0, 1, 2",4,4,ffa_global_B,,epoch_round_tuning_mrpc_client_count/tuning-ffa-mrpc_stratified-roberta-base-homo-e20-r150/seed0/3/131/round_config.json
ffa,Nonlinear FFA,mrpc_stratified,MRPC stratified,roberta-base,RoBERTa-base,homo,Homo,20,150,0,3,3,132,133,81.86274509803921,"0, 1, 2",4,4,ffa_global_B,,epoch_round_tuning_mrpc_client_count/tuning-ffa-mrpc_stratified-roberta-base-homo-e20-r150/seed0/3/132/round_config.json
ffa,Nonlinear FFA,mrpc_stratified,MRPC stratified,roberta-base,RoBERTa-base,homo,Homo,20,150,0,3,3,133,134,82.35294117647058,"0, 1, 2",4,4,ffa_global_B,,epoch_round_tuning_mrpc_client_count/tuning-ffa-mrpc_stratified-roberta-base-homo-e20-r150/seed0/3/133/round_config.json
ffa,Nonlinear FFA,mrpc_stratified,MRPC stratified,roberta-base,RoBERTa-base,homo,Homo,20,150,0,3,3,134,135,83.08823529411765,"0, 1, 2",4,4,ffa_global_B,,epoch_round_tuning_mrpc_client_count/tuning-ffa-mrpc_stratified-roberta-base-homo-e20-r150/seed0/3/134/round_config.json
ffa,Nonlinear FFA,mrpc_stratified,MRPC stratified,roberta-base,RoBERTa-base,homo,Homo,20,150,0,3,3,135,136,83.33333333333334,"0, 1, 2",4,4,ffa_global_B,,epoch_round_tuning_mrpc_client_count/tuning-ffa-mrpc_stratified-roberta-base-homo-e20-r150/seed0/3/135/round_config.json
ffa,Nonlinear FFA,mrpc_stratified,MRPC stratified,roberta-base,RoBERTa-base,homo,Homo,20,150,0,3,3,136,137,83.08823529411765,"0, 1, 2",4,4,ffa_global_B,,epoch_round_tuning_mrpc_client_count/tuning-ffa-mrpc_stratified-roberta-base-homo-e20-r150/seed0/3/136/round_config.json
ffa,Nonlinear FFA,mrpc_stratified,MRPC stratified,roberta-base,RoBERTa-base,homo,Homo,20,150,0,3,3,137,138,82.59803921568627,"0, 1, 2",4,4,ffa_global_B,,epoch_round_tuning_mrpc_client_count/tuning-ffa-mrpc_stratified-roberta-base-homo-e20-r150/seed0/3/137/round_config.json
ffa,Nonlinear FFA,mrpc_stratified,MRPC stratified,roberta-base,RoBERTa-base,homo,Homo,20,150,0,3,3,138,139,82.35294117647058,"0, 1, 2",4,4,ffa_global_B,,epoch_round_tuning_mrpc_client_count/tuning-ffa-mrpc_stratified-roberta-base-homo-e20-r150/seed0/3/138/round_config.json
ffa,Nonlinear FFA,mrpc_stratified,MRPC stratified,roberta-base,RoBERTa-base,homo,Homo,20,150,0,3,3,139,140,82.84313725490196,"0, 1, 2",4,4,ffa_global_B,,epoch_round_tuning_mrpc_client_count/tuning-ffa-mrpc_stratified-roberta-base-homo-e20-r150/seed0/3/139/round_config.json
ffa,Nonlinear FFA,mrpc_stratified,MRPC stratified,roberta-base,RoBERTa-base,homo,Homo,20,150,0,3,3,140,141,82.59803921568627,"0, 1, 2",4,4,ffa_global_B,,epoch_round_tuning_mrpc_client_count/tuning-ffa-mrpc_stratified-roberta-base-homo-e20-r150/seed0/3/140/round_config.json
ffa,Nonlinear FFA,mrpc_stratified,MRPC stratified,roberta-base,RoBERTa-base,homo,Homo,20,150,0,3,3,141,142,82.35294117647058,"0, 1, 2",4,4,ffa_global_B,,epoch_round_tuning_mrpc_client_count/tuning-ffa-mrpc_stratified-roberta-base-homo-e20-r150/seed0/3/141/round_config.json
ffa,Nonlinear FFA,mrpc_stratified,MRPC stratified,roberta-base,RoBERTa-base,homo,Homo,20,150,0,3,3,142,143,83.08823529411765,"0, 1, 2",4,4,ffa_global_B,,epoch_round_tuning_mrpc_client_count/tuning-ffa-mrpc_stratified-roberta-base-homo-e20-r150/seed0/3/142/round_config.json
ffa,Nonlinear FFA,mrpc_stratified,MRPC stratified,roberta-base,RoBERTa-base,homo,Homo,20,150,0,3,3,143,144,82.84313725490196,"0, 1, 2",4,4,ffa_global_B,,epoch_round_tuning_mrpc_client_count/tuning-ffa-mrpc_stratified-roberta-base-homo-e20-r150/seed0/3/143/round_config.json
ffa,Nonlinear FFA,mrpc_stratified,MRPC stratified,roberta-base,RoBERTa-base,homo,Homo,20,150,0,3,3,144,145,83.08823529411765,"0, 1, 2",4,4,ffa_global_B,,epoch_round_tuning_mrpc_client_count/tuning-ffa-mrpc_stratified-roberta-base-homo-e20-r150/seed0/3/144/round_config.json
ffa,Nonlinear FFA,mrpc_stratified,MRPC stratified,roberta-base,RoBERTa-base,homo,Homo,20,150,0,3,3,145,146,82.59803921568627,"0, 1, 2",4,4,ffa_global_B,,epoch_round_tuning_mrpc_client_count/tuning-ffa-mrpc_stratified-roberta-base-homo-e20-r150/seed0/3/145/round_config.json
ffa,Nonlinear FFA,mrpc_stratified,MRPC stratified,roberta-base,RoBERTa-base,homo,Homo,20,150,0,3,3,146,147,82.1078431372549,"0, 1, 2",4,4,ffa_global_B,,epoch_round_tuning_mrpc_client_count/tuning-ffa-mrpc_stratified-roberta-base-homo-e20-r150/seed0/3/146/round_config.json
ffa,Nonlinear FFA,mrpc_stratified,MRPC stratified,roberta-base,RoBERTa-base,homo,Homo,20,150,0,3,3,147,148,82.35294117647058,"0, 1, 2",4,4,ffa_global_B,,epoch_round_tuning_mrpc_client_count/tuning-ffa-mrpc_stratified-roberta-base-homo-e20-r150/seed0/3/147/round_config.json
ffa,Nonlinear FFA,mrpc_stratified,MRPC stratified,roberta-base,RoBERTa-base,homo,Homo,20,150,0,3,3,148,149,82.35294117647058,"0, 1, 2",4,4,ffa_global_B,,epoch_round_tuning_mrpc_client_count/tuning-ffa-mrpc_stratified-roberta-base-homo-e20-r150/seed0/3/148/round_config.json
ffa,Nonlinear FFA,mrpc_stratified,MRPC stratified,roberta-base,RoBERTa-base,homo,Homo,20,150,0,3,3,149,150,82.35294117647058,"0, 1, 2",4,4,ffa_global_B,,epoch_round_tuning_mrpc_client_count/tuning-ffa-mrpc_stratified-roberta-base-homo-e20-r150/seed0/3/149/round_config.json
ffa,Nonlinear FFA,mrpc_stratified,MRPC stratified,roberta-base,RoBERTa-base,homo,Homo,20,150,0,10,10,0,1,70.09803921568627,"0, 1, 2, 3, 4, 5, 6, 7, 8, 9",4,4,ffa_global_B,,epoch_round_tuning_mrpc_client_count/tuning-ffa-mrpc_stratified-roberta-base-homo-e20-r150/seed0/10/0/round_config.json
ffa,Nonlinear FFA,mrpc_stratified,MRPC stratified,roberta-base,RoBERTa-base,homo,Homo,20,150,0,10,10,1,2,73.52941176470588,"0, 1, 2, 3, 4, 5, 6, 7, 8, 9",4,4,ffa_global_B,,epoch_round_tuning_mrpc_client_count/tuning-ffa-mrpc_stratified-roberta-base-homo-e20-r150/seed0/10/1/round_config.json
ffa,Nonlinear FFA,mrpc_stratified,MRPC stratified,roberta-base,RoBERTa-base,homo,Homo,20,150,0,10,10,2,3,74.26470588235294,"0, 1, 2, 3, 4, 5, 6, 7, 8, 9",4,4,ffa_global_B,,epoch_round_tuning_mrpc_client_count/tuning-ffa-mrpc_stratified-roberta-base-homo-e20-r150/seed0/10/2/round_config.json
ffa,Nonlinear FFA,mrpc_stratified,MRPC stratified,roberta-base,RoBERTa-base,homo,Homo,20,150,0,10,10,3,4,76.22549019607843,"0, 1, 2, 3, 4, 5, 6, 7, 8, 9",4,4,ffa_global_B,,epoch_round_tuning_mrpc_client_count/tuning-ffa-mrpc_stratified-roberta-base-homo-e20-r150/seed0/10/3/round_config.json
ffa,Nonlinear FFA,mrpc_stratified,MRPC stratified,roberta-base,RoBERTa-base,homo,Homo,20,150,0,10,10,4,5,75.98039215686273,"0, 1, 2, 3, 4, 5, 6, 7, 8, 9",4,4,ffa_global_B,,epoch_round_tuning_mrpc_client_count/tuning-ffa-mrpc_stratified-roberta-base-homo-e20-r150/seed0/10/4/round_config.json
ffa,Nonlinear FFA,mrpc_stratified,MRPC stratified,roberta-base,RoBERTa-base,homo,Homo,20,150,0,10,10,5,6,77.94117647058823,"0, 1, 2, 3, 4, 5, 6, 7, 8, 9",4,4,ffa_global_B,,epoch_round_tuning_mrpc_client_count/tuning-ffa-mrpc_stratified-roberta-base-homo-e20-r150/seed0/10/5/round_config.json
ffa,Nonlinear FFA,mrpc_stratified,MRPC stratified,roberta-base,RoBERTa-base,homo,Homo,20,150,0,10,10,6,7,78.67647058823529,"0, 1, 2, 3, 4, 5, 6, 7, 8, 9",4,4,ffa_global_B,,epoch_round_tuning_mrpc_client_count/tuning-ffa-mrpc_stratified-roberta-base-homo-e20-r150/seed0/10/6/round_config.json
ffa,Nonlinear FFA,mrpc_stratified,MRPC stratified,roberta-base,RoBERTa-base,homo,Homo,20,150,0,10,10,7,8,79.41176470588235,"0, 1, 2, 3, 4, 5, 6, 7, 8, 9",4,4,ffa_global_B,,epoch_round_tuning_mrpc_client_count/tuning-ffa-mrpc_stratified-roberta-base-homo-e20-r150/seed0/10/7/round_config.json
ffa,Nonlinear FFA,mrpc_stratified,MRPC stratified,roberta-base,RoBERTa-base,homo,Homo,20,150,0,10,10,8,9,79.90196078431373,"0, 1, 2, 3, 4, 5, 6, 7, 8, 9",4,4,ffa_global_B,,epoch_round_tuning_mrpc_client_count/tuning-ffa-mrpc_stratified-roberta-base-homo-e20-r150/seed0/10/8/round_config.json
ffa,Nonlinear FFA,mrpc_stratified,MRPC stratified,roberta-base,RoBERTa-base,homo,Homo,20,150,0,10,10,9,10,80.3921568627451,"0, 1, 2, 3, 4, 5, 6, 7, 8, 9",4,4,ffa_global_B,,epoch_round_tuning_mrpc_client_count/tuning-ffa-mrpc_stratified-roberta-base-homo-e20-r150/seed0/10/9/round_config.json
ffa,Nonlinear FFA,mrpc_stratified,MRPC stratified,roberta-base,RoBERTa-base,homo,Homo,20,150,0,10,10,10,11,80.14705882352942,"0, 1, 2, 3, 4, 5, 6, 7, 8, 9",4,4,ffa_global_B,,epoch_round_tuning_mrpc_client_count/tuning-ffa-mrpc_stratified-roberta-base-homo-e20-r150/seed0/10/10/round_config.json
ffa,Nonlinear FFA,mrpc_stratified,MRPC stratified,roberta-base,RoBERTa-base,homo,Homo,20,150,0,10,10,11,12,80.88235294117648,"0, 1, 2, 3, 4, 5, 6, 7, 8, 9",4,4,ffa_global_B,,epoch_round_tuning_mrpc_client_count/tuning-ffa-mrpc_stratified-roberta-base-homo-e20-r150/seed0/10/11/round_config.json
ffa,Nonlinear FFA,mrpc_stratified,MRPC stratified,roberta-base,RoBERTa-base,homo,Homo,20,150,0,10,10,12,13,80.63725490196079,"0, 1, 2, 3, 4, 5, 6, 7, 8, 9",4,4,ffa_global_B,,epoch_round_tuning_mrpc_client_count/tuning-ffa-mrpc_stratified-roberta-base-homo-e20-r150/seed0/10/12/round_config.json
ffa,Nonlinear FFA,mrpc_stratified,MRPC stratified,roberta-base,RoBERTa-base,homo,Homo,20,150,0,10,10,13,14,81.12745098039215,"0, 1, 2, 3, 4, 5, 6, 7, 8, 9",4,4,ffa_global_B,,epoch_round_tuning_mrpc_client_count/tuning-ffa-mrpc_stratified-roberta-base-homo-e20-r150/seed0/10/13/round_config.json
ffa,Nonlinear FFA,mrpc_stratified,MRPC stratified,roberta-base,RoBERTa-base,homo,Homo,20,150,0,10,10,14,15,81.37254901960785,"0, 1, 2, 3, 4, 5, 6, 7, 8, 9",4,4,ffa_global_B,,epoch_round_tuning_mrpc_client_count/tuning-ffa-mrpc_stratified-roberta-base-homo-e20-r150/seed0/10/14/round_config.json
ffa,Nonlinear FFA,mrpc_stratified,MRPC stratified,roberta-base,RoBERTa-base,homo,Homo,20,150,0,10,10,15,16,80.63725490196079,"0, 1, 2, 3, 4, 5, 6, 7, 8, 9",4,4,ffa_global_B,,epoch_round_tuning_mrpc_client_count/tuning-ffa-mrpc_stratified-roberta-base-homo-e20-r150/seed0/10/15/round_config.json
ffa,Nonlinear FFA,mrpc_stratified,MRPC stratified,roberta-base,RoBERTa-base,homo,Homo,20,150,0,10,10,16,17,81.37254901960785,"0, 1, 2, 3, 4, 5, 6, 7, 8, 9",4,4,ffa_global_B,,epoch_round_tuning_mrpc_client_count/tuning-ffa-mrpc_stratified-roberta-base-homo-e20-r150/seed0/10/16/round_config.json
ffa,Nonlinear FFA,mrpc_stratified,MRPC stratified,roberta-base,RoBERTa-base,homo,Homo,20,150,0,10,10,17,18,82.35294117647058,"0, 1, 2, 3, 4, 5, 6, 7, 8, 9",4,4,ffa_global_B,,epoch_round_tuning_mrpc_client_count/tuning-ffa-mrpc_stratified-roberta-base-homo-e20-r150/seed0/10/17/round_config.json
ffa,Nonlinear FFA,mrpc_stratified,MRPC stratified,roberta-base,RoBERTa-base,homo,Homo,20,150,0,10,10,18,19,81.86274509803921,"0, 1, 2, 3, 4, 5, 6, 7, 8, 9",4,4,ffa_global_B,,epoch_round_tuning_mrpc_client_count/tuning-ffa-mrpc_stratified-roberta-base-homo-e20-r150/seed0/10/18/round_config.json
ffa,Nonlinear FFA,mrpc_stratified,MRPC stratified,roberta-base,RoBERTa-base,homo,Homo,20,150,0,10,10,19,20,82.1078431372549,"0, 1, 2, 3, 4, 5, 6, 7, 8, 9",4,4,ffa_global_B,,epoch_round_tuning_mrpc_client_count/tuning-ffa-mrpc_stratified-roberta-base-homo-e20-r150/seed0/10/19/round_config.json
ffa,Nonlinear FFA,mrpc_stratified,MRPC stratified,roberta-base,RoBERTa-base,homo,Homo,20,150,0,10,10,20,21,82.59803921568627,"0, 1, 2, 3, 4, 5, 6, 7, 8, 9",4,4,ffa_global_B,,epoch_round_tuning_mrpc_client_count/tuning-ffa-mrpc_stratified-roberta-base-homo-e20-r150/seed0/10/20/round_config.json
ffa,Nonlinear FFA,mrpc_stratified,MRPC stratified,roberta-base,RoBERTa-base,homo,Homo,20,150,0,10,10,21,22,83.33333333333334,"0, 1, 2, 3, 4, 5, 6, 7, 8, 9",4,4,ffa_global_B,,epoch_round_tuning_mrpc_client_count/tuning-ffa-mrpc_stratified-roberta-base-homo-e20-r150/seed0/10/21/round_config.json
ffa,Nonlinear FFA,mrpc_stratified,MRPC stratified,roberta-base,RoBERTa-base,homo,Homo,20,150,0,10,10,22,23,83.33333333333334,"0, 1, 2, 3, 4, 5, 6, 7, 8, 9",4,4,ffa_global_B,,epoch_round_tuning_mrpc_client_count/tuning-ffa-mrpc_stratified-roberta-base-homo-e20-r150/seed0/10/22/round_config.json
ffa,Nonlinear FFA,mrpc_stratified,MRPC stratified,roberta-base,RoBERTa-base,homo,Homo,20,150,0,10,10,23,24,83.82352941176471,"0, 1, 2, 3, 4, 5, 6, 7, 8, 9",4,4,ffa_global_B,,epoch_round_tuning_mrpc_client_count/tuning-ffa-mrpc_stratified-roberta-base-homo-e20-r150/seed0/10/23/round_config.json
ffa,Nonlinear FFA,mrpc_stratified,MRPC stratified,roberta-base,RoBERTa-base,homo,Homo,20,150,0,10,10,24,25,83.57843137254902,"0, 1, 2, 3, 4, 5, 6, 7, 8, 9",4,4,ffa_global_B,,epoch_round_tuning_mrpc_client_count/tuning-ffa-mrpc_stratified-roberta-base-homo-e20-r150/seed0/10/24/round_config.json
ffa,Nonlinear FFA,mrpc_stratified,MRPC stratified,roberta-base,RoBERTa-base,homo,Homo,20,150,0,10,10,25,26,83.57843137254902,"0, 1, 2, 3, 4, 5, 6, 7, 8, 9",4,4,ffa_global_B,,epoch_round_tuning_mrpc_client_count/tuning-ffa-mrpc_stratified-roberta-base-homo-e20-r150/seed0/10/25/round_config.json
ffa,Nonlinear FFA,mrpc_stratified,MRPC stratified,roberta-base,RoBERTa-base,homo,Homo,20,150,0,10,10,26,27,83.82352941176471,"0, 1, 2, 3, 4, 5, 6, 7, 8, 9",4,4,ffa_global_B,,epoch_round_tuning_mrpc_client_count/tuning-ffa-mrpc_stratified-roberta-base-homo-e20-r150/seed0/10/26/round_config.json
ffa,Nonlinear FFA,mrpc_stratified,MRPC stratified,roberta-base,RoBERTa-base,homo,Homo,20,150,0,10,10,27,28,83.82352941176471,"0, 1, 2, 3, 4, 5, 6, 7, 8, 9",4,4,ffa_global_B,,epoch_round_tuning_mrpc_client_count/tuning-ffa-mrpc_stratified-roberta-base-homo-e20-r150/seed0/10/27/round_config.json
ffa,Nonlinear FFA,mrpc_stratified,MRPC stratified,roberta-base,RoBERTa-base,homo,Homo,20,150,0,10,10,28,29,84.31372549019608,"0, 1, 2, 3, 4, 5, 6, 7, 8, 9",4,4,ffa_global_B,,epoch_round_tuning_mrpc_client_count/tuning-ffa-mrpc_stratified-roberta-base-homo-e20-r150/seed0/10/28/round_config.json
ffa,Nonlinear FFA,mrpc_stratified,MRPC stratified,roberta-base,RoBERTa-base,homo,Homo,20,150,0,10,10,29,30,84.31372549019608,"0, 1, 2, 3, 4, 5, 6, 7, 8, 9",4,4,ffa_global_B,,epoch_round_tuning_mrpc_client_count/tuning-ffa-mrpc_stratified-roberta-base-homo-e20-r150/seed0/10/29/round_config.json
ffa,Nonlinear FFA,mrpc_stratified,MRPC stratified,roberta-base,RoBERTa-base,homo,Homo,20,150,0,10,10,30,31,84.31372549019608,"0, 1, 2, 3, 4, 5, 6, 7, 8, 9",4,4,ffa_global_B,,epoch_round_tuning_mrpc_client_count/tuning-ffa-mrpc_stratified-roberta-base-homo-e20-r150/seed0/10/30/round_config.json
ffa,Nonlinear FFA,mrpc_stratified,MRPC stratified,roberta-base,RoBERTa-base,homo,Homo,20,150,0,10,10,31,32,84.31372549019608,"0, 1, 2, 3, 4, 5, 6, 7, 8, 9",4,4,ffa_global_B,,epoch_round_tuning_mrpc_client_count/tuning-ffa-mrpc_stratified-roberta-base-homo-e20-r150/seed0/10/31/round_config.json
ffa,Nonlinear FFA,mrpc_stratified,MRPC stratified,roberta-base,RoBERTa-base,homo,Homo,20,150,0,10,10,32,33,84.06862745098039,"0, 1, 2, 3, 4, 5, 6, 7, 8, 9",4,4,ffa_global_B,,epoch_round_tuning_mrpc_client_count/tuning-ffa-mrpc_stratified-roberta-base-homo-e20-r150/seed0/10/32/round_config.json
ffa,Nonlinear FFA,mrpc_stratified,MRPC stratified,roberta-base,RoBERTa-base,homo,Homo,20,150,0,10,10,33,34,84.31372549019608,"0, 1, 2, 3, 4, 5, 6, 7, 8, 9",4,4,ffa_global_B,,epoch_round_tuning_mrpc_client_count/tuning-ffa-mrpc_stratified-roberta-base-homo-e20-r150/seed0/10/33/round_config.json
ffa,Nonlinear FFA,mrpc_stratified,MRPC stratified,roberta-base,RoBERTa-base,homo,Homo,20,150,0,10,10,34,35,84.31372549019608,"0, 1, 2, 3, 4, 5, 6, 7, 8, 9",4,4,ffa_global_B,,epoch_round_tuning_mrpc_client_count/tuning-ffa-mrpc_stratified-roberta-base-homo-e20-r150/seed0/10/34/round_config.json
ffa,Nonlinear FFA,mrpc_stratified,MRPC stratified,roberta-base,RoBERTa-base,homo,Homo,20,150,0,10,10,35,36,84.06862745098039,"0, 1, 2, 3, 4, 5, 6, 7, 8, 9",4,4,ffa_global_B,,epoch_round_tuning_mrpc_client_count/tuning-ffa-mrpc_stratified-roberta-base-homo-e20-r150/seed0/10/35/round_config.json
ffa,Nonlinear FFA,mrpc_stratified,MRPC stratified,roberta-base,RoBERTa-base,homo,Homo,20,150,0,10,10,36,37,84.55882352941177,"0, 1, 2, 3, 4, 5, 6, 7, 8, 9",4,4,ffa_global_B,,epoch_round_tuning_mrpc_client_count/tuning-ffa-mrpc_stratified-roberta-base-homo-e20-r150/seed0/10/36/round_config.json
ffa,Nonlinear FFA,mrpc_stratified,MRPC stratified,roberta-base,RoBERTa-base,homo,Homo,20,150,0,10,10,37,38,84.06862745098039,"0, 1, 2, 3, 4, 5, 6, 7, 8, 9",4,4,ffa_global_B,,epoch_round_tuning_mrpc_client_count/tuning-ffa-mrpc_stratified-roberta-base-homo-e20-r150/seed0/10/37/round_config.json
ffa,Nonlinear FFA,mrpc_stratified,MRPC stratified,roberta-base,RoBERTa-base,homo,Homo,20,150,0,10,10,38,39,84.55882352941177,"0, 1, 2, 3, 4, 5, 6, 7, 8, 9",4,4,ffa_global_B,,epoch_round_tuning_mrpc_client_count/tuning-ffa-mrpc_stratified-roberta-base-homo-e20-r150/seed0/10/38/round_config.json
ffa,Nonlinear FFA,mrpc_stratified,MRPC stratified,roberta-base,RoBERTa-base,homo,Homo,20,150,0,10,10,39,40,84.55882352941177,"0, 1, 2, 3, 4, 5, 6, 7, 8, 9",4,4,ffa_global_B,,epoch_round_tuning_mrpc_client_count/tuning-ffa-mrpc_stratified-roberta-base-homo-e20-r150/seed0/10/39/round_config.json
ffa,Nonlinear FFA,mrpc_stratified,MRPC stratified,roberta-base,RoBERTa-base,homo,Homo,20,150,0,10,10,40,41,84.06862745098039,"0, 1, 2, 3, 4, 5, 6, 7, 8, 9",4,4,ffa_global_B,,epoch_round_tuning_mrpc_client_count/tuning-ffa-mrpc_stratified-roberta-base-homo-e20-r150/seed0/10/40/round_config.json
ffa,Nonlinear FFA,mrpc_stratified,MRPC stratified,roberta-base,RoBERTa-base,homo,Homo,20,150,0,10,10,41,42,83.82352941176471,"0, 1, 2, 3, 4, 5, 6, 7, 8, 9",4,4,ffa_global_B,,epoch_round_tuning_mrpc_client_count/tuning-ffa-mrpc_stratified-roberta-base-homo-e20-r150/seed0/10/41/round_config.json
ffa,Nonlinear FFA,mrpc_stratified,MRPC stratified,roberta-base,RoBERTa-base,homo,Homo,20,150,0,10,10,42,43,84.55882352941177,"0, 1, 2, 3, 4, 5, 6, 7, 8, 9",4,4,ffa_global_B,,epoch_round_tuning_mrpc_client_count/tuning-ffa-mrpc_stratified-roberta-base-homo-e20-r150/seed0/10/42/round_config.json
ffa,Nonlinear FFA,mrpc_stratified,MRPC stratified,roberta-base,RoBERTa-base,homo,Homo,20,150,0,10,10,43,44,84.31372549019608,"0, 1, 2, 3, 4, 5, 6, 7, 8, 9",4,4,ffa_global_B,,epoch_round_tuning_mrpc_client_count/tuning-ffa-mrpc_stratified-roberta-base-homo-e20-r150/seed0/10/43/round_config.json
ffa,Nonlinear FFA,mrpc_stratified,MRPC stratified,roberta-base,RoBERTa-base,homo,Homo,20,150,0,10,10,44,45,84.55882352941177,"0, 1, 2, 3, 4, 5, 6, 7, 8, 9",4,4,ffa_global_B,,epoch_round_tuning_mrpc_client_count/tuning-ffa-mrpc_stratified-roberta-base-homo-e20-r150/seed0/10/44/round_config.json
ffa,Nonlinear FFA,mrpc_stratified,MRPC stratified,roberta-base,RoBERTa-base,homo,Homo,20,150,0,10,10,45,46,84.55882352941177,"0, 1, 2, 3, 4, 5, 6, 7, 8, 9",4,4,ffa_global_B,,epoch_round_tuning_mrpc_client_count/tuning-ffa-mrpc_stratified-roberta-base-homo-e20-r150/seed0/10/45/round_config.json
ffa,Nonlinear FFA,mrpc_stratified,MRPC stratified,roberta-base,RoBERTa-base,homo,Homo,20,150,0,10,10,46,47,84.31372549019608,"0, 1, 2, 3, 4, 5, 6, 7, 8, 9",4,4,ffa_global_B,,epoch_round_tuning_mrpc_client_count/tuning-ffa-mrpc_stratified-roberta-base-homo-e20-r150/seed0/10/46/round_config.json
ffa,Nonlinear FFA,mrpc_stratified,MRPC stratified,roberta-base,RoBERTa-base,homo,Homo,20,150,0,10,10,47,48,84.55882352941177,"0, 1, 2, 3, 4, 5, 6, 7, 8, 9",4,4,ffa_global_B,,epoch_round_tuning_mrpc_client_count/tuning-ffa-mrpc_stratified-roberta-base-homo-e20-r150/seed0/10/47/round_config.json
ffa,Nonlinear FFA,mrpc_stratified,MRPC stratified,roberta-base,RoBERTa-base,homo,Homo,20,150,0,10,10,48,49,84.55882352941177,"0, 1, 2, 3, 4, 5, 6, 7, 8, 9",4,4,ffa_global_B,,epoch_round_tuning_mrpc_client_count/tuning-ffa-mrpc_stratified-roberta-base-homo-e20-r150/seed0/10/48/round_config.json
ffa,Nonlinear FFA,mrpc_stratified,MRPC stratified,roberta-base,RoBERTa-base,homo,Homo,20,150,0,10,10,49,50,84.31372549019608,"0, 1, 2, 3, 4, 5, 6, 7, 8, 9",4,4,ffa_global_B,,epoch_round_tuning_mrpc_client_count/tuning-ffa-mrpc_stratified-roberta-base-homo-e20-r150/seed0/10/49/round_config.json
ffa,Nonlinear FFA,mrpc_stratified,MRPC stratified,roberta-base,RoBERTa-base,homo,Homo,20,150,0,10,10,50,51,84.06862745098039,"0, 1, 2, 3, 4, 5, 6, 7, 8, 9",4,4,ffa_global_B,,epoch_round_tuning_mrpc_client_count/tuning-ffa-mrpc_stratified-roberta-base-homo-e20-r150/seed0/10/50/round_config.json
ffa,Nonlinear FFA,mrpc_stratified,MRPC stratified,roberta-base,RoBERTa-base,homo,Homo,20,150,0,10,10,51,52,84.55882352941177,"0, 1, 2, 3, 4, 5, 6, 7, 8, 9",4,4,ffa_global_B,,epoch_round_tuning_mrpc_client_count/tuning-ffa-mrpc_stratified-roberta-base-homo-e20-r150/seed0/10/51/round_config.json
ffa,Nonlinear FFA,mrpc_stratified,MRPC stratified,roberta-base,RoBERTa-base,homo,Homo,20,150,0,10,10,52,53,84.80392156862744,"0, 1, 2, 3, 4, 5, 6, 7, 8, 9",4,4,ffa_global_B,,epoch_round_tuning_mrpc_client_count/tuning-ffa-mrpc_stratified-roberta-base-homo-e20-r150/seed0/10/52/round_config.json
ffa,Nonlinear FFA,mrpc_stratified,MRPC stratified,roberta-base,RoBERTa-base,homo,Homo,20,150,0,10,10,53,54,84.55882352941177,"0, 1, 2, 3, 4, 5, 6, 7, 8, 9",4,4,ffa_global_B,,epoch_round_tuning_mrpc_client_count/tuning-ffa-mrpc_stratified-roberta-base-homo-e20-r150/seed0/10/53/round_config.json
ffa,Nonlinear FFA,mrpc_stratified,MRPC stratified,roberta-base,RoBERTa-base,homo,Homo,20,150,0,10,10,54,55,85.04901960784314,"0, 1, 2, 3, 4, 5, 6, 7, 8, 9",4,4,ffa_global_B,,epoch_round_tuning_mrpc_client_count/tuning-ffa-mrpc_stratified-roberta-base-homo-e20-r150/seed0/10/54/round_config.json
ffa,Nonlinear FFA,mrpc_stratified,MRPC stratified,roberta-base,RoBERTa-base,homo,Homo,20,150,0,10,10,55,56,84.80392156862744,"0, 1, 2, 3, 4, 5, 6, 7, 8, 9",4,4,ffa_global_B,,epoch_round_tuning_mrpc_client_count/tuning-ffa-mrpc_stratified-roberta-base-homo-e20-r150/seed0/10/55/round_config.json
ffa,Nonlinear FFA,mrpc_stratified,MRPC stratified,roberta-base,RoBERTa-base,homo,Homo,20,150,0,10,10,56,57,84.31372549019608,"0, 1, 2, 3, 4, 5, 6, 7, 8, 9",4,4,ffa_global_B,,epoch_round_tuning_mrpc_client_count/tuning-ffa-mrpc_stratified-roberta-base-homo-e20-r150/seed0/10/56/round_config.json
ffa,Nonlinear FFA,mrpc_stratified,MRPC stratified,roberta-base,RoBERTa-base,homo,Homo,20,150,0,10,10,57,58,84.55882352941177,"0, 1, 2, 3, 4, 5, 6, 7, 8, 9",4,4,ffa_global_B,,epoch_round_tuning_mrpc_client_count/tuning-ffa-mrpc_stratified-roberta-base-homo-e20-r150/seed0/10/57/round_config.json
ffa,Nonlinear FFA,mrpc_stratified,MRPC stratified,roberta-base,RoBERTa-base,homo,Homo,20,150,0,10,10,58,59,83.57843137254902,"0, 1, 2, 3, 4, 5, 6, 7, 8, 9",4,4,ffa_global_B,,epoch_round_tuning_mrpc_client_count/tuning-ffa-mrpc_stratified-roberta-base-homo-e20-r150/seed0/10/58/round_config.json
ffa,Nonlinear FFA,mrpc_stratified,MRPC stratified,roberta-base,RoBERTa-base,homo,Homo,20,150,0,10,10,59,60,84.06862745098039,"0, 1, 2, 3, 4, 5, 6, 7, 8, 9",4,4,ffa_global_B,,epoch_round_tuning_mrpc_client_count/tuning-ffa-mrpc_stratified-roberta-base-homo-e20-r150/seed0/10/59/round_config.json
ffa,Nonlinear FFA,mrpc_stratified,MRPC stratified,roberta-base,RoBERTa-base,homo,Homo,20,150,0,10,10,60,61,83.57843137254902,"0, 1, 2, 3, 4, 5, 6, 7, 8, 9",4,4,ffa_global_B,,epoch_round_tuning_mrpc_client_count/tuning-ffa-mrpc_stratified-roberta-base-homo-e20-r150/seed0/10/60/round_config.json
ffa,Nonlinear FFA,mrpc_stratified,MRPC stratified,roberta-base,RoBERTa-base,homo,Homo,20,150,0,10,10,61,62,84.06862745098039,"0, 1, 2, 3, 4, 5, 6, 7, 8, 9",4,4,ffa_global_B,,epoch_round_tuning_mrpc_client_count/tuning-ffa-mrpc_stratified-roberta-base-homo-e20-r150/seed0/10/61/round_config.json
ffa,Nonlinear FFA,mrpc_stratified,MRPC stratified,roberta-base,RoBERTa-base,homo,Homo,20,150,0,10,10,62,63,83.82352941176471,"0, 1, 2, 3, 4, 5, 6, 7, 8, 9",4,4,ffa_global_B,,epoch_round_tuning_mrpc_client_count/tuning-ffa-mrpc_stratified-roberta-base-homo-e20-r150/seed0/10/62/round_config.json
ffa,Nonlinear FFA,mrpc_stratified,MRPC stratified,roberta-base,RoBERTa-base,homo,Homo,20,150,0,10,10,63,64,84.06862745098039,"0, 1, 2, 3, 4, 5, 6, 7, 8, 9",4,4,ffa_global_B,,epoch_round_tuning_mrpc_client_count/tuning-ffa-mrpc_stratified-roberta-base-homo-e20-r150/seed0/10/63/round_config.json
ffa,Nonlinear FFA,mrpc_stratified,MRPC stratified,roberta-base,RoBERTa-base,homo,Homo,20,150,0,10,10,64,65,84.06862745098039,"0, 1, 2, 3, 4, 5, 6, 7, 8, 9",4,4,ffa_global_B,,epoch_round_tuning_mrpc_client_count/tuning-ffa-mrpc_stratified-roberta-base-homo-e20-r150/seed0/10/64/round_config.json
ffa,Nonlinear FFA,mrpc_stratified,MRPC stratified,roberta-base,RoBERTa-base,homo,Homo,20,150,0,10,10,65,66,83.82352941176471,"0, 1, 2, 3, 4, 5, 6, 7, 8, 9",4,4,ffa_global_B,,epoch_round_tuning_mrpc_client_count/tuning-ffa-mrpc_stratified-roberta-base-homo-e20-r150/seed0/10/65/round_config.json
ffa,Nonlinear FFA,mrpc_stratified,MRPC stratified,roberta-base,RoBERTa-base,homo,Homo,20,150,0,10,10,66,67,83.82352941176471,"0, 1, 2, 3, 4, 5, 6, 7, 8, 9",4,4,ffa_global_B,,epoch_round_tuning_mrpc_client_count/tuning-ffa-mrpc_stratified-roberta-base-homo-e20-r150/seed0/10/66/round_config.json
ffa,Nonlinear FFA,mrpc_stratified,MRPC stratified,roberta-base,RoBERTa-base,homo,Homo,20,150,0,10,10,67,68,83.57843137254902,"0, 1, 2, 3, 4, 5, 6, 7, 8, 9",4,4,ffa_global_B,,epoch_round_tuning_mrpc_client_count/tuning-ffa-mrpc_stratified-roberta-base-homo-e20-r150/seed0/10/67/round_config.json
ffa,Nonlinear FFA,mrpc_stratified,MRPC stratified,roberta-base,RoBERTa-base,homo,Homo,20,150,0,10,10,68,69,84.06862745098039,"0, 1, 2, 3, 4, 5, 6, 7, 8, 9",4,4,ffa_global_B,,epoch_round_tuning_mrpc_client_count/tuning-ffa-mrpc_stratified-roberta-base-homo-e20-r150/seed0/10/68/round_config.json
ffa,Nonlinear FFA,mrpc_stratified,MRPC stratified,roberta-base,RoBERTa-base,homo,Homo,20,150,0,10,10,69,70,83.82352941176471,"0, 1, 2, 3, 4, 5, 6, 7, 8, 9",4,4,ffa_global_B,,epoch_round_tuning_mrpc_client_count/tuning-ffa-mrpc_stratified-roberta-base-homo-e20-r150/seed0/10/69/round_config.json
ffa,Nonlinear FFA,mrpc_stratified,MRPC stratified,roberta-base,RoBERTa-base,homo,Homo,20,150,0,10,10,70,71,83.82352941176471,"0, 1, 2, 3, 4, 5, 6, 7, 8, 9",4,4,ffa_global_B,,epoch_round_tuning_mrpc_client_count/tuning-ffa-mrpc_stratified-roberta-base-homo-e20-r150/seed0/10/70/round_config.json
ffa,Nonlinear FFA,mrpc_stratified,MRPC stratified,roberta-base,RoBERTa-base,homo,Homo,20,150,0,10,10,71,72,83.57843137254902,"0, 1, 2, 3, 4, 5, 6, 7, 8, 9",4,4,ffa_global_B,,epoch_round_tuning_mrpc_client_count/tuning-ffa-mrpc_stratified-roberta-base-homo-e20-r150/seed0/10/71/round_config.json
ffa,Nonlinear FFA,mrpc_stratified,MRPC stratified,roberta-base,RoBERTa-base,homo,Homo,20,150,0,10,10,72,73,84.06862745098039,"0, 1, 2, 3, 4, 5, 6, 7, 8, 9",4,4,ffa_global_B,,epoch_round_tuning_mrpc_client_count/tuning-ffa-mrpc_stratified-roberta-base-homo-e20-r150/seed0/10/72/round_config.json
ffa,Nonlinear FFA,mrpc_stratified,MRPC stratified,roberta-base,RoBERTa-base,homo,Homo,20,150,0,10,10,73,74,84.31372549019608,"0, 1, 2, 3, 4, 5, 6, 7, 8, 9",4,4,ffa_global_B,,epoch_round_tuning_mrpc_client_count/tuning-ffa-mrpc_stratified-roberta-base-homo-e20-r150/seed0/10/73/round_config.json
ffa,Nonlinear FFA,mrpc_stratified,MRPC stratified,roberta-base,RoBERTa-base,homo,Homo,20,150,0,10,10,74,75,84.06862745098039,"0, 1, 2, 3, 4, 5, 6, 7, 8, 9",4,4,ffa_global_B,,epoch_round_tuning_mrpc_client_count/tuning-ffa-mrpc_stratified-roberta-base-homo-e20-r150/seed0/10/74/round_config.json
ffa,Nonlinear FFA,mrpc_stratified,MRPC stratified,roberta-base,RoBERTa-base,homo,Homo,20,150,0,10,10,75,76,84.06862745098039,"0, 1, 2, 3, 4, 5, 6, 7, 8, 9",4,4,ffa_global_B,,epoch_round_tuning_mrpc_client_count/tuning-ffa-mrpc_stratified-roberta-base-homo-e20-r150/seed0/10/75/round_config.json
ffa,Nonlinear FFA,mrpc_stratified,MRPC stratified,roberta-base,RoBERTa-base,homo,Homo,20,150,0,10,10,76,77,83.82352941176471,"0, 1, 2, 3, 4, 5, 6, 7, 8, 9",4,4,ffa_global_B,,epoch_round_tuning_mrpc_client_count/tuning-ffa-mrpc_stratified-roberta-base-homo-e20-r150/seed0/10/76/round_config.json
ffa,Nonlinear FFA,mrpc_stratified,MRPC stratified,roberta-base,RoBERTa-base,homo,Homo,20,150,0,10,10,77,78,84.06862745098039,"0, 1, 2, 3, 4, 5, 6, 7, 8, 9",4,4,ffa_global_B,,epoch_round_tuning_mrpc_client_count/tuning-ffa-mrpc_stratified-roberta-base-homo-e20-r150/seed0/10/77/round_config.json
ffa,Nonlinear FFA,mrpc_stratified,MRPC stratified,roberta-base,RoBERTa-base,homo,Homo,20,150,0,10,10,78,79,83.82352941176471,"0, 1, 2, 3, 4, 5, 6, 7, 8, 9",4,4,ffa_global_B,,epoch_round_tuning_mrpc_client_count/tuning-ffa-mrpc_stratified-roberta-base-homo-e20-r150/seed0/10/78/round_config.json
ffa,Nonlinear FFA,mrpc_stratified,MRPC stratified,roberta-base,RoBERTa-base,homo,Homo,20,150,0,10,10,79,80,84.06862745098039,"0, 1, 2, 3, 4, 5, 6, 7, 8, 9",4,4,ffa_global_B,,epoch_round_tuning_mrpc_client_count/tuning-ffa-mrpc_stratified-roberta-base-homo-e20-r150/seed0/10/79/round_config.json
ffa,Nonlinear FFA,mrpc_stratified,MRPC stratified,roberta-base,RoBERTa-base,homo,Homo,20,150,0,10,10,80,81,83.82352941176471,"0, 1, 2, 3, 4, 5, 6, 7, 8, 9",4,4,ffa_global_B,,epoch_round_tuning_mrpc_client_count/tuning-ffa-mrpc_stratified-roberta-base-homo-e20-r150/seed0/10/80/round_config.json
ffa,Nonlinear FFA,mrpc_stratified,MRPC stratified,roberta-base,RoBERTa-base,homo,Homo,20,150,0,10,10,81,82,84.31372549019608,"0, 1, 2, 3, 4, 5, 6, 7, 8, 9",4,4,ffa_global_B,,epoch_round_tuning_mrpc_client_count/tuning-ffa-mrpc_stratified-roberta-base-homo-e20-r150/seed0/10/81/round_config.json
ffa,Nonlinear FFA,mrpc_stratified,MRPC stratified,roberta-base,RoBERTa-base,homo,Homo,20,150,0,10,10,82,83,84.55882352941177,"0, 1, 2, 3, 4, 5, 6, 7, 8, 9",4,4,ffa_global_B,,epoch_round_tuning_mrpc_client_count/tuning-ffa-mrpc_stratified-roberta-base-homo-e20-r150/seed0/10/82/round_config.json
ffa,Nonlinear FFA,mrpc_stratified,MRPC stratified,roberta-base,RoBERTa-base,homo,Homo,20,150,0,10,10,83,84,84.31372549019608,"0, 1, 2, 3, 4, 5, 6, 7, 8, 9",4,4,ffa_global_B,,epoch_round_tuning_mrpc_client_count/tuning-ffa-mrpc_stratified-roberta-base-homo-e20-r150/seed0/10/83/round_config.json
ffa,Nonlinear FFA,mrpc_stratified,MRPC stratified,roberta-base,RoBERTa-base,homo,Homo,20,150,0,10,10,84,85,84.31372549019608,"0, 1, 2, 3, 4, 5, 6, 7, 8, 9",4,4,ffa_global_B,,epoch_round_tuning_mrpc_client_count/tuning-ffa-mrpc_stratified-roberta-base-homo-e20-r150/seed0/10/84/round_config.json
ffa,Nonlinear FFA,mrpc_stratified,MRPC stratified,roberta-base,RoBERTa-base,homo,Homo,20,150,0,10,10,85,86,84.55882352941177,"0, 1, 2, 3, 4, 5, 6, 7, 8, 9",4,4,ffa_global_B,,epoch_round_tuning_mrpc_client_count/tuning-ffa-mrpc_stratified-roberta-base-homo-e20-r150/seed0/10/85/round_config.json
ffa,Nonlinear FFA,mrpc_stratified,MRPC stratified,roberta-base,RoBERTa-base,homo,Homo,20,150,0,10,10,86,87,84.80392156862744,"0, 1, 2, 3, 4, 5, 6, 7, 8, 9",4,4,ffa_global_B,,epoch_round_tuning_mrpc_client_count/tuning-ffa-mrpc_stratified-roberta-base-homo-e20-r150/seed0/10/86/round_config.json
ffa,Nonlinear FFA,mrpc_stratified,MRPC stratified,roberta-base,RoBERTa-base,homo,Homo,20,150,0,10,10,87,88,84.55882352941177,"0, 1, 2, 3, 4, 5, 6, 7, 8, 9",4,4,ffa_global_B,,epoch_round_tuning_mrpc_client_count/tuning-ffa-mrpc_stratified-roberta-base-homo-e20-r150/seed0/10/87/round_config.json
ffa,Nonlinear FFA,mrpc_stratified,MRPC stratified,roberta-base,RoBERTa-base,homo,Homo,20,150,0,10,10,88,89,84.31372549019608,"0, 1, 2, 3, 4, 5, 6, 7, 8, 9",4,4,ffa_global_B,,epoch_round_tuning_mrpc_client_count/tuning-ffa-mrpc_stratified-roberta-base-homo-e20-r150/seed0/10/88/round_config.json
ffa,Nonlinear FFA,mrpc_stratified,MRPC stratified,roberta-base,RoBERTa-base,homo,Homo,20,150,0,10,10,89,90,84.06862745098039,"0, 1, 2, 3, 4, 5, 6, 7, 8, 9",4,4,ffa_global_B,,epoch_round_tuning_mrpc_client_count/tuning-ffa-mrpc_stratified-roberta-base-homo-e20-r150/seed0/10/89/round_config.json
ffa,Nonlinear FFA,mrpc_stratified,MRPC stratified,roberta-base,RoBERTa-base,homo,Homo,20,150,0,10,10,90,91,83.82352941176471,"0, 1, 2, 3, 4, 5, 6, 7, 8, 9",4,4,ffa_global_B,,epoch_round_tuning_mrpc_client_count/tuning-ffa-mrpc_stratified-roberta-base-homo-e20-r150/seed0/10/90/round_config.json
ffa,Nonlinear FFA,mrpc_stratified,MRPC stratified,roberta-base,RoBERTa-base,homo,Homo,20,150,0,10,10,91,92,84.55882352941177,"0, 1, 2, 3, 4, 5, 6, 7, 8, 9",4,4,ffa_global_B,,epoch_round_tuning_mrpc_client_count/tuning-ffa-mrpc_stratified-roberta-base-homo-e20-r150/seed0/10/91/round_config.json
ffa,Nonlinear FFA,mrpc_stratified,MRPC stratified,roberta-base,RoBERTa-base,homo,Homo,20,150,0,10,10,92,93,84.80392156862744,"0, 1, 2, 3, 4, 5, 6, 7, 8, 9",4,4,ffa_global_B,,epoch_round_tuning_mrpc_client_count/tuning-ffa-mrpc_stratified-roberta-base-homo-e20-r150/seed0/10/92/round_config.json
ffa,Nonlinear FFA,mrpc_stratified,MRPC stratified,roberta-base,RoBERTa-base,homo,Homo,20,150,0,10,10,93,94,84.31372549019608,"0, 1, 2, 3, 4, 5, 6, 7, 8, 9",4,4,ffa_global_B,,epoch_round_tuning_mrpc_client_count/tuning-ffa-mrpc_stratified-roberta-base-homo-e20-r150/seed0/10/93/round_config.json
ffa,Nonlinear FFA,mrpc_stratified,MRPC stratified,roberta-base,RoBERTa-base,homo,Homo,20,150,0,10,10,94,95,84.06862745098039,"0, 1, 2, 3, 4, 5, 6, 7, 8, 9",4,4,ffa_global_B,,epoch_round_tuning_mrpc_client_count/tuning-ffa-mrpc_stratified-roberta-base-homo-e20-r150/seed0/10/94/round_config.json
ffa,Nonlinear FFA,mrpc_stratified,MRPC stratified,roberta-base,RoBERTa-base,homo,Homo,20,150,0,10,10,95,96,84.31372549019608,"0, 1, 2, 3, 4, 5, 6, 7, 8, 9",4,4,ffa_global_B,,epoch_round_tuning_mrpc_client_count/tuning-ffa-mrpc_stratified-roberta-base-homo-e20-r150/seed0/10/95/round_config.json
ffa,Nonlinear FFA,mrpc_stratified,MRPC stratified,roberta-base,RoBERTa-base,homo,Homo,20,150,0,10,10,96,97,84.06862745098039,"0, 1, 2, 3, 4, 5, 6, 7, 8, 9",4,4,ffa_global_B,,epoch_round_tuning_mrpc_client_count/tuning-ffa-mrpc_stratified-roberta-base-homo-e20-r150/seed0/10/96/round_config.json
ffa,Nonlinear FFA,mrpc_stratified,MRPC stratified,roberta-base,RoBERTa-base,homo,Homo,20,150,0,10,10,97,98,84.31372549019608,"0, 1, 2, 3, 4, 5, 6, 7, 8, 9",4,4,ffa_global_B,,epoch_round_tuning_mrpc_client_count/tuning-ffa-mrpc_stratified-roberta-base-homo-e20-r150/seed0/10/97/round_config.json
ffa,Nonlinear FFA,mrpc_stratified,MRPC stratified,roberta-base,RoBERTa-base,homo,Homo,20,150,0,10,10,98,99,84.31372549019608,"0, 1, 2, 3, 4, 5, 6, 7, 8, 9",4,4,ffa_global_B,,epoch_round_tuning_mrpc_client_count/tuning-ffa-mrpc_stratified-roberta-base-homo-e20-r150/seed0/10/98/round_config.json
ffa,Nonlinear FFA,mrpc_stratified,MRPC stratified,roberta-base,RoBERTa-base,homo,Homo,20,150,0,10,10,99,100,84.06862745098039,"0, 1, 2, 3, 4, 5, 6, 7, 8, 9",4,4,ffa_global_B,,epoch_round_tuning_mrpc_client_count/tuning-ffa-mrpc_stratified-roberta-base-homo-e20-r150/seed0/10/99/round_config.json
ffa,Nonlinear FFA,mrpc_stratified,MRPC stratified,roberta-base,RoBERTa-base,homo,Homo,20,150,0,10,10,100,101,84.55882352941177,"0, 1, 2, 3, 4, 5, 6, 7, 8, 9",4,4,ffa_global_B,,epoch_round_tuning_mrpc_client_count/tuning-ffa-mrpc_stratified-roberta-base-homo-e20-r150/seed0/10/100/round_config.json
ffa,Nonlinear FFA,mrpc_stratified,MRPC stratified,roberta-base,RoBERTa-base,homo,Homo,20,150,0,10,10,101,102,83.82352941176471,"0, 1, 2, 3, 4, 5, 6, 7, 8, 9",4,4,ffa_global_B,,epoch_round_tuning_mrpc_client_count/tuning-ffa-mrpc_stratified-roberta-base-homo-e20-r150/seed0/10/101/round_config.json
ffa,Nonlinear FFA,mrpc_stratified,MRPC stratified,roberta-base,RoBERTa-base,homo,Homo,20,150,0,10,10,102,103,84.55882352941177,"0, 1, 2, 3, 4, 5, 6, 7, 8, 9",4,4,ffa_global_B,,epoch_round_tuning_mrpc_client_count/tuning-ffa-mrpc_stratified-roberta-base-homo-e20-r150/seed0/10/102/round_config.json
ffa,Nonlinear FFA,mrpc_stratified,MRPC stratified,roberta-base,RoBERTa-base,homo,Homo,20,150,0,10,10,103,104,84.06862745098039,"0, 1, 2, 3, 4, 5, 6, 7, 8, 9",4,4,ffa_global_B,,epoch_round_tuning_mrpc_client_count/tuning-ffa-mrpc_stratified-roberta-base-homo-e20-r150/seed0/10/103/round_config.json
ffa,Nonlinear FFA,mrpc_stratified,MRPC stratified,roberta-base,RoBERTa-base,homo,Homo,20,150,0,10,10,104,105,83.57843137254902,"0, 1, 2, 3, 4, 5, 6, 7, 8, 9",4,4,ffa_global_B,,epoch_round_tuning_mrpc_client_count/tuning-ffa-mrpc_stratified-roberta-base-homo-e20-r150/seed0/10/104/round_config.json
ffa,Nonlinear FFA,mrpc_stratified,MRPC stratified,roberta-base,RoBERTa-base,homo,Homo,20,150,0,10,10,105,106,84.31372549019608,"0, 1, 2, 3, 4, 5, 6, 7, 8, 9",4,4,ffa_global_B,,epoch_round_tuning_mrpc_client_count/tuning-ffa-mrpc_stratified-roberta-base-homo-e20-r150/seed0/10/105/round_config.json
ffa,Nonlinear FFA,mrpc_stratified,MRPC stratified,roberta-base,RoBERTa-base,homo,Homo,20,150,0,10,10,106,107,84.06862745098039,"0, 1, 2, 3, 4, 5, 6, 7, 8, 9",4,4,ffa_global_B,,epoch_round_tuning_mrpc_client_count/tuning-ffa-mrpc_stratified-roberta-base-homo-e20-r150/seed0/10/106/round_config.json
ffa,Nonlinear FFA,mrpc_stratified,MRPC stratified,roberta-base,RoBERTa-base,homo,Homo,20,150,0,10,10,107,108,84.31372549019608,"0, 1, 2, 3, 4, 5, 6, 7, 8, 9",4,4,ffa_global_B,,epoch_round_tuning_mrpc_client_count/tuning-ffa-mrpc_stratified-roberta-base-homo-e20-r150/seed0/10/107/round_config.json
ffa,Nonlinear FFA,mrpc_stratified,MRPC stratified,roberta-base,RoBERTa-base,homo,Homo,20,150,0,10,10,108,109,84.31372549019608,"0, 1, 2, 3, 4, 5, 6, 7, 8, 9",4,4,ffa_global_B,,epoch_round_tuning_mrpc_client_count/tuning-ffa-mrpc_stratified-roberta-base-homo-e20-r150/seed0/10/108/round_config.json
ffa,Nonlinear FFA,mrpc_stratified,MRPC stratified,roberta-base,RoBERTa-base,homo,Homo,20,150,0,10,10,109,110,84.06862745098039,"0, 1, 2, 3, 4, 5, 6, 7, 8, 9",4,4,ffa_global_B,,epoch_round_tuning_mrpc_client_count/tuning-ffa-mrpc_stratified-roberta-base-homo-e20-r150/seed0/10/109/round_config.json
ffa,Nonlinear FFA,mrpc_stratified,MRPC stratified,roberta-base,RoBERTa-base,homo,Homo,20,150,0,10,10,110,111,83.82352941176471,"0, 1, 2, 3, 4, 5, 6, 7, 8, 9",4,4,ffa_global_B,,epoch_round_tuning_mrpc_client_count/tuning-ffa-mrpc_stratified-roberta-base-homo-e20-r150/seed0/10/110/round_config.json
ffa,Nonlinear FFA,mrpc_stratified,MRPC stratified,roberta-base,RoBERTa-base,homo,Homo,20,150,0,10,10,111,112,83.33333333333334,"0, 1, 2, 3, 4, 5, 6, 7, 8, 9",4,4,ffa_global_B,,epoch_round_tuning_mrpc_client_count/tuning-ffa-mrpc_stratified-roberta-base-homo-e20-r150/seed0/10/111/round_config.json
ffa,Nonlinear FFA,mrpc_stratified,MRPC stratified,roberta-base,RoBERTa-base,homo,Homo,20,150,0,10,10,112,113,84.06862745098039,"0, 1, 2, 3, 4, 5, 6, 7, 8, 9",4,4,ffa_global_B,,epoch_round_tuning_mrpc_client_count/tuning-ffa-mrpc_stratified-roberta-base-homo-e20-r150/seed0/10/112/round_config.json
ffa,Nonlinear FFA,mrpc_stratified,MRPC stratified,roberta-base,RoBERTa-base,homo,Homo,20,150,0,10,10,113,114,84.06862745098039,"0, 1, 2, 3, 4, 5, 6, 7, 8, 9",4,4,ffa_global_B,,epoch_round_tuning_mrpc_client_count/tuning-ffa-mrpc_stratified-roberta-base-homo-e20-r150/seed0/10/113/round_config.json
ffa,Nonlinear FFA,mrpc_stratified,MRPC stratified,roberta-base,RoBERTa-base,homo,Homo,20,150,0,10,10,114,115,83.82352941176471,"0, 1, 2, 3, 4, 5, 6, 7, 8, 9",4,4,ffa_global_B,,epoch_round_tuning_mrpc_client_count/tuning-ffa-mrpc_stratified-roberta-base-homo-e20-r150/seed0/10/114/round_config.json
ffa,Nonlinear FFA,mrpc_stratified,MRPC stratified,roberta-base,RoBERTa-base,homo,Homo,20,150,0,10,10,115,116,84.55882352941177,"0, 1, 2, 3, 4, 5, 6, 7, 8, 9",4,4,ffa_global_B,,epoch_round_tuning_mrpc_client_count/tuning-ffa-mrpc_stratified-roberta-base-homo-e20-r150/seed0/10/115/round_config.json
ffa,Nonlinear FFA,mrpc_stratified,MRPC stratified,roberta-base,RoBERTa-base,homo,Homo,20,150,0,10,10,116,117,83.82352941176471,"0, 1, 2, 3, 4, 5, 6, 7, 8, 9",4,4,ffa_global_B,,epoch_round_tuning_mrpc_client_count/tuning-ffa-mrpc_stratified-roberta-base-homo-e20-r150/seed0/10/116/round_config.json
ffa,Nonlinear FFA,mrpc_stratified,MRPC stratified,roberta-base,RoBERTa-base,homo,Homo,20,150,0,10,10,117,118,84.55882352941177,"0, 1, 2, 3, 4, 5, 6, 7, 8, 9",4,4,ffa_global_B,,epoch_round_tuning_mrpc_client_count/tuning-ffa-mrpc_stratified-roberta-base-homo-e20-r150/seed0/10/117/round_config.json
ffa,Nonlinear FFA,mrpc_stratified,MRPC stratified,roberta-base,RoBERTa-base,homo,Homo,20,150,0,10,10,118,119,84.80392156862744,"0, 1, 2, 3, 4, 5, 6, 7, 8, 9",4,4,ffa_global_B,,epoch_round_tuning_mrpc_client_count/tuning-ffa-mrpc_stratified-roberta-base-homo-e20-r150/seed0/10/118/round_config.json
ffa,Nonlinear FFA,mrpc_stratified,MRPC stratified,roberta-base,RoBERTa-base,homo,Homo,20,150,0,10,10,119,120,84.31372549019608,"0, 1, 2, 3, 4, 5, 6, 7, 8, 9",4,4,ffa_global_B,,epoch_round_tuning_mrpc_client_count/tuning-ffa-mrpc_stratified-roberta-base-homo-e20-r150/seed0/10/119/round_config.json
ffa,Nonlinear FFA,mrpc_stratified,MRPC stratified,roberta-base,RoBERTa-base,homo,Homo,20,150,0,10,10,120,121,84.80392156862744,"0, 1, 2, 3, 4, 5, 6, 7, 8, 9",4,4,ffa_global_B,,epoch_round_tuning_mrpc_client_count/tuning-ffa-mrpc_stratified-roberta-base-homo-e20-r150/seed0/10/120/round_config.json
ffa,Nonlinear FFA,mrpc_stratified,MRPC stratified,roberta-base,RoBERTa-base,homo,Homo,20,150,0,10,10,121,122,84.31372549019608,"0, 1, 2, 3, 4, 5, 6, 7, 8, 9",4,4,ffa_global_B,,epoch_round_tuning_mrpc_client_count/tuning-ffa-mrpc_stratified-roberta-base-homo-e20-r150/seed0/10/121/round_config.json
ffa,Nonlinear FFA,mrpc_stratified,MRPC stratified,roberta-base,RoBERTa-base,homo,Homo,20,150,0,10,10,122,123,84.31372549019608,"0, 1, 2, 3, 4, 5, 6, 7, 8, 9",4,4,ffa_global_B,,epoch_round_tuning_mrpc_client_count/tuning-ffa-mrpc_stratified-roberta-base-homo-e20-r150/seed0/10/122/round_config.json
ffa,Nonlinear FFA,mrpc_stratified,MRPC stratified,roberta-base,RoBERTa-base,homo,Homo,20,150,0,10,10,123,124,84.31372549019608,"0, 1, 2, 3, 4, 5, 6, 7, 8, 9",4,4,ffa_global_B,,epoch_round_tuning_mrpc_client_count/tuning-ffa-mrpc_stratified-roberta-base-homo-e20-r150/seed0/10/123/round_config.json
ffa,Nonlinear FFA,mrpc_stratified,MRPC stratified,roberta-base,RoBERTa-base,homo,Homo,20,150,0,10,10,124,125,84.55882352941177,"0, 1, 2, 3, 4, 5, 6, 7, 8, 9",4,4,ffa_global_B,,epoch_round_tuning_mrpc_client_count/tuning-ffa-mrpc_stratified-roberta-base-homo-e20-r150/seed0/10/124/round_config.json
ffa,Nonlinear FFA,mrpc_stratified,MRPC stratified,roberta-base,RoBERTa-base,homo,Homo,20,150,0,10,10,125,126,84.31372549019608,"0, 1, 2, 3, 4, 5, 6, 7, 8, 9",4,4,ffa_global_B,,epoch_round_tuning_mrpc_client_count/tuning-ffa-mrpc_stratified-roberta-base-homo-e20-r150/seed0/10/125/round_config.json
ffa,Nonlinear FFA,mrpc_stratified,MRPC stratified,roberta-base,RoBERTa-base,homo,Homo,20,150,0,10,10,126,127,84.31372549019608,"0, 1, 2, 3, 4, 5, 6, 7, 8, 9",4,4,ffa_global_B,,epoch_round_tuning_mrpc_client_count/tuning-ffa-mrpc_stratified-roberta-base-homo-e20-r150/seed0/10/126/round_config.json
ffa,Nonlinear FFA,mrpc_stratified,MRPC stratified,roberta-base,RoBERTa-base,homo,Homo,20,150,0,10,10,127,128,84.55882352941177,"0, 1, 2, 3, 4, 5, 6, 7, 8, 9",4,4,ffa_global_B,,epoch_round_tuning_mrpc_client_count/tuning-ffa-mrpc_stratified-roberta-base-homo-e20-r150/seed0/10/127/round_config.json
ffa,Nonlinear FFA,mrpc_stratified,MRPC stratified,roberta-base,RoBERTa-base,homo,Homo,20,150,0,10,10,128,129,83.82352941176471,"0, 1, 2, 3, 4, 5, 6, 7, 8, 9",4,4,ffa_global_B,,epoch_round_tuning_mrpc_client_count/tuning-ffa-mrpc_stratified-roberta-base-homo-e20-r150/seed0/10/128/round_config.json
ffa,Nonlinear FFA,mrpc_stratified,MRPC stratified,roberta-base,RoBERTa-base,homo,Homo,20,150,0,10,10,129,130,84.55882352941177,"0, 1, 2, 3, 4, 5, 6, 7, 8, 9",4,4,ffa_global_B,,epoch_round_tuning_mrpc_client_count/tuning-ffa-mrpc_stratified-roberta-base-homo-e20-r150/seed0/10/129/round_config.json
ffa,Nonlinear FFA,mrpc_stratified,MRPC stratified,roberta-base,RoBERTa-base,homo,Homo,20,150,0,10,10,130,131,84.55882352941177,"0, 1, 2, 3, 4, 5, 6, 7, 8, 9",4,4,ffa_global_B,,epoch_round_tuning_mrpc_client_count/tuning-ffa-mrpc_stratified-roberta-base-homo-e20-r150/seed0/10/130/round_config.json
ffa,Nonlinear FFA,mrpc_stratified,MRPC stratified,roberta-base,RoBERTa-base,homo,Homo,20,150,0,10,10,131,132,83.57843137254902,"0, 1, 2, 3, 4, 5, 6, 7, 8, 9",4,4,ffa_global_B,,epoch_round_tuning_mrpc_client_count/tuning-ffa-mrpc_stratified-roberta-base-homo-e20-r150/seed0/10/131/round_config.json
ffa,Nonlinear FFA,mrpc_stratified,MRPC stratified,roberta-base,RoBERTa-base,homo,Homo,20,150,0,10,10,132,133,83.08823529411765,"0, 1, 2, 3, 4, 5, 6, 7, 8, 9",4,4,ffa_global_B,,epoch_round_tuning_mrpc_client_count/tuning-ffa-mrpc_stratified-roberta-base-homo-e20-r150/seed0/10/132/round_config.json
ffa,Nonlinear FFA,mrpc_stratified,MRPC stratified,roberta-base,RoBERTa-base,homo,Homo,20,150,0,10,10,133,134,84.06862745098039,"0, 1, 2, 3, 4, 5, 6, 7, 8, 9",4,4,ffa_global_B,,epoch_round_tuning_mrpc_client_count/tuning-ffa-mrpc_stratified-roberta-base-homo-e20-r150/seed0/10/133/round_config.json
ffa,Nonlinear FFA,mrpc_stratified,MRPC stratified,roberta-base,RoBERTa-base,homo,Homo,20,150,0,10,10,134,135,84.06862745098039,"0, 1, 2, 3, 4, 5, 6, 7, 8, 9",4,4,ffa_global_B,,epoch_round_tuning_mrpc_client_count/tuning-ffa-mrpc_stratified-roberta-base-homo-e20-r150/seed0/10/134/round_config.json
ffa,Nonlinear FFA,mrpc_stratified,MRPC stratified,roberta-base,RoBERTa-base,homo,Homo,20,150,0,10,10,135,136,84.31372549019608,"0, 1, 2, 3, 4, 5, 6, 7, 8, 9",4,4,ffa_global_B,,epoch_round_tuning_mrpc_client_count/tuning-ffa-mrpc_stratified-roberta-base-homo-e20-r150/seed0/10/135/round_config.json
ffa,Nonlinear FFA,mrpc_stratified,MRPC stratified,roberta-base,RoBERTa-base,homo,Homo,20,150,0,10,10,136,137,84.06862745098039,"0, 1, 2, 3, 4, 5, 6, 7, 8, 9",4,4,ffa_global_B,,epoch_round_tuning_mrpc_client_count/tuning-ffa-mrpc_stratified-roberta-base-homo-e20-r150/seed0/10/136/round_config.json
ffa,Nonlinear FFA,mrpc_stratified,MRPC stratified,roberta-base,RoBERTa-base,homo,Homo,20,150,0,10,10,137,138,84.06862745098039,"0, 1, 2, 3, 4, 5, 6, 7, 8, 9",4,4,ffa_global_B,,epoch_round_tuning_mrpc_client_count/tuning-ffa-mrpc_stratified-roberta-base-homo-e20-r150/seed0/10/137/round_config.json
ffa,Nonlinear FFA,mrpc_stratified,MRPC stratified,roberta-base,RoBERTa-base,homo,Homo,20,150,0,10,10,138,139,84.31372549019608,"0, 1, 2, 3, 4, 5, 6, 7, 8, 9",4,4,ffa_global_B,,epoch_round_tuning_mrpc_client_count/tuning-ffa-mrpc_stratified-roberta-base-homo-e20-r150/seed0/10/138/round_config.json
ffa,Nonlinear FFA,mrpc_stratified,MRPC stratified,roberta-base,RoBERTa-base,homo,Homo,20,150,0,10,10,139,140,83.82352941176471,"0, 1, 2, 3, 4, 5, 6, 7, 8, 9",4,4,ffa_global_B,,epoch_round_tuning_mrpc_client_count/tuning-ffa-mrpc_stratified-roberta-base-homo-e20-r150/seed0/10/139/round_config.json
ffa,Nonlinear FFA,mrpc_stratified,MRPC stratified,roberta-base,RoBERTa-base,homo,Homo,20,150,0,10,10,140,141,84.31372549019608,"0, 1, 2, 3, 4, 5, 6, 7, 8, 9",4,4,ffa_global_B,,epoch_round_tuning_mrpc_client_count/tuning-ffa-mrpc_stratified-roberta-base-homo-e20-r150/seed0/10/140/round_config.json
ffa,Nonlinear FFA,mrpc_stratified,MRPC stratified,roberta-base,RoBERTa-base,homo,Homo,20,150,0,10,10,141,142,84.31372549019608,"0, 1, 2, 3, 4, 5, 6, 7, 8, 9",4,4,ffa_global_B,,epoch_round_tuning_mrpc_client_count/tuning-ffa-mrpc_stratified-roberta-base-homo-e20-r150/seed0/10/141/round_config.json
ffa,Nonlinear FFA,mrpc_stratified,MRPC stratified,roberta-base,RoBERTa-base,homo,Homo,20,150,0,10,10,142,143,83.82352941176471,"0, 1, 2, 3, 4, 5, 6, 7, 8, 9",4,4,ffa_global_B,,epoch_round_tuning_mrpc_client_count/tuning-ffa-mrpc_stratified-roberta-base-homo-e20-r150/seed0/10/142/round_config.json
ffa,Nonlinear FFA,mrpc_stratified,MRPC stratified,roberta-base,RoBERTa-base,homo,Homo,20,150,0,10,10,143,144,83.57843137254902,"0, 1, 2, 3, 4, 5, 6, 7, 8, 9",4,4,ffa_global_B,,epoch_round_tuning_mrpc_client_count/tuning-ffa-mrpc_stratified-roberta-base-homo-e20-r150/seed0/10/143/round_config.json
ffa,Nonlinear FFA,mrpc_stratified,MRPC stratified,roberta-base,RoBERTa-base,homo,Homo,20,150,0,10,10,144,145,84.31372549019608,"0, 1, 2, 3, 4, 5, 6, 7, 8, 9",4,4,ffa_global_B,,epoch_round_tuning_mrpc_client_count/tuning-ffa-mrpc_stratified-roberta-base-homo-e20-r150/seed0/10/144/round_config.json
ffa,Nonlinear FFA,mrpc_stratified,MRPC stratified,roberta-base,RoBERTa-base,homo,Homo,20,150,0,10,10,145,146,83.82352941176471,"0, 1, 2, 3, 4, 5, 6, 7, 8, 9",4,4,ffa_global_B,,epoch_round_tuning_mrpc_client_count/tuning-ffa-mrpc_stratified-roberta-base-homo-e20-r150/seed0/10/145/round_config.json
ffa,Nonlinear FFA,mrpc_stratified,MRPC stratified,roberta-base,RoBERTa-base,homo,Homo,20,150,0,10,10,146,147,84.55882352941177,"0, 1, 2, 3, 4, 5, 6, 7, 8, 9",4,4,ffa_global_B,,epoch_round_tuning_mrpc_client_count/tuning-ffa-mrpc_stratified-roberta-base-homo-e20-r150/seed0/10/146/round_config.json
ffa,Nonlinear FFA,mrpc_stratified,MRPC stratified,roberta-base,RoBERTa-base,homo,Homo,20,150,0,10,10,147,148,84.55882352941177,"0, 1, 2, 3, 4, 5, 6, 7, 8, 9",4,4,ffa_global_B,,epoch_round_tuning_mrpc_client_count/tuning-ffa-mrpc_stratified-roberta-base-homo-e20-r150/seed0/10/147/round_config.json
ffa,Nonlinear FFA,mrpc_stratified,MRPC stratified,roberta-base,RoBERTa-base,homo,Homo,20,150,0,10,10,148,149,84.06862745098039,"0, 1, 2, 3, 4, 5, 6, 7, 8, 9",4,4,ffa_global_B,,epoch_round_tuning_mrpc_client_count/tuning-ffa-mrpc_stratified-roberta-base-homo-e20-r150/seed0/10/148/round_config.json
ffa,Nonlinear FFA,mrpc_stratified,MRPC stratified,roberta-base,RoBERTa-base,homo,Homo,20,150,0,10,10,149,150,84.31372549019608,"0, 1, 2, 3, 4, 5, 6, 7, 8, 9",4,4,ffa_global_B,,epoch_round_tuning_mrpc_client_count/tuning-ffa-mrpc_stratified-roberta-base-homo-e20-r150/seed0/10/149/round_config.json
ffa,Nonlinear FFA,mrpc_stratified,MRPC stratified,roberta-base,RoBERTa-base,homo,Homo,20,150,0,20,20,0,1,68.38235294117648,"0, 1, 2, 3, 4, 5, 6, 7, 8, 9, 10, 11, 12, 13, 14, 15, 16, 17, 18, 19",4,4,ffa_global_B,,epoch_round_tuning_mrpc_client_count/tuning-ffa-mrpc_stratified-roberta-base-homo-e20-r150/seed0/20/0/round_config.json
ffa,Nonlinear FFA,mrpc_stratified,MRPC stratified,roberta-base,RoBERTa-base,homo,Homo,20,150,0,20,20,1,2,70.34313725490196,"0, 1, 2, 3, 4, 5, 6, 7, 8, 9, 10, 11, 12, 13, 14, 15, 16, 17, 18, 19",4,4,ffa_global_B,,epoch_round_tuning_mrpc_client_count/tuning-ffa-mrpc_stratified-roberta-base-homo-e20-r150/seed0/20/1/round_config.json
ffa,Nonlinear FFA,mrpc_stratified,MRPC stratified,roberta-base,RoBERTa-base,homo,Homo,20,150,0,20,20,2,3,71.07843137254902,"0, 1, 2, 3, 4, 5, 6, 7, 8, 9, 10, 11, 12, 13, 14, 15, 16, 17, 18, 19",4,4,ffa_global_B,,epoch_round_tuning_mrpc_client_count/tuning-ffa-mrpc_stratified-roberta-base-homo-e20-r150/seed0/20/2/round_config.json
ffa,Nonlinear FFA,mrpc_stratified,MRPC stratified,roberta-base,RoBERTa-base,homo,Homo,20,150,0,20,20,3,4,74.01960784313727,"0, 1, 2, 3, 4, 5, 6, 7, 8, 9, 10, 11, 12, 13, 14, 15, 16, 17, 18, 19",4,4,ffa_global_B,,epoch_round_tuning_mrpc_client_count/tuning-ffa-mrpc_stratified-roberta-base-homo-e20-r150/seed0/20/3/round_config.json
ffa,Nonlinear FFA,mrpc_stratified,MRPC stratified,roberta-base,RoBERTa-base,homo,Homo,20,150,0,20,20,4,5,74.26470588235294,"0, 1, 2, 3, 4, 5, 6, 7, 8, 9, 10, 11, 12, 13, 14, 15, 16, 17, 18, 19",4,4,ffa_global_B,,epoch_round_tuning_mrpc_client_count/tuning-ffa-mrpc_stratified-roberta-base-homo-e20-r150/seed0/20/4/round_config.json
ffa,Nonlinear FFA,mrpc_stratified,MRPC stratified,roberta-base,RoBERTa-base,homo,Homo,20,150,0,20,20,5,6,75.0,"0, 1, 2, 3, 4, 5, 6, 7, 8, 9, 10, 11, 12, 13, 14, 15, 16, 17, 18, 19",4,4,ffa_global_B,,epoch_round_tuning_mrpc_client_count/tuning-ffa-mrpc_stratified-roberta-base-homo-e20-r150/seed0/20/5/round_config.json
ffa,Nonlinear FFA,mrpc_stratified,MRPC stratified,roberta-base,RoBERTa-base,homo,Homo,20,150,0,20,20,6,7,75.73529411764706,"0, 1, 2, 3, 4, 5, 6, 7, 8, 9, 10, 11, 12, 13, 14, 15, 16, 17, 18, 19",4,4,ffa_global_B,,epoch_round_tuning_mrpc_client_count/tuning-ffa-mrpc_stratified-roberta-base-homo-e20-r150/seed0/20/6/round_config.json
ffa,Nonlinear FFA,mrpc_stratified,MRPC stratified,roberta-base,RoBERTa-base,homo,Homo,20,150,0,20,20,7,8,75.98039215686273,"0, 1, 2, 3, 4, 5, 6, 7, 8, 9, 10, 11, 12, 13, 14, 15, 16, 17, 18, 19",4,4,ffa_global_B,,epoch_round_tuning_mrpc_client_count/tuning-ffa-mrpc_stratified-roberta-base-homo-e20-r150/seed0/20/7/round_config.json
ffa,Nonlinear FFA,mrpc_stratified,MRPC stratified,roberta-base,RoBERTa-base,homo,Homo,20,150,0,20,20,8,9,75.73529411764706,"0, 1, 2, 3, 4, 5, 6, 7, 8, 9, 10, 11, 12, 13, 14, 15, 16, 17, 18, 19",4,4,ffa_global_B,,epoch_round_tuning_mrpc_client_count/tuning-ffa-mrpc_stratified-roberta-base-homo-e20-r150/seed0/20/8/round_config.json
ffa,Nonlinear FFA,mrpc_stratified,MRPC stratified,roberta-base,RoBERTa-base,homo,Homo,20,150,0,20,20,9,10,76.7156862745098,"0, 1, 2, 3, 4, 5, 6, 7, 8, 9, 10, 11, 12, 13, 14, 15, 16, 17, 18, 19",4,4,ffa_global_B,,epoch_round_tuning_mrpc_client_count/tuning-ffa-mrpc_stratified-roberta-base-homo-e20-r150/seed0/20/9/round_config.json
ffa,Nonlinear FFA,mrpc_stratified,MRPC stratified,roberta-base,RoBERTa-base,homo,Homo,20,150,0,20,20,10,11,76.7156862745098,"0, 1, 2, 3, 4, 5, 6, 7, 8, 9, 10, 11, 12, 13, 14, 15, 16, 17, 18, 19",4,4,ffa_global_B,,epoch_round_tuning_mrpc_client_count/tuning-ffa-mrpc_stratified-roberta-base-homo-e20-r150/seed0/20/10/round_config.json
ffa,Nonlinear FFA,mrpc_stratified,MRPC stratified,roberta-base,RoBERTa-base,homo,Homo,20,150,0,20,20,11,12,77.94117647058823,"0, 1, 2, 3, 4, 5, 6, 7, 8, 9, 10, 11, 12, 13, 14, 15, 16, 17, 18, 19",4,4,ffa_global_B,,epoch_round_tuning_mrpc_client_count/tuning-ffa-mrpc_stratified-roberta-base-homo-e20-r150/seed0/20/11/round_config.json
ffa,Nonlinear FFA,mrpc_stratified,MRPC stratified,roberta-base,RoBERTa-base,homo,Homo,20,150,0,20,20,12,13,78.43137254901961,"0, 1, 2, 3, 4, 5, 6, 7, 8, 9, 10, 11, 12, 13, 14, 15, 16, 17, 18, 19",4,4,ffa_global_B,,epoch_round_tuning_mrpc_client_count/tuning-ffa-mrpc_stratified-roberta-base-homo-e20-r150/seed0/20/12/round_config.json
ffa,Nonlinear FFA,mrpc_stratified,MRPC stratified,roberta-base,RoBERTa-base,homo,Homo,20,150,0,20,20,13,14,78.67647058823529,"0, 1, 2, 3, 4, 5, 6, 7, 8, 9, 10, 11, 12, 13, 14, 15, 16, 17, 18, 19",4,4,ffa_global_B,,epoch_round_tuning_mrpc_client_count/tuning-ffa-mrpc_stratified-roberta-base-homo-e20-r150/seed0/20/13/round_config.json
ffa,Nonlinear FFA,mrpc_stratified,MRPC stratified,roberta-base,RoBERTa-base,homo,Homo,20,150,0,20,20,14,15,79.16666666666666,"0, 1, 2, 3, 4, 5, 6, 7, 8, 9, 10, 11, 12, 13, 14, 15, 16, 17, 18, 19",4,4,ffa_global_B,,epoch_round_tuning_mrpc_client_count/tuning-ffa-mrpc_stratified-roberta-base-homo-e20-r150/seed0/20/14/round_config.json
ffa,Nonlinear FFA,mrpc_stratified,MRPC stratified,roberta-base,RoBERTa-base,homo,Homo,20,150,0,20,20,15,16,78.67647058823529,"0, 1, 2, 3, 4, 5, 6, 7, 8, 9, 10, 11, 12, 13, 14, 15, 16, 17, 18, 19",4,4,ffa_global_B,,epoch_round_tuning_mrpc_client_count/tuning-ffa-mrpc_stratified-roberta-base-homo-e20-r150/seed0/20/15/round_config.json
ffa,Nonlinear FFA,mrpc_stratified,MRPC stratified,roberta-base,RoBERTa-base,homo,Homo,20,150,0,20,20,16,17,79.41176470588235,"0, 1, 2, 3, 4, 5, 6, 7, 8, 9, 10, 11, 12, 13, 14, 15, 16, 17, 18, 19",4,4,ffa_global_B,,epoch_round_tuning_mrpc_client_count/tuning-ffa-mrpc_stratified-roberta-base-homo-e20-r150/seed0/20/16/round_config.json
ffa,Nonlinear FFA,mrpc_stratified,MRPC stratified,roberta-base,RoBERTa-base,homo,Homo,20,150,0,20,20,17,18,80.14705882352942,"0, 1, 2, 3, 4, 5, 6, 7, 8, 9, 10, 11, 12, 13, 14, 15, 16, 17, 18, 19",4,4,ffa_global_B,,epoch_round_tuning_mrpc_client_count/tuning-ffa-mrpc_stratified-roberta-base-homo-e20-r150/seed0/20/17/round_config.json
ffa,Nonlinear FFA,mrpc_stratified,MRPC stratified,roberta-base,RoBERTa-base,homo,Homo,20,150,0,20,20,18,19,80.3921568627451,"0, 1, 2, 3, 4, 5, 6, 7, 8, 9, 10, 11, 12, 13, 14, 15, 16, 17, 18, 19",4,4,ffa_global_B,,epoch_round_tuning_mrpc_client_count/tuning-ffa-mrpc_stratified-roberta-base-homo-e20-r150/seed0/20/18/round_config.json
ffa,Nonlinear FFA,mrpc_stratified,MRPC stratified,roberta-base,RoBERTa-base,homo,Homo,20,150,0,20,20,19,20,80.3921568627451,"0, 1, 2, 3, 4, 5, 6, 7, 8, 9, 10, 11, 12, 13, 14, 15, 16, 17, 18, 19",4,4,ffa_global_B,,epoch_round_tuning_mrpc_client_count/tuning-ffa-mrpc_stratified-roberta-base-homo-e20-r150/seed0/20/19/round_config.json
ffa,Nonlinear FFA,mrpc_stratified,MRPC stratified,roberta-base,RoBERTa-base,homo,Homo,20,150,0,20,20,20,21,80.14705882352942,"0, 1, 2, 3, 4, 5, 6, 7, 8, 9, 10, 11, 12, 13, 14, 15, 16, 17, 18, 19",4,4,ffa_global_B,,epoch_round_tuning_mrpc_client_count/tuning-ffa-mrpc_stratified-roberta-base-homo-e20-r150/seed0/20/20/round_config.json
ffa,Nonlinear FFA,mrpc_stratified,MRPC stratified,roberta-base,RoBERTa-base,homo,Homo,20,150,0,20,20,21,22,79.65686274509804,"0, 1, 2, 3, 4, 5, 6, 7, 8, 9, 10, 11, 12, 13, 14, 15, 16, 17, 18, 19",4,4,ffa_global_B,,epoch_round_tuning_mrpc_client_count/tuning-ffa-mrpc_stratified-roberta-base-homo-e20-r150/seed0/20/21/round_config.json
ffa,Nonlinear FFA,mrpc_stratified,MRPC stratified,roberta-base,RoBERTa-base,homo,Homo,20,150,0,20,20,22,23,79.65686274509804,"0, 1, 2, 3, 4, 5, 6, 7, 8, 9, 10, 11, 12, 13, 14, 15, 16, 17, 18, 19",4,4,ffa_global_B,,epoch_round_tuning_mrpc_client_count/tuning-ffa-mrpc_stratified-roberta-base-homo-e20-r150/seed0/20/22/round_config.json
ffa,Nonlinear FFA,mrpc_stratified,MRPC stratified,roberta-base,RoBERTa-base,homo,Homo,20,150,0,20,20,23,24,79.90196078431373,"0, 1, 2, 3, 4, 5, 6, 7, 8, 9, 10, 11, 12, 13, 14, 15, 16, 17, 18, 19",4,4,ffa_global_B,,epoch_round_tuning_mrpc_client_count/tuning-ffa-mrpc_stratified-roberta-base-homo-e20-r150/seed0/20/23/round_config.json
ffa,Nonlinear FFA,mrpc_stratified,MRPC stratified,roberta-base,RoBERTa-base,homo,Homo,20,150,0,20,20,24,25,79.90196078431373,"0, 1, 2, 3, 4, 5, 6, 7, 8, 9, 10, 11, 12, 13, 14, 15, 16, 17, 18, 19",4,4,ffa_global_B,,epoch_round_tuning_mrpc_client_count/tuning-ffa-mrpc_stratified-roberta-base-homo-e20-r150/seed0/20/24/round_config.json
ffa,Nonlinear FFA,mrpc_stratified,MRPC stratified,roberta-base,RoBERTa-base,homo,Homo,20,150,0,20,20,25,26,80.3921568627451,"0, 1, 2, 3, 4, 5, 6, 7, 8, 9, 10, 11, 12, 13, 14, 15, 16, 17, 18, 19",4,4,ffa_global_B,,epoch_round_tuning_mrpc_client_count/tuning-ffa-mrpc_stratified-roberta-base-homo-e20-r150/seed0/20/25/round_config.json
ffa,Nonlinear FFA,mrpc_stratified,MRPC stratified,roberta-base,RoBERTa-base,homo,Homo,20,150,0,20,20,26,27,80.63725490196079,"0, 1, 2, 3, 4, 5, 6, 7, 8, 9, 10, 11, 12, 13, 14, 15, 16, 17, 18, 19",4,4,ffa_global_B,,epoch_round_tuning_mrpc_client_count/tuning-ffa-mrpc_stratified-roberta-base-homo-e20-r150/seed0/20/26/round_config.json
ffa,Nonlinear FFA,mrpc_stratified,MRPC stratified,roberta-base,RoBERTa-base,homo,Homo,20,150,0,20,20,27,28,80.63725490196079,"0, 1, 2, 3, 4, 5, 6, 7, 8, 9, 10, 11, 12, 13, 14, 15, 16, 17, 18, 19",4,4,ffa_global_B,,epoch_round_tuning_mrpc_client_count/tuning-ffa-mrpc_stratified-roberta-base-homo-e20-r150/seed0/20/27/round_config.json
ffa,Nonlinear FFA,mrpc_stratified,MRPC stratified,roberta-base,RoBERTa-base,homo,Homo,20,150,0,20,20,28,29,81.12745098039215,"0, 1, 2, 3, 4, 5, 6, 7, 8, 9, 10, 11, 12, 13, 14, 15, 16, 17, 18, 19",4,4,ffa_global_B,,epoch_round_tuning_mrpc_client_count/tuning-ffa-mrpc_stratified-roberta-base-homo-e20-r150/seed0/20/28/round_config.json
ffa,Nonlinear FFA,mrpc_stratified,MRPC stratified,roberta-base,RoBERTa-base,homo,Homo,20,150,0,20,20,29,30,80.88235294117648,"0, 1, 2, 3, 4, 5, 6, 7, 8, 9, 10, 11, 12, 13, 14, 15, 16, 17, 18, 19",4,4,ffa_global_B,,epoch_round_tuning_mrpc_client_count/tuning-ffa-mrpc_stratified-roberta-base-homo-e20-r150/seed0/20/29/round_config.json
ffa,Nonlinear FFA,mrpc_stratified,MRPC stratified,roberta-base,RoBERTa-base,homo,Homo,20,150,0,20,20,30,31,81.12745098039215,"0, 1, 2, 3, 4, 5, 6, 7, 8, 9, 10, 11, 12, 13, 14, 15, 16, 17, 18, 19",4,4,ffa_global_B,,epoch_round_tuning_mrpc_client_count/tuning-ffa-mrpc_stratified-roberta-base-homo-e20-r150/seed0/20/30/round_config.json
ffa,Nonlinear FFA,mrpc_stratified,MRPC stratified,roberta-base,RoBERTa-base,homo,Homo,20,150,0,20,20,31,32,81.37254901960785,"0, 1, 2, 3, 4, 5, 6, 7, 8, 9, 10, 11, 12, 13, 14, 15, 16, 17, 18, 19",4,4,ffa_global_B,,epoch_round_tuning_mrpc_client_count/tuning-ffa-mrpc_stratified-roberta-base-homo-e20-r150/seed0/20/31/round_config.json
ffa,Nonlinear FFA,mrpc_stratified,MRPC stratified,roberta-base,RoBERTa-base,homo,Homo,20,150,0,20,20,32,33,81.12745098039215,"0, 1, 2, 3, 4, 5, 6, 7, 8, 9, 10, 11, 12, 13, 14, 15, 16, 17, 18, 19",4,4,ffa_global_B,,epoch_round_tuning_mrpc_client_count/tuning-ffa-mrpc_stratified-roberta-base-homo-e20-r150/seed0/20/32/round_config.json
ffa,Nonlinear FFA,mrpc_stratified,MRPC stratified,roberta-base,RoBERTa-base,homo,Homo,20,150,0,20,20,33,34,81.12745098039215,"0, 1, 2, 3, 4, 5, 6, 7, 8, 9, 10, 11, 12, 13, 14, 15, 16, 17, 18, 19",4,4,ffa_global_B,,epoch_round_tuning_mrpc_client_count/tuning-ffa-mrpc_stratified-roberta-base-homo-e20-r150/seed0/20/33/round_config.json
ffa,Nonlinear FFA,mrpc_stratified,MRPC stratified,roberta-base,RoBERTa-base,homo,Homo,20,150,0,20,20,34,35,81.12745098039215,"0, 1, 2, 3, 4, 5, 6, 7, 8, 9, 10, 11, 12, 13, 14, 15, 16, 17, 18, 19",4,4,ffa_global_B,,epoch_round_tuning_mrpc_client_count/tuning-ffa-mrpc_stratified-roberta-base-homo-e20-r150/seed0/20/34/round_config.json
ffa,Nonlinear FFA,mrpc_stratified,MRPC stratified,roberta-base,RoBERTa-base,homo,Homo,20,150,0,20,20,35,36,81.12745098039215,"0, 1, 2, 3, 4, 5, 6, 7, 8, 9, 10, 11, 12, 13, 14, 15, 16, 17, 18, 19",4,4,ffa_global_B,,epoch_round_tuning_mrpc_client_count/tuning-ffa-mrpc_stratified-roberta-base-homo-e20-r150/seed0/20/35/round_config.json
ffa,Nonlinear FFA,mrpc_stratified,MRPC stratified,roberta-base,RoBERTa-base,homo,Homo,20,150,0,20,20,36,37,81.12745098039215,"0, 1, 2, 3, 4, 5, 6, 7, 8, 9, 10, 11, 12, 13, 14, 15, 16, 17, 18, 19",4,4,ffa_global_B,,epoch_round_tuning_mrpc_client_count/tuning-ffa-mrpc_stratified-roberta-base-homo-e20-r150/seed0/20/36/round_config.json
ffa,Nonlinear FFA,mrpc_stratified,MRPC stratified,roberta-base,RoBERTa-base,homo,Homo,20,150,0,20,20,37,38,81.37254901960785,"0, 1, 2, 3, 4, 5, 6, 7, 8, 9, 10, 11, 12, 13, 14, 15, 16, 17, 18, 19",4,4,ffa_global_B,,epoch_round_tuning_mrpc_client_count/tuning-ffa-mrpc_stratified-roberta-base-homo-e20-r150/seed0/20/37/round_config.json
ffa,Nonlinear FFA,mrpc_stratified,MRPC stratified,roberta-base,RoBERTa-base,homo,Homo,20,150,0,20,20,38,39,81.61764705882352,"0, 1, 2, 3, 4, 5, 6, 7, 8, 9, 10, 11, 12, 13, 14, 15, 16, 17, 18, 19",4,4,ffa_global_B,,epoch_round_tuning_mrpc_client_count/tuning-ffa-mrpc_stratified-roberta-base-homo-e20-r150/seed0/20/38/round_config.json
ffa,Nonlinear FFA,mrpc_stratified,MRPC stratified,roberta-base,RoBERTa-base,homo,Homo,20,150,0,20,20,39,40,81.61764705882352,"0, 1, 2, 3, 4, 5, 6, 7, 8, 9, 10, 11, 12, 13, 14, 15, 16, 17, 18, 19",4,4,ffa_global_B,,epoch_round_tuning_mrpc_client_count/tuning-ffa-mrpc_stratified-roberta-base-homo-e20-r150/seed0/20/39/round_config.json
ffa,Nonlinear FFA,mrpc_stratified,MRPC stratified,roberta-base,RoBERTa-base,homo,Homo,20,150,0,20,20,40,41,81.61764705882352,"0, 1, 2, 3, 4, 5, 6, 7, 8, 9, 10, 11, 12, 13, 14, 15, 16, 17, 18, 19",4,4,ffa_global_B,,epoch_round_tuning_mrpc_client_count/tuning-ffa-mrpc_stratified-roberta-base-homo-e20-r150/seed0/20/40/round_config.json
ffa,Nonlinear FFA,mrpc_stratified,MRPC stratified,roberta-base,RoBERTa-base,homo,Homo,20,150,0,20,20,41,42,81.86274509803921,"0, 1, 2, 3, 4, 5, 6, 7, 8, 9, 10, 11, 12, 13, 14, 15, 16, 17, 18, 19",4,4,ffa_global_B,,epoch_round_tuning_mrpc_client_count/tuning-ffa-mrpc_stratified-roberta-base-homo-e20-r150/seed0/20/41/round_config.json
ffa,Nonlinear FFA,mrpc_stratified,MRPC stratified,roberta-base,RoBERTa-base,homo,Homo,20,150,0,20,20,42,43,81.86274509803921,"0, 1, 2, 3, 4, 5, 6, 7, 8, 9, 10, 11, 12, 13, 14, 15, 16, 17, 18, 19",4,4,ffa_global_B,,epoch_round_tuning_mrpc_client_count/tuning-ffa-mrpc_stratified-roberta-base-homo-e20-r150/seed0/20/42/round_config.json
ffa,Nonlinear FFA,mrpc_stratified,MRPC stratified,roberta-base,RoBERTa-base,homo,Homo,20,150,0,20,20,43,44,81.86274509803921,"0, 1, 2, 3, 4, 5, 6, 7, 8, 9, 10, 11, 12, 13, 14, 15, 16, 17, 18, 19",4,4,ffa_global_B,,epoch_round_tuning_mrpc_client_count/tuning-ffa-mrpc_stratified-roberta-base-homo-e20-r150/seed0/20/43/round_config.json
ffa,Nonlinear FFA,mrpc_stratified,MRPC stratified,roberta-base,RoBERTa-base,homo,Homo,20,150,0,20,20,44,45,81.61764705882352,"0, 1, 2, 3, 4, 5, 6, 7, 8, 9, 10, 11, 12, 13, 14, 15, 16, 17, 18, 19",4,4,ffa_global_B,,epoch_round_tuning_mrpc_client_count/tuning-ffa-mrpc_stratified-roberta-base-homo-e20-r150/seed0/20/44/round_config.json
ffa,Nonlinear FFA,mrpc_stratified,MRPC stratified,roberta-base,RoBERTa-base,homo,Homo,20,150,0,20,20,45,46,81.86274509803921,"0, 1, 2, 3, 4, 5, 6, 7, 8, 9, 10, 11, 12, 13, 14, 15, 16, 17, 18, 19",4,4,ffa_global_B,,epoch_round_tuning_mrpc_client_count/tuning-ffa-mrpc_stratified-roberta-base-homo-e20-r150/seed0/20/45/round_config.json
ffa,Nonlinear FFA,mrpc_stratified,MRPC stratified,roberta-base,RoBERTa-base,homo,Homo,20,150,0,20,20,46,47,81.86274509803921,"0, 1, 2, 3, 4, 5, 6, 7, 8, 9, 10, 11, 12, 13, 14, 15, 16, 17, 18, 19",4,4,ffa_global_B,,epoch_round_tuning_mrpc_client_count/tuning-ffa-mrpc_stratified-roberta-base-homo-e20-r150/seed0/20/46/round_config.json
ffa,Nonlinear FFA,mrpc_stratified,MRPC stratified,roberta-base,RoBERTa-base,homo,Homo,20,150,0,20,20,47,48,81.86274509803921,"0, 1, 2, 3, 4, 5, 6, 7, 8, 9, 10, 11, 12, 13, 14, 15, 16, 17, 18, 19",4,4,ffa_global_B,,epoch_round_tuning_mrpc_client_count/tuning-ffa-mrpc_stratified-roberta-base-homo-e20-r150/seed0/20/47/round_config.json
ffa,Nonlinear FFA,mrpc_stratified,MRPC stratified,roberta-base,RoBERTa-base,homo,Homo,20,150,0,20,20,48,49,82.1078431372549,"0, 1, 2, 3, 4, 5, 6, 7, 8, 9, 10, 11, 12, 13, 14, 15, 16, 17, 18, 19",4,4,ffa_global_B,,epoch_round_tuning_mrpc_client_count/tuning-ffa-mrpc_stratified-roberta-base-homo-e20-r150/seed0/20/48/round_config.json
ffa,Nonlinear FFA,mrpc_stratified,MRPC stratified,roberta-base,RoBERTa-base,homo,Homo,20,150,0,20,20,49,50,82.35294117647058,"0, 1, 2, 3, 4, 5, 6, 7, 8, 9, 10, 11, 12, 13, 14, 15, 16, 17, 18, 19",4,4,ffa_global_B,,epoch_round_tuning_mrpc_client_count/tuning-ffa-mrpc_stratified-roberta-base-homo-e20-r150/seed0/20/49/round_config.json
ffa,Nonlinear FFA,mrpc_stratified,MRPC stratified,roberta-base,RoBERTa-base,homo,Homo,20,150,0,20,20,50,51,82.35294117647058,"0, 1, 2, 3, 4, 5, 6, 7, 8, 9, 10, 11, 12, 13, 14, 15, 16, 17, 18, 19",4,4,ffa_global_B,,epoch_round_tuning_mrpc_client_count/tuning-ffa-mrpc_stratified-roberta-base-homo-e20-r150/seed0/20/50/round_config.json
ffa,Nonlinear FFA,mrpc_stratified,MRPC stratified,roberta-base,RoBERTa-base,homo,Homo,20,150,0,20,20,51,52,82.35294117647058,"0, 1, 2, 3, 4, 5, 6, 7, 8, 9, 10, 11, 12, 13, 14, 15, 16, 17, 18, 19",4,4,ffa_global_B,,epoch_round_tuning_mrpc_client_count/tuning-ffa-mrpc_stratified-roberta-base-homo-e20-r150/seed0/20/51/round_config.json
ffa,Nonlinear FFA,mrpc_stratified,MRPC stratified,roberta-base,RoBERTa-base,homo,Homo,20,150,0,20,20,52,53,82.35294117647058,"0, 1, 2, 3, 4, 5, 6, 7, 8, 9, 10, 11, 12, 13, 14, 15, 16, 17, 18, 19",4,4,ffa_global_B,,epoch_round_tuning_mrpc_client_count/tuning-ffa-mrpc_stratified-roberta-base-homo-e20-r150/seed0/20/52/round_config.json
ffa,Nonlinear FFA,mrpc_stratified,MRPC stratified,roberta-base,RoBERTa-base,homo,Homo,20,150,0,20,20,53,54,82.35294117647058,"0, 1, 2, 3, 4, 5, 6, 7, 8, 9, 10, 11, 12, 13, 14, 15, 16, 17, 18, 19",4,4,ffa_global_B,,epoch_round_tuning_mrpc_client_count/tuning-ffa-mrpc_stratified-roberta-base-homo-e20-r150/seed0/20/53/round_config.json
ffa,Nonlinear FFA,mrpc_stratified,MRPC stratified,roberta-base,RoBERTa-base,homo,Homo,20,150,0,20,20,54,55,82.59803921568627,"0, 1, 2, 3, 4, 5, 6, 7, 8, 9, 10, 11, 12, 13, 14, 15, 16, 17, 18, 19",4,4,ffa_global_B,,epoch_round_tuning_mrpc_client_count/tuning-ffa-mrpc_stratified-roberta-base-homo-e20-r150/seed0/20/54/round_config.json
ffa,Nonlinear FFA,mrpc_stratified,MRPC stratified,roberta-base,RoBERTa-base,homo,Homo,20,150,0,20,20,55,56,82.35294117647058,"0, 1, 2, 3, 4, 5, 6, 7, 8, 9, 10, 11, 12, 13, 14, 15, 16, 17, 18, 19",4,4,ffa_global_B,,epoch_round_tuning_mrpc_client_count/tuning-ffa-mrpc_stratified-roberta-base-homo-e20-r150/seed0/20/55/round_config.json
ffa,Nonlinear FFA,mrpc_stratified,MRPC stratified,roberta-base,RoBERTa-base,homo,Homo,20,150,0,20,20,56,57,82.1078431372549,"0, 1, 2, 3, 4, 5, 6, 7, 8, 9, 10, 11, 12, 13, 14, 15, 16, 17, 18, 19",4,4,ffa_global_B,,epoch_round_tuning_mrpc_client_count/tuning-ffa-mrpc_stratified-roberta-base-homo-e20-r150/seed0/20/56/round_config.json
ffa,Nonlinear FFA,mrpc_stratified,MRPC stratified,roberta-base,RoBERTa-base,homo,Homo,20,150,0,20,20,57,58,82.35294117647058,"0, 1, 2, 3, 4, 5, 6, 7, 8, 9, 10, 11, 12, 13, 14, 15, 16, 17, 18, 19",4,4,ffa_global_B,,epoch_round_tuning_mrpc_client_count/tuning-ffa-mrpc_stratified-roberta-base-homo-e20-r150/seed0/20/57/round_config.json
ffa,Nonlinear FFA,mrpc_stratified,MRPC stratified,roberta-base,RoBERTa-base,homo,Homo,20,150,0,20,20,58,59,82.35294117647058,"0, 1, 2, 3, 4, 5, 6, 7, 8, 9, 10, 11, 12, 13, 14, 15, 16, 17, 18, 19",4,4,ffa_global_B,,epoch_round_tuning_mrpc_client_count/tuning-ffa-mrpc_stratified-roberta-base-homo-e20-r150/seed0/20/58/round_config.json
ffa,Nonlinear FFA,mrpc_stratified,MRPC stratified,roberta-base,RoBERTa-base,homo,Homo,20,150,0,20,20,59,60,82.35294117647058,"0, 1, 2, 3, 4, 5, 6, 7, 8, 9, 10, 11, 12, 13, 14, 15, 16, 17, 18, 19",4,4,ffa_global_B,,epoch_round_tuning_mrpc_client_count/tuning-ffa-mrpc_stratified-roberta-base-homo-e20-r150/seed0/20/59/round_config.json
ffa,Nonlinear FFA,mrpc_stratified,MRPC stratified,roberta-base,RoBERTa-base,homo,Homo,20,150,0,20,20,60,61,82.59803921568627,"0, 1, 2, 3, 4, 5, 6, 7, 8, 9, 10, 11, 12, 13, 14, 15, 16, 17, 18, 19",4,4,ffa_global_B,,epoch_round_tuning_mrpc_client_count/tuning-ffa-mrpc_stratified-roberta-base-homo-e20-r150/seed0/20/60/round_config.json
ffa,Nonlinear FFA,mrpc_stratified,MRPC stratified,roberta-base,RoBERTa-base,homo,Homo,20,150,0,20,20,61,62,82.1078431372549,"0, 1, 2, 3, 4, 5, 6, 7, 8, 9, 10, 11, 12, 13, 14, 15, 16, 17, 18, 19",4,4,ffa_global_B,,epoch_round_tuning_mrpc_client_count/tuning-ffa-mrpc_stratified-roberta-base-homo-e20-r150/seed0/20/61/round_config.json
ffa,Nonlinear FFA,mrpc_stratified,MRPC stratified,roberta-base,RoBERTa-base,homo,Homo,20,150,0,20,20,62,63,82.35294117647058,"0, 1, 2, 3, 4, 5, 6, 7, 8, 9, 10, 11, 12, 13, 14, 15, 16, 17, 18, 19",4,4,ffa_global_B,,epoch_round_tuning_mrpc_client_count/tuning-ffa-mrpc_stratified-roberta-base-homo-e20-r150/seed0/20/62/round_config.json
ffa,Nonlinear FFA,mrpc_stratified,MRPC stratified,roberta-base,RoBERTa-base,homo,Homo,20,150,0,20,20,63,64,83.33333333333334,"0, 1, 2, 3, 4, 5, 6, 7, 8, 9, 10, 11, 12, 13, 14, 15, 16, 17, 18, 19",4,4,ffa_global_B,,epoch_round_tuning_mrpc_client_count/tuning-ffa-mrpc_stratified-roberta-base-homo-e20-r150/seed0/20/63/round_config.json
ffa,Nonlinear FFA,mrpc_stratified,MRPC stratified,roberta-base,RoBERTa-base,homo,Homo,20,150,0,20,20,64,65,82.84313725490196,"0, 1, 2, 3, 4, 5, 6, 7, 8, 9, 10, 11, 12, 13, 14, 15, 16, 17, 18, 19",4,4,ffa_global_B,,epoch_round_tuning_mrpc_client_count/tuning-ffa-mrpc_stratified-roberta-base-homo-e20-r150/seed0/20/64/round_config.json
ffa,Nonlinear FFA,mrpc_stratified,MRPC stratified,roberta-base,RoBERTa-base,homo,Homo,20,150,0,20,20,65,66,82.59803921568627,"0, 1, 2, 3, 4, 5, 6, 7, 8, 9, 10, 11, 12, 13, 14, 15, 16, 17, 18, 19",4,4,ffa_global_B,,epoch_round_tuning_mrpc_client_count/tuning-ffa-mrpc_stratified-roberta-base-homo-e20-r150/seed0/20/65/round_config.json
ffa,Nonlinear FFA,mrpc_stratified,MRPC stratified,roberta-base,RoBERTa-base,homo,Homo,20,150,0,20,20,66,67,82.59803921568627,"0, 1, 2, 3, 4, 5, 6, 7, 8, 9, 10, 11, 12, 13, 14, 15, 16, 17, 18, 19",4,4,ffa_global_B,,epoch_round_tuning_mrpc_client_count/tuning-ffa-mrpc_stratified-roberta-base-homo-e20-r150/seed0/20/66/round_config.json
ffa,Nonlinear FFA,mrpc_stratified,MRPC stratified,roberta-base,RoBERTa-base,homo,Homo,20,150,0,20,20,67,68,83.08823529411765,"0, 1, 2, 3, 4, 5, 6, 7, 8, 9, 10, 11, 12, 13, 14, 15, 16, 17, 18, 19",4,4,ffa_global_B,,epoch_round_tuning_mrpc_client_count/tuning-ffa-mrpc_stratified-roberta-base-homo-e20-r150/seed0/20/67/round_config.json
ffa,Nonlinear FFA,mrpc_stratified,MRPC stratified,roberta-base,RoBERTa-base,homo,Homo,20,150,0,20,20,68,69,83.08823529411765,"0, 1, 2, 3, 4, 5, 6, 7, 8, 9, 10, 11, 12, 13, 14, 15, 16, 17, 18, 19",4,4,ffa_global_B,,epoch_round_tuning_mrpc_client_count/tuning-ffa-mrpc_stratified-roberta-base-homo-e20-r150/seed0/20/68/round_config.json
ffa,Nonlinear FFA,mrpc_stratified,MRPC stratified,roberta-base,RoBERTa-base,homo,Homo,20,150,0,20,20,69,70,83.33333333333334,"0, 1, 2, 3, 4, 5, 6, 7, 8, 9, 10, 11, 12, 13, 14, 15, 16, 17, 18, 19",4,4,ffa_global_B,,epoch_round_tuning_mrpc_client_count/tuning-ffa-mrpc_stratified-roberta-base-homo-e20-r150/seed0/20/69/round_config.json
ffa,Nonlinear FFA,mrpc_stratified,MRPC stratified,roberta-base,RoBERTa-base,homo,Homo,20,150,0,20,20,70,71,83.08823529411765,"0, 1, 2, 3, 4, 5, 6, 7, 8, 9, 10, 11, 12, 13, 14, 15, 16, 17, 18, 19",4,4,ffa_global_B,,epoch_round_tuning_mrpc_client_count/tuning-ffa-mrpc_stratified-roberta-base-homo-e20-r150/seed0/20/70/round_config.json
ffa,Nonlinear FFA,mrpc_stratified,MRPC stratified,roberta-base,RoBERTa-base,homo,Homo,20,150,0,20,20,71,72,83.33333333333334,"0, 1, 2, 3, 4, 5, 6, 7, 8, 9, 10, 11, 12, 13, 14, 15, 16, 17, 18, 19",4,4,ffa_global_B,,epoch_round_tuning_mrpc_client_count/tuning-ffa-mrpc_stratified-roberta-base-homo-e20-r150/seed0/20/71/round_config.json
ffa,Nonlinear FFA,mrpc_stratified,MRPC stratified,roberta-base,RoBERTa-base,homo,Homo,20,150,0,20,20,72,73,83.33333333333334,"0, 1, 2, 3, 4, 5, 6, 7, 8, 9, 10, 11, 12, 13, 14, 15, 16, 17, 18, 19",4,4,ffa_global_B,,epoch_round_tuning_mrpc_client_count/tuning-ffa-mrpc_stratified-roberta-base-homo-e20-r150/seed0/20/72/round_config.json
ffa,Nonlinear FFA,mrpc_stratified,MRPC stratified,roberta-base,RoBERTa-base,homo,Homo,20,150,0,20,20,73,74,83.33333333333334,"0, 1, 2, 3, 4, 5, 6, 7, 8, 9, 10, 11, 12, 13, 14, 15, 16, 17, 18, 19",4,4,ffa_global_B,,epoch_round_tuning_mrpc_client_count/tuning-ffa-mrpc_stratified-roberta-base-homo-e20-r150/seed0/20/73/round_config.json
ffa,Nonlinear FFA,mrpc_stratified,MRPC stratified,roberta-base,RoBERTa-base,homo,Homo,20,150,0,20,20,74,75,83.33333333333334,"0, 1, 2, 3, 4, 5, 6, 7, 8, 9, 10, 11, 12, 13, 14, 15, 16, 17, 18, 19",4,4,ffa_global_B,,epoch_round_tuning_mrpc_client_count/tuning-ffa-mrpc_stratified-roberta-base-homo-e20-r150/seed0/20/74/round_config.json
ffa,Nonlinear FFA,mrpc_stratified,MRPC stratified,roberta-base,RoBERTa-base,homo,Homo,20,150,0,20,20,75,76,83.08823529411765,"0, 1, 2, 3, 4, 5, 6, 7, 8, 9, 10, 11, 12, 13, 14, 15, 16, 17, 18, 19",4,4,ffa_global_B,,epoch_round_tuning_mrpc_client_count/tuning-ffa-mrpc_stratified-roberta-base-homo-e20-r150/seed0/20/75/round_config.json
ffa,Nonlinear FFA,mrpc_stratified,MRPC stratified,roberta-base,RoBERTa-base,homo,Homo,20,150,0,20,20,76,77,83.57843137254902,"0, 1, 2, 3, 4, 5, 6, 7, 8, 9, 10, 11, 12, 13, 14, 15, 16, 17, 18, 19",4,4,ffa_global_B,,epoch_round_tuning_mrpc_client_count/tuning-ffa-mrpc_stratified-roberta-base-homo-e20-r150/seed0/20/76/round_config.json
ffa,Nonlinear FFA,mrpc_stratified,MRPC stratified,roberta-base,RoBERTa-base,homo,Homo,20,150,0,20,20,77,78,83.57843137254902,"0, 1, 2, 3, 4, 5, 6, 7, 8, 9, 10, 11, 12, 13, 14, 15, 16, 17, 18, 19",4,4,ffa_global_B,,epoch_round_tuning_mrpc_client_count/tuning-ffa-mrpc_stratified-roberta-base-homo-e20-r150/seed0/20/77/round_config.json
ffa,Nonlinear FFA,mrpc_stratified,MRPC stratified,roberta-base,RoBERTa-base,homo,Homo,20,150,0,20,20,78,79,83.82352941176471,"0, 1, 2, 3, 4, 5, 6, 7, 8, 9, 10, 11, 12, 13, 14, 15, 16, 17, 18, 19",4,4,ffa_global_B,,epoch_round_tuning_mrpc_client_count/tuning-ffa-mrpc_stratified-roberta-base-homo-e20-r150/seed0/20/78/round_config.json
ffa,Nonlinear FFA,mrpc_stratified,MRPC stratified,roberta-base,RoBERTa-base,homo,Homo,20,150,0,20,20,79,80,84.31372549019608,"0, 1, 2, 3, 4, 5, 6, 7, 8, 9, 10, 11, 12, 13, 14, 15, 16, 17, 18, 19",4,4,ffa_global_B,,epoch_round_tuning_mrpc_client_count/tuning-ffa-mrpc_stratified-roberta-base-homo-e20-r150/seed0/20/79/round_config.json
ffa,Nonlinear FFA,mrpc_stratified,MRPC stratified,roberta-base,RoBERTa-base,homo,Homo,20,150,0,20,20,80,81,84.06862745098039,"0, 1, 2, 3, 4, 5, 6, 7, 8, 9, 10, 11, 12, 13, 14, 15, 16, 17, 18, 19",4,4,ffa_global_B,,epoch_round_tuning_mrpc_client_count/tuning-ffa-mrpc_stratified-roberta-base-homo-e20-r150/seed0/20/80/round_config.json
ffa,Nonlinear FFA,mrpc_stratified,MRPC stratified,roberta-base,RoBERTa-base,homo,Homo,20,150,0,20,20,81,82,83.33333333333334,"0, 1, 2, 3, 4, 5, 6, 7, 8, 9, 10, 11, 12, 13, 14, 15, 16, 17, 18, 19",4,4,ffa_global_B,,epoch_round_tuning_mrpc_client_count/tuning-ffa-mrpc_stratified-roberta-base-homo-e20-r150/seed0/20/81/round_config.json
ffa,Nonlinear FFA,mrpc_stratified,MRPC stratified,roberta-base,RoBERTa-base,homo,Homo,20,150,0,20,20,82,83,83.33333333333334,"0, 1, 2, 3, 4, 5, 6, 7, 8, 9, 10, 11, 12, 13, 14, 15, 16, 17, 18, 19",4,4,ffa_global_B,,epoch_round_tuning_mrpc_client_count/tuning-ffa-mrpc_stratified-roberta-base-homo-e20-r150/seed0/20/82/round_config.json
ffa,Nonlinear FFA,mrpc_stratified,MRPC stratified,roberta-base,RoBERTa-base,homo,Homo,20,150,0,20,20,83,84,83.33333333333334,"0, 1, 2, 3, 4, 5, 6, 7, 8, 9, 10, 11, 12, 13, 14, 15, 16, 17, 18, 19",4,4,ffa_global_B,,epoch_round_tuning_mrpc_client_count/tuning-ffa-mrpc_stratified-roberta-base-homo-e20-r150/seed0/20/83/round_config.json
ffa,Nonlinear FFA,mrpc_stratified,MRPC stratified,roberta-base,RoBERTa-base,homo,Homo,20,150,0,20,20,84,85,83.57843137254902,"0, 1, 2, 3, 4, 5, 6, 7, 8, 9, 10, 11, 12, 13, 14, 15, 16, 17, 18, 19",4,4,ffa_global_B,,epoch_round_tuning_mrpc_client_count/tuning-ffa-mrpc_stratified-roberta-base-homo-e20-r150/seed0/20/84/round_config.json
ffa,Nonlinear FFA,mrpc_stratified,MRPC stratified,roberta-base,RoBERTa-base,homo,Homo,20,150,0,20,20,85,86,83.33333333333334,"0, 1, 2, 3, 4, 5, 6, 7, 8, 9, 10, 11, 12, 13, 14, 15, 16, 17, 18, 19",4,4,ffa_global_B,,epoch_round_tuning_mrpc_client_count/tuning-ffa-mrpc_stratified-roberta-base-homo-e20-r150/seed0/20/85/round_config.json
ffa,Nonlinear FFA,mrpc_stratified,MRPC stratified,roberta-base,RoBERTa-base,homo,Homo,20,150,0,20,20,86,87,83.82352941176471,"0, 1, 2, 3, 4, 5, 6, 7, 8, 9, 10, 11, 12, 13, 14, 15, 16, 17, 18, 19",4,4,ffa_global_B,,epoch_round_tuning_mrpc_client_count/tuning-ffa-mrpc_stratified-roberta-base-homo-e20-r150/seed0/20/86/round_config.json
ffa,Nonlinear FFA,mrpc_stratified,MRPC stratified,roberta-base,RoBERTa-base,homo,Homo,20,150,0,20,20,87,88,83.33333333333334,"0, 1, 2, 3, 4, 5, 6, 7, 8, 9, 10, 11, 12, 13, 14, 15, 16, 17, 18, 19",4,4,ffa_global_B,,epoch_round_tuning_mrpc_client_count/tuning-ffa-mrpc_stratified-roberta-base-homo-e20-r150/seed0/20/87/round_config.json
ffa,Nonlinear FFA,mrpc_stratified,MRPC stratified,roberta-base,RoBERTa-base,homo,Homo,20,150,0,20,20,88,89,83.57843137254902,"0, 1, 2, 3, 4, 5, 6, 7, 8, 9, 10, 11, 12, 13, 14, 15, 16, 17, 18, 19",4,4,ffa_global_B,,epoch_round_tuning_mrpc_client_count/tuning-ffa-mrpc_stratified-roberta-base-homo-e20-r150/seed0/20/88/round_config.json
ffa,Nonlinear FFA,mrpc_stratified,MRPC stratified,roberta-base,RoBERTa-base,homo,Homo,20,150,0,20,20,89,90,84.06862745098039,"0, 1, 2, 3, 4, 5, 6, 7, 8, 9, 10, 11, 12, 13, 14, 15, 16, 17, 18, 19",4,4,ffa_global_B,,epoch_round_tuning_mrpc_client_count/tuning-ffa-mrpc_stratified-roberta-base-homo-e20-r150/seed0/20/89/round_config.json
ffa,Nonlinear FFA,mrpc_stratified,MRPC stratified,roberta-base,RoBERTa-base,homo,Homo,20,150,0,20,20,90,91,83.57843137254902,"0, 1, 2, 3, 4, 5, 6, 7, 8, 9, 10, 11, 12, 13, 14, 15, 16, 17, 18, 19",4,4,ffa_global_B,,epoch_round_tuning_mrpc_client_count/tuning-ffa-mrpc_stratified-roberta-base-homo-e20-r150/seed0/20/90/round_config.json
ffa,Nonlinear FFA,mrpc_stratified,MRPC stratified,roberta-base,RoBERTa-base,homo,Homo,20,150,0,20,20,91,92,84.06862745098039,"0, 1, 2, 3, 4, 5, 6, 7, 8, 9, 10, 11, 12, 13, 14, 15, 16, 17, 18, 19",4,4,ffa_global_B,,epoch_round_tuning_mrpc_client_count/tuning-ffa-mrpc_stratified-roberta-base-homo-e20-r150/seed0/20/91/round_config.json
ffa,Nonlinear FFA,mrpc_stratified,MRPC stratified,roberta-base,RoBERTa-base,homo,Homo,20,150,0,20,20,92,93,83.57843137254902,"0, 1, 2, 3, 4, 5, 6, 7, 8, 9, 10, 11, 12, 13, 14, 15, 16, 17, 18, 19",4,4,ffa_global_B,,epoch_round_tuning_mrpc_client_count/tuning-ffa-mrpc_stratified-roberta-base-homo-e20-r150/seed0/20/92/round_config.json
ffa,Nonlinear FFA,mrpc_stratified,MRPC stratified,roberta-base,RoBERTa-base,homo,Homo,20,150,0,20,20,93,94,83.82352941176471,"0, 1, 2, 3, 4, 5, 6, 7, 8, 9, 10, 11, 12, 13, 14, 15, 16, 17, 18, 19",4,4,ffa_global_B,,epoch_round_tuning_mrpc_client_count/tuning-ffa-mrpc_stratified-roberta-base-homo-e20-r150/seed0/20/93/round_config.json
ffa,Nonlinear FFA,mrpc_stratified,MRPC stratified,roberta-base,RoBERTa-base,homo,Homo,20,150,0,20,20,94,95,83.57843137254902,"0, 1, 2, 3, 4, 5, 6, 7, 8, 9, 10, 11, 12, 13, 14, 15, 16, 17, 18, 19",4,4,ffa_global_B,,epoch_round_tuning_mrpc_client_count/tuning-ffa-mrpc_stratified-roberta-base-homo-e20-r150/seed0/20/94/round_config.json
ffa,Nonlinear FFA,mrpc_stratified,MRPC stratified,roberta-base,RoBERTa-base,homo,Homo,20,150,0,20,20,95,96,83.08823529411765,"0, 1, 2, 3, 4, 5, 6, 7, 8, 9, 10, 11, 12, 13, 14, 15, 16, 17, 18, 19",4,4,ffa_global_B,,epoch_round_tuning_mrpc_client_count/tuning-ffa-mrpc_stratified-roberta-base-homo-e20-r150/seed0/20/95/round_config.json
ffa,Nonlinear FFA,mrpc_stratified,MRPC stratified,roberta-base,RoBERTa-base,homo,Homo,20,150,0,20,20,96,97,83.08823529411765,"0, 1, 2, 3, 4, 5, 6, 7, 8, 9, 10, 11, 12, 13, 14, 15, 16, 17, 18, 19",4,4,ffa_global_B,,epoch_round_tuning_mrpc_client_count/tuning-ffa-mrpc_stratified-roberta-base-homo-e20-r150/seed0/20/96/round_config.json
ffa,Nonlinear FFA,mrpc_stratified,MRPC stratified,roberta-base,RoBERTa-base,homo,Homo,20,150,0,20,20,97,98,83.33333333333334,"0, 1, 2, 3, 4, 5, 6, 7, 8, 9, 10, 11, 12, 13, 14, 15, 16, 17, 18, 19",4,4,ffa_global_B,,epoch_round_tuning_mrpc_client_count/tuning-ffa-mrpc_stratified-roberta-base-homo-e20-r150/seed0/20/97/round_config.json
ffa,Nonlinear FFA,mrpc_stratified,MRPC stratified,roberta-base,RoBERTa-base,homo,Homo,20,150,0,20,20,98,99,83.08823529411765,"0, 1, 2, 3, 4, 5, 6, 7, 8, 9, 10, 11, 12, 13, 14, 15, 16, 17, 18, 19",4,4,ffa_global_B,,epoch_round_tuning_mrpc_client_count/tuning-ffa-mrpc_stratified-roberta-base-homo-e20-r150/seed0/20/98/round_config.json
ffa,Nonlinear FFA,mrpc_stratified,MRPC stratified,roberta-base,RoBERTa-base,homo,Homo,20,150,0,20,20,99,100,82.84313725490196,"0, 1, 2, 3, 4, 5, 6, 7, 8, 9, 10, 11, 12, 13, 14, 15, 16, 17, 18, 19",4,4,ffa_global_B,,epoch_round_tuning_mrpc_client_count/tuning-ffa-mrpc_stratified-roberta-base-homo-e20-r150/seed0/20/99/round_config.json
ffa,Nonlinear FFA,mrpc_stratified,MRPC stratified,roberta-base,RoBERTa-base,homo,Homo,20,150,0,20,20,100,101,82.59803921568627,"0, 1, 2, 3, 4, 5, 6, 7, 8, 9, 10, 11, 12, 13, 14, 15, 16, 17, 18, 19",4,4,ffa_global_B,,epoch_round_tuning_mrpc_client_count/tuning-ffa-mrpc_stratified-roberta-base-homo-e20-r150/seed0/20/100/round_config.json
ffa,Nonlinear FFA,mrpc_stratified,MRPC stratified,roberta-base,RoBERTa-base,homo,Homo,20,150,0,20,20,101,102,83.08823529411765,"0, 1, 2, 3, 4, 5, 6, 7, 8, 9, 10, 11, 12, 13, 14, 15, 16, 17, 18, 19",4,4,ffa_global_B,,epoch_round_tuning_mrpc_client_count/tuning-ffa-mrpc_stratified-roberta-base-homo-e20-r150/seed0/20/101/round_config.json
ffa,Nonlinear FFA,mrpc_stratified,MRPC stratified,roberta-base,RoBERTa-base,homo,Homo,20,150,0,20,20,102,103,83.33333333333334,"0, 1, 2, 3, 4, 5, 6, 7, 8, 9, 10, 11, 12, 13, 14, 15, 16, 17, 18, 19",4,4,ffa_global_B,,epoch_round_tuning_mrpc_client_count/tuning-ffa-mrpc_stratified-roberta-base-homo-e20-r150/seed0/20/102/round_config.json
ffa,Nonlinear FFA,mrpc_stratified,MRPC stratified,roberta-base,RoBERTa-base,homo,Homo,20,150,0,20,20,103,104,82.59803921568627,"0, 1, 2, 3, 4, 5, 6, 7, 8, 9, 10, 11, 12, 13, 14, 15, 16, 17, 18, 19",4,4,ffa_global_B,,epoch_round_tuning_mrpc_client_count/tuning-ffa-mrpc_stratified-roberta-base-homo-e20-r150/seed0/20/103/round_config.json
ffa,Nonlinear FFA,mrpc_stratified,MRPC stratified,roberta-base,RoBERTa-base,homo,Homo,20,150,0,20,20,104,105,83.33333333333334,"0, 1, 2, 3, 4, 5, 6, 7, 8, 9, 10, 11, 12, 13, 14, 15, 16, 17, 18, 19",4,4,ffa_global_B,,epoch_round_tuning_mrpc_client_count/tuning-ffa-mrpc_stratified-roberta-base-homo-e20-r150/seed0/20/104/round_config.json
ffa,Nonlinear FFA,mrpc_stratified,MRPC stratified,roberta-base,RoBERTa-base,homo,Homo,20,150,0,20,20,105,106,83.82352941176471,"0, 1, 2, 3, 4, 5, 6, 7, 8, 9, 10, 11, 12, 13, 14, 15, 16, 17, 18, 19",4,4,ffa_global_B,,epoch_round_tuning_mrpc_client_count/tuning-ffa-mrpc_stratified-roberta-base-homo-e20-r150/seed0/20/105/round_config.json
ffa,Nonlinear FFA,mrpc_stratified,MRPC stratified,roberta-base,RoBERTa-base,homo,Homo,20,150,0,20,20,106,107,83.33333333333334,"0, 1, 2, 3, 4, 5, 6, 7, 8, 9, 10, 11, 12, 13, 14, 15, 16, 17, 18, 19",4,4,ffa_global_B,,epoch_round_tuning_mrpc_client_count/tuning-ffa-mrpc_stratified-roberta-base-homo-e20-r150/seed0/20/106/round_config.json
ffa,Nonlinear FFA,mrpc_stratified,MRPC stratified,roberta-base,RoBERTa-base,homo,Homo,20,150,0,20,20,107,108,83.33333333333334,"0, 1, 2, 3, 4, 5, 6, 7, 8, 9, 10, 11, 12, 13, 14, 15, 16, 17, 18, 19",4,4,ffa_global_B,,epoch_round_tuning_mrpc_client_count/tuning-ffa-mrpc_stratified-roberta-base-homo-e20-r150/seed0/20/107/round_config.json
ffa,Nonlinear FFA,mrpc_stratified,MRPC stratified,roberta-base,RoBERTa-base,homo,Homo,20,150,0,20,20,108,109,83.08823529411765,"0, 1, 2, 3, 4, 5, 6, 7, 8, 9, 10, 11, 12, 13, 14, 15, 16, 17, 18, 19",4,4,ffa_global_B,,epoch_round_tuning_mrpc_client_count/tuning-ffa-mrpc_stratified-roberta-base-homo-e20-r150/seed0/20/108/round_config.json
ffa,Nonlinear FFA,mrpc_stratified,MRPC stratified,roberta-base,RoBERTa-base,homo,Homo,20,150,0,20,20,109,110,84.06862745098039,"0, 1, 2, 3, 4, 5, 6, 7, 8, 9, 10, 11, 12, 13, 14, 15, 16, 17, 18, 19",4,4,ffa_global_B,,epoch_round_tuning_mrpc_client_count/tuning-ffa-mrpc_stratified-roberta-base-homo-e20-r150/seed0/20/109/round_config.json
ffa,Nonlinear FFA,mrpc_stratified,MRPC stratified,roberta-base,RoBERTa-base,homo,Homo,20,150,0,20,20,110,111,83.82352941176471,"0, 1, 2, 3, 4, 5, 6, 7, 8, 9, 10, 11, 12, 13, 14, 15, 16, 17, 18, 19",4,4,ffa_global_B,,epoch_round_tuning_mrpc_client_count/tuning-ffa-mrpc_stratified-roberta-base-homo-e20-r150/seed0/20/110/round_config.json
ffa,Nonlinear FFA,mrpc_stratified,MRPC stratified,roberta-base,RoBERTa-base,homo,Homo,20,150,0,20,20,111,112,83.08823529411765,"0, 1, 2, 3, 4, 5, 6, 7, 8, 9, 10, 11, 12, 13, 14, 15, 16, 17, 18, 19",4,4,ffa_global_B,,epoch_round_tuning_mrpc_client_count/tuning-ffa-mrpc_stratified-roberta-base-homo-e20-r150/seed0/20/111/round_config.json
ffa,Nonlinear FFA,mrpc_stratified,MRPC stratified,roberta-base,RoBERTa-base,homo,Homo,20,150,0,20,20,112,113,82.84313725490196,"0, 1, 2, 3, 4, 5, 6, 7, 8, 9, 10, 11, 12, 13, 14, 15, 16, 17, 18, 19",4,4,ffa_global_B,,epoch_round_tuning_mrpc_client_count/tuning-ffa-mrpc_stratified-roberta-base-homo-e20-r150/seed0/20/112/round_config.json
ffa,Nonlinear FFA,mrpc_stratified,MRPC stratified,roberta-base,RoBERTa-base,homo,Homo,20,150,0,20,20,113,114,83.57843137254902,"0, 1, 2, 3, 4, 5, 6, 7, 8, 9, 10, 11, 12, 13, 14, 15, 16, 17, 18, 19",4,4,ffa_global_B,,epoch_round_tuning_mrpc_client_count/tuning-ffa-mrpc_stratified-roberta-base-homo-e20-r150/seed0/20/113/round_config.json
ffa,Nonlinear FFA,mrpc_stratified,MRPC stratified,roberta-base,RoBERTa-base,homo,Homo,20,150,0,20,20,114,115,83.82352941176471,"0, 1, 2, 3, 4, 5, 6, 7, 8, 9, 10, 11, 12, 13, 14, 15, 16, 17, 18, 19",4,4,ffa_global_B,,epoch_round_tuning_mrpc_client_count/tuning-ffa-mrpc_stratified-roberta-base-homo-e20-r150/seed0/20/114/round_config.json
ffa,Nonlinear FFA,mrpc_stratified,MRPC stratified,roberta-base,RoBERTa-base,homo,Homo,20,150,0,20,20,115,116,83.82352941176471,"0, 1, 2, 3, 4, 5, 6, 7, 8, 9, 10, 11, 12, 13, 14, 15, 16, 17, 18, 19",4,4,ffa_global_B,,epoch_round_tuning_mrpc_client_count/tuning-ffa-mrpc_stratified-roberta-base-homo-e20-r150/seed0/20/115/round_config.json
ffa,Nonlinear FFA,mrpc_stratified,MRPC stratified,roberta-base,RoBERTa-base,homo,Homo,20,150,0,20,20,116,117,83.08823529411765,"0, 1, 2, 3, 4, 5, 6, 7, 8, 9, 10, 11, 12, 13, 14, 15, 16, 17, 18, 19",4,4,ffa_global_B,,epoch_round_tuning_mrpc_client_count/tuning-ffa-mrpc_stratified-roberta-base-homo-e20-r150/seed0/20/116/round_config.json
ffa,Nonlinear FFA,mrpc_stratified,MRPC stratified,roberta-base,RoBERTa-base,homo,Homo,20,150,0,20,20,117,118,82.84313725490196,"0, 1, 2, 3, 4, 5, 6, 7, 8, 9, 10, 11, 12, 13, 14, 15, 16, 17, 18, 19",4,4,ffa_global_B,,epoch_round_tuning_mrpc_client_count/tuning-ffa-mrpc_stratified-roberta-base-homo-e20-r150/seed0/20/117/round_config.json
ffa,Nonlinear FFA,mrpc_stratified,MRPC stratified,roberta-base,RoBERTa-base,homo,Homo,20,150,0,20,20,118,119,82.59803921568627,"0, 1, 2, 3, 4, 5, 6, 7, 8, 9, 10, 11, 12, 13, 14, 15, 16, 17, 18, 19",4,4,ffa_global_B,,epoch_round_tuning_mrpc_client_count/tuning-ffa-mrpc_stratified-roberta-base-homo-e20-r150/seed0/20/118/round_config.json
ffa,Nonlinear FFA,mrpc_stratified,MRPC stratified,roberta-base,RoBERTa-base,homo,Homo,20,150,0,20,20,119,120,82.84313725490196,"0, 1, 2, 3, 4, 5, 6, 7, 8, 9, 10, 11, 12, 13, 14, 15, 16, 17, 18, 19",4,4,ffa_global_B,,epoch_round_tuning_mrpc_client_count/tuning-ffa-mrpc_stratified-roberta-base-homo-e20-r150/seed0/20/119/round_config.json
ffa,Nonlinear FFA,mrpc_stratified,MRPC stratified,roberta-base,RoBERTa-base,homo,Homo,20,150,0,20,20,120,121,82.59803921568627,"0, 1, 2, 3, 4, 5, 6, 7, 8, 9, 10, 11, 12, 13, 14, 15, 16, 17, 18, 19",4,4,ffa_global_B,,epoch_round_tuning_mrpc_client_count/tuning-ffa-mrpc_stratified-roberta-base-homo-e20-r150/seed0/20/120/round_config.json
ffa,Nonlinear FFA,mrpc_stratified,MRPC stratified,roberta-base,RoBERTa-base,homo,Homo,20,150,0,20,20,121,122,82.84313725490196,"0, 1, 2, 3, 4, 5, 6, 7, 8, 9, 10, 11, 12, 13, 14, 15, 16, 17, 18, 19",4,4,ffa_global_B,,epoch_round_tuning_mrpc_client_count/tuning-ffa-mrpc_stratified-roberta-base-homo-e20-r150/seed0/20/121/round_config.json
ffa,Nonlinear FFA,mrpc_stratified,MRPC stratified,roberta-base,RoBERTa-base,homo,Homo,20,150,0,20,20,122,123,82.59803921568627,"0, 1, 2, 3, 4, 5, 6, 7, 8, 9, 10, 11, 12, 13, 14, 15, 16, 17, 18, 19",4,4,ffa_global_B,,epoch_round_tuning_mrpc_client_count/tuning-ffa-mrpc_stratified-roberta-base-homo-e20-r150/seed0/20/122/round_config.json
ffa,Nonlinear FFA,mrpc_stratified,MRPC stratified,roberta-base,RoBERTa-base,homo,Homo,20,150,0,20,20,123,124,82.35294117647058,"0, 1, 2, 3, 4, 5, 6, 7, 8, 9, 10, 11, 12, 13, 14, 15, 16, 17, 18, 19",4,4,ffa_global_B,,epoch_round_tuning_mrpc_client_count/tuning-ffa-mrpc_stratified-roberta-base-homo-e20-r150/seed0/20/123/round_config.json
ffa,Nonlinear FFA,mrpc_stratified,MRPC stratified,roberta-base,RoBERTa-base,homo,Homo,20,150,0,20,20,124,125,82.35294117647058,"0, 1, 2, 3, 4, 5, 6, 7, 8, 9, 10, 11, 12, 13, 14, 15, 16, 17, 18, 19",4,4,ffa_global_B,,epoch_round_tuning_mrpc_client_count/tuning-ffa-mrpc_stratified-roberta-base-homo-e20-r150/seed0/20/124/round_config.json
ffa,Nonlinear FFA,mrpc_stratified,MRPC stratified,roberta-base,RoBERTa-base,homo,Homo,20,150,0,20,20,125,126,82.59803921568627,"0, 1, 2, 3, 4, 5, 6, 7, 8, 9, 10, 11, 12, 13, 14, 15, 16, 17, 18, 19",4,4,ffa_global_B,,epoch_round_tuning_mrpc_client_count/tuning-ffa-mrpc_stratified-roberta-base-homo-e20-r150/seed0/20/125/round_config.json
ffa,Nonlinear FFA,mrpc_stratified,MRPC stratified,roberta-base,RoBERTa-base,homo,Homo,20,150,0,20,20,126,127,82.35294117647058,"0, 1, 2, 3, 4, 5, 6, 7, 8, 9, 10, 11, 12, 13, 14, 15, 16, 17, 18, 19",4,4,ffa_global_B,,epoch_round_tuning_mrpc_client_count/tuning-ffa-mrpc_stratified-roberta-base-homo-e20-r150/seed0/20/126/round_config.json
ffa,Nonlinear FFA,mrpc_stratified,MRPC stratified,roberta-base,RoBERTa-base,homo,Homo,20,150,0,20,20,127,128,82.35294117647058,"0, 1, 2, 3, 4, 5, 6, 7, 8, 9, 10, 11, 12, 13, 14, 15, 16, 17, 18, 19",4,4,ffa_global_B,,epoch_round_tuning_mrpc_client_count/tuning-ffa-mrpc_stratified-roberta-base-homo-e20-r150/seed0/20/127/round_config.json
ffa,Nonlinear FFA,mrpc_stratified,MRPC stratified,roberta-base,RoBERTa-base,homo,Homo,20,150,0,20,20,128,129,82.59803921568627,"0, 1, 2, 3, 4, 5, 6, 7, 8, 9, 10, 11, 12, 13, 14, 15, 16, 17, 18, 19",4,4,ffa_global_B,,epoch_round_tuning_mrpc_client_count/tuning-ffa-mrpc_stratified-roberta-base-homo-e20-r150/seed0/20/128/round_config.json
ffa,Nonlinear FFA,mrpc_stratified,MRPC stratified,roberta-base,RoBERTa-base,homo,Homo,20,150,0,20,20,129,130,83.08823529411765,"0, 1, 2, 3, 4, 5, 6, 7, 8, 9, 10, 11, 12, 13, 14, 15, 16, 17, 18, 19",4,4,ffa_global_B,,epoch_round_tuning_mrpc_client_count/tuning-ffa-mrpc_stratified-roberta-base-homo-e20-r150/seed0/20/129/round_config.json
ffa,Nonlinear FFA,mrpc_stratified,MRPC stratified,roberta-base,RoBERTa-base,homo,Homo,20,150,0,20,20,130,131,83.08823529411765,"0, 1, 2, 3, 4, 5, 6, 7, 8, 9, 10, 11, 12, 13, 14, 15, 16, 17, 18, 19",4,4,ffa_global_B,,epoch_round_tuning_mrpc_client_count/tuning-ffa-mrpc_stratified-roberta-base-homo-e20-r150/seed0/20/130/round_config.json
ffa,Nonlinear FFA,mrpc_stratified,MRPC stratified,roberta-base,RoBERTa-base,homo,Homo,20,150,0,20,20,131,132,82.35294117647058,"0, 1, 2, 3, 4, 5, 6, 7, 8, 9, 10, 11, 12, 13, 14, 15, 16, 17, 18, 19",4,4,ffa_global_B,,epoch_round_tuning_mrpc_client_count/tuning-ffa-mrpc_stratified-roberta-base-homo-e20-r150/seed0/20/131/round_config.json
ffa,Nonlinear FFA,mrpc_stratified,MRPC stratified,roberta-base,RoBERTa-base,homo,Homo,20,150,0,20,20,132,133,82.59803921568627,"0, 1, 2, 3, 4, 5, 6, 7, 8, 9, 10, 11, 12, 13, 14, 15, 16, 17, 18, 19",4,4,ffa_global_B,,epoch_round_tuning_mrpc_client_count/tuning-ffa-mrpc_stratified-roberta-base-homo-e20-r150/seed0/20/132/round_config.json
ffa,Nonlinear FFA,mrpc_stratified,MRPC stratified,roberta-base,RoBERTa-base,homo,Homo,20,150,0,20,20,133,134,83.08823529411765,"0, 1, 2, 3, 4, 5, 6, 7, 8, 9, 10, 11, 12, 13, 14, 15, 16, 17, 18, 19",4,4,ffa_global_B,,epoch_round_tuning_mrpc_client_count/tuning-ffa-mrpc_stratified-roberta-base-homo-e20-r150/seed0/20/133/round_config.json
ffa,Nonlinear FFA,mrpc_stratified,MRPC stratified,roberta-base,RoBERTa-base,homo,Homo,20,150,0,20,20,134,135,82.1078431372549,"0, 1, 2, 3, 4, 5, 6, 7, 8, 9, 10, 11, 12, 13, 14, 15, 16, 17, 18, 19",4,4,ffa_global_B,,epoch_round_tuning_mrpc_client_count/tuning-ffa-mrpc_stratified-roberta-base-homo-e20-r150/seed0/20/134/round_config.json
ffa,Nonlinear FFA,mrpc_stratified,MRPC stratified,roberta-base,RoBERTa-base,homo,Homo,20,150,0,20,20,135,136,82.35294117647058,"0, 1, 2, 3, 4, 5, 6, 7, 8, 9, 10, 11, 12, 13, 14, 15, 16, 17, 18, 19",4,4,ffa_global_B,,epoch_round_tuning_mrpc_client_count/tuning-ffa-mrpc_stratified-roberta-base-homo-e20-r150/seed0/20/135/round_config.json
ffa,Nonlinear FFA,mrpc_stratified,MRPC stratified,roberta-base,RoBERTa-base,homo,Homo,20,150,0,20,20,136,137,82.59803921568627,"0, 1, 2, 3, 4, 5, 6, 7, 8, 9, 10, 11, 12, 13, 14, 15, 16, 17, 18, 19",4,4,ffa_global_B,,epoch_round_tuning_mrpc_client_count/tuning-ffa-mrpc_stratified-roberta-base-homo-e20-r150/seed0/20/136/round_config.json
ffa,Nonlinear FFA,mrpc_stratified,MRPC stratified,roberta-base,RoBERTa-base,homo,Homo,20,150,0,20,20,137,138,82.84313725490196,"0, 1, 2, 3, 4, 5, 6, 7, 8, 9, 10, 11, 12, 13, 14, 15, 16, 17, 18, 19",4,4,ffa_global_B,,epoch_round_tuning_mrpc_client_count/tuning-ffa-mrpc_stratified-roberta-base-homo-e20-r150/seed0/20/137/round_config.json
ffa,Nonlinear FFA,mrpc_stratified,MRPC stratified,roberta-base,RoBERTa-base,homo,Homo,20,150,0,20,20,138,139,82.35294117647058,"0, 1, 2, 3, 4, 5, 6, 7, 8, 9, 10, 11, 12, 13, 14, 15, 16, 17, 18, 19",4,4,ffa_global_B,,epoch_round_tuning_mrpc_client_count/tuning-ffa-mrpc_stratified-roberta-base-homo-e20-r150/seed0/20/138/round_config.json
ffa,Nonlinear FFA,mrpc_stratified,MRPC stratified,roberta-base,RoBERTa-base,homo,Homo,20,150,0,20,20,139,140,82.84313725490196,"0, 1, 2, 3, 4, 5, 6, 7, 8, 9, 10, 11, 12, 13, 14, 15, 16, 17, 18, 19",4,4,ffa_global_B,,epoch_round_tuning_mrpc_client_count/tuning-ffa-mrpc_stratified-roberta-base-homo-e20-r150/seed0/20/139/round_config.json
ffa,Nonlinear FFA,mrpc_stratified,MRPC stratified,roberta-base,RoBERTa-base,homo,Homo,20,150,0,20,20,140,141,82.35294117647058,"0, 1, 2, 3, 4, 5, 6, 7, 8, 9, 10, 11, 12, 13, 14, 15, 16, 17, 18, 19",4,4,ffa_global_B,,epoch_round_tuning_mrpc_client_count/tuning-ffa-mrpc_stratified-roberta-base-homo-e20-r150/seed0/20/140/round_config.json
ffa,Nonlinear FFA,mrpc_stratified,MRPC stratified,roberta-base,RoBERTa-base,homo,Homo,20,150,0,20,20,141,142,82.84313725490196,"0, 1, 2, 3, 4, 5, 6, 7, 8, 9, 10, 11, 12, 13, 14, 15, 16, 17, 18, 19",4,4,ffa_global_B,,epoch_round_tuning_mrpc_client_count/tuning-ffa-mrpc_stratified-roberta-base-homo-e20-r150/seed0/20/141/round_config.json
ffa,Nonlinear FFA,mrpc_stratified,MRPC stratified,roberta-base,RoBERTa-base,homo,Homo,20,150,0,20,20,142,143,82.35294117647058,"0, 1, 2, 3, 4, 5, 6, 7, 8, 9, 10, 11, 12, 13, 14, 15, 16, 17, 18, 19",4,4,ffa_global_B,,epoch_round_tuning_mrpc_client_count/tuning-ffa-mrpc_stratified-roberta-base-homo-e20-r150/seed0/20/142/round_config.json
ffa,Nonlinear FFA,mrpc_stratified,MRPC stratified,roberta-base,RoBERTa-base,homo,Homo,20,150,0,20,20,143,144,82.1078431372549,"0, 1, 2, 3, 4, 5, 6, 7, 8, 9, 10, 11, 12, 13, 14, 15, 16, 17, 18, 19",4,4,ffa_global_B,,epoch_round_tuning_mrpc_client_count/tuning-ffa-mrpc_stratified-roberta-base-homo-e20-r150/seed0/20/143/round_config.json
ffa,Nonlinear FFA,mrpc_stratified,MRPC stratified,roberta-base,RoBERTa-base,homo,Homo,20,150,0,20,20,144,145,82.35294117647058,"0, 1, 2, 3, 4, 5, 6, 7, 8, 9, 10, 11, 12, 13, 14, 15, 16, 17, 18, 19",4,4,ffa_global_B,,epoch_round_tuning_mrpc_client_count/tuning-ffa-mrpc_stratified-roberta-base-homo-e20-r150/seed0/20/144/round_config.json
ffa,Nonlinear FFA,mrpc_stratified,MRPC stratified,roberta-base,RoBERTa-base,homo,Homo,20,150,0,20,20,145,146,82.84313725490196,"0, 1, 2, 3, 4, 5, 6, 7, 8, 9, 10, 11, 12, 13, 14, 15, 16, 17, 18, 19",4,4,ffa_global_B,,epoch_round_tuning_mrpc_client_count/tuning-ffa-mrpc_stratified-roberta-base-homo-e20-r150/seed0/20/145/round_config.json
ffa,Nonlinear FFA,mrpc_stratified,MRPC stratified,roberta-base,RoBERTa-base,homo,Homo,20,150,0,20,20,146,147,82.1078431372549,"0, 1, 2, 3, 4, 5, 6, 7, 8, 9, 10, 11, 12, 13, 14, 15, 16, 17, 18, 19",4,4,ffa_global_B,,epoch_round_tuning_mrpc_client_count/tuning-ffa-mrpc_stratified-roberta-base-homo-e20-r150/seed0/20/146/round_config.json
ffa,Nonlinear FFA,mrpc_stratified,MRPC stratified,roberta-base,RoBERTa-base,homo,Homo,20,150,0,20,20,147,148,82.59803921568627,"0, 1, 2, 3, 4, 5, 6, 7, 8, 9, 10, 11, 12, 13, 14, 15, 16, 17, 18, 19",4,4,ffa_global_B,,epoch_round_tuning_mrpc_client_count/tuning-ffa-mrpc_stratified-roberta-base-homo-e20-r150/seed0/20/147/round_config.json
ffa,Nonlinear FFA,mrpc_stratified,MRPC stratified,roberta-base,RoBERTa-base,homo,Homo,20,150,0,20,20,148,149,82.59803921568627,"0, 1, 2, 3, 4, 5, 6, 7, 8, 9, 10, 11, 12, 13, 14, 15, 16, 17, 18, 19",4,4,ffa_global_B,,epoch_round_tuning_mrpc_client_count/tuning-ffa-mrpc_stratified-roberta-base-homo-e20-r150/seed0/20/148/round_config.json
ffa,Nonlinear FFA,mrpc_stratified,MRPC stratified,roberta-base,RoBERTa-base,homo,Homo,20,150,0,20,20,149,150,81.86274509803921,"0, 1, 2, 3, 4, 5, 6, 7, 8, 9, 10, 11, 12, 13, 14, 15, 16, 17, 18, 19",4,4,ffa_global_B,,epoch_round_tuning_mrpc_client_count/tuning-ffa-mrpc_stratified-roberta-base-homo-e20-r150/seed0/20/149/round_config.json
flora,Linear FLoRA,mrpc_stratified,MRPC stratified,roberta-base,RoBERTa-base,homo,Homo,20,150,0,3,3,0,1,84.55882352941177,"0, 1, 2",12,12,merged_linear_residual,,epoch_round_tuning_mrpc_client_count/tuning-flora-mrpc_stratified-roberta-base-homo-e20-r150/seed0/3/0/round_config.json
flora,Linear FLoRA,mrpc_stratified,MRPC stratified,roberta-base,RoBERTa-base,homo,Homo,20,150,0,3,3,1,2,84.80392156862744,"0, 1, 2",12,12,merged_linear_residual,,epoch_round_tuning_mrpc_client_count/tuning-flora-mrpc_stratified-roberta-base-homo-e20-r150/seed0/3/1/round_config.json
flora,Linear FLoRA,mrpc_stratified,MRPC stratified,roberta-base,RoBERTa-base,homo,Homo,20,150,0,3,3,2,3,86.02941176470588,"0, 1, 2",12,12,merged_linear_residual,,epoch_round_tuning_mrpc_client_count/tuning-flora-mrpc_stratified-roberta-base-homo-e20-r150/seed0/3/2/round_config.json
flora,Linear FLoRA,mrpc_stratified,MRPC stratified,roberta-base,RoBERTa-base,homo,Homo,20,150,0,3,3,3,4,86.27450980392157,"0, 1, 2",12,12,merged_linear_residual,,epoch_round_tuning_mrpc_client_count/tuning-flora-mrpc_stratified-roberta-base-homo-e20-r150/seed0/3/3/round_config.json
flora,Linear FLoRA,mrpc_stratified,MRPC stratified,roberta-base,RoBERTa-base,homo,Homo,20,150,0,3,3,4,5,86.51960784313727,"0, 1, 2",12,12,merged_linear_residual,,epoch_round_tuning_mrpc_client_count/tuning-flora-mrpc_stratified-roberta-base-homo-e20-r150/seed0/3/4/round_config.json
flora,Linear FLoRA,mrpc_stratified,MRPC stratified,roberta-base,RoBERTa-base,homo,Homo,20,150,0,3,3,5,6,86.27450980392157,"0, 1, 2",12,12,merged_linear_residual,,epoch_round_tuning_mrpc_client_count/tuning-flora-mrpc_stratified-roberta-base-homo-e20-r150/seed0/3/5/round_config.json
flora,Linear FLoRA,mrpc_stratified,MRPC stratified,roberta-base,RoBERTa-base,homo,Homo,20,150,0,3,3,6,7,85.5392156862745,"0, 1, 2",12,12,merged_linear_residual,,epoch_round_tuning_mrpc_client_count/tuning-flora-mrpc_stratified-roberta-base-homo-e20-r150/seed0/3/6/round_config.json
flora,Linear FLoRA,mrpc_stratified,MRPC stratified,roberta-base,RoBERTa-base,homo,Homo,20,150,0,3,3,7,8,85.5392156862745,"0, 1, 2",12,12,merged_linear_residual,,epoch_round_tuning_mrpc_client_count/tuning-flora-mrpc_stratified-roberta-base-homo-e20-r150/seed0/3/7/round_config.json
flora,Linear FLoRA,mrpc_stratified,MRPC stratified,roberta-base,RoBERTa-base,homo,Homo,20,150,0,3,3,8,9,85.29411764705883,"0, 1, 2",12,12,merged_linear_residual,,epoch_round_tuning_mrpc_client_count/tuning-flora-mrpc_stratified-roberta-base-homo-e20-r150/seed0/3/8/round_config.json
flora,Linear FLoRA,mrpc_stratified,MRPC stratified,roberta-base,RoBERTa-base,homo,Homo,20,150,0,3,3,9,10,84.55882352941177,"0, 1, 2",12,12,merged_linear_residual,,epoch_round_tuning_mrpc_client_count/tuning-flora-mrpc_stratified-roberta-base-homo-e20-r150/seed0/3/9/round_config.json
flora,Linear FLoRA,mrpc_stratified,MRPC stratified,roberta-base,RoBERTa-base,homo,Homo,20,150,0,3,3,10,11,83.82352941176471,"0, 1, 2",12,12,merged_linear_residual,,epoch_round_tuning_mrpc_client_count/tuning-flora-mrpc_stratified-roberta-base-homo-e20-r150/seed0/3/10/round_config.json
flora,Linear FLoRA,mrpc_stratified,MRPC stratified,roberta-base,RoBERTa-base,homo,Homo,20,150,0,3,3,11,12,83.82352941176471,"0, 1, 2",12,12,merged_linear_residual,,epoch_round_tuning_mrpc_client_count/tuning-flora-mrpc_stratified-roberta-base-homo-e20-r150/seed0/3/11/round_config.json
flora,Linear FLoRA,mrpc_stratified,MRPC stratified,roberta-base,RoBERTa-base,homo,Homo,20,150,0,3,3,12,13,84.55882352941177,"0, 1, 2",12,12,merged_linear_residual,,epoch_round_tuning_mrpc_client_count/tuning-flora-mrpc_stratified-roberta-base-homo-e20-r150/seed0/3/12/round_config.json
flora,Linear FLoRA,mrpc_stratified,MRPC stratified,roberta-base,RoBERTa-base,homo,Homo,20,150,0,3,3,13,14,84.55882352941177,"0, 1, 2",12,12,merged_linear_residual,,epoch_round_tuning_mrpc_client_count/tuning-flora-mrpc_stratified-roberta-base-homo-e20-r150/seed0/3/13/round_config.json
flora,Linear FLoRA,mrpc_stratified,MRPC stratified,roberta-base,RoBERTa-base,homo,Homo,20,150,0,3,3,14,15,85.04901960784314,"0, 1, 2",12,12,merged_linear_residual,,epoch_round_tuning_mrpc_client_count/tuning-flora-mrpc_stratified-roberta-base-homo-e20-r150/seed0/3/14/round_config.json
flora,Linear FLoRA,mrpc_stratified,MRPC stratified,roberta-base,RoBERTa-base,homo,Homo,20,150,0,3,3,15,16,84.55882352941177,"0, 1, 2",12,12,merged_linear_residual,,epoch_round_tuning_mrpc_client_count/tuning-flora-mrpc_stratified-roberta-base-homo-e20-r150/seed0/3/15/round_config.json
flora,Linear FLoRA,mrpc_stratified,MRPC stratified,roberta-base,RoBERTa-base,homo,Homo,20,150,0,3,3,16,17,84.80392156862744,"0, 1, 2",12,12,merged_linear_residual,,epoch_round_tuning_mrpc_client_count/tuning-flora-mrpc_stratified-roberta-base-homo-e20-r150/seed0/3/16/round_config.json
flora,Linear FLoRA,mrpc_stratified,MRPC stratified,roberta-base,RoBERTa-base,homo,Homo,20,150,0,3,3,17,18,84.80392156862744,"0, 1, 2",12,12,merged_linear_residual,,epoch_round_tuning_mrpc_client_count/tuning-flora-mrpc_stratified-roberta-base-homo-e20-r150/seed0/3/17/round_config.json
flora,Linear FLoRA,mrpc_stratified,MRPC stratified,roberta-base,RoBERTa-base,homo,Homo,20,150,0,3,3,18,19,84.55882352941177,"0, 1, 2",12,12,merged_linear_residual,,epoch_round_tuning_mrpc_client_count/tuning-flora-mrpc_stratified-roberta-base-homo-e20-r150/seed0/3/18/round_config.json
flora,Linear FLoRA,mrpc_stratified,MRPC stratified,roberta-base,RoBERTa-base,homo,Homo,20,150,0,3,3,19,20,84.55882352941177,"0, 1, 2",12,12,merged_linear_residual,,epoch_round_tuning_mrpc_client_count/tuning-flora-mrpc_stratified-roberta-base-homo-e20-r150/seed0/3/19/round_config.json
flora,Linear FLoRA,mrpc_stratified,MRPC stratified,roberta-base,RoBERTa-base,homo,Homo,20,150,0,3,3,20,21,85.04901960784314,"0, 1, 2",12,12,merged_linear_residual,,epoch_round_tuning_mrpc_client_count/tuning-flora-mrpc_stratified-roberta-base-homo-e20-r150/seed0/3/20/round_config.json
flora,Linear FLoRA,mrpc_stratified,MRPC stratified,roberta-base,RoBERTa-base,homo,Homo,20,150,0,3,3,21,22,85.5392156862745,"0, 1, 2",12,12,merged_linear_residual,,epoch_round_tuning_mrpc_client_count/tuning-flora-mrpc_stratified-roberta-base-homo-e20-r150/seed0/3/21/round_config.json
flora,Linear FLoRA,mrpc_stratified,MRPC stratified,roberta-base,RoBERTa-base,homo,Homo,20,150,0,3,3,22,23,85.29411764705883,"0, 1, 2",12,12,merged_linear_residual,,epoch_round_tuning_mrpc_client_count/tuning-flora-mrpc_stratified-roberta-base-homo-e20-r150/seed0/3/22/round_config.json
flora,Linear FLoRA,mrpc_stratified,MRPC stratified,roberta-base,RoBERTa-base,homo,Homo,20,150,0,3,3,23,24,84.55882352941177,"0, 1, 2",12,12,merged_linear_residual,,epoch_round_tuning_mrpc_client_count/tuning-flora-mrpc_stratified-roberta-base-homo-e20-r150/seed0/3/23/round_config.json
flora,Linear FLoRA,mrpc_stratified,MRPC stratified,roberta-base,RoBERTa-base,homo,Homo,20,150,0,3,3,24,25,84.55882352941177,"0, 1, 2",12,12,merged_linear_residual,,epoch_round_tuning_mrpc_client_count/tuning-flora-mrpc_stratified-roberta-base-homo-e20-r150/seed0/3/24/round_config.json
flora,Linear FLoRA,mrpc_stratified,MRPC stratified,roberta-base,RoBERTa-base,homo,Homo,20,150,0,3,3,25,26,84.55882352941177,"0, 1, 2",12,12,merged_linear_residual,,epoch_round_tuning_mrpc_client_count/tuning-flora-mrpc_stratified-roberta-base-homo-e20-r150/seed0/3/25/round_config.json
flora,Linear FLoRA,mrpc_stratified,MRPC stratified,roberta-base,RoBERTa-base,homo,Homo,20,150,0,3,3,26,27,84.06862745098039,"0, 1, 2",12,12,merged_linear_residual,,epoch_round_tuning_mrpc_client_count/tuning-flora-mrpc_stratified-roberta-base-homo-e20-r150/seed0/3/26/round_config.json
flora,Linear FLoRA,mrpc_stratified,MRPC stratified,roberta-base,RoBERTa-base,homo,Homo,20,150,0,3,3,27,28,84.80392156862744,"0, 1, 2",12,12,merged_linear_residual,,epoch_round_tuning_mrpc_client_count/tuning-flora-mrpc_stratified-roberta-base-homo-e20-r150/seed0/3/27/round_config.json
flora,Linear FLoRA,mrpc_stratified,MRPC stratified,roberta-base,RoBERTa-base,homo,Homo,20,150,0,3,3,28,29,85.04901960784314,"0, 1, 2",12,12,merged_linear_residual,,epoch_round_tuning_mrpc_client_count/tuning-flora-mrpc_stratified-roberta-base-homo-e20-r150/seed0/3/28/round_config.json
flora,Linear FLoRA,mrpc_stratified,MRPC stratified,roberta-base,RoBERTa-base,homo,Homo,20,150,0,3,3,29,30,84.80392156862744,"0, 1, 2",12,12,merged_linear_residual,,epoch_round_tuning_mrpc_client_count/tuning-flora-mrpc_stratified-roberta-base-homo-e20-r150/seed0/3/29/round_config.json
flora,Linear FLoRA,mrpc_stratified,MRPC stratified,roberta-base,RoBERTa-base,homo,Homo,20,150,0,3,3,30,31,84.55882352941177,"0, 1, 2",12,12,merged_linear_residual,,epoch_round_tuning_mrpc_client_count/tuning-flora-mrpc_stratified-roberta-base-homo-e20-r150/seed0/3/30/round_config.json
flora,Linear FLoRA,mrpc_stratified,MRPC stratified,roberta-base,RoBERTa-base,homo,Homo,20,150,0,3,3,31,32,84.55882352941177,"0, 1, 2",12,12,merged_linear_residual,,epoch_round_tuning_mrpc_client_count/tuning-flora-mrpc_stratified-roberta-base-homo-e20-r150/seed0/3/31/round_config.json
flora,Linear FLoRA,mrpc_stratified,MRPC stratified,roberta-base,RoBERTa-base,homo,Homo,20,150,0,3,3,32,33,84.31372549019608,"0, 1, 2",12,12,merged_linear_residual,,epoch_round_tuning_mrpc_client_count/tuning-flora-mrpc_stratified-roberta-base-homo-e20-r150/seed0/3/32/round_config.json
flora,Linear FLoRA,mrpc_stratified,MRPC stratified,roberta-base,RoBERTa-base,homo,Homo,20,150,0,3,3,33,34,84.55882352941177,"0, 1, 2",12,12,merged_linear_residual,,epoch_round_tuning_mrpc_client_count/tuning-flora-mrpc_stratified-roberta-base-homo-e20-r150/seed0/3/33/round_config.json
flora,Linear FLoRA,mrpc_stratified,MRPC stratified,roberta-base,RoBERTa-base,homo,Homo,20,150,0,3,3,34,35,84.80392156862744,"0, 1, 2",12,12,merged_linear_residual,,epoch_round_tuning_mrpc_client_count/tuning-flora-mrpc_stratified-roberta-base-homo-e20-r150/seed0/3/34/round_config.json
flora,Linear FLoRA,mrpc_stratified,MRPC stratified,roberta-base,RoBERTa-base,homo,Homo,20,150,0,3,3,35,36,85.7843137254902,"0, 1, 2",12,12,merged_linear_residual,,epoch_round_tuning_mrpc_client_count/tuning-flora-mrpc_stratified-roberta-base-homo-e20-r150/seed0/3/35/round_config.json
flora,Linear FLoRA,mrpc_stratified,MRPC stratified,roberta-base,RoBERTa-base,homo,Homo,20,150,0,3,3,36,37,85.04901960784314,"0, 1, 2",12,12,merged_linear_residual,,epoch_round_tuning_mrpc_client_count/tuning-flora-mrpc_stratified-roberta-base-homo-e20-r150/seed0/3/36/round_config.json
flora,Linear FLoRA,mrpc_stratified,MRPC stratified,roberta-base,RoBERTa-base,homo,Homo,20,150,0,3,3,37,38,85.5392156862745,"0, 1, 2",12,12,merged_linear_residual,,epoch_round_tuning_mrpc_client_count/tuning-flora-mrpc_stratified-roberta-base-homo-e20-r150/seed0/3/37/round_config.json
flora,Linear FLoRA,mrpc_stratified,MRPC stratified,roberta-base,RoBERTa-base,homo,Homo,20,150,0,3,3,38,39,85.7843137254902,"0, 1, 2",12,12,merged_linear_residual,,epoch_round_tuning_mrpc_client_count/tuning-flora-mrpc_stratified-roberta-base-homo-e20-r150/seed0/3/38/round_config.json
flora,Linear FLoRA,mrpc_stratified,MRPC stratified,roberta-base,RoBERTa-base,homo,Homo,20,150,0,3,3,39,40,85.7843137254902,"0, 1, 2",12,12,merged_linear_residual,,epoch_round_tuning_mrpc_client_count/tuning-flora-mrpc_stratified-roberta-base-homo-e20-r150/seed0/3/39/round_config.json
flora,Linear FLoRA,mrpc_stratified,MRPC stratified,roberta-base,RoBERTa-base,homo,Homo,20,150,0,3,3,40,41,85.7843137254902,"0, 1, 2",12,12,merged_linear_residual,,epoch_round_tuning_mrpc_client_count/tuning-flora-mrpc_stratified-roberta-base-homo-e20-r150/seed0/3/40/round_config.json
flora,Linear FLoRA,mrpc_stratified,MRPC stratified,roberta-base,RoBERTa-base,homo,Homo,20,150,0,3,3,41,42,86.51960784313727,"0, 1, 2",12,12,merged_linear_residual,,epoch_round_tuning_mrpc_client_count/tuning-flora-mrpc_stratified-roberta-base-homo-e20-r150/seed0/3/41/round_config.json
flora,Linear FLoRA,mrpc_stratified,MRPC stratified,roberta-base,RoBERTa-base,homo,Homo,20,150,0,3,3,42,43,85.7843137254902,"0, 1, 2",12,12,merged_linear_residual,,epoch_round_tuning_mrpc_client_count/tuning-flora-mrpc_stratified-roberta-base-homo-e20-r150/seed0/3/42/round_config.json
flora,Linear FLoRA,mrpc_stratified,MRPC stratified,roberta-base,RoBERTa-base,homo,Homo,20,150,0,3,3,43,44,86.27450980392157,"0, 1, 2",12,12,merged_linear_residual,,epoch_round_tuning_mrpc_client_count/tuning-flora-mrpc_stratified-roberta-base-homo-e20-r150/seed0/3/43/round_config.json
flora,Linear FLoRA,mrpc_stratified,MRPC stratified,roberta-base,RoBERTa-base,homo,Homo,20,150,0,3,3,44,45,86.02941176470588,"0, 1, 2",12,12,merged_linear_residual,,epoch_round_tuning_mrpc_client_count/tuning-flora-mrpc_stratified-roberta-base-homo-e20-r150/seed0/3/44/round_config.json
flora,Linear FLoRA,mrpc_stratified,MRPC stratified,roberta-base,RoBERTa-base,homo,Homo,20,150,0,3,3,45,46,87.00980392156863,"0, 1, 2",12,12,merged_linear_residual,,epoch_round_tuning_mrpc_client_count/tuning-flora-mrpc_stratified-roberta-base-homo-e20-r150/seed0/3/45/round_config.json
flora,Linear FLoRA,mrpc_stratified,MRPC stratified,roberta-base,RoBERTa-base,homo,Homo,20,150,0,3,3,46,47,85.7843137254902,"0, 1, 2",12,12,merged_linear_residual,,epoch_round_tuning_mrpc_client_count/tuning-flora-mrpc_stratified-roberta-base-homo-e20-r150/seed0/3/46/round_config.json
flora,Linear FLoRA,mrpc_stratified,MRPC stratified,roberta-base,RoBERTa-base,homo,Homo,20,150,0,3,3,47,48,85.5392156862745,"0, 1, 2",12,12,merged_linear_residual,,epoch_round_tuning_mrpc_client_count/tuning-flora-mrpc_stratified-roberta-base-homo-e20-r150/seed0/3/47/round_config.json
flora,Linear FLoRA,mrpc_stratified,MRPC stratified,roberta-base,RoBERTa-base,homo,Homo,20,150,0,3,3,48,49,85.04901960784314,"0, 1, 2",12,12,merged_linear_residual,,epoch_round_tuning_mrpc_client_count/tuning-flora-mrpc_stratified-roberta-base-homo-e20-r150/seed0/3/48/round_config.json
flora,Linear FLoRA,mrpc_stratified,MRPC stratified,roberta-base,RoBERTa-base,homo,Homo,20,150,0,3,3,49,50,85.5392156862745,"0, 1, 2",12,12,merged_linear_residual,,epoch_round_tuning_mrpc_client_count/tuning-flora-mrpc_stratified-roberta-base-homo-e20-r150/seed0/3/49/round_config.json
flora,Linear FLoRA,mrpc_stratified,MRPC stratified,roberta-base,RoBERTa-base,homo,Homo,20,150,0,3,3,50,51,84.80392156862744,"0, 1, 2",12,12,merged_linear_residual,,epoch_round_tuning_mrpc_client_count/tuning-flora-mrpc_stratified-roberta-base-homo-e20-r150/seed0/3/50/round_config.json
flora,Linear FLoRA,mrpc_stratified,MRPC stratified,roberta-base,RoBERTa-base,homo,Homo,20,150,0,3,3,51,52,84.55882352941177,"0, 1, 2",12,12,merged_linear_residual,,epoch_round_tuning_mrpc_client_count/tuning-flora-mrpc_stratified-roberta-base-homo-e20-r150/seed0/3/51/round_config.json
flora,Linear FLoRA,mrpc_stratified,MRPC stratified,roberta-base,RoBERTa-base,homo,Homo,20,150,0,3,3,52,53,84.80392156862744,"0, 1, 2",12,12,merged_linear_residual,,epoch_round_tuning_mrpc_client_count/tuning-flora-mrpc_stratified-roberta-base-homo-e20-r150/seed0/3/52/round_config.json
flora,Linear FLoRA,mrpc_stratified,MRPC stratified,roberta-base,RoBERTa-base,homo,Homo,20,150,0,3,3,53,54,85.5392156862745,"0, 1, 2",12,12,merged_linear_residual,,epoch_round_tuning_mrpc_client_count/tuning-flora-mrpc_stratified-roberta-base-homo-e20-r150/seed0/3/53/round_config.json
flora,Linear FLoRA,mrpc_stratified,MRPC stratified,roberta-base,RoBERTa-base,homo,Homo,20,150,0,3,3,54,55,85.7843137254902,"0, 1, 2",12,12,merged_linear_residual,,epoch_round_tuning_mrpc_client_count/tuning-flora-mrpc_stratified-roberta-base-homo-e20-r150/seed0/3/54/round_config.json
flora,Linear FLoRA,mrpc_stratified,MRPC stratified,roberta-base,RoBERTa-base,homo,Homo,20,150,0,3,3,55,56,85.7843137254902,"0, 1, 2",12,12,merged_linear_residual,,epoch_round_tuning_mrpc_client_count/tuning-flora-mrpc_stratified-roberta-base-homo-e20-r150/seed0/3/55/round_config.json
flora,Linear FLoRA,mrpc_stratified,MRPC stratified,roberta-base,RoBERTa-base,homo,Homo,20,150,0,3,3,56,57,85.5392156862745,"0, 1, 2",12,12,merged_linear_residual,,epoch_round_tuning_mrpc_client_count/tuning-flora-mrpc_stratified-roberta-base-homo-e20-r150/seed0/3/56/round_config.json
flora,Linear FLoRA,mrpc_stratified,MRPC stratified,roberta-base,RoBERTa-base,homo,Homo,20,150,0,3,3,57,58,84.55882352941177,"0, 1, 2",12,12,merged_linear_residual,,epoch_round_tuning_mrpc_client_count/tuning-flora-mrpc_stratified-roberta-base-homo-e20-r150/seed0/3/57/round_config.json
flora,Linear FLoRA,mrpc_stratified,MRPC stratified,roberta-base,RoBERTa-base,homo,Homo,20,150,0,3,3,58,59,85.29411764705883,"0, 1, 2",12,12,merged_linear_residual,,epoch_round_tuning_mrpc_client_count/tuning-flora-mrpc_stratified-roberta-base-homo-e20-r150/seed0/3/58/round_config.json
flora,Linear FLoRA,mrpc_stratified,MRPC stratified,roberta-base,RoBERTa-base,homo,Homo,20,150,0,3,3,59,60,85.7843137254902,"0, 1, 2",12,12,merged_linear_residual,,epoch_round_tuning_mrpc_client_count/tuning-flora-mrpc_stratified-roberta-base-homo-e20-r150/seed0/3/59/round_config.json
flora,Linear FLoRA,mrpc_stratified,MRPC stratified,roberta-base,RoBERTa-base,homo,Homo,20,150,0,3,3,60,61,86.27450980392157,"0, 1, 2",12,12,merged_linear_residual,,epoch_round_tuning_mrpc_client_count/tuning-flora-mrpc_stratified-roberta-base-homo-e20-r150/seed0/3/60/round_config.json
flora,Linear FLoRA,mrpc_stratified,MRPC stratified,roberta-base,RoBERTa-base,homo,Homo,20,150,0,3,3,61,62,86.27450980392157,"0, 1, 2",12,12,merged_linear_residual,,epoch_round_tuning_mrpc_client_count/tuning-flora-mrpc_stratified-roberta-base-homo-e20-r150/seed0/3/61/round_config.json
flora,Linear FLoRA,mrpc_stratified,MRPC stratified,roberta-base,RoBERTa-base,homo,Homo,20,150,0,3,3,62,63,86.02941176470588,"0, 1, 2",12,12,merged_linear_residual,,epoch_round_tuning_mrpc_client_count/tuning-flora-mrpc_stratified-roberta-base-homo-e20-r150/seed0/3/62/round_config.json
flora,Linear FLoRA,mrpc_stratified,MRPC stratified,roberta-base,RoBERTa-base,homo,Homo,20,150,0,3,3,63,64,86.27450980392157,"0, 1, 2",12,12,merged_linear_residual,,epoch_round_tuning_mrpc_client_count/tuning-flora-mrpc_stratified-roberta-base-homo-e20-r150/seed0/3/63/round_config.json
flora,Linear FLoRA,mrpc_stratified,MRPC stratified,roberta-base,RoBERTa-base,homo,Homo,20,150,0,3,3,64,65,85.5392156862745,"0, 1, 2",12,12,merged_linear_residual,,epoch_round_tuning_mrpc_client_count/tuning-flora-mrpc_stratified-roberta-base-homo-e20-r150/seed0/3/64/round_config.json
flora,Linear FLoRA,mrpc_stratified,MRPC stratified,roberta-base,RoBERTa-base,homo,Homo,20,150,0,3,3,65,66,84.80392156862744,"0, 1, 2",12,12,merged_linear_residual,,epoch_round_tuning_mrpc_client_count/tuning-flora-mrpc_stratified-roberta-base-homo-e20-r150/seed0/3/65/round_config.json
flora,Linear FLoRA,mrpc_stratified,MRPC stratified,roberta-base,RoBERTa-base,homo,Homo,20,150,0,3,3,66,67,86.02941176470588,"0, 1, 2",12,12,merged_linear_residual,,epoch_round_tuning_mrpc_client_count/tuning-flora-mrpc_stratified-roberta-base-homo-e20-r150/seed0/3/66/round_config.json
flora,Linear FLoRA,mrpc_stratified,MRPC stratified,roberta-base,RoBERTa-base,homo,Homo,20,150,0,3,3,67,68,85.04901960784314,"0, 1, 2",12,12,merged_linear_residual,,epoch_round_tuning_mrpc_client_count/tuning-flora-mrpc_stratified-roberta-base-homo-e20-r150/seed0/3/67/round_config.json
flora,Linear FLoRA,mrpc_stratified,MRPC stratified,roberta-base,RoBERTa-base,homo,Homo,20,150,0,3,3,68,69,85.29411764705883,"0, 1, 2",12,12,merged_linear_residual,,epoch_round_tuning_mrpc_client_count/tuning-flora-mrpc_stratified-roberta-base-homo-e20-r150/seed0/3/68/round_config.json
flora,Linear FLoRA,mrpc_stratified,MRPC stratified,roberta-base,RoBERTa-base,homo,Homo,20,150,0,3,3,69,70,85.7843137254902,"0, 1, 2",12,12,merged_linear_residual,,epoch_round_tuning_mrpc_client_count/tuning-flora-mrpc_stratified-roberta-base-homo-e20-r150/seed0/3/69/round_config.json
flora,Linear FLoRA,mrpc_stratified,MRPC stratified,roberta-base,RoBERTa-base,homo,Homo,20,150,0,3,3,70,71,85.04901960784314,"0, 1, 2",12,12,merged_linear_residual,,epoch_round_tuning_mrpc_client_count/tuning-flora-mrpc_stratified-roberta-base-homo-e20-r150/seed0/3/70/round_config.json
flora,Linear FLoRA,mrpc_stratified,MRPC stratified,roberta-base,RoBERTa-base,homo,Homo,20,150,0,3,3,71,72,86.51960784313727,"0, 1, 2",12,12,merged_linear_residual,,epoch_round_tuning_mrpc_client_count/tuning-flora-mrpc_stratified-roberta-base-homo-e20-r150/seed0/3/71/round_config.json
flora,Linear FLoRA,mrpc_stratified,MRPC stratified,roberta-base,RoBERTa-base,homo,Homo,20,150,0,3,3,72,73,86.27450980392157,"0, 1, 2",12,12,merged_linear_residual,,epoch_round_tuning_mrpc_client_count/tuning-flora-mrpc_stratified-roberta-base-homo-e20-r150/seed0/3/72/round_config.json
flora,Linear FLoRA,mrpc_stratified,MRPC stratified,roberta-base,RoBERTa-base,homo,Homo,20,150,0,3,3,73,74,86.27450980392157,"0, 1, 2",12,12,merged_linear_residual,,epoch_round_tuning_mrpc_client_count/tuning-flora-mrpc_stratified-roberta-base-homo-e20-r150/seed0/3/73/round_config.json
flora,Linear FLoRA,mrpc_stratified,MRPC stratified,roberta-base,RoBERTa-base,homo,Homo,20,150,0,3,3,74,75,85.5392156862745,"0, 1, 2",12,12,merged_linear_residual,,epoch_round_tuning_mrpc_client_count/tuning-flora-mrpc_stratified-roberta-base-homo-e20-r150/seed0/3/74/round_config.json
flora,Linear FLoRA,mrpc_stratified,MRPC stratified,roberta-base,RoBERTa-base,homo,Homo,20,150,0,3,3,75,76,85.7843137254902,"0, 1, 2",12,12,merged_linear_residual,,epoch_round_tuning_mrpc_client_count/tuning-flora-mrpc_stratified-roberta-base-homo-e20-r150/seed0/3/75/round_config.json
flora,Linear FLoRA,mrpc_stratified,MRPC stratified,roberta-base,RoBERTa-base,homo,Homo,20,150,0,3,3,76,77,86.02941176470588,"0, 1, 2",12,12,merged_linear_residual,,epoch_round_tuning_mrpc_client_count/tuning-flora-mrpc_stratified-roberta-base-homo-e20-r150/seed0/3/76/round_config.json
flora,Linear FLoRA,mrpc_stratified,MRPC stratified,roberta-base,RoBERTa-base,homo,Homo,20,150,0,3,3,77,78,85.5392156862745,"0, 1, 2",12,12,merged_linear_residual,,epoch_round_tuning_mrpc_client_count/tuning-flora-mrpc_stratified-roberta-base-homo-e20-r150/seed0/3/77/round_config.json
flora,Linear FLoRA,mrpc_stratified,MRPC stratified,roberta-base,RoBERTa-base,homo,Homo,20,150,0,3,3,78,79,86.27450980392157,"0, 1, 2",12,12,merged_linear_residual,,epoch_round_tuning_mrpc_client_count/tuning-flora-mrpc_stratified-roberta-base-homo-e20-r150/seed0/3/78/round_config.json
flora,Linear FLoRA,mrpc_stratified,MRPC stratified,roberta-base,RoBERTa-base,homo,Homo,20,150,0,3,3,79,80,86.27450980392157,"0, 1, 2",12,12,merged_linear_residual,,epoch_round_tuning_mrpc_client_count/tuning-flora-mrpc_stratified-roberta-base-homo-e20-r150/seed0/3/79/round_config.json
flora,Linear FLoRA,mrpc_stratified,MRPC stratified,roberta-base,RoBERTa-base,homo,Homo,20,150,0,3,3,80,81,86.02941176470588,"0, 1, 2",12,12,merged_linear_residual,,epoch_round_tuning_mrpc_client_count/tuning-flora-mrpc_stratified-roberta-base-homo-e20-r150/seed0/3/80/round_config.json
flora,Linear FLoRA,mrpc_stratified,MRPC stratified,roberta-base,RoBERTa-base,homo,Homo,20,150,0,3,3,81,82,86.51960784313727,"0, 1, 2",12,12,merged_linear_residual,,epoch_round_tuning_mrpc_client_count/tuning-flora-mrpc_stratified-roberta-base-homo-e20-r150/seed0/3/81/round_config.json
flora,Linear FLoRA,mrpc_stratified,MRPC stratified,roberta-base,RoBERTa-base,homo,Homo,20,150,0,3,3,82,83,85.29411764705883,"0, 1, 2",12,12,merged_linear_residual,,epoch_round_tuning_mrpc_client_count/tuning-flora-mrpc_stratified-roberta-base-homo-e20-r150/seed0/3/82/round_config.json
flora,Linear FLoRA,mrpc_stratified,MRPC stratified,roberta-base,RoBERTa-base,homo,Homo,20,150,0,3,3,83,84,85.29411764705883,"0, 1, 2",12,12,merged_linear_residual,,epoch_round_tuning_mrpc_client_count/tuning-flora-mrpc_stratified-roberta-base-homo-e20-r150/seed0/3/83/round_config.json
flora,Linear FLoRA,mrpc_stratified,MRPC stratified,roberta-base,RoBERTa-base,homo,Homo,20,150,0,3,3,84,85,85.04901960784314,"0, 1, 2",12,12,merged_linear_residual,,epoch_round_tuning_mrpc_client_count/tuning-flora-mrpc_stratified-roberta-base-homo-e20-r150/seed0/3/84/round_config.json
flora,Linear FLoRA,mrpc_stratified,MRPC stratified,roberta-base,RoBERTa-base,homo,Homo,20,150,0,3,3,85,86,85.29411764705883,"0, 1, 2",12,12,merged_linear_residual,,epoch_round_tuning_mrpc_client_count/tuning-flora-mrpc_stratified-roberta-base-homo-e20-r150/seed0/3/85/round_config.json
flora,Linear FLoRA,mrpc_stratified,MRPC stratified,roberta-base,RoBERTa-base,homo,Homo,20,150,0,3,3,86,87,85.04901960784314,"0, 1, 2",12,12,merged_linear_residual,,epoch_round_tuning_mrpc_client_count/tuning-flora-mrpc_stratified-roberta-base-homo-e20-r150/seed0/3/86/round_config.json
flora,Linear FLoRA,mrpc_stratified,MRPC stratified,roberta-base,RoBERTa-base,homo,Homo,20,150,0,3,3,87,88,85.29411764705883,"0, 1, 2",12,12,merged_linear_residual,,epoch_round_tuning_mrpc_client_count/tuning-flora-mrpc_stratified-roberta-base-homo-e20-r150/seed0/3/87/round_config.json
flora,Linear FLoRA,mrpc_stratified,MRPC stratified,roberta-base,RoBERTa-base,homo,Homo,20,150,0,3,3,88,89,86.02941176470588,"0, 1, 2",12,12,merged_linear_residual,,epoch_round_tuning_mrpc_client_count/tuning-flora-mrpc_stratified-roberta-base-homo-e20-r150/seed0/3/88/round_config.json
flora,Linear FLoRA,mrpc_stratified,MRPC stratified,roberta-base,RoBERTa-base,homo,Homo,20,150,0,3,3,89,90,86.02941176470588,"0, 1, 2",12,12,merged_linear_residual,,epoch_round_tuning_mrpc_client_count/tuning-flora-mrpc_stratified-roberta-base-homo-e20-r150/seed0/3/89/round_config.json
flora,Linear FLoRA,mrpc_stratified,MRPC stratified,roberta-base,RoBERTa-base,homo,Homo,20,150,0,3,3,90,91,86.02941176470588,"0, 1, 2",12,12,merged_linear_residual,,epoch_round_tuning_mrpc_client_count/tuning-flora-mrpc_stratified-roberta-base-homo-e20-r150/seed0/3/90/round_config.json
flora,Linear FLoRA,mrpc_stratified,MRPC stratified,roberta-base,RoBERTa-base,homo,Homo,20,150,0,3,3,91,92,85.5392156862745,"0, 1, 2",12,12,merged_linear_residual,,epoch_round_tuning_mrpc_client_count/tuning-flora-mrpc_stratified-roberta-base-homo-e20-r150/seed0/3/91/round_config.json
flora,Linear FLoRA,mrpc_stratified,MRPC stratified,roberta-base,RoBERTa-base,homo,Homo,20,150,0,3,3,92,93,85.7843137254902,"0, 1, 2",12,12,merged_linear_residual,,epoch_round_tuning_mrpc_client_count/tuning-flora-mrpc_stratified-roberta-base-homo-e20-r150/seed0/3/92/round_config.json
flora,Linear FLoRA,mrpc_stratified,MRPC stratified,roberta-base,RoBERTa-base,homo,Homo,20,150,0,3,3,93,94,86.02941176470588,"0, 1, 2",12,12,merged_linear_residual,,epoch_round_tuning_mrpc_client_count/tuning-flora-mrpc_stratified-roberta-base-homo-e20-r150/seed0/3/93/round_config.json
flora,Linear FLoRA,mrpc_stratified,MRPC stratified,roberta-base,RoBERTa-base,homo,Homo,20,150,0,3,3,94,95,85.04901960784314,"0, 1, 2",12,12,merged_linear_residual,,epoch_round_tuning_mrpc_client_count/tuning-flora-mrpc_stratified-roberta-base-homo-e20-r150/seed0/3/94/round_config.json
flora,Linear FLoRA,mrpc_stratified,MRPC stratified,roberta-base,RoBERTa-base,homo,Homo,20,150,0,3,3,95,96,85.7843137254902,"0, 1, 2",12,12,merged_linear_residual,,epoch_round_tuning_mrpc_client_count/tuning-flora-mrpc_stratified-roberta-base-homo-e20-r150/seed0/3/95/round_config.json
flora,Linear FLoRA,mrpc_stratified,MRPC stratified,roberta-base,RoBERTa-base,homo,Homo,20,150,0,3,3,96,97,86.02941176470588,"0, 1, 2",12,12,merged_linear_residual,,epoch_round_tuning_mrpc_client_count/tuning-flora-mrpc_stratified-roberta-base-homo-e20-r150/seed0/3/96/round_config.json
flora,Linear FLoRA,mrpc_stratified,MRPC stratified,roberta-base,RoBERTa-base,homo,Homo,20,150,0,3,3,97,98,85.7843137254902,"0, 1, 2",12,12,merged_linear_residual,,epoch_round_tuning_mrpc_client_count/tuning-flora-mrpc_stratified-roberta-base-homo-e20-r150/seed0/3/97/round_config.json
flora,Linear FLoRA,mrpc_stratified,MRPC stratified,roberta-base,RoBERTa-base,homo,Homo,20,150,0,3,3,98,99,86.02941176470588,"0, 1, 2",12,12,merged_linear_residual,,epoch_round_tuning_mrpc_client_count/tuning-flora-mrpc_stratified-roberta-base-homo-e20-r150/seed0/3/98/round_config.json
flora,Linear FLoRA,mrpc_stratified,MRPC stratified,roberta-base,RoBERTa-base,homo,Homo,20,150,0,3,3,99,100,86.02941176470588,"0, 1, 2",12,12,merged_linear_residual,,epoch_round_tuning_mrpc_client_count/tuning-flora-mrpc_stratified-roberta-base-homo-e20-r150/seed0/3/99/round_config.json
flora,Linear FLoRA,mrpc_stratified,MRPC stratified,roberta-base,RoBERTa-base,homo,Homo,20,150,0,3,3,100,101,85.7843137254902,"0, 1, 2",12,12,merged_linear_residual,,epoch_round_tuning_mrpc_client_count/tuning-flora-mrpc_stratified-roberta-base-homo-e20-r150/seed0/3/100/round_config.json
flora,Linear FLoRA,mrpc_stratified,MRPC stratified,roberta-base,RoBERTa-base,homo,Homo,20,150,0,3,3,101,102,85.29411764705883,"0, 1, 2",12,12,merged_linear_residual,,epoch_round_tuning_mrpc_client_count/tuning-flora-mrpc_stratified-roberta-base-homo-e20-r150/seed0/3/101/round_config.json
flora,Linear FLoRA,mrpc_stratified,MRPC stratified,roberta-base,RoBERTa-base,homo,Homo,20,150,0,3,3,102,103,85.5392156862745,"0, 1, 2",12,12,merged_linear_residual,,epoch_round_tuning_mrpc_client_count/tuning-flora-mrpc_stratified-roberta-base-homo-e20-r150/seed0/3/102/round_config.json
flora,Linear FLoRA,mrpc_stratified,MRPC stratified,roberta-base,RoBERTa-base,homo,Homo,20,150,0,3,3,103,104,86.02941176470588,"0, 1, 2",12,12,merged_linear_residual,,epoch_round_tuning_mrpc_client_count/tuning-flora-mrpc_stratified-roberta-base-homo-e20-r150/seed0/3/103/round_config.json
flora,Linear FLoRA,mrpc_stratified,MRPC stratified,roberta-base,RoBERTa-base,homo,Homo,20,150,0,3,3,104,105,86.51960784313727,"0, 1, 2",12,12,merged_linear_residual,,epoch_round_tuning_mrpc_client_count/tuning-flora-mrpc_stratified-roberta-base-homo-e20-r150/seed0/3/104/round_config.json
flora,Linear FLoRA,mrpc_stratified,MRPC stratified,roberta-base,RoBERTa-base,homo,Homo,20,150,0,3,3,105,106,86.51960784313727,"0, 1, 2",12,12,merged_linear_residual,,epoch_round_tuning_mrpc_client_count/tuning-flora-mrpc_stratified-roberta-base-homo-e20-r150/seed0/3/105/round_config.json
flora,Linear FLoRA,mrpc_stratified,MRPC stratified,roberta-base,RoBERTa-base,homo,Homo,20,150,0,3,3,106,107,86.02941176470588,"0, 1, 2",12,12,merged_linear_residual,,epoch_round_tuning_mrpc_client_count/tuning-flora-mrpc_stratified-roberta-base-homo-e20-r150/seed0/3/106/round_config.json
flora,Linear FLoRA,mrpc_stratified,MRPC stratified,roberta-base,RoBERTa-base,homo,Homo,20,150,0,3,3,107,108,86.02941176470588,"0, 1, 2",12,12,merged_linear_residual,,epoch_round_tuning_mrpc_client_count/tuning-flora-mrpc_stratified-roberta-base-homo-e20-r150/seed0/3/107/round_config.json
flora,Linear FLoRA,mrpc_stratified,MRPC stratified,roberta-base,RoBERTa-base,homo,Homo,20,150,0,3,3,108,109,86.27450980392157,"0, 1, 2",12,12,merged_linear_residual,,epoch_round_tuning_mrpc_client_count/tuning-flora-mrpc_stratified-roberta-base-homo-e20-r150/seed0/3/108/round_config.json
flora,Linear FLoRA,mrpc_stratified,MRPC stratified,roberta-base,RoBERTa-base,homo,Homo,20,150,0,3,3,109,110,86.02941176470588,"0, 1, 2",12,12,merged_linear_residual,,epoch_round_tuning_mrpc_client_count/tuning-flora-mrpc_stratified-roberta-base-homo-e20-r150/seed0/3/109/round_config.json
flora,Linear FLoRA,mrpc_stratified,MRPC stratified,roberta-base,RoBERTa-base,homo,Homo,20,150,0,3,3,110,111,85.5392156862745,"0, 1, 2",12,12,merged_linear_residual,,epoch_round_tuning_mrpc_client_count/tuning-flora-mrpc_stratified-roberta-base-homo-e20-r150/seed0/3/110/round_config.json
flora,Linear FLoRA,mrpc_stratified,MRPC stratified,roberta-base,RoBERTa-base,homo,Homo,20,150,0,3,3,111,112,85.29411764705883,"0, 1, 2",12,12,merged_linear_residual,,epoch_round_tuning_mrpc_client_count/tuning-flora-mrpc_stratified-roberta-base-homo-e20-r150/seed0/3/111/round_config.json
flora,Linear FLoRA,mrpc_stratified,MRPC stratified,roberta-base,RoBERTa-base,homo,Homo,20,150,0,3,3,112,113,85.7843137254902,"0, 1, 2",12,12,merged_linear_residual,,epoch_round_tuning_mrpc_client_count/tuning-flora-mrpc_stratified-roberta-base-homo-e20-r150/seed0/3/112/round_config.json
flora,Linear FLoRA,mrpc_stratified,MRPC stratified,roberta-base,RoBERTa-base,homo,Homo,20,150,0,3,3,113,114,85.7843137254902,"0, 1, 2",12,12,merged_linear_residual,,epoch_round_tuning_mrpc_client_count/tuning-flora-mrpc_stratified-roberta-base-homo-e20-r150/seed0/3/113/round_config.json
flora,Linear FLoRA,mrpc_stratified,MRPC stratified,roberta-base,RoBERTa-base,homo,Homo,20,150,0,3,3,114,115,85.7843137254902,"0, 1, 2",12,12,merged_linear_residual,,epoch_round_tuning_mrpc_client_count/tuning-flora-mrpc_stratified-roberta-base-homo-e20-r150/seed0/3/114/round_config.json
flora,Linear FLoRA,mrpc_stratified,MRPC stratified,roberta-base,RoBERTa-base,homo,Homo,20,150,0,3,3,115,116,85.7843137254902,"0, 1, 2",12,12,merged_linear_residual,,epoch_round_tuning_mrpc_client_count/tuning-flora-mrpc_stratified-roberta-base-homo-e20-r150/seed0/3/115/round_config.json
flora,Linear FLoRA,mrpc_stratified,MRPC stratified,roberta-base,RoBERTa-base,homo,Homo,20,150,0,3,3,116,117,85.5392156862745,"0, 1, 2",12,12,merged_linear_residual,,epoch_round_tuning_mrpc_client_count/tuning-flora-mrpc_stratified-roberta-base-homo-e20-r150/seed0/3/116/round_config.json
flora,Linear FLoRA,mrpc_stratified,MRPC stratified,roberta-base,RoBERTa-base,homo,Homo,20,150,0,3,3,117,118,86.02941176470588,"0, 1, 2",12,12,merged_linear_residual,,epoch_round_tuning_mrpc_client_count/tuning-flora-mrpc_stratified-roberta-base-homo-e20-r150/seed0/3/117/round_config.json
flora,Linear FLoRA,mrpc_stratified,MRPC stratified,roberta-base,RoBERTa-base,homo,Homo,20,150,0,3,3,118,119,86.02941176470588,"0, 1, 2",12,12,merged_linear_residual,,epoch_round_tuning_mrpc_client_count/tuning-flora-mrpc_stratified-roberta-base-homo-e20-r150/seed0/3/118/round_config.json
flora,Linear FLoRA,mrpc_stratified,MRPC stratified,roberta-base,RoBERTa-base,homo,Homo,20,150,0,3,3,119,120,85.7843137254902,"0, 1, 2",12,12,merged_linear_residual,,epoch_round_tuning_mrpc_client_count/tuning-flora-mrpc_stratified-roberta-base-homo-e20-r150/seed0/3/119/round_config.json
flora,Linear FLoRA,mrpc_stratified,MRPC stratified,roberta-base,RoBERTa-base,homo,Homo,20,150,0,3,3,120,121,86.02941176470588,"0, 1, 2",12,12,merged_linear_residual,,epoch_round_tuning_mrpc_client_count/tuning-flora-mrpc_stratified-roberta-base-homo-e20-r150/seed0/3/120/round_config.json
flora,Linear FLoRA,mrpc_stratified,MRPC stratified,roberta-base,RoBERTa-base,homo,Homo,20,150,0,3,3,121,122,86.27450980392157,"0, 1, 2",12,12,merged_linear_residual,,epoch_round_tuning_mrpc_client_count/tuning-flora-mrpc_stratified-roberta-base-homo-e20-r150/seed0/3/121/round_config.json
flora,Linear FLoRA,mrpc_stratified,MRPC stratified,roberta-base,RoBERTa-base,homo,Homo,20,150,0,3,3,122,123,85.5392156862745,"0, 1, 2",12,12,merged_linear_residual,,epoch_round_tuning_mrpc_client_count/tuning-flora-mrpc_stratified-roberta-base-homo-e20-r150/seed0/3/122/round_config.json
flora,Linear FLoRA,mrpc_stratified,MRPC stratified,roberta-base,RoBERTa-base,homo,Homo,20,150,0,3,3,123,124,86.02941176470588,"0, 1, 2",12,12,merged_linear_residual,,epoch_round_tuning_mrpc_client_count/tuning-flora-mrpc_stratified-roberta-base-homo-e20-r150/seed0/3/123/round_config.json
flora,Linear FLoRA,mrpc_stratified,MRPC stratified,roberta-base,RoBERTa-base,homo,Homo,20,150,0,3,3,124,125,85.7843137254902,"0, 1, 2",12,12,merged_linear_residual,,epoch_round_tuning_mrpc_client_count/tuning-flora-mrpc_stratified-roberta-base-homo-e20-r150/seed0/3/124/round_config.json
flora,Linear FLoRA,mrpc_stratified,MRPC stratified,roberta-base,RoBERTa-base,homo,Homo,20,150,0,3,3,125,126,85.5392156862745,"0, 1, 2",12,12,merged_linear_residual,,epoch_round_tuning_mrpc_client_count/tuning-flora-mrpc_stratified-roberta-base-homo-e20-r150/seed0/3/125/round_config.json
flora,Linear FLoRA,mrpc_stratified,MRPC stratified,roberta-base,RoBERTa-base,homo,Homo,20,150,0,3,3,126,127,85.7843137254902,"0, 1, 2",12,12,merged_linear_residual,,epoch_round_tuning_mrpc_client_count/tuning-flora-mrpc_stratified-roberta-base-homo-e20-r150/seed0/3/126/round_config.json
flora,Linear FLoRA,mrpc_stratified,MRPC stratified,roberta-base,RoBERTa-base,homo,Homo,20,150,0,3,3,127,128,85.29411764705883,"0, 1, 2",12,12,merged_linear_residual,,epoch_round_tuning_mrpc_client_count/tuning-flora-mrpc_stratified-roberta-base-homo-e20-r150/seed0/3/127/round_config.json
flora,Linear FLoRA,mrpc_stratified,MRPC stratified,roberta-base,RoBERTa-base,homo,Homo,20,150,0,3,3,128,129,86.02941176470588,"0, 1, 2",12,12,merged_linear_residual,,epoch_round_tuning_mrpc_client_count/tuning-flora-mrpc_stratified-roberta-base-homo-e20-r150/seed0/3/128/round_config.json
flora,Linear FLoRA,mrpc_stratified,MRPC stratified,roberta-base,RoBERTa-base,homo,Homo,20,150,0,3,3,129,130,85.7843137254902,"0, 1, 2",12,12,merged_linear_residual,,epoch_round_tuning_mrpc_client_count/tuning-flora-mrpc_stratified-roberta-base-homo-e20-r150/seed0/3/129/round_config.json
flora,Linear FLoRA,mrpc_stratified,MRPC stratified,roberta-base,RoBERTa-base,homo,Homo,20,150,0,3,3,130,131,86.02941176470588,"0, 1, 2",12,12,merged_linear_residual,,epoch_round_tuning_mrpc_client_count/tuning-flora-mrpc_stratified-roberta-base-homo-e20-r150/seed0/3/130/round_config.json
flora,Linear FLoRA,mrpc_stratified,MRPC stratified,roberta-base,RoBERTa-base,homo,Homo,20,150,0,3,3,131,132,85.5392156862745,"0, 1, 2",12,12,merged_linear_residual,,epoch_round_tuning_mrpc_client_count/tuning-flora-mrpc_stratified-roberta-base-homo-e20-r150/seed0/3/131/round_config.json
flora,Linear FLoRA,mrpc_stratified,MRPC stratified,roberta-base,RoBERTa-base,homo,Homo,20,150,0,3,3,132,133,85.5392156862745,"0, 1, 2",12,12,merged_linear_residual,,epoch_round_tuning_mrpc_client_count/tuning-flora-mrpc_stratified-roberta-base-homo-e20-r150/seed0/3/132/round_config.json
flora,Linear FLoRA,mrpc_stratified,MRPC stratified,roberta-base,RoBERTa-base,homo,Homo,20,150,0,3,3,133,134,85.5392156862745,"0, 1, 2",12,12,merged_linear_residual,,epoch_round_tuning_mrpc_client_count/tuning-flora-mrpc_stratified-roberta-base-homo-e20-r150/seed0/3/133/round_config.json
flora,Linear FLoRA,mrpc_stratified,MRPC stratified,roberta-base,RoBERTa-base,homo,Homo,20,150,0,3,3,134,135,86.02941176470588,"0, 1, 2",12,12,merged_linear_residual,,epoch_round_tuning_mrpc_client_count/tuning-flora-mrpc_stratified-roberta-base-homo-e20-r150/seed0/3/134/round_config.json
flora,Linear FLoRA,mrpc_stratified,MRPC stratified,roberta-base,RoBERTa-base,homo,Homo,20,150,0,3,3,135,136,85.29411764705883,"0, 1, 2",12,12,merged_linear_residual,,epoch_round_tuning_mrpc_client_count/tuning-flora-mrpc_stratified-roberta-base-homo-e20-r150/seed0/3/135/round_config.json
flora,Linear FLoRA,mrpc_stratified,MRPC stratified,roberta-base,RoBERTa-base,homo,Homo,20,150,0,3,3,136,137,86.02941176470588,"0, 1, 2",12,12,merged_linear_residual,,epoch_round_tuning_mrpc_client_count/tuning-flora-mrpc_stratified-roberta-base-homo-e20-r150/seed0/3/136/round_config.json
flora,Linear FLoRA,mrpc_stratified,MRPC stratified,roberta-base,RoBERTa-base,homo,Homo,20,150,0,3,3,137,138,86.02941176470588,"0, 1, 2",12,12,merged_linear_residual,,epoch_round_tuning_mrpc_client_count/tuning-flora-mrpc_stratified-roberta-base-homo-e20-r150/seed0/3/137/round_config.json
flora,Linear FLoRA,mrpc_stratified,MRPC stratified,roberta-base,RoBERTa-base,homo,Homo,20,150,0,3,3,138,139,86.27450980392157,"0, 1, 2",12,12,merged_linear_residual,,epoch_round_tuning_mrpc_client_count/tuning-flora-mrpc_stratified-roberta-base-homo-e20-r150/seed0/3/138/round_config.json
flora,Linear FLoRA,mrpc_stratified,MRPC stratified,roberta-base,RoBERTa-base,homo,Homo,20,150,0,3,3,139,140,85.7843137254902,"0, 1, 2",12,12,merged_linear_residual,,epoch_round_tuning_mrpc_client_count/tuning-flora-mrpc_stratified-roberta-base-homo-e20-r150/seed0/3/139/round_config.json
flora,Linear FLoRA,mrpc_stratified,MRPC stratified,roberta-base,RoBERTa-base,homo,Homo,20,150,0,3,3,140,141,86.51960784313727,"0, 1, 2",12,12,merged_linear_residual,,epoch_round_tuning_mrpc_client_count/tuning-flora-mrpc_stratified-roberta-base-homo-e20-r150/seed0/3/140/round_config.json
flora,Linear FLoRA,mrpc_stratified,MRPC stratified,roberta-base,RoBERTa-base,homo,Homo,20,150,0,3,3,141,142,86.02941176470588,"0, 1, 2",12,12,merged_linear_residual,,epoch_round_tuning_mrpc_client_count/tuning-flora-mrpc_stratified-roberta-base-homo-e20-r150/seed0/3/141/round_config.json
flora,Linear FLoRA,mrpc_stratified,MRPC stratified,roberta-base,RoBERTa-base,homo,Homo,20,150,0,3,3,142,143,85.04901960784314,"0, 1, 2",12,12,merged_linear_residual,,epoch_round_tuning_mrpc_client_count/tuning-flora-mrpc_stratified-roberta-base-homo-e20-r150/seed0/3/142/round_config.json
flora,Linear FLoRA,mrpc_stratified,MRPC stratified,roberta-base,RoBERTa-base,homo,Homo,20,150,0,3,3,143,144,85.04901960784314,"0, 1, 2",12,12,merged_linear_residual,,epoch_round_tuning_mrpc_client_count/tuning-flora-mrpc_stratified-roberta-base-homo-e20-r150/seed0/3/143/round_config.json
flora,Linear FLoRA,mrpc_stratified,MRPC stratified,roberta-base,RoBERTa-base,homo,Homo,20,150,0,3,3,144,145,86.27450980392157,"0, 1, 2",12,12,merged_linear_residual,,epoch_round_tuning_mrpc_client_count/tuning-flora-mrpc_stratified-roberta-base-homo-e20-r150/seed0/3/144/round_config.json
flora,Linear FLoRA,mrpc_stratified,MRPC stratified,roberta-base,RoBERTa-base,homo,Homo,20,150,0,3,3,145,146,86.27450980392157,"0, 1, 2",12,12,merged_linear_residual,,epoch_round_tuning_mrpc_client_count/tuning-flora-mrpc_stratified-roberta-base-homo-e20-r150/seed0/3/145/round_config.json
flora,Linear FLoRA,mrpc_stratified,MRPC stratified,roberta-base,RoBERTa-base,homo,Homo,20,150,0,3,3,146,147,86.02941176470588,"0, 1, 2",12,12,merged_linear_residual,,epoch_round_tuning_mrpc_client_count/tuning-flora-mrpc_stratified-roberta-base-homo-e20-r150/seed0/3/146/round_config.json
flora,Linear FLoRA,mrpc_stratified,MRPC stratified,roberta-base,RoBERTa-base,homo,Homo,20,150,0,3,3,147,148,86.27450980392157,"0, 1, 2",12,12,merged_linear_residual,,epoch_round_tuning_mrpc_client_count/tuning-flora-mrpc_stratified-roberta-base-homo-e20-r150/seed0/3/147/round_config.json
flora,Linear FLoRA,mrpc_stratified,MRPC stratified,roberta-base,RoBERTa-base,homo,Homo,20,150,0,3,3,148,149,86.51960784313727,"0, 1, 2",12,12,merged_linear_residual,,epoch_round_tuning_mrpc_client_count/tuning-flora-mrpc_stratified-roberta-base-homo-e20-r150/seed0/3/148/round_config.json
flora,Linear FLoRA,mrpc_stratified,MRPC stratified,roberta-base,RoBERTa-base,homo,Homo,20,150,0,3,3,149,150,86.51960784313727,"0, 1, 2",12,12,merged_linear_residual,,epoch_round_tuning_mrpc_client_count/tuning-flora-mrpc_stratified-roberta-base-homo-e20-r150/seed0/3/149/round_config.json
flora,Linear FLoRA,mrpc_stratified,MRPC stratified,roberta-base,RoBERTa-base,homo,Homo,20,150,0,10,10,0,1,76.9607843137255,"0, 1, 2, 3, 4, 5, 6, 7, 8, 9",40,40,merged_linear_residual,,epoch_round_tuning_mrpc_client_count/tuning-flora-mrpc_stratified-roberta-base-homo-e20-r150/seed0/10/0/round_config.json
flora,Linear FLoRA,mrpc_stratified,MRPC stratified,roberta-base,RoBERTa-base,homo,Homo,20,150,0,10,10,1,2,79.16666666666666,"0, 1, 2, 3, 4, 5, 6, 7, 8, 9",40,40,merged_linear_residual,,epoch_round_tuning_mrpc_client_count/tuning-flora-mrpc_stratified-roberta-base-homo-e20-r150/seed0/10/1/round_config.json
flora,Linear FLoRA,mrpc_stratified,MRPC stratified,roberta-base,RoBERTa-base,homo,Homo,20,150,0,10,10,2,3,81.61764705882352,"0, 1, 2, 3, 4, 5, 6, 7, 8, 9",40,40,merged_linear_residual,,epoch_round_tuning_mrpc_client_count/tuning-flora-mrpc_stratified-roberta-base-homo-e20-r150/seed0/10/2/round_config.json
flora,Linear FLoRA,mrpc_stratified,MRPC stratified,roberta-base,RoBERTa-base,homo,Homo,20,150,0,10,10,3,4,82.35294117647058,"0, 1, 2, 3, 4, 5, 6, 7, 8, 9",40,40,merged_linear_residual,,epoch_round_tuning_mrpc_client_count/tuning-flora-mrpc_stratified-roberta-base-homo-e20-r150/seed0/10/3/round_config.json
flora,Linear FLoRA,mrpc_stratified,MRPC stratified,roberta-base,RoBERTa-base,homo,Homo,20,150,0,10,10,4,5,83.33333333333334,"0, 1, 2, 3, 4, 5, 6, 7, 8, 9",40,40,merged_linear_residual,,epoch_round_tuning_mrpc_client_count/tuning-flora-mrpc_stratified-roberta-base-homo-e20-r150/seed0/10/4/round_config.json
flora,Linear FLoRA,mrpc_stratified,MRPC stratified,roberta-base,RoBERTa-base,homo,Homo,20,150,0,10,10,5,6,83.82352941176471,"0, 1, 2, 3, 4, 5, 6, 7, 8, 9",40,40,merged_linear_residual,,epoch_round_tuning_mrpc_client_count/tuning-flora-mrpc_stratified-roberta-base-homo-e20-r150/seed0/10/5/round_config.json
flora,Linear FLoRA,mrpc_stratified,MRPC stratified,roberta-base,RoBERTa-base,homo,Homo,20,150,0,10,10,6,7,84.31372549019608,"0, 1, 2, 3, 4, 5, 6, 7, 8, 9",40,40,merged_linear_residual,,epoch_round_tuning_mrpc_client_count/tuning-flora-mrpc_stratified-roberta-base-homo-e20-r150/seed0/10/6/round_config.json
flora,Linear FLoRA,mrpc_stratified,MRPC stratified,roberta-base,RoBERTa-base,homo,Homo,20,150,0,10,10,7,8,83.82352941176471,"0, 1, 2, 3, 4, 5, 6, 7, 8, 9",40,40,merged_linear_residual,,epoch_round_tuning_mrpc_client_count/tuning-flora-mrpc_stratified-roberta-base-homo-e20-r150/seed0/10/7/round_config.json
flora,Linear FLoRA,mrpc_stratified,MRPC stratified,roberta-base,RoBERTa-base,homo,Homo,20,150,0,10,10,8,9,84.06862745098039,"0, 1, 2, 3, 4, 5, 6, 7, 8, 9",40,40,merged_linear_residual,,epoch_round_tuning_mrpc_client_count/tuning-flora-mrpc_stratified-roberta-base-homo-e20-r150/seed0/10/8/round_config.json
flora,Linear FLoRA,mrpc_stratified,MRPC stratified,roberta-base,RoBERTa-base,homo,Homo,20,150,0,10,10,9,10,84.31372549019608,"0, 1, 2, 3, 4, 5, 6, 7, 8, 9",40,40,merged_linear_residual,,epoch_round_tuning_mrpc_client_count/tuning-flora-mrpc_stratified-roberta-base-homo-e20-r150/seed0/10/9/round_config.json
flora,Linear FLoRA,mrpc_stratified,MRPC stratified,roberta-base,RoBERTa-base,homo,Homo,20,150,0,10,10,10,11,84.55882352941177,"0, 1, 2, 3, 4, 5, 6, 7, 8, 9",40,40,merged_linear_residual,,epoch_round_tuning_mrpc_client_count/tuning-flora-mrpc_stratified-roberta-base-homo-e20-r150/seed0/10/10/round_config.json
flora,Linear FLoRA,mrpc_stratified,MRPC stratified,roberta-base,RoBERTa-base,homo,Homo,20,150,0,10,10,11,12,84.06862745098039,"0, 1, 2, 3, 4, 5, 6, 7, 8, 9",40,40,merged_linear_residual,,epoch_round_tuning_mrpc_client_count/tuning-flora-mrpc_stratified-roberta-base-homo-e20-r150/seed0/10/11/round_config.json
flora,Linear FLoRA,mrpc_stratified,MRPC stratified,roberta-base,RoBERTa-base,homo,Homo,20,150,0,10,10,12,13,84.06862745098039,"0, 1, 2, 3, 4, 5, 6, 7, 8, 9",40,40,merged_linear_residual,,epoch_round_tuning_mrpc_client_count/tuning-flora-mrpc_stratified-roberta-base-homo-e20-r150/seed0/10/12/round_config.json
flora,Linear FLoRA,mrpc_stratified,MRPC stratified,roberta-base,RoBERTa-base,homo,Homo,20,150,0,10,10,13,14,84.55882352941177,"0, 1, 2, 3, 4, 5, 6, 7, 8, 9",40,40,merged_linear_residual,,epoch_round_tuning_mrpc_client_count/tuning-flora-mrpc_stratified-roberta-base-homo-e20-r150/seed0/10/13/round_config.json
flora,Linear FLoRA,mrpc_stratified,MRPC stratified,roberta-base,RoBERTa-base,homo,Homo,20,150,0,10,10,14,15,84.80392156862744,"0, 1, 2, 3, 4, 5, 6, 7, 8, 9",40,40,merged_linear_residual,,epoch_round_tuning_mrpc_client_count/tuning-flora-mrpc_stratified-roberta-base-homo-e20-r150/seed0/10/14/round_config.json
flora,Linear FLoRA,mrpc_stratified,MRPC stratified,roberta-base,RoBERTa-base,homo,Homo,20,150,0,10,10,15,16,84.55882352941177,"0, 1, 2, 3, 4, 5, 6, 7, 8, 9",40,40,merged_linear_residual,,epoch_round_tuning_mrpc_client_count/tuning-flora-mrpc_stratified-roberta-base-homo-e20-r150/seed0/10/15/round_config.json
flora,Linear FLoRA,mrpc_stratified,MRPC stratified,roberta-base,RoBERTa-base,homo,Homo,20,150,0,10,10,16,17,84.06862745098039,"0, 1, 2, 3, 4, 5, 6, 7, 8, 9",40,40,merged_linear_residual,,epoch_round_tuning_mrpc_client_count/tuning-flora-mrpc_stratified-roberta-base-homo-e20-r150/seed0/10/16/round_config.json
flora,Linear FLoRA,mrpc_stratified,MRPC stratified,roberta-base,RoBERTa-base,homo,Homo,20,150,0,10,10,17,18,84.06862745098039,"0, 1, 2, 3, 4, 5, 6, 7, 8, 9",40,40,merged_linear_residual,,epoch_round_tuning_mrpc_client_count/tuning-flora-mrpc_stratified-roberta-base-homo-e20-r150/seed0/10/17/round_config.json
flora,Linear FLoRA,mrpc_stratified,MRPC stratified,roberta-base,RoBERTa-base,homo,Homo,20,150,0,10,10,18,19,84.31372549019608,"0, 1, 2, 3, 4, 5, 6, 7, 8, 9",40,40,merged_linear_residual,,epoch_round_tuning_mrpc_client_count/tuning-flora-mrpc_stratified-roberta-base-homo-e20-r150/seed0/10/18/round_config.json
flora,Linear FLoRA,mrpc_stratified,MRPC stratified,roberta-base,RoBERTa-base,homo,Homo,20,150,0,10,10,19,20,84.55882352941177,"0, 1, 2, 3, 4, 5, 6, 7, 8, 9",40,40,merged_linear_residual,,epoch_round_tuning_mrpc_client_count/tuning-flora-mrpc_stratified-roberta-base-homo-e20-r150/seed0/10/19/round_config.json
flora,Linear FLoRA,mrpc_stratified,MRPC stratified,roberta-base,RoBERTa-base,homo,Homo,20,150,0,10,10,20,21,84.55882352941177,"0, 1, 2, 3, 4, 5, 6, 7, 8, 9",40,40,merged_linear_residual,,epoch_round_tuning_mrpc_client_count/tuning-flora-mrpc_stratified-roberta-base-homo-e20-r150/seed0/10/20/round_config.json
flora,Linear FLoRA,mrpc_stratified,MRPC stratified,roberta-base,RoBERTa-base,homo,Homo,20,150,0,10,10,21,22,84.80392156862744,"0, 1, 2, 3, 4, 5, 6, 7, 8, 9",40,40,merged_linear_residual,,epoch_round_tuning_mrpc_client_count/tuning-flora-mrpc_stratified-roberta-base-homo-e20-r150/seed0/10/21/round_config.json
flora,Linear FLoRA,mrpc_stratified,MRPC stratified,roberta-base,RoBERTa-base,homo,Homo,20,150,0,10,10,22,23,84.80392156862744,"0, 1, 2, 3, 4, 5, 6, 7, 8, 9",40,40,merged_linear_residual,,epoch_round_tuning_mrpc_client_count/tuning-flora-mrpc_stratified-roberta-base-homo-e20-r150/seed0/10/22/round_config.json
flora,Linear FLoRA,mrpc_stratified,MRPC stratified,roberta-base,RoBERTa-base,homo,Homo,20,150,0,10,10,23,24,84.55882352941177,"0, 1, 2, 3, 4, 5, 6, 7, 8, 9",40,40,merged_linear_residual,,epoch_round_tuning_mrpc_client_count/tuning-flora-mrpc_stratified-roberta-base-homo-e20-r150/seed0/10/23/round_config.json
flora,Linear FLoRA,mrpc_stratified,MRPC stratified,roberta-base,RoBERTa-base,homo,Homo,20,150,0,10,10,24,25,84.31372549019608,"0, 1, 2, 3, 4, 5, 6, 7, 8, 9",40,40,merged_linear_residual,,epoch_round_tuning_mrpc_client_count/tuning-flora-mrpc_stratified-roberta-base-homo-e20-r150/seed0/10/24/round_config.json
flora,Linear FLoRA,mrpc_stratified,MRPC stratified,roberta-base,RoBERTa-base,homo,Homo,20,150,0,10,10,25,26,84.31372549019608,"0, 1, 2, 3, 4, 5, 6, 7, 8, 9",40,40,merged_linear_residual,,epoch_round_tuning_mrpc_client_count/tuning-flora-mrpc_stratified-roberta-base-homo-e20-r150/seed0/10/25/round_config.json
flora,Linear FLoRA,mrpc_stratified,MRPC stratified,roberta-base,RoBERTa-base,homo,Homo,20,150,0,10,10,26,27,84.55882352941177,"0, 1, 2, 3, 4, 5, 6, 7, 8, 9",40,40,merged_linear_residual,,epoch_round_tuning_mrpc_client_count/tuning-flora-mrpc_stratified-roberta-base-homo-e20-r150/seed0/10/26/round_config.json
flora,Linear FLoRA,mrpc_stratified,MRPC stratified,roberta-base,RoBERTa-base,homo,Homo,20,150,0,10,10,27,28,83.82352941176471,"0, 1, 2, 3, 4, 5, 6, 7, 8, 9",40,40,merged_linear_residual,,epoch_round_tuning_mrpc_client_count/tuning-flora-mrpc_stratified-roberta-base-homo-e20-r150/seed0/10/27/round_config.json
flora,Linear FLoRA,mrpc_stratified,MRPC stratified,roberta-base,RoBERTa-base,homo,Homo,20,150,0,10,10,28,29,84.55882352941177,"0, 1, 2, 3, 4, 5, 6, 7, 8, 9",40,40,merged_linear_residual,,epoch_round_tuning_mrpc_client_count/tuning-flora-mrpc_stratified-roberta-base-homo-e20-r150/seed0/10/28/round_config.json
flora,Linear FLoRA,mrpc_stratified,MRPC stratified,roberta-base,RoBERTa-base,homo,Homo,20,150,0,10,10,29,30,84.06862745098039,"0, 1, 2, 3, 4, 5, 6, 7, 8, 9",40,40,merged_linear_residual,,epoch_round_tuning_mrpc_client_count/tuning-flora-mrpc_stratified-roberta-base-homo-e20-r150/seed0/10/29/round_config.json
flora,Linear FLoRA,mrpc_stratified,MRPC stratified,roberta-base,RoBERTa-base,homo,Homo,20,150,0,10,10,30,31,84.06862745098039,"0, 1, 2, 3, 4, 5, 6, 7, 8, 9",40,40,merged_linear_residual,,epoch_round_tuning_mrpc_client_count/tuning-flora-mrpc_stratified-roberta-base-homo-e20-r150/seed0/10/30/round_config.json
flora,Linear FLoRA,mrpc_stratified,MRPC stratified,roberta-base,RoBERTa-base,homo,Homo,20,150,0,10,10,31,32,84.06862745098039,"0, 1, 2, 3, 4, 5, 6, 7, 8, 9",40,40,merged_linear_residual,,epoch_round_tuning_mrpc_client_count/tuning-flora-mrpc_stratified-roberta-base-homo-e20-r150/seed0/10/31/round_config.json
flora,Linear FLoRA,mrpc_stratified,MRPC stratified,roberta-base,RoBERTa-base,homo,Homo,20,150,0,10,10,32,33,83.82352941176471,"0, 1, 2, 3, 4, 5, 6, 7, 8, 9",40,40,merged_linear_residual,,epoch_round_tuning_mrpc_client_count/tuning-flora-mrpc_stratified-roberta-base-homo-e20-r150/seed0/10/32/round_config.json
flora,Linear FLoRA,mrpc_stratified,MRPC stratified,roberta-base,RoBERTa-base,homo,Homo,20,150,0,10,10,33,34,84.06862745098039,"0, 1, 2, 3, 4, 5, 6, 7, 8, 9",40,40,merged_linear_residual,,epoch_round_tuning_mrpc_client_count/tuning-flora-mrpc_stratified-roberta-base-homo-e20-r150/seed0/10/33/round_config.json
flora,Linear FLoRA,mrpc_stratified,MRPC stratified,roberta-base,RoBERTa-base,homo,Homo,20,150,0,10,10,34,35,83.82352941176471,"0, 1, 2, 3, 4, 5, 6, 7, 8, 9",40,40,merged_linear_residual,,epoch_round_tuning_mrpc_client_count/tuning-flora-mrpc_stratified-roberta-base-homo-e20-r150/seed0/10/34/round_config.json
flora,Linear FLoRA,mrpc_stratified,MRPC stratified,roberta-base,RoBERTa-base,homo,Homo,20,150,0,10,10,35,36,83.57843137254902,"0, 1, 2, 3, 4, 5, 6, 7, 8, 9",40,40,merged_linear_residual,,epoch_round_tuning_mrpc_client_count/tuning-flora-mrpc_stratified-roberta-base-homo-e20-r150/seed0/10/35/round_config.json
flora,Linear FLoRA,mrpc_stratified,MRPC stratified,roberta-base,RoBERTa-base,homo,Homo,20,150,0,10,10,36,37,84.55882352941177,"0, 1, 2, 3, 4, 5, 6, 7, 8, 9",40,40,merged_linear_residual,,epoch_round_tuning_mrpc_client_count/tuning-flora-mrpc_stratified-roberta-base-homo-e20-r150/seed0/10/36/round_config.json
flora,Linear FLoRA,mrpc_stratified,MRPC stratified,roberta-base,RoBERTa-base,homo,Homo,20,150,0,10,10,37,38,85.04901960784314,"0, 1, 2, 3, 4, 5, 6, 7, 8, 9",40,40,merged_linear_residual,,epoch_round_tuning_mrpc_client_count/tuning-flora-mrpc_stratified-roberta-base-homo-e20-r150/seed0/10/37/round_config.json
flora,Linear FLoRA,mrpc_stratified,MRPC stratified,roberta-base,RoBERTa-base,homo,Homo,20,150,0,10,10,38,39,84.80392156862744,"0, 1, 2, 3, 4, 5, 6, 7, 8, 9",40,40,merged_linear_residual,,epoch_round_tuning_mrpc_client_count/tuning-flora-mrpc_stratified-roberta-base-homo-e20-r150/seed0/10/38/round_config.json
flora,Linear FLoRA,mrpc_stratified,MRPC stratified,roberta-base,RoBERTa-base,homo,Homo,20,150,0,10,10,39,40,84.80392156862744,"0, 1, 2, 3, 4, 5, 6, 7, 8, 9",40,40,merged_linear_residual,,epoch_round_tuning_mrpc_client_count/tuning-flora-mrpc_stratified-roberta-base-homo-e20-r150/seed0/10/39/round_config.json
flora,Linear FLoRA,mrpc_stratified,MRPC stratified,roberta-base,RoBERTa-base,homo,Homo,20,150,0,10,10,40,41,84.80392156862744,"0, 1, 2, 3, 4, 5, 6, 7, 8, 9",40,40,merged_linear_residual,,epoch_round_tuning_mrpc_client_count/tuning-flora-mrpc_stratified-roberta-base-homo-e20-r150/seed0/10/40/round_config.json
flora,Linear FLoRA,mrpc_stratified,MRPC stratified,roberta-base,RoBERTa-base,homo,Homo,20,150,0,10,10,41,42,85.29411764705883,"0, 1, 2, 3, 4, 5, 6, 7, 8, 9",40,40,merged_linear_residual,,epoch_round_tuning_mrpc_client_count/tuning-flora-mrpc_stratified-roberta-base-homo-e20-r150/seed0/10/41/round_config.json
flora,Linear FLoRA,mrpc_stratified,MRPC stratified,roberta-base,RoBERTa-base,homo,Homo,20,150,0,10,10,42,43,85.7843137254902,"0, 1, 2, 3, 4, 5, 6, 7, 8, 9",40,40,merged_linear_residual,,epoch_round_tuning_mrpc_client_count/tuning-flora-mrpc_stratified-roberta-base-homo-e20-r150/seed0/10/42/round_config.json
flora,Linear FLoRA,mrpc_stratified,MRPC stratified,roberta-base,RoBERTa-base,homo,Homo,20,150,0,10,10,43,44,85.5392156862745,"0, 1, 2, 3, 4, 5, 6, 7, 8, 9",40,40,merged_linear_residual,,epoch_round_tuning_mrpc_client_count/tuning-flora-mrpc_stratified-roberta-base-homo-e20-r150/seed0/10/43/round_config.json
flora,Linear FLoRA,mrpc_stratified,MRPC stratified,roberta-base,RoBERTa-base,homo,Homo,20,150,0,10,10,44,45,86.02941176470588,"0, 1, 2, 3, 4, 5, 6, 7, 8, 9",40,40,merged_linear_residual,,epoch_round_tuning_mrpc_client_count/tuning-flora-mrpc_stratified-roberta-base-homo-e20-r150/seed0/10/44/round_config.json
flora,Linear FLoRA,mrpc_stratified,MRPC stratified,roberta-base,RoBERTa-base,homo,Homo,20,150,0,10,10,45,46,85.29411764705883,"0, 1, 2, 3, 4, 5, 6, 7, 8, 9",40,40,merged_linear_residual,,epoch_round_tuning_mrpc_client_count/tuning-flora-mrpc_stratified-roberta-base-homo-e20-r150/seed0/10/45/round_config.json
flora,Linear FLoRA,mrpc_stratified,MRPC stratified,roberta-base,RoBERTa-base,homo,Homo,20,150,0,10,10,46,47,85.7843137254902,"0, 1, 2, 3, 4, 5, 6, 7, 8, 9",40,40,merged_linear_residual,,epoch_round_tuning_mrpc_client_count/tuning-flora-mrpc_stratified-roberta-base-homo-e20-r150/seed0/10/46/round_config.json
flora,Linear FLoRA,mrpc_stratified,MRPC stratified,roberta-base,RoBERTa-base,homo,Homo,20,150,0,10,10,47,48,85.29411764705883,"0, 1, 2, 3, 4, 5, 6, 7, 8, 9",40,40,merged_linear_residual,,epoch_round_tuning_mrpc_client_count/tuning-flora-mrpc_stratified-roberta-base-homo-e20-r150/seed0/10/47/round_config.json
flora,Linear FLoRA,mrpc_stratified,MRPC stratified,roberta-base,RoBERTa-base,homo,Homo,20,150,0,10,10,48,49,85.5392156862745,"0, 1, 2, 3, 4, 5, 6, 7, 8, 9",40,40,merged_linear_residual,,epoch_round_tuning_mrpc_client_count/tuning-flora-mrpc_stratified-roberta-base-homo-e20-r150/seed0/10/48/round_config.json
flora,Linear FLoRA,mrpc_stratified,MRPC stratified,roberta-base,RoBERTa-base,homo,Homo,20,150,0,10,10,49,50,85.29411764705883,"0, 1, 2, 3, 4, 5, 6, 7, 8, 9",40,40,merged_linear_residual,,epoch_round_tuning_mrpc_client_count/tuning-flora-mrpc_stratified-roberta-base-homo-e20-r150/seed0/10/49/round_config.json
flora,Linear FLoRA,mrpc_stratified,MRPC stratified,roberta-base,RoBERTa-base,homo,Homo,20,150,0,10,10,50,51,85.5392156862745,"0, 1, 2, 3, 4, 5, 6, 7, 8, 9",40,40,merged_linear_residual,,epoch_round_tuning_mrpc_client_count/tuning-flora-mrpc_stratified-roberta-base-homo-e20-r150/seed0/10/50/round_config.json
flora,Linear FLoRA,mrpc_stratified,MRPC stratified,roberta-base,RoBERTa-base,homo,Homo,20,150,0,10,10,51,52,85.5392156862745,"0, 1, 2, 3, 4, 5, 6, 7, 8, 9",40,40,merged_linear_residual,,epoch_round_tuning_mrpc_client_count/tuning-flora-mrpc_stratified-roberta-base-homo-e20-r150/seed0/10/51/round_config.json
flora,Linear FLoRA,mrpc_stratified,MRPC stratified,roberta-base,RoBERTa-base,homo,Homo,20,150,0,10,10,52,53,85.5392156862745,"0, 1, 2, 3, 4, 5, 6, 7, 8, 9",40,40,merged_linear_residual,,epoch_round_tuning_mrpc_client_count/tuning-flora-mrpc_stratified-roberta-base-homo-e20-r150/seed0/10/52/round_config.json
flora,Linear FLoRA,mrpc_stratified,MRPC stratified,roberta-base,RoBERTa-base,homo,Homo,20,150,0,10,10,53,54,85.5392156862745,"0, 1, 2, 3, 4, 5, 6, 7, 8, 9",40,40,merged_linear_residual,,epoch_round_tuning_mrpc_client_count/tuning-flora-mrpc_stratified-roberta-base-homo-e20-r150/seed0/10/53/round_config.json
flora,Linear FLoRA,mrpc_stratified,MRPC stratified,roberta-base,RoBERTa-base,homo,Homo,20,150,0,10,10,54,55,85.5392156862745,"0, 1, 2, 3, 4, 5, 6, 7, 8, 9",40,40,merged_linear_residual,,epoch_round_tuning_mrpc_client_count/tuning-flora-mrpc_stratified-roberta-base-homo-e20-r150/seed0/10/54/round_config.json
flora,Linear FLoRA,mrpc_stratified,MRPC stratified,roberta-base,RoBERTa-base,homo,Homo,20,150,0,10,10,55,56,85.5392156862745,"0, 1, 2, 3, 4, 5, 6, 7, 8, 9",40,40,merged_linear_residual,,epoch_round_tuning_mrpc_client_count/tuning-flora-mrpc_stratified-roberta-base-homo-e20-r150/seed0/10/55/round_config.json
flora,Linear FLoRA,mrpc_stratified,MRPC stratified,roberta-base,RoBERTa-base,homo,Homo,20,150,0,10,10,56,57,85.7843137254902,"0, 1, 2, 3, 4, 5, 6, 7, 8, 9",40,40,merged_linear_residual,,epoch_round_tuning_mrpc_client_count/tuning-flora-mrpc_stratified-roberta-base-homo-e20-r150/seed0/10/56/round_config.json
flora,Linear FLoRA,mrpc_stratified,MRPC stratified,roberta-base,RoBERTa-base,homo,Homo,20,150,0,10,10,57,58,85.29411764705883,"0, 1, 2, 3, 4, 5, 6, 7, 8, 9",40,40,merged_linear_residual,,epoch_round_tuning_mrpc_client_count/tuning-flora-mrpc_stratified-roberta-base-homo-e20-r150/seed0/10/57/round_config.json
flora,Linear FLoRA,mrpc_stratified,MRPC stratified,roberta-base,RoBERTa-base,homo,Homo,20,150,0,10,10,58,59,85.5392156862745,"0, 1, 2, 3, 4, 5, 6, 7, 8, 9",40,40,merged_linear_residual,,epoch_round_tuning_mrpc_client_count/tuning-flora-mrpc_stratified-roberta-base-homo-e20-r150/seed0/10/58/round_config.json
flora,Linear FLoRA,mrpc_stratified,MRPC stratified,roberta-base,RoBERTa-base,homo,Homo,20,150,0,10,10,59,60,86.02941176470588,"0, 1, 2, 3, 4, 5, 6, 7, 8, 9",40,40,merged_linear_residual,,epoch_round_tuning_mrpc_client_count/tuning-flora-mrpc_stratified-roberta-base-homo-e20-r150/seed0/10/59/round_config.json
flora,Linear FLoRA,mrpc_stratified,MRPC stratified,roberta-base,RoBERTa-base,homo,Homo,20,150,0,10,10,60,61,85.5392156862745,"0, 1, 2, 3, 4, 5, 6, 7, 8, 9",40,40,merged_linear_residual,,epoch_round_tuning_mrpc_client_count/tuning-flora-mrpc_stratified-roberta-base-homo-e20-r150/seed0/10/60/round_config.json
flora,Linear FLoRA,mrpc_stratified,MRPC stratified,roberta-base,RoBERTa-base,homo,Homo,20,150,0,10,10,61,62,85.7843137254902,"0, 1, 2, 3, 4, 5, 6, 7, 8, 9",40,40,merged_linear_residual,,epoch_round_tuning_mrpc_client_count/tuning-flora-mrpc_stratified-roberta-base-homo-e20-r150/seed0/10/61/round_config.json
flora,Linear FLoRA,mrpc_stratified,MRPC stratified,roberta-base,RoBERTa-base,homo,Homo,20,150,0,10,10,62,63,85.5392156862745,"0, 1, 2, 3, 4, 5, 6, 7, 8, 9",40,40,merged_linear_residual,,epoch_round_tuning_mrpc_client_count/tuning-flora-mrpc_stratified-roberta-base-homo-e20-r150/seed0/10/62/round_config.json
flora,Linear FLoRA,mrpc_stratified,MRPC stratified,roberta-base,RoBERTa-base,homo,Homo,20,150,0,10,10,63,64,85.29411764705883,"0, 1, 2, 3, 4, 5, 6, 7, 8, 9",40,40,merged_linear_residual,,epoch_round_tuning_mrpc_client_count/tuning-flora-mrpc_stratified-roberta-base-homo-e20-r150/seed0/10/63/round_config.json
flora,Linear FLoRA,mrpc_stratified,MRPC stratified,roberta-base,RoBERTa-base,homo,Homo,20,150,0,10,10,64,65,86.27450980392157,"0, 1, 2, 3, 4, 5, 6, 7, 8, 9",40,40,merged_linear_residual,,epoch_round_tuning_mrpc_client_count/tuning-flora-mrpc_stratified-roberta-base-homo-e20-r150/seed0/10/64/round_config.json
flora,Linear FLoRA,mrpc_stratified,MRPC stratified,roberta-base,RoBERTa-base,homo,Homo,20,150,0,10,10,65,66,85.5392156862745,"0, 1, 2, 3, 4, 5, 6, 7, 8, 9",40,40,merged_linear_residual,,epoch_round_tuning_mrpc_client_count/tuning-flora-mrpc_stratified-roberta-base-homo-e20-r150/seed0/10/65/round_config.json
flora,Linear FLoRA,mrpc_stratified,MRPC stratified,roberta-base,RoBERTa-base,homo,Homo,20,150,0,10,10,66,67,85.29411764705883,"0, 1, 2, 3, 4, 5, 6, 7, 8, 9",40,40,merged_linear_residual,,epoch_round_tuning_mrpc_client_count/tuning-flora-mrpc_stratified-roberta-base-homo-e20-r150/seed0/10/66/round_config.json
flora,Linear FLoRA,mrpc_stratified,MRPC stratified,roberta-base,RoBERTa-base,homo,Homo,20,150,0,10,10,67,68,85.5392156862745,"0, 1, 2, 3, 4, 5, 6, 7, 8, 9",40,40,merged_linear_residual,,epoch_round_tuning_mrpc_client_count/tuning-flora-mrpc_stratified-roberta-base-homo-e20-r150/seed0/10/67/round_config.json
flora,Linear FLoRA,mrpc_stratified,MRPC stratified,roberta-base,RoBERTa-base,homo,Homo,20,150,0,10,10,68,69,85.7843137254902,"0, 1, 2, 3, 4, 5, 6, 7, 8, 9",40,40,merged_linear_residual,,epoch_round_tuning_mrpc_client_count/tuning-flora-mrpc_stratified-roberta-base-homo-e20-r150/seed0/10/68/round_config.json
flora,Linear FLoRA,mrpc_stratified,MRPC stratified,roberta-base,RoBERTa-base,homo,Homo,20,150,0,10,10,69,70,85.29411764705883,"0, 1, 2, 3, 4, 5, 6, 7, 8, 9",40,40,merged_linear_residual,,epoch_round_tuning_mrpc_client_count/tuning-flora-mrpc_stratified-roberta-base-homo-e20-r150/seed0/10/69/round_config.json
flora,Linear FLoRA,mrpc_stratified,MRPC stratified,roberta-base,RoBERTa-base,homo,Homo,20,150,0,10,10,70,71,85.29411764705883,"0, 1, 2, 3, 4, 5, 6, 7, 8, 9",40,40,merged_linear_residual,,epoch_round_tuning_mrpc_client_count/tuning-flora-mrpc_stratified-roberta-base-homo-e20-r150/seed0/10/70/round_config.json
flora,Linear FLoRA,mrpc_stratified,MRPC stratified,roberta-base,RoBERTa-base,homo,Homo,20,150,0,10,10,71,72,85.5392156862745,"0, 1, 2, 3, 4, 5, 6, 7, 8, 9",40,40,merged_linear_residual,,epoch_round_tuning_mrpc_client_count/tuning-flora-mrpc_stratified-roberta-base-homo-e20-r150/seed0/10/71/round_config.json
flora,Linear FLoRA,mrpc_stratified,MRPC stratified,roberta-base,RoBERTa-base,homo,Homo,20,150,0,10,10,72,73,85.5392156862745,"0, 1, 2, 3, 4, 5, 6, 7, 8, 9",40,40,merged_linear_residual,,epoch_round_tuning_mrpc_client_count/tuning-flora-mrpc_stratified-roberta-base-homo-e20-r150/seed0/10/72/round_config.json
flora,Linear FLoRA,mrpc_stratified,MRPC stratified,roberta-base,RoBERTa-base,homo,Homo,20,150,0,10,10,73,74,86.27450980392157,"0, 1, 2, 3, 4, 5, 6, 7, 8, 9",40,40,merged_linear_residual,,epoch_round_tuning_mrpc_client_count/tuning-flora-mrpc_stratified-roberta-base-homo-e20-r150/seed0/10/73/round_config.json
flora,Linear FLoRA,mrpc_stratified,MRPC stratified,roberta-base,RoBERTa-base,homo,Homo,20,150,0,10,10,74,75,85.5392156862745,"0, 1, 2, 3, 4, 5, 6, 7, 8, 9",40,40,merged_linear_residual,,epoch_round_tuning_mrpc_client_count/tuning-flora-mrpc_stratified-roberta-base-homo-e20-r150/seed0/10/74/round_config.json
flora,Linear FLoRA,mrpc_stratified,MRPC stratified,roberta-base,RoBERTa-base,homo,Homo,20,150,0,10,10,75,76,85.04901960784314,"0, 1, 2, 3, 4, 5, 6, 7, 8, 9",40,40,merged_linear_residual,,epoch_round_tuning_mrpc_client_count/tuning-flora-mrpc_stratified-roberta-base-homo-e20-r150/seed0/10/75/round_config.json
flora,Linear FLoRA,mrpc_stratified,MRPC stratified,roberta-base,RoBERTa-base,homo,Homo,20,150,0,10,10,76,77,85.29411764705883,"0, 1, 2, 3, 4, 5, 6, 7, 8, 9",40,40,merged_linear_residual,,epoch_round_tuning_mrpc_client_count/tuning-flora-mrpc_stratified-roberta-base-homo-e20-r150/seed0/10/76/round_config.json
flora,Linear FLoRA,mrpc_stratified,MRPC stratified,roberta-base,RoBERTa-base,homo,Homo,20,150,0,10,10,77,78,85.29411764705883,"0, 1, 2, 3, 4, 5, 6, 7, 8, 9",40,40,merged_linear_residual,,epoch_round_tuning_mrpc_client_count/tuning-flora-mrpc_stratified-roberta-base-homo-e20-r150/seed0/10/77/round_config.json
flora,Linear FLoRA,mrpc_stratified,MRPC stratified,roberta-base,RoBERTa-base,homo,Homo,20,150,0,10,10,78,79,84.80392156862744,"0, 1, 2, 3, 4, 5, 6, 7, 8, 9",40,40,merged_linear_residual,,epoch_round_tuning_mrpc_client_count/tuning-flora-mrpc_stratified-roberta-base-homo-e20-r150/seed0/10/78/round_config.json
flora,Linear FLoRA,mrpc_stratified,MRPC stratified,roberta-base,RoBERTa-base,homo,Homo,20,150,0,10,10,79,80,85.04901960784314,"0, 1, 2, 3, 4, 5, 6, 7, 8, 9",40,40,merged_linear_residual,,epoch_round_tuning_mrpc_client_count/tuning-flora-mrpc_stratified-roberta-base-homo-e20-r150/seed0/10/79/round_config.json
flora,Linear FLoRA,mrpc_stratified,MRPC stratified,roberta-base,RoBERTa-base,homo,Homo,20,150,0,10,10,80,81,85.04901960784314,"0, 1, 2, 3, 4, 5, 6, 7, 8, 9",40,40,merged_linear_residual,,epoch_round_tuning_mrpc_client_count/tuning-flora-mrpc_stratified-roberta-base-homo-e20-r150/seed0/10/80/round_config.json
flora,Linear FLoRA,mrpc_stratified,MRPC stratified,roberta-base,RoBERTa-base,homo,Homo,20,150,0,10,10,81,82,84.80392156862744,"0, 1, 2, 3, 4, 5, 6, 7, 8, 9",40,40,merged_linear_residual,,epoch_round_tuning_mrpc_client_count/tuning-flora-mrpc_stratified-roberta-base-homo-e20-r150/seed0/10/81/round_config.json
flora,Linear FLoRA,mrpc_stratified,MRPC stratified,roberta-base,RoBERTa-base,homo,Homo,20,150,0,10,10,82,83,85.5392156862745,"0, 1, 2, 3, 4, 5, 6, 7, 8, 9",40,40,merged_linear_residual,,epoch_round_tuning_mrpc_client_count/tuning-flora-mrpc_stratified-roberta-base-homo-e20-r150/seed0/10/82/round_config.json
flora,Linear FLoRA,mrpc_stratified,MRPC stratified,roberta-base,RoBERTa-base,homo,Homo,20,150,0,10,10,83,84,85.29411764705883,"0, 1, 2, 3, 4, 5, 6, 7, 8, 9",40,40,merged_linear_residual,,epoch_round_tuning_mrpc_client_count/tuning-flora-mrpc_stratified-roberta-base-homo-e20-r150/seed0/10/83/round_config.json
flora,Linear FLoRA,mrpc_stratified,MRPC stratified,roberta-base,RoBERTa-base,homo,Homo,20,150,0,10,10,84,85,85.04901960784314,"0, 1, 2, 3, 4, 5, 6, 7, 8, 9",40,40,merged_linear_residual,,epoch_round_tuning_mrpc_client_count/tuning-flora-mrpc_stratified-roberta-base-homo-e20-r150/seed0/10/84/round_config.json
flora,Linear FLoRA,mrpc_stratified,MRPC stratified,roberta-base,RoBERTa-base,homo,Homo,20,150,0,10,10,85,86,85.29411764705883,"0, 1, 2, 3, 4, 5, 6, 7, 8, 9",40,40,merged_linear_residual,,epoch_round_tuning_mrpc_client_count/tuning-flora-mrpc_stratified-roberta-base-homo-e20-r150/seed0/10/85/round_config.json
flora,Linear FLoRA,mrpc_stratified,MRPC stratified,roberta-base,RoBERTa-base,homo,Homo,20,150,0,10,10,86,87,85.7843137254902,"0, 1, 2, 3, 4, 5, 6, 7, 8, 9",40,40,merged_linear_residual,,epoch_round_tuning_mrpc_client_count/tuning-flora-mrpc_stratified-roberta-base-homo-e20-r150/seed0/10/86/round_config.json
flora,Linear FLoRA,mrpc_stratified,MRPC stratified,roberta-base,RoBERTa-base,homo,Homo,20,150,0,10,10,87,88,85.7843137254902,"0, 1, 2, 3, 4, 5, 6, 7, 8, 9",40,40,merged_linear_residual,,epoch_round_tuning_mrpc_client_count/tuning-flora-mrpc_stratified-roberta-base-homo-e20-r150/seed0/10/87/round_config.json
flora,Linear FLoRA,mrpc_stratified,MRPC stratified,roberta-base,RoBERTa-base,homo,Homo,20,150,0,10,10,88,89,86.02941176470588,"0, 1, 2, 3, 4, 5, 6, 7, 8, 9",40,40,merged_linear_residual,,epoch_round_tuning_mrpc_client_count/tuning-flora-mrpc_stratified-roberta-base-homo-e20-r150/seed0/10/88/round_config.json
flora,Linear FLoRA,mrpc_stratified,MRPC stratified,roberta-base,RoBERTa-base,homo,Homo,20,150,0,10,10,89,90,85.29411764705883,"0, 1, 2, 3, 4, 5, 6, 7, 8, 9",40,40,merged_linear_residual,,epoch_round_tuning_mrpc_client_count/tuning-flora-mrpc_stratified-roberta-base-homo-e20-r150/seed0/10/89/round_config.json
flora,Linear FLoRA,mrpc_stratified,MRPC stratified,roberta-base,RoBERTa-base,homo,Homo,20,150,0,10,10,90,91,85.5392156862745,"0, 1, 2, 3, 4, 5, 6, 7, 8, 9",40,40,merged_linear_residual,,epoch_round_tuning_mrpc_client_count/tuning-flora-mrpc_stratified-roberta-base-homo-e20-r150/seed0/10/90/round_config.json
flora,Linear FLoRA,mrpc_stratified,MRPC stratified,roberta-base,RoBERTa-base,homo,Homo,20,150,0,10,10,91,92,85.29411764705883,"0, 1, 2, 3, 4, 5, 6, 7, 8, 9",40,40,merged_linear_residual,,epoch_round_tuning_mrpc_client_count/tuning-flora-mrpc_stratified-roberta-base-homo-e20-r150/seed0/10/91/round_config.json
flora,Linear FLoRA,mrpc_stratified,MRPC stratified,roberta-base,RoBERTa-base,homo,Homo,20,150,0,10,10,92,93,86.02941176470588,"0, 1, 2, 3, 4, 5, 6, 7, 8, 9",40,40,merged_linear_residual,,epoch_round_tuning_mrpc_client_count/tuning-flora-mrpc_stratified-roberta-base-homo-e20-r150/seed0/10/92/round_config.json
flora,Linear FLoRA,mrpc_stratified,MRPC stratified,roberta-base,RoBERTa-base,homo,Homo,20,150,0,10,10,93,94,86.02941176470588,"0, 1, 2, 3, 4, 5, 6, 7, 8, 9",40,40,merged_linear_residual,,epoch_round_tuning_mrpc_client_count/tuning-flora-mrpc_stratified-roberta-base-homo-e20-r150/seed0/10/93/round_config.json
flora,Linear FLoRA,mrpc_stratified,MRPC stratified,roberta-base,RoBERTa-base,homo,Homo,20,150,0,10,10,94,95,86.02941176470588,"0, 1, 2, 3, 4, 5, 6, 7, 8, 9",40,40,merged_linear_residual,,epoch_round_tuning_mrpc_client_count/tuning-flora-mrpc_stratified-roberta-base-homo-e20-r150/seed0/10/94/round_config.json
flora,Linear FLoRA,mrpc_stratified,MRPC stratified,roberta-base,RoBERTa-base,homo,Homo,20,150,0,10,10,95,96,85.7843137254902,"0, 1, 2, 3, 4, 5, 6, 7, 8, 9",40,40,merged_linear_residual,,epoch_round_tuning_mrpc_client_count/tuning-flora-mrpc_stratified-roberta-base-homo-e20-r150/seed0/10/95/round_config.json
flora,Linear FLoRA,mrpc_stratified,MRPC stratified,roberta-base,RoBERTa-base,homo,Homo,20,150,0,10,10,96,97,85.04901960784314,"0, 1, 2, 3, 4, 5, 6, 7, 8, 9",40,40,merged_linear_residual,,epoch_round_tuning_mrpc_client_count/tuning-flora-mrpc_stratified-roberta-base-homo-e20-r150/seed0/10/96/round_config.json
flora,Linear FLoRA,mrpc_stratified,MRPC stratified,roberta-base,RoBERTa-base,homo,Homo,20,150,0,10,10,97,98,86.27450980392157,"0, 1, 2, 3, 4, 5, 6, 7, 8, 9",40,40,merged_linear_residual,,epoch_round_tuning_mrpc_client_count/tuning-flora-mrpc_stratified-roberta-base-homo-e20-r150/seed0/10/97/round_config.json
flora,Linear FLoRA,mrpc_stratified,MRPC stratified,roberta-base,RoBERTa-base,homo,Homo,20,150,0,10,10,98,99,86.02941176470588,"0, 1, 2, 3, 4, 5, 6, 7, 8, 9",40,40,merged_linear_residual,,epoch_round_tuning_mrpc_client_count/tuning-flora-mrpc_stratified-roberta-base-homo-e20-r150/seed0/10/98/round_config.json
flora,Linear FLoRA,mrpc_stratified,MRPC stratified,roberta-base,RoBERTa-base,homo,Homo,20,150,0,10,10,99,100,85.5392156862745,"0, 1, 2, 3, 4, 5, 6, 7, 8, 9",40,40,merged_linear_residual,,epoch_round_tuning_mrpc_client_count/tuning-flora-mrpc_stratified-roberta-base-homo-e20-r150/seed0/10/99/round_config.json
flora,Linear FLoRA,mrpc_stratified,MRPC stratified,roberta-base,RoBERTa-base,homo,Homo,20,150,0,10,10,100,101,84.80392156862744,"0, 1, 2, 3, 4, 5, 6, 7, 8, 9",40,40,merged_linear_residual,,epoch_round_tuning_mrpc_client_count/tuning-flora-mrpc_stratified-roberta-base-homo-e20-r150/seed0/10/100/round_config.json
flora,Linear FLoRA,mrpc_stratified,MRPC stratified,roberta-base,RoBERTa-base,homo,Homo,20,150,0,10,10,101,102,85.5392156862745,"0, 1, 2, 3, 4, 5, 6, 7, 8, 9",40,40,merged_linear_residual,,epoch_round_tuning_mrpc_client_count/tuning-flora-mrpc_stratified-roberta-base-homo-e20-r150/seed0/10/101/round_config.json
flora,Linear FLoRA,mrpc_stratified,MRPC stratified,roberta-base,RoBERTa-base,homo,Homo,20,150,0,10,10,102,103,84.55882352941177,"0, 1, 2, 3, 4, 5, 6, 7, 8, 9",40,40,merged_linear_residual,,epoch_round_tuning_mrpc_client_count/tuning-flora-mrpc_stratified-roberta-base-homo-e20-r150/seed0/10/102/round_config.json
flora,Linear FLoRA,mrpc_stratified,MRPC stratified,roberta-base,RoBERTa-base,homo,Homo,20,150,0,10,10,103,104,85.29411764705883,"0, 1, 2, 3, 4, 5, 6, 7, 8, 9",40,40,merged_linear_residual,,epoch_round_tuning_mrpc_client_count/tuning-flora-mrpc_stratified-roberta-base-homo-e20-r150/seed0/10/103/round_config.json
flora,Linear FLoRA,mrpc_stratified,MRPC stratified,roberta-base,RoBERTa-base,homo,Homo,20,150,0,10,10,104,105,84.31372549019608,"0, 1, 2, 3, 4, 5, 6, 7, 8, 9",40,40,merged_linear_residual,,epoch_round_tuning_mrpc_client_count/tuning-flora-mrpc_stratified-roberta-base-homo-e20-r150/seed0/10/104/round_config.json
flora,Linear FLoRA,mrpc_stratified,MRPC stratified,roberta-base,RoBERTa-base,homo,Homo,20,150,0,10,10,105,106,85.04901960784314,"0, 1, 2, 3, 4, 5, 6, 7, 8, 9",40,40,merged_linear_residual,,epoch_round_tuning_mrpc_client_count/tuning-flora-mrpc_stratified-roberta-base-homo-e20-r150/seed0/10/105/round_config.json
flora,Linear FLoRA,mrpc_stratified,MRPC stratified,roberta-base,RoBERTa-base,homo,Homo,20,150,0,10,10,106,107,84.31372549019608,"0, 1, 2, 3, 4, 5, 6, 7, 8, 9",40,40,merged_linear_residual,,epoch_round_tuning_mrpc_client_count/tuning-flora-mrpc_stratified-roberta-base-homo-e20-r150/seed0/10/106/round_config.json
flora,Linear FLoRA,mrpc_stratified,MRPC stratified,roberta-base,RoBERTa-base,homo,Homo,20,150,0,10,10,107,108,85.04901960784314,"0, 1, 2, 3, 4, 5, 6, 7, 8, 9",40,40,merged_linear_residual,,epoch_round_tuning_mrpc_client_count/tuning-flora-mrpc_stratified-roberta-base-homo-e20-r150/seed0/10/107/round_config.json
flora,Linear FLoRA,mrpc_stratified,MRPC stratified,roberta-base,RoBERTa-base,homo,Homo,20,150,0,10,10,108,109,86.27450980392157,"0, 1, 2, 3, 4, 5, 6, 7, 8, 9",40,40,merged_linear_residual,,epoch_round_tuning_mrpc_client_count/tuning-flora-mrpc_stratified-roberta-base-homo-e20-r150/seed0/10/108/round_config.json
flora,Linear FLoRA,mrpc_stratified,MRPC stratified,roberta-base,RoBERTa-base,homo,Homo,20,150,0,10,10,109,110,84.80392156862744,"0, 1, 2, 3, 4, 5, 6, 7, 8, 9",40,40,merged_linear_residual,,epoch_round_tuning_mrpc_client_count/tuning-flora-mrpc_stratified-roberta-base-homo-e20-r150/seed0/10/109/round_config.json
flora,Linear FLoRA,mrpc_stratified,MRPC stratified,roberta-base,RoBERTa-base,homo,Homo,20,150,0,10,10,110,111,84.55882352941177,"0, 1, 2, 3, 4, 5, 6, 7, 8, 9",40,40,merged_linear_residual,,epoch_round_tuning_mrpc_client_count/tuning-flora-mrpc_stratified-roberta-base-homo-e20-r150/seed0/10/110/round_config.json
flora,Linear FLoRA,mrpc_stratified,MRPC stratified,roberta-base,RoBERTa-base,homo,Homo,20,150,0,10,10,111,112,85.7843137254902,"0, 1, 2, 3, 4, 5, 6, 7, 8, 9",40,40,merged_linear_residual,,epoch_round_tuning_mrpc_client_count/tuning-flora-mrpc_stratified-roberta-base-homo-e20-r150/seed0/10/111/round_config.json
flora,Linear FLoRA,mrpc_stratified,MRPC stratified,roberta-base,RoBERTa-base,homo,Homo,20,150,0,10,10,112,113,84.06862745098039,"0, 1, 2, 3, 4, 5, 6, 7, 8, 9",40,40,merged_linear_residual,,epoch_round_tuning_mrpc_client_count/tuning-flora-mrpc_stratified-roberta-base-homo-e20-r150/seed0/10/112/round_config.json
flora,Linear FLoRA,mrpc_stratified,MRPC stratified,roberta-base,RoBERTa-base,homo,Homo,20,150,0,10,10,113,114,84.31372549019608,"0, 1, 2, 3, 4, 5, 6, 7, 8, 9",40,40,merged_linear_residual,,epoch_round_tuning_mrpc_client_count/tuning-flora-mrpc_stratified-roberta-base-homo-e20-r150/seed0/10/113/round_config.json
flora,Linear FLoRA,mrpc_stratified,MRPC stratified,roberta-base,RoBERTa-base,homo,Homo,20,150,0,10,10,114,115,84.80392156862744,"0, 1, 2, 3, 4, 5, 6, 7, 8, 9",40,40,merged_linear_residual,,epoch_round_tuning_mrpc_client_count/tuning-flora-mrpc_stratified-roberta-base-homo-e20-r150/seed0/10/114/round_config.json
flora,Linear FLoRA,mrpc_stratified,MRPC stratified,roberta-base,RoBERTa-base,homo,Homo,20,150,0,10,10,115,116,85.04901960784314,"0, 1, 2, 3, 4, 5, 6, 7, 8, 9",40,40,merged_linear_residual,,epoch_round_tuning_mrpc_client_count/tuning-flora-mrpc_stratified-roberta-base-homo-e20-r150/seed0/10/115/round_config.json
flora,Linear FLoRA,mrpc_stratified,MRPC stratified,roberta-base,RoBERTa-base,homo,Homo,20,150,0,10,10,116,117,85.7843137254902,"0, 1, 2, 3, 4, 5, 6, 7, 8, 9",40,40,merged_linear_residual,,epoch_round_tuning_mrpc_client_count/tuning-flora-mrpc_stratified-roberta-base-homo-e20-r150/seed0/10/116/round_config.json
flora,Linear FLoRA,mrpc_stratified,MRPC stratified,roberta-base,RoBERTa-base,homo,Homo,20,150,0,10,10,117,118,85.5392156862745,"0, 1, 2, 3, 4, 5, 6, 7, 8, 9",40,40,merged_linear_residual,,epoch_round_tuning_mrpc_client_count/tuning-flora-mrpc_stratified-roberta-base-homo-e20-r150/seed0/10/117/round_config.json
flora,Linear FLoRA,mrpc_stratified,MRPC stratified,roberta-base,RoBERTa-base,homo,Homo,20,150,0,10,10,118,119,84.31372549019608,"0, 1, 2, 3, 4, 5, 6, 7, 8, 9",40,40,merged_linear_residual,,epoch_round_tuning_mrpc_client_count/tuning-flora-mrpc_stratified-roberta-base-homo-e20-r150/seed0/10/118/round_config.json
flora,Linear FLoRA,mrpc_stratified,MRPC stratified,roberta-base,RoBERTa-base,homo,Homo,20,150,0,10,10,119,120,84.31372549019608,"0, 1, 2, 3, 4, 5, 6, 7, 8, 9",40,40,merged_linear_residual,,epoch_round_tuning_mrpc_client_count/tuning-flora-mrpc_stratified-roberta-base-homo-e20-r150/seed0/10/119/round_config.json
flora,Linear FLoRA,mrpc_stratified,MRPC stratified,roberta-base,RoBERTa-base,homo,Homo,20,150,0,10,10,120,121,84.80392156862744,"0, 1, 2, 3, 4, 5, 6, 7, 8, 9",40,40,merged_linear_residual,,epoch_round_tuning_mrpc_client_count/tuning-flora-mrpc_stratified-roberta-base-homo-e20-r150/seed0/10/120/round_config.json
flora,Linear FLoRA,mrpc_stratified,MRPC stratified,roberta-base,RoBERTa-base,homo,Homo,20,150,0,10,10,121,122,85.29411764705883,"0, 1, 2, 3, 4, 5, 6, 7, 8, 9",40,40,merged_linear_residual,,epoch_round_tuning_mrpc_client_count/tuning-flora-mrpc_stratified-roberta-base-homo-e20-r150/seed0/10/121/round_config.json
flora,Linear FLoRA,mrpc_stratified,MRPC stratified,roberta-base,RoBERTa-base,homo,Homo,20,150,0,10,10,122,123,84.31372549019608,"0, 1, 2, 3, 4, 5, 6, 7, 8, 9",40,40,merged_linear_residual,,epoch_round_tuning_mrpc_client_count/tuning-flora-mrpc_stratified-roberta-base-homo-e20-r150/seed0/10/122/round_config.json
flora,Linear FLoRA,mrpc_stratified,MRPC stratified,roberta-base,RoBERTa-base,homo,Homo,20,150,0,10,10,123,124,85.5392156862745,"0, 1, 2, 3, 4, 5, 6, 7, 8, 9",40,40,merged_linear_residual,,epoch_round_tuning_mrpc_client_count/tuning-flora-mrpc_stratified-roberta-base-homo-e20-r150/seed0/10/123/round_config.json
flora,Linear FLoRA,mrpc_stratified,MRPC stratified,roberta-base,RoBERTa-base,homo,Homo,20,150,0,10,10,124,125,85.04901960784314,"0, 1, 2, 3, 4, 5, 6, 7, 8, 9",40,40,merged_linear_residual,,epoch_round_tuning_mrpc_client_count/tuning-flora-mrpc_stratified-roberta-base-homo-e20-r150/seed0/10/124/round_config.json
flora,Linear FLoRA,mrpc_stratified,MRPC stratified,roberta-base,RoBERTa-base,homo,Homo,20,150,0,10,10,125,126,84.55882352941177,"0, 1, 2, 3, 4, 5, 6, 7, 8, 9",40,40,merged_linear_residual,,epoch_round_tuning_mrpc_client_count/tuning-flora-mrpc_stratified-roberta-base-homo-e20-r150/seed0/10/125/round_config.json
flora,Linear FLoRA,mrpc_stratified,MRPC stratified,roberta-base,RoBERTa-base,homo,Homo,20,150,0,10,10,126,127,84.55882352941177,"0, 1, 2, 3, 4, 5, 6, 7, 8, 9",40,40,merged_linear_residual,,epoch_round_tuning_mrpc_client_count/tuning-flora-mrpc_stratified-roberta-base-homo-e20-r150/seed0/10/126/round_config.json
flora,Linear FLoRA,mrpc_stratified,MRPC stratified,roberta-base,RoBERTa-base,homo,Homo,20,150,0,10,10,127,128,84.31372549019608,"0, 1, 2, 3, 4, 5, 6, 7, 8, 9",40,40,merged_linear_residual,,epoch_round_tuning_mrpc_client_count/tuning-flora-mrpc_stratified-roberta-base-homo-e20-r150/seed0/10/127/round_config.json
flora,Linear FLoRA,mrpc_stratified,MRPC stratified,roberta-base,RoBERTa-base,homo,Homo,20,150,0,10,10,128,129,84.55882352941177,"0, 1, 2, 3, 4, 5, 6, 7, 8, 9",40,40,merged_linear_residual,,epoch_round_tuning_mrpc_client_count/tuning-flora-mrpc_stratified-roberta-base-homo-e20-r150/seed0/10/128/round_config.json
flora,Linear FLoRA,mrpc_stratified,MRPC stratified,roberta-base,RoBERTa-base,homo,Homo,20,150,0,10,10,129,130,84.31372549019608,"0, 1, 2, 3, 4, 5, 6, 7, 8, 9",40,40,merged_linear_residual,,epoch_round_tuning_mrpc_client_count/tuning-flora-mrpc_stratified-roberta-base-homo-e20-r150/seed0/10/129/round_config.json
flora,Linear FLoRA,mrpc_stratified,MRPC stratified,roberta-base,RoBERTa-base,homo,Homo,20,150,0,10,10,130,131,84.55882352941177,"0, 1, 2, 3, 4, 5, 6, 7, 8, 9",40,40,merged_linear_residual,,epoch_round_tuning_mrpc_client_count/tuning-flora-mrpc_stratified-roberta-base-homo-e20-r150/seed0/10/130/round_config.json
flora,Linear FLoRA,mrpc_stratified,MRPC stratified,roberta-base,RoBERTa-base,homo,Homo,20,150,0,10,10,131,132,85.29411764705883,"0, 1, 2, 3, 4, 5, 6, 7, 8, 9",40,40,merged_linear_residual,,epoch_round_tuning_mrpc_client_count/tuning-flora-mrpc_stratified-roberta-base-homo-e20-r150/seed0/10/131/round_config.json
flora,Linear FLoRA,mrpc_stratified,MRPC stratified,roberta-base,RoBERTa-base,homo,Homo,20,150,0,10,10,132,133,84.06862745098039,"0, 1, 2, 3, 4, 5, 6, 7, 8, 9",40,40,merged_linear_residual,,epoch_round_tuning_mrpc_client_count/tuning-flora-mrpc_stratified-roberta-base-homo-e20-r150/seed0/10/132/round_config.json
flora,Linear FLoRA,mrpc_stratified,MRPC stratified,roberta-base,RoBERTa-base,homo,Homo,20,150,0,10,10,133,134,84.55882352941177,"0, 1, 2, 3, 4, 5, 6, 7, 8, 9",40,40,merged_linear_residual,,epoch_round_tuning_mrpc_client_count/tuning-flora-mrpc_stratified-roberta-base-homo-e20-r150/seed0/10/133/round_config.json
flora,Linear FLoRA,mrpc_stratified,MRPC stratified,roberta-base,RoBERTa-base,homo,Homo,20,150,0,10,10,134,135,84.80392156862744,"0, 1, 2, 3, 4, 5, 6, 7, 8, 9",40,40,merged_linear_residual,,epoch_round_tuning_mrpc_client_count/tuning-flora-mrpc_stratified-roberta-base-homo-e20-r150/seed0/10/134/round_config.json
flora,Linear FLoRA,mrpc_stratified,MRPC stratified,roberta-base,RoBERTa-base,homo,Homo,20,150,0,10,10,135,136,85.04901960784314,"0, 1, 2, 3, 4, 5, 6, 7, 8, 9",40,40,merged_linear_residual,,epoch_round_tuning_mrpc_client_count/tuning-flora-mrpc_stratified-roberta-base-homo-e20-r150/seed0/10/135/round_config.json
flora,Linear FLoRA,mrpc_stratified,MRPC stratified,roberta-base,RoBERTa-base,homo,Homo,20,150,0,10,10,136,137,85.29411764705883,"0, 1, 2, 3, 4, 5, 6, 7, 8, 9",40,40,merged_linear_residual,,epoch_round_tuning_mrpc_client_count/tuning-flora-mrpc_stratified-roberta-base-homo-e20-r150/seed0/10/136/round_config.json
flora,Linear FLoRA,mrpc_stratified,MRPC stratified,roberta-base,RoBERTa-base,homo,Homo,20,150,0,10,10,137,138,85.04901960784314,"0, 1, 2, 3, 4, 5, 6, 7, 8, 9",40,40,merged_linear_residual,,epoch_round_tuning_mrpc_client_count/tuning-flora-mrpc_stratified-roberta-base-homo-e20-r150/seed0/10/137/round_config.json
flora,Linear FLoRA,mrpc_stratified,MRPC stratified,roberta-base,RoBERTa-base,homo,Homo,20,150,0,10,10,138,139,85.04901960784314,"0, 1, 2, 3, 4, 5, 6, 7, 8, 9",40,40,merged_linear_residual,,epoch_round_tuning_mrpc_client_count/tuning-flora-mrpc_stratified-roberta-base-homo-e20-r150/seed0/10/138/round_config.json
flora,Linear FLoRA,mrpc_stratified,MRPC stratified,roberta-base,RoBERTa-base,homo,Homo,20,150,0,10,10,139,140,84.80392156862744,"0, 1, 2, 3, 4, 5, 6, 7, 8, 9",40,40,merged_linear_residual,,epoch_round_tuning_mrpc_client_count/tuning-flora-mrpc_stratified-roberta-base-homo-e20-r150/seed0/10/139/round_config.json
flora,Linear FLoRA,mrpc_stratified,MRPC stratified,roberta-base,RoBERTa-base,homo,Homo,20,150,0,10,10,140,141,84.55882352941177,"0, 1, 2, 3, 4, 5, 6, 7, 8, 9",40,40,merged_linear_residual,,epoch_round_tuning_mrpc_client_count/tuning-flora-mrpc_stratified-roberta-base-homo-e20-r150/seed0/10/140/round_config.json
flora,Linear FLoRA,mrpc_stratified,MRPC stratified,roberta-base,RoBERTa-base,homo,Homo,20,150,0,10,10,141,142,85.7843137254902,"0, 1, 2, 3, 4, 5, 6, 7, 8, 9",40,40,merged_linear_residual,,epoch_round_tuning_mrpc_client_count/tuning-flora-mrpc_stratified-roberta-base-homo-e20-r150/seed0/10/141/round_config.json
flora,Linear FLoRA,mrpc_stratified,MRPC stratified,roberta-base,RoBERTa-base,homo,Homo,20,150,0,10,10,142,143,85.29411764705883,"0, 1, 2, 3, 4, 5, 6, 7, 8, 9",40,40,merged_linear_residual,,epoch_round_tuning_mrpc_client_count/tuning-flora-mrpc_stratified-roberta-base-homo-e20-r150/seed0/10/142/round_config.json
flora,Linear FLoRA,mrpc_stratified,MRPC stratified,roberta-base,RoBERTa-base,homo,Homo,20,150,0,10,10,143,144,85.5392156862745,"0, 1, 2, 3, 4, 5, 6, 7, 8, 9",40,40,merged_linear_residual,,epoch_round_tuning_mrpc_client_count/tuning-flora-mrpc_stratified-roberta-base-homo-e20-r150/seed0/10/143/round_config.json
flora,Linear FLoRA,mrpc_stratified,MRPC stratified,roberta-base,RoBERTa-base,homo,Homo,20,150,0,10,10,144,145,85.04901960784314,"0, 1, 2, 3, 4, 5, 6, 7, 8, 9",40,40,merged_linear_residual,,epoch_round_tuning_mrpc_client_count/tuning-flora-mrpc_stratified-roberta-base-homo-e20-r150/seed0/10/144/round_config.json
flora,Linear FLoRA,mrpc_stratified,MRPC stratified,roberta-base,RoBERTa-base,homo,Homo,20,150,0,10,10,145,146,85.29411764705883,"0, 1, 2, 3, 4, 5, 6, 7, 8, 9",40,40,merged_linear_residual,,epoch_round_tuning_mrpc_client_count/tuning-flora-mrpc_stratified-roberta-base-homo-e20-r150/seed0/10/145/round_config.json
flora,Linear FLoRA,mrpc_stratified,MRPC stratified,roberta-base,RoBERTa-base,homo,Homo,20,150,0,10,10,146,147,85.29411764705883,"0, 1, 2, 3, 4, 5, 6, 7, 8, 9",40,40,merged_linear_residual,,epoch_round_tuning_mrpc_client_count/tuning-flora-mrpc_stratified-roberta-base-homo-e20-r150/seed0/10/146/round_config.json
flora,Linear FLoRA,mrpc_stratified,MRPC stratified,roberta-base,RoBERTa-base,homo,Homo,20,150,0,10,10,147,148,85.5392156862745,"0, 1, 2, 3, 4, 5, 6, 7, 8, 9",40,40,merged_linear_residual,,epoch_round_tuning_mrpc_client_count/tuning-flora-mrpc_stratified-roberta-base-homo-e20-r150/seed0/10/147/round_config.json
flora,Linear FLoRA,mrpc_stratified,MRPC stratified,roberta-base,RoBERTa-base,homo,Homo,20,150,0,10,10,148,149,85.5392156862745,"0, 1, 2, 3, 4, 5, 6, 7, 8, 9",40,40,merged_linear_residual,,epoch_round_tuning_mrpc_client_count/tuning-flora-mrpc_stratified-roberta-base-homo-e20-r150/seed0/10/148/round_config.json
flora,Linear FLoRA,mrpc_stratified,MRPC stratified,roberta-base,RoBERTa-base,homo,Homo,20,150,0,10,10,149,150,85.29411764705883,"0, 1, 2, 3, 4, 5, 6, 7, 8, 9",40,40,merged_linear_residual,,epoch_round_tuning_mrpc_client_count/tuning-flora-mrpc_stratified-roberta-base-homo-e20-r150/seed0/10/149/round_config.json
flora,Linear FLoRA,mrpc_stratified,MRPC stratified,roberta-base,RoBERTa-base,homo,Homo,20,150,0,20,20,0,1,73.52941176470588,"0, 1, 2, 3, 4, 5, 6, 7, 8, 9, 10, 11, 12, 13, 14, 15, 16, 17, 18, 19",80,80,merged_linear_residual,,epoch_round_tuning_mrpc_client_count/tuning-flora-mrpc_stratified-roberta-base-homo-e20-r150/seed0/20/0/round_config.json
flora,Linear FLoRA,mrpc_stratified,MRPC stratified,roberta-base,RoBERTa-base,homo,Homo,20,150,0,20,20,1,2,76.22549019607843,"0, 1, 2, 3, 4, 5, 6, 7, 8, 9, 10, 11, 12, 13, 14, 15, 16, 17, 18, 19",80,80,merged_linear_residual,,epoch_round_tuning_mrpc_client_count/tuning-flora-mrpc_stratified-roberta-base-homo-e20-r150/seed0/20/1/round_config.json
flora,Linear FLoRA,mrpc_stratified,MRPC stratified,roberta-base,RoBERTa-base,homo,Homo,20,150,0,20,20,2,3,78.43137254901961,"0, 1, 2, 3, 4, 5, 6, 7, 8, 9, 10, 11, 12, 13, 14, 15, 16, 17, 18, 19",80,80,merged_linear_residual,,epoch_round_tuning_mrpc_client_count/tuning-flora-mrpc_stratified-roberta-base-homo-e20-r150/seed0/20/2/round_config.json
flora,Linear FLoRA,mrpc_stratified,MRPC stratified,roberta-base,RoBERTa-base,homo,Homo,20,150,0,20,20,3,4,79.41176470588235,"0, 1, 2, 3, 4, 5, 6, 7, 8, 9, 10, 11, 12, 13, 14, 15, 16, 17, 18, 19",80,80,merged_linear_residual,,epoch_round_tuning_mrpc_client_count/tuning-flora-mrpc_stratified-roberta-base-homo-e20-r150/seed0/20/3/round_config.json
flora,Linear FLoRA,mrpc_stratified,MRPC stratified,roberta-base,RoBERTa-base,homo,Homo,20,150,0,20,20,4,5,79.41176470588235,"0, 1, 2, 3, 4, 5, 6, 7, 8, 9, 10, 11, 12, 13, 14, 15, 16, 17, 18, 19",80,80,merged_linear_residual,,epoch_round_tuning_mrpc_client_count/tuning-flora-mrpc_stratified-roberta-base-homo-e20-r150/seed0/20/4/round_config.json
flora,Linear FLoRA,mrpc_stratified,MRPC stratified,roberta-base,RoBERTa-base,homo,Homo,20,150,0,20,20,5,6,79.41176470588235,"0, 1, 2, 3, 4, 5, 6, 7, 8, 9, 10, 11, 12, 13, 14, 15, 16, 17, 18, 19",80,80,merged_linear_residual,,epoch_round_tuning_mrpc_client_count/tuning-flora-mrpc_stratified-roberta-base-homo-e20-r150/seed0/20/5/round_config.json
flora,Linear FLoRA,mrpc_stratified,MRPC stratified,roberta-base,RoBERTa-base,homo,Homo,20,150,0,20,20,6,7,80.3921568627451,"0, 1, 2, 3, 4, 5, 6, 7, 8, 9, 10, 11, 12, 13, 14, 15, 16, 17, 18, 19",80,80,merged_linear_residual,,epoch_round_tuning_mrpc_client_count/tuning-flora-mrpc_stratified-roberta-base-homo-e20-r150/seed0/20/6/round_config.json
flora,Linear FLoRA,mrpc_stratified,MRPC stratified,roberta-base,RoBERTa-base,homo,Homo,20,150,0,20,20,7,8,81.61764705882352,"0, 1, 2, 3, 4, 5, 6, 7, 8, 9, 10, 11, 12, 13, 14, 15, 16, 17, 18, 19",80,80,merged_linear_residual,,epoch_round_tuning_mrpc_client_count/tuning-flora-mrpc_stratified-roberta-base-homo-e20-r150/seed0/20/7/round_config.json
flora,Linear FLoRA,mrpc_stratified,MRPC stratified,roberta-base,RoBERTa-base,homo,Homo,20,150,0,20,20,8,9,81.86274509803921,"0, 1, 2, 3, 4, 5, 6, 7, 8, 9, 10, 11, 12, 13, 14, 15, 16, 17, 18, 19",80,80,merged_linear_residual,,epoch_round_tuning_mrpc_client_count/tuning-flora-mrpc_stratified-roberta-base-homo-e20-r150/seed0/20/8/round_config.json
flora,Linear FLoRA,mrpc_stratified,MRPC stratified,roberta-base,RoBERTa-base,homo,Homo,20,150,0,20,20,9,10,81.86274509803921,"0, 1, 2, 3, 4, 5, 6, 7, 8, 9, 10, 11, 12, 13, 14, 15, 16, 17, 18, 19",80,80,merged_linear_residual,,epoch_round_tuning_mrpc_client_count/tuning-flora-mrpc_stratified-roberta-base-homo-e20-r150/seed0/20/9/round_config.json
flora,Linear FLoRA,mrpc_stratified,MRPC stratified,roberta-base,RoBERTa-base,homo,Homo,20,150,0,20,20,10,11,82.1078431372549,"0, 1, 2, 3, 4, 5, 6, 7, 8, 9, 10, 11, 12, 13, 14, 15, 16, 17, 18, 19",80,80,merged_linear_residual,,epoch_round_tuning_mrpc_client_count/tuning-flora-mrpc_stratified-roberta-base-homo-e20-r150/seed0/20/10/round_config.json
flora,Linear FLoRA,mrpc_stratified,MRPC stratified,roberta-base,RoBERTa-base,homo,Homo,20,150,0,20,20,11,12,82.35294117647058,"0, 1, 2, 3, 4, 5, 6, 7, 8, 9, 10, 11, 12, 13, 14, 15, 16, 17, 18, 19",80,80,merged_linear_residual,,epoch_round_tuning_mrpc_client_count/tuning-flora-mrpc_stratified-roberta-base-homo-e20-r150/seed0/20/11/round_config.json
flora,Linear FLoRA,mrpc_stratified,MRPC stratified,roberta-base,RoBERTa-base,homo,Homo,20,150,0,20,20,12,13,82.84313725490196,"0, 1, 2, 3, 4, 5, 6, 7, 8, 9, 10, 11, 12, 13, 14, 15, 16, 17, 18, 19",80,80,merged_linear_residual,,epoch_round_tuning_mrpc_client_count/tuning-flora-mrpc_stratified-roberta-base-homo-e20-r150/seed0/20/12/round_config.json
flora,Linear FLoRA,mrpc_stratified,MRPC stratified,roberta-base,RoBERTa-base,homo,Homo,20,150,0,20,20,13,14,83.08823529411765,"0, 1, 2, 3, 4, 5, 6, 7, 8, 9, 10, 11, 12, 13, 14, 15, 16, 17, 18, 19",80,80,merged_linear_residual,,epoch_round_tuning_mrpc_client_count/tuning-flora-mrpc_stratified-roberta-base-homo-e20-r150/seed0/20/13/round_config.json
flora,Linear FLoRA,mrpc_stratified,MRPC stratified,roberta-base,RoBERTa-base,homo,Homo,20,150,0,20,20,14,15,82.84313725490196,"0, 1, 2, 3, 4, 5, 6, 7, 8, 9, 10, 11, 12, 13, 14, 15, 16, 17, 18, 19",80,80,merged_linear_residual,,epoch_round_tuning_mrpc_client_count/tuning-flora-mrpc_stratified-roberta-base-homo-e20-r150/seed0/20/14/round_config.json
flora,Linear FLoRA,mrpc_stratified,MRPC stratified,roberta-base,RoBERTa-base,homo,Homo,20,150,0,20,20,15,16,82.59803921568627,"0, 1, 2, 3, 4, 5, 6, 7, 8, 9, 10, 11, 12, 13, 14, 15, 16, 17, 18, 19",80,80,merged_linear_residual,,epoch_round_tuning_mrpc_client_count/tuning-flora-mrpc_stratified-roberta-base-homo-e20-r150/seed0/20/15/round_config.json
flora,Linear FLoRA,mrpc_stratified,MRPC stratified,roberta-base,RoBERTa-base,homo,Homo,20,150,0,20,20,16,17,83.33333333333334,"0, 1, 2, 3, 4, 5, 6, 7, 8, 9, 10, 11, 12, 13, 14, 15, 16, 17, 18, 19",80,80,merged_linear_residual,,epoch_round_tuning_mrpc_client_count/tuning-flora-mrpc_stratified-roberta-base-homo-e20-r150/seed0/20/16/round_config.json
flora,Linear FLoRA,mrpc_stratified,MRPC stratified,roberta-base,RoBERTa-base,homo,Homo,20,150,0,20,20,17,18,83.08823529411765,"0, 1, 2, 3, 4, 5, 6, 7, 8, 9, 10, 11, 12, 13, 14, 15, 16, 17, 18, 19",80,80,merged_linear_residual,,epoch_round_tuning_mrpc_client_count/tuning-flora-mrpc_stratified-roberta-base-homo-e20-r150/seed0/20/17/round_config.json
flora,Linear FLoRA,mrpc_stratified,MRPC stratified,roberta-base,RoBERTa-base,homo,Homo,20,150,0,20,20,18,19,83.08823529411765,"0, 1, 2, 3, 4, 5, 6, 7, 8, 9, 10, 11, 12, 13, 14, 15, 16, 17, 18, 19",80,80,merged_linear_residual,,epoch_round_tuning_mrpc_client_count/tuning-flora-mrpc_stratified-roberta-base-homo-e20-r150/seed0/20/18/round_config.json
flora,Linear FLoRA,mrpc_stratified,MRPC stratified,roberta-base,RoBERTa-base,homo,Homo,20,150,0,20,20,19,20,83.08823529411765,"0, 1, 2, 3, 4, 5, 6, 7, 8, 9, 10, 11, 12, 13, 14, 15, 16, 17, 18, 19",80,80,merged_linear_residual,,epoch_round_tuning_mrpc_client_count/tuning-flora-mrpc_stratified-roberta-base-homo-e20-r150/seed0/20/19/round_config.json
flora,Linear FLoRA,mrpc_stratified,MRPC stratified,roberta-base,RoBERTa-base,homo,Homo,20,150,0,20,20,20,21,83.08823529411765,"0, 1, 2, 3, 4, 5, 6, 7, 8, 9, 10, 11, 12, 13, 14, 15, 16, 17, 18, 19",80,80,merged_linear_residual,,epoch_round_tuning_mrpc_client_count/tuning-flora-mrpc_stratified-roberta-base-homo-e20-r150/seed0/20/20/round_config.json
flora,Linear FLoRA,mrpc_stratified,MRPC stratified,roberta-base,RoBERTa-base,homo,Homo,20,150,0,20,20,21,22,83.08823529411765,"0, 1, 2, 3, 4, 5, 6, 7, 8, 9, 10, 11, 12, 13, 14, 15, 16, 17, 18, 19",80,80,merged_linear_residual,,epoch_round_tuning_mrpc_client_count/tuning-flora-mrpc_stratified-roberta-base-homo-e20-r150/seed0/20/21/round_config.json
flora,Linear FLoRA,mrpc_stratified,MRPC stratified,roberta-base,RoBERTa-base,homo,Homo,20,150,0,20,20,22,23,83.33333333333334,"0, 1, 2, 3, 4, 5, 6, 7, 8, 9, 10, 11, 12, 13, 14, 15, 16, 17, 18, 19",80,80,merged_linear_residual,,epoch_round_tuning_mrpc_client_count/tuning-flora-mrpc_stratified-roberta-base-homo-e20-r150/seed0/20/22/round_config.json
flora,Linear FLoRA,mrpc_stratified,MRPC stratified,roberta-base,RoBERTa-base,homo,Homo,20,150,0,20,20,23,24,83.33333333333334,"0, 1, 2, 3, 4, 5, 6, 7, 8, 9, 10, 11, 12, 13, 14, 15, 16, 17, 18, 19",80,80,merged_linear_residual,,epoch_round_tuning_mrpc_client_count/tuning-flora-mrpc_stratified-roberta-base-homo-e20-r150/seed0/20/23/round_config.json
flora,Linear FLoRA,mrpc_stratified,MRPC stratified,roberta-base,RoBERTa-base,homo,Homo,20,150,0,20,20,24,25,83.33333333333334,"0, 1, 2, 3, 4, 5, 6, 7, 8, 9, 10, 11, 12, 13, 14, 15, 16, 17, 18, 19",80,80,merged_linear_residual,,epoch_round_tuning_mrpc_client_count/tuning-flora-mrpc_stratified-roberta-base-homo-e20-r150/seed0/20/24/round_config.json
flora,Linear FLoRA,mrpc_stratified,MRPC stratified,roberta-base,RoBERTa-base,homo,Homo,20,150,0,20,20,25,26,83.82352941176471,"0, 1, 2, 3, 4, 5, 6, 7, 8, 9, 10, 11, 12, 13, 14, 15, 16, 17, 18, 19",80,80,merged_linear_residual,,epoch_round_tuning_mrpc_client_count/tuning-flora-mrpc_stratified-roberta-base-homo-e20-r150/seed0/20/25/round_config.json
flora,Linear FLoRA,mrpc_stratified,MRPC stratified,roberta-base,RoBERTa-base,homo,Homo,20,150,0,20,20,26,27,84.31372549019608,"0, 1, 2, 3, 4, 5, 6, 7, 8, 9, 10, 11, 12, 13, 14, 15, 16, 17, 18, 19",80,80,merged_linear_residual,,epoch_round_tuning_mrpc_client_count/tuning-flora-mrpc_stratified-roberta-base-homo-e20-r150/seed0/20/26/round_config.json
flora,Linear FLoRA,mrpc_stratified,MRPC stratified,roberta-base,RoBERTa-base,homo,Homo,20,150,0,20,20,27,28,84.31372549019608,"0, 1, 2, 3, 4, 5, 6, 7, 8, 9, 10, 11, 12, 13, 14, 15, 16, 17, 18, 19",80,80,merged_linear_residual,,epoch_round_tuning_mrpc_client_count/tuning-flora-mrpc_stratified-roberta-base-homo-e20-r150/seed0/20/27/round_config.json
flora,Linear FLoRA,mrpc_stratified,MRPC stratified,roberta-base,RoBERTa-base,homo,Homo,20,150,0,20,20,28,29,84.80392156862744,"0, 1, 2, 3, 4, 5, 6, 7, 8, 9, 10, 11, 12, 13, 14, 15, 16, 17, 18, 19",80,80,merged_linear_residual,,epoch_round_tuning_mrpc_client_count/tuning-flora-mrpc_stratified-roberta-base-homo-e20-r150/seed0/20/28/round_config.json
flora,Linear FLoRA,mrpc_stratified,MRPC stratified,roberta-base,RoBERTa-base,homo,Homo,20,150,0,20,20,29,30,84.31372549019608,"0, 1, 2, 3, 4, 5, 6, 7, 8, 9, 10, 11, 12, 13, 14, 15, 16, 17, 18, 19",80,80,merged_linear_residual,,epoch_round_tuning_mrpc_client_count/tuning-flora-mrpc_stratified-roberta-base-homo-e20-r150/seed0/20/29/round_config.json
flora,Linear FLoRA,mrpc_stratified,MRPC stratified,roberta-base,RoBERTa-base,homo,Homo,20,150,0,20,20,30,31,84.55882352941177,"0, 1, 2, 3, 4, 5, 6, 7, 8, 9, 10, 11, 12, 13, 14, 15, 16, 17, 18, 19",80,80,merged_linear_residual,,epoch_round_tuning_mrpc_client_count/tuning-flora-mrpc_stratified-roberta-base-homo-e20-r150/seed0/20/30/round_config.json
flora,Linear FLoRA,mrpc_stratified,MRPC stratified,roberta-base,RoBERTa-base,homo,Homo,20,150,0,20,20,31,32,84.80392156862744,"0, 1, 2, 3, 4, 5, 6, 7, 8, 9, 10, 11, 12, 13, 14, 15, 16, 17, 18, 19",80,80,merged_linear_residual,,epoch_round_tuning_mrpc_client_count/tuning-flora-mrpc_stratified-roberta-base-homo-e20-r150/seed0/20/31/round_config.json
flora,Linear FLoRA,mrpc_stratified,MRPC stratified,roberta-base,RoBERTa-base,homo,Homo,20,150,0,20,20,32,33,84.80392156862744,"0, 1, 2, 3, 4, 5, 6, 7, 8, 9, 10, 11, 12, 13, 14, 15, 16, 17, 18, 19",80,80,merged_linear_residual,,epoch_round_tuning_mrpc_client_count/tuning-flora-mrpc_stratified-roberta-base-homo-e20-r150/seed0/20/32/round_config.json
flora,Linear FLoRA,mrpc_stratified,MRPC stratified,roberta-base,RoBERTa-base,homo,Homo,20,150,0,20,20,33,34,84.80392156862744,"0, 1, 2, 3, 4, 5, 6, 7, 8, 9, 10, 11, 12, 13, 14, 15, 16, 17, 18, 19",80,80,merged_linear_residual,,epoch_round_tuning_mrpc_client_count/tuning-flora-mrpc_stratified-roberta-base-homo-e20-r150/seed0/20/33/round_config.json
flora,Linear FLoRA,mrpc_stratified,MRPC stratified,roberta-base,RoBERTa-base,homo,Homo,20,150,0,20,20,34,35,84.80392156862744,"0, 1, 2, 3, 4, 5, 6, 7, 8, 9, 10, 11, 12, 13, 14, 15, 16, 17, 18, 19",80,80,merged_linear_residual,,epoch_round_tuning_mrpc_client_count/tuning-flora-mrpc_stratified-roberta-base-homo-e20-r150/seed0/20/34/round_config.json
flora,Linear FLoRA,mrpc_stratified,MRPC stratified,roberta-base,RoBERTa-base,homo,Homo,20,150,0,20,20,35,36,84.55882352941177,"0, 1, 2, 3, 4, 5, 6, 7, 8, 9, 10, 11, 12, 13, 14, 15, 16, 17, 18, 19",80,80,merged_linear_residual,,epoch_round_tuning_mrpc_client_count/tuning-flora-mrpc_stratified-roberta-base-homo-e20-r150/seed0/20/35/round_config.json
flora,Linear FLoRA,mrpc_stratified,MRPC stratified,roberta-base,RoBERTa-base,homo,Homo,20,150,0,20,20,36,37,84.55882352941177,"0, 1, 2, 3, 4, 5, 6, 7, 8, 9, 10, 11, 12, 13, 14, 15, 16, 17, 18, 19",80,80,merged_linear_residual,,epoch_round_tuning_mrpc_client_count/tuning-flora-mrpc_stratified-roberta-base-homo-e20-r150/seed0/20/36/round_config.json
flora,Linear FLoRA,mrpc_stratified,MRPC stratified,roberta-base,RoBERTa-base,homo,Homo,20,150,0,20,20,37,38,84.55882352941177,"0, 1, 2, 3, 4, 5, 6, 7, 8, 9, 10, 11, 12, 13, 14, 15, 16, 17, 18, 19",80,80,merged_linear_residual,,epoch_round_tuning_mrpc_client_count/tuning-flora-mrpc_stratified-roberta-base-homo-e20-r150/seed0/20/37/round_config.json
flora,Linear FLoRA,mrpc_stratified,MRPC stratified,roberta-base,RoBERTa-base,homo,Homo,20,150,0,20,20,38,39,84.55882352941177,"0, 1, 2, 3, 4, 5, 6, 7, 8, 9, 10, 11, 12, 13, 14, 15, 16, 17, 18, 19",80,80,merged_linear_residual,,epoch_round_tuning_mrpc_client_count/tuning-flora-mrpc_stratified-roberta-base-homo-e20-r150/seed0/20/38/round_config.json
flora,Linear FLoRA,mrpc_stratified,MRPC stratified,roberta-base,RoBERTa-base,homo,Homo,20,150,0,20,20,39,40,84.55882352941177,"0, 1, 2, 3, 4, 5, 6, 7, 8, 9, 10, 11, 12, 13, 14, 15, 16, 17, 18, 19",80,80,merged_linear_residual,,epoch_round_tuning_mrpc_client_count/tuning-flora-mrpc_stratified-roberta-base-homo-e20-r150/seed0/20/39/round_config.json
flora,Linear FLoRA,mrpc_stratified,MRPC stratified,roberta-base,RoBERTa-base,homo,Homo,20,150,0,20,20,40,41,84.55882352941177,"0, 1, 2, 3, 4, 5, 6, 7, 8, 9, 10, 11, 12, 13, 14, 15, 16, 17, 18, 19",80,80,merged_linear_residual,,epoch_round_tuning_mrpc_client_count/tuning-flora-mrpc_stratified-roberta-base-homo-e20-r150/seed0/20/40/round_config.json
flora,Linear FLoRA,mrpc_stratified,MRPC stratified,roberta-base,RoBERTa-base,homo,Homo,20,150,0,20,20,41,42,84.80392156862744,"0, 1, 2, 3, 4, 5, 6, 7, 8, 9, 10, 11, 12, 13, 14, 15, 16, 17, 18, 19",80,80,merged_linear_residual,,epoch_round_tuning_mrpc_client_count/tuning-flora-mrpc_stratified-roberta-base-homo-e20-r150/seed0/20/41/round_config.json
flora,Linear FLoRA,mrpc_stratified,MRPC stratified,roberta-base,RoBERTa-base,homo,Homo,20,150,0,20,20,42,43,84.55882352941177,"0, 1, 2, 3, 4, 5, 6, 7, 8, 9, 10, 11, 12, 13, 14, 15, 16, 17, 18, 19",80,80,merged_linear_residual,,epoch_round_tuning_mrpc_client_count/tuning-flora-mrpc_stratified-roberta-base-homo-e20-r150/seed0/20/42/round_config.json
flora,Linear FLoRA,mrpc_stratified,MRPC stratified,roberta-base,RoBERTa-base,homo,Homo,20,150,0,20,20,43,44,84.55882352941177,"0, 1, 2, 3, 4, 5, 6, 7, 8, 9, 10, 11, 12, 13, 14, 15, 16, 17, 18, 19",80,80,merged_linear_residual,,epoch_round_tuning_mrpc_client_count/tuning-flora-mrpc_stratified-roberta-base-homo-e20-r150/seed0/20/43/round_config.json
flora,Linear FLoRA,mrpc_stratified,MRPC stratified,roberta-base,RoBERTa-base,homo,Homo,20,150,0,20,20,44,45,84.55882352941177,"0, 1, 2, 3, 4, 5, 6, 7, 8, 9, 10, 11, 12, 13, 14, 15, 16, 17, 18, 19",80,80,merged_linear_residual,,epoch_round_tuning_mrpc_client_count/tuning-flora-mrpc_stratified-roberta-base-homo-e20-r150/seed0/20/44/round_config.json
flora,Linear FLoRA,mrpc_stratified,MRPC stratified,roberta-base,RoBERTa-base,homo,Homo,20,150,0,20,20,45,46,84.55882352941177,"0, 1, 2, 3, 4, 5, 6, 7, 8, 9, 10, 11, 12, 13, 14, 15, 16, 17, 18, 19",80,80,merged_linear_residual,,epoch_round_tuning_mrpc_client_count/tuning-flora-mrpc_stratified-roberta-base-homo-e20-r150/seed0/20/45/round_config.json
flora,Linear FLoRA,mrpc_stratified,MRPC stratified,roberta-base,RoBERTa-base,homo,Homo,20,150,0,20,20,46,47,84.55882352941177,"0, 1, 2, 3, 4, 5, 6, 7, 8, 9, 10, 11, 12, 13, 14, 15, 16, 17, 18, 19",80,80,merged_linear_residual,,epoch_round_tuning_mrpc_client_count/tuning-flora-mrpc_stratified-roberta-base-homo-e20-r150/seed0/20/46/round_config.json
flora,Linear FLoRA,mrpc_stratified,MRPC stratified,roberta-base,RoBERTa-base,homo,Homo,20,150,0,20,20,47,48,84.55882352941177,"0, 1, 2, 3, 4, 5, 6, 7, 8, 9, 10, 11, 12, 13, 14, 15, 16, 17, 18, 19",80,80,merged_linear_residual,,epoch_round_tuning_mrpc_client_count/tuning-flora-mrpc_stratified-roberta-base-homo-e20-r150/seed0/20/47/round_config.json
flora,Linear FLoRA,mrpc_stratified,MRPC stratified,roberta-base,RoBERTa-base,homo,Homo,20,150,0,20,20,48,49,84.55882352941177,"0, 1, 2, 3, 4, 5, 6, 7, 8, 9, 10, 11, 12, 13, 14, 15, 16, 17, 18, 19",80,80,merged_linear_residual,,epoch_round_tuning_mrpc_client_count/tuning-flora-mrpc_stratified-roberta-base-homo-e20-r150/seed0/20/48/round_config.json
flora,Linear FLoRA,mrpc_stratified,MRPC stratified,roberta-base,RoBERTa-base,homo,Homo,20,150,0,20,20,49,50,84.80392156862744,"0, 1, 2, 3, 4, 5, 6, 7, 8, 9, 10, 11, 12, 13, 14, 15, 16, 17, 18, 19",80,80,merged_linear_residual,,epoch_round_tuning_mrpc_client_count/tuning-flora-mrpc_stratified-roberta-base-homo-e20-r150/seed0/20/49/round_config.json
flora,Linear FLoRA,mrpc_stratified,MRPC stratified,roberta-base,RoBERTa-base,homo,Homo,20,150,0,20,20,50,51,85.04901960784314,"0, 1, 2, 3, 4, 5, 6, 7, 8, 9, 10, 11, 12, 13, 14, 15, 16, 17, 18, 19",80,80,merged_linear_residual,,epoch_round_tuning_mrpc_client_count/tuning-flora-mrpc_stratified-roberta-base-homo-e20-r150/seed0/20/50/round_config.json
flora,Linear FLoRA,mrpc_stratified,MRPC stratified,roberta-base,RoBERTa-base,homo,Homo,20,150,0,20,20,51,52,84.55882352941177,"0, 1, 2, 3, 4, 5, 6, 7, 8, 9, 10, 11, 12, 13, 14, 15, 16, 17, 18, 19",80,80,merged_linear_residual,,epoch_round_tuning_mrpc_client_count/tuning-flora-mrpc_stratified-roberta-base-homo-e20-r150/seed0/20/51/round_config.json
flora,Linear FLoRA,mrpc_stratified,MRPC stratified,roberta-base,RoBERTa-base,homo,Homo,20,150,0,20,20,52,53,84.80392156862744,"0, 1, 2, 3, 4, 5, 6, 7, 8, 9, 10, 11, 12, 13, 14, 15, 16, 17, 18, 19",80,80,merged_linear_residual,,epoch_round_tuning_mrpc_client_count/tuning-flora-mrpc_stratified-roberta-base-homo-e20-r150/seed0/20/52/round_config.json
flora,Linear FLoRA,mrpc_stratified,MRPC stratified,roberta-base,RoBERTa-base,homo,Homo,20,150,0,20,20,53,54,85.04901960784314,"0, 1, 2, 3, 4, 5, 6, 7, 8, 9, 10, 11, 12, 13, 14, 15, 16, 17, 18, 19",80,80,merged_linear_residual,,epoch_round_tuning_mrpc_client_count/tuning-flora-mrpc_stratified-roberta-base-homo-e20-r150/seed0/20/53/round_config.json
flora,Linear FLoRA,mrpc_stratified,MRPC stratified,roberta-base,RoBERTa-base,homo,Homo,20,150,0,20,20,54,55,85.04901960784314,"0, 1, 2, 3, 4, 5, 6, 7, 8, 9, 10, 11, 12, 13, 14, 15, 16, 17, 18, 19",80,80,merged_linear_residual,,epoch_round_tuning_mrpc_client_count/tuning-flora-mrpc_stratified-roberta-base-homo-e20-r150/seed0/20/54/round_config.json
flora,Linear FLoRA,mrpc_stratified,MRPC stratified,roberta-base,RoBERTa-base,homo,Homo,20,150,0,20,20,55,56,85.7843137254902,"0, 1, 2, 3, 4, 5, 6, 7, 8, 9, 10, 11, 12, 13, 14, 15, 16, 17, 18, 19",80,80,merged_linear_residual,,epoch_round_tuning_mrpc_client_count/tuning-flora-mrpc_stratified-roberta-base-homo-e20-r150/seed0/20/55/round_config.json
flora,Linear FLoRA,mrpc_stratified,MRPC stratified,roberta-base,RoBERTa-base,homo,Homo,20,150,0,20,20,56,57,85.7843137254902,"0, 1, 2, 3, 4, 5, 6, 7, 8, 9, 10, 11, 12, 13, 14, 15, 16, 17, 18, 19",80,80,merged_linear_residual,,epoch_round_tuning_mrpc_client_count/tuning-flora-mrpc_stratified-roberta-base-homo-e20-r150/seed0/20/56/round_config.json
flora,Linear FLoRA,mrpc_stratified,MRPC stratified,roberta-base,RoBERTa-base,homo,Homo,20,150,0,20,20,57,58,85.5392156862745,"0, 1, 2, 3, 4, 5, 6, 7, 8, 9, 10, 11, 12, 13, 14, 15, 16, 17, 18, 19",80,80,merged_linear_residual,,epoch_round_tuning_mrpc_client_count/tuning-flora-mrpc_stratified-roberta-base-homo-e20-r150/seed0/20/57/round_config.json
flora,Linear FLoRA,mrpc_stratified,MRPC stratified,roberta-base,RoBERTa-base,homo,Homo,20,150,0,20,20,58,59,85.29411764705883,"0, 1, 2, 3, 4, 5, 6, 7, 8, 9, 10, 11, 12, 13, 14, 15, 16, 17, 18, 19",80,80,merged_linear_residual,,epoch_round_tuning_mrpc_client_count/tuning-flora-mrpc_stratified-roberta-base-homo-e20-r150/seed0/20/58/round_config.json
flora,Linear FLoRA,mrpc_stratified,MRPC stratified,roberta-base,RoBERTa-base,homo,Homo,20,150,0,20,20,59,60,84.55882352941177,"0, 1, 2, 3, 4, 5, 6, 7, 8, 9, 10, 11, 12, 13, 14, 15, 16, 17, 18, 19",80,80,merged_linear_residual,,epoch_round_tuning_mrpc_client_count/tuning-flora-mrpc_stratified-roberta-base-homo-e20-r150/seed0/20/59/round_config.json
flora,Linear FLoRA,mrpc_stratified,MRPC stratified,roberta-base,RoBERTa-base,homo,Homo,20,150,0,20,20,60,61,85.5392156862745,"0, 1, 2, 3, 4, 5, 6, 7, 8, 9, 10, 11, 12, 13, 14, 15, 16, 17, 18, 19",80,80,merged_linear_residual,,epoch_round_tuning_mrpc_client_count/tuning-flora-mrpc_stratified-roberta-base-homo-e20-r150/seed0/20/60/round_config.json
flora,Linear FLoRA,mrpc_stratified,MRPC stratified,roberta-base,RoBERTa-base,homo,Homo,20,150,0,20,20,61,62,85.7843137254902,"0, 1, 2, 3, 4, 5, 6, 7, 8, 9, 10, 11, 12, 13, 14, 15, 16, 17, 18, 19",80,80,merged_linear_residual,,epoch_round_tuning_mrpc_client_count/tuning-flora-mrpc_stratified-roberta-base-homo-e20-r150/seed0/20/61/round_config.json
flora,Linear FLoRA,mrpc_stratified,MRPC stratified,roberta-base,RoBERTa-base,homo,Homo,20,150,0,20,20,62,63,85.5392156862745,"0, 1, 2, 3, 4, 5, 6, 7, 8, 9, 10, 11, 12, 13, 14, 15, 16, 17, 18, 19",80,80,merged_linear_residual,,epoch_round_tuning_mrpc_client_count/tuning-flora-mrpc_stratified-roberta-base-homo-e20-r150/seed0/20/62/round_config.json
flora,Linear FLoRA,mrpc_stratified,MRPC stratified,roberta-base,RoBERTa-base,homo,Homo,20,150,0,20,20,63,64,84.80392156862744,"0, 1, 2, 3, 4, 5, 6, 7, 8, 9, 10, 11, 12, 13, 14, 15, 16, 17, 18, 19",80,80,merged_linear_residual,,epoch_round_tuning_mrpc_client_count/tuning-flora-mrpc_stratified-roberta-base-homo-e20-r150/seed0/20/63/round_config.json
flora,Linear FLoRA,mrpc_stratified,MRPC stratified,roberta-base,RoBERTa-base,homo,Homo,20,150,0,20,20,64,65,85.29411764705883,"0, 1, 2, 3, 4, 5, 6, 7, 8, 9, 10, 11, 12, 13, 14, 15, 16, 17, 18, 19",80,80,merged_linear_residual,,epoch_round_tuning_mrpc_client_count/tuning-flora-mrpc_stratified-roberta-base-homo-e20-r150/seed0/20/64/round_config.json
flora,Linear FLoRA,mrpc_stratified,MRPC stratified,roberta-base,RoBERTa-base,homo,Homo,20,150,0,20,20,65,66,84.80392156862744,"0, 1, 2, 3, 4, 5, 6, 7, 8, 9, 10, 11, 12, 13, 14, 15, 16, 17, 18, 19",80,80,merged_linear_residual,,epoch_round_tuning_mrpc_client_count/tuning-flora-mrpc_stratified-roberta-base-homo-e20-r150/seed0/20/65/round_config.json
flora,Linear FLoRA,mrpc_stratified,MRPC stratified,roberta-base,RoBERTa-base,homo,Homo,20,150,0,20,20,66,67,85.29411764705883,"0, 1, 2, 3, 4, 5, 6, 7, 8, 9, 10, 11, 12, 13, 14, 15, 16, 17, 18, 19",80,80,merged_linear_residual,,epoch_round_tuning_mrpc_client_count/tuning-flora-mrpc_stratified-roberta-base-homo-e20-r150/seed0/20/66/round_config.json
flora,Linear FLoRA,mrpc_stratified,MRPC stratified,roberta-base,RoBERTa-base,homo,Homo,20,150,0,20,20,67,68,85.5392156862745,"0, 1, 2, 3, 4, 5, 6, 7, 8, 9, 10, 11, 12, 13, 14, 15, 16, 17, 18, 19",80,80,merged_linear_residual,,epoch_round_tuning_mrpc_client_count/tuning-flora-mrpc_stratified-roberta-base-homo-e20-r150/seed0/20/67/round_config.json
flora,Linear FLoRA,mrpc_stratified,MRPC stratified,roberta-base,RoBERTa-base,homo,Homo,20,150,0,20,20,68,69,85.7843137254902,"0, 1, 2, 3, 4, 5, 6, 7, 8, 9, 10, 11, 12, 13, 14, 15, 16, 17, 18, 19",80,80,merged_linear_residual,,epoch_round_tuning_mrpc_client_count/tuning-flora-mrpc_stratified-roberta-base-homo-e20-r150/seed0/20/68/round_config.json
flora,Linear FLoRA,mrpc_stratified,MRPC stratified,roberta-base,RoBERTa-base,homo,Homo,20,150,0,20,20,69,70,85.7843137254902,"0, 1, 2, 3, 4, 5, 6, 7, 8, 9, 10, 11, 12, 13, 14, 15, 16, 17, 18, 19",80,80,merged_linear_residual,,epoch_round_tuning_mrpc_client_count/tuning-flora-mrpc_stratified-roberta-base-homo-e20-r150/seed0/20/69/round_config.json
flora,Linear FLoRA,mrpc_stratified,MRPC stratified,roberta-base,RoBERTa-base,homo,Homo,20,150,0,20,20,70,71,85.5392156862745,"0, 1, 2, 3, 4, 5, 6, 7, 8, 9, 10, 11, 12, 13, 14, 15, 16, 17, 18, 19",80,80,merged_linear_residual,,epoch_round_tuning_mrpc_client_count/tuning-flora-mrpc_stratified-roberta-base-homo-e20-r150/seed0/20/70/round_config.json
flora,Linear FLoRA,mrpc_stratified,MRPC stratified,roberta-base,RoBERTa-base,homo,Homo,20,150,0,20,20,71,72,86.02941176470588,"0, 1, 2, 3, 4, 5, 6, 7, 8, 9, 10, 11, 12, 13, 14, 15, 16, 17, 18, 19",80,80,merged_linear_residual,,epoch_round_tuning_mrpc_client_count/tuning-flora-mrpc_stratified-roberta-base-homo-e20-r150/seed0/20/71/round_config.json
flora,Linear FLoRA,mrpc_stratified,MRPC stratified,roberta-base,RoBERTa-base,homo,Homo,20,150,0,20,20,72,73,85.7843137254902,"0, 1, 2, 3, 4, 5, 6, 7, 8, 9, 10, 11, 12, 13, 14, 15, 16, 17, 18, 19",80,80,merged_linear_residual,,epoch_round_tuning_mrpc_client_count/tuning-flora-mrpc_stratified-roberta-base-homo-e20-r150/seed0/20/72/round_config.json
flora,Linear FLoRA,mrpc_stratified,MRPC stratified,roberta-base,RoBERTa-base,homo,Homo,20,150,0,20,20,73,74,85.7843137254902,"0, 1, 2, 3, 4, 5, 6, 7, 8, 9, 10, 11, 12, 13, 14, 15, 16, 17, 18, 19",80,80,merged_linear_residual,,epoch_round_tuning_mrpc_client_count/tuning-flora-mrpc_stratified-roberta-base-homo-e20-r150/seed0/20/73/round_config.json
flora,Linear FLoRA,mrpc_stratified,MRPC stratified,roberta-base,RoBERTa-base,homo,Homo,20,150,0,20,20,74,75,86.02941176470588,"0, 1, 2, 3, 4, 5, 6, 7, 8, 9, 10, 11, 12, 13, 14, 15, 16, 17, 18, 19",80,80,merged_linear_residual,,epoch_round_tuning_mrpc_client_count/tuning-flora-mrpc_stratified-roberta-base-homo-e20-r150/seed0/20/74/round_config.json
flora,Linear FLoRA,mrpc_stratified,MRPC stratified,roberta-base,RoBERTa-base,homo,Homo,20,150,0,20,20,75,76,86.02941176470588,"0, 1, 2, 3, 4, 5, 6, 7, 8, 9, 10, 11, 12, 13, 14, 15, 16, 17, 18, 19",80,80,merged_linear_residual,,epoch_round_tuning_mrpc_client_count/tuning-flora-mrpc_stratified-roberta-base-homo-e20-r150/seed0/20/75/round_config.json
flora,Linear FLoRA,mrpc_stratified,MRPC stratified,roberta-base,RoBERTa-base,homo,Homo,20,150,0,20,20,76,77,85.5392156862745,"0, 1, 2, 3, 4, 5, 6, 7, 8, 9, 10, 11, 12, 13, 14, 15, 16, 17, 18, 19",80,80,merged_linear_residual,,epoch_round_tuning_mrpc_client_count/tuning-flora-mrpc_stratified-roberta-base-homo-e20-r150/seed0/20/76/round_config.json
flora,Linear FLoRA,mrpc_stratified,MRPC stratified,roberta-base,RoBERTa-base,homo,Homo,20,150,0,20,20,77,78,86.02941176470588,"0, 1, 2, 3, 4, 5, 6, 7, 8, 9, 10, 11, 12, 13, 14, 15, 16, 17, 18, 19",80,80,merged_linear_residual,,epoch_round_tuning_mrpc_client_count/tuning-flora-mrpc_stratified-roberta-base-homo-e20-r150/seed0/20/77/round_config.json
flora,Linear FLoRA,mrpc_stratified,MRPC stratified,roberta-base,RoBERTa-base,homo,Homo,20,150,0,20,20,78,79,85.29411764705883,"0, 1, 2, 3, 4, 5, 6, 7, 8, 9, 10, 11, 12, 13, 14, 15, 16, 17, 18, 19",80,80,merged_linear_residual,,epoch_round_tuning_mrpc_client_count/tuning-flora-mrpc_stratified-roberta-base-homo-e20-r150/seed0/20/78/round_config.json
flora,Linear FLoRA,mrpc_stratified,MRPC stratified,roberta-base,RoBERTa-base,homo,Homo,20,150,0,20,20,79,80,85.5392156862745,"0, 1, 2, 3, 4, 5, 6, 7, 8, 9, 10, 11, 12, 13, 14, 15, 16, 17, 18, 19",80,80,merged_linear_residual,,epoch_round_tuning_mrpc_client_count/tuning-flora-mrpc_stratified-roberta-base-homo-e20-r150/seed0/20/79/round_config.json
flora,Linear FLoRA,mrpc_stratified,MRPC stratified,roberta-base,RoBERTa-base,homo,Homo,20,150,0,20,20,80,81,85.7843137254902,"0, 1, 2, 3, 4, 5, 6, 7, 8, 9, 10, 11, 12, 13, 14, 15, 16, 17, 18, 19",80,80,merged_linear_residual,,epoch_round_tuning_mrpc_client_count/tuning-flora-mrpc_stratified-roberta-base-homo-e20-r150/seed0/20/80/round_config.json
flora,Linear FLoRA,mrpc_stratified,MRPC stratified,roberta-base,RoBERTa-base,homo,Homo,20,150,0,20,20,81,82,85.5392156862745,"0, 1, 2, 3, 4, 5, 6, 7, 8, 9, 10, 11, 12, 13, 14, 15, 16, 17, 18, 19",80,80,merged_linear_residual,,epoch_round_tuning_mrpc_client_count/tuning-flora-mrpc_stratified-roberta-base-homo-e20-r150/seed0/20/81/round_config.json
flora,Linear FLoRA,mrpc_stratified,MRPC stratified,roberta-base,RoBERTa-base,homo,Homo,20,150,0,20,20,82,83,85.29411764705883,"0, 1, 2, 3, 4, 5, 6, 7, 8, 9, 10, 11, 12, 13, 14, 15, 16, 17, 18, 19",80,80,merged_linear_residual,,epoch_round_tuning_mrpc_client_count/tuning-flora-mrpc_stratified-roberta-base-homo-e20-r150/seed0/20/82/round_config.json
flora,Linear FLoRA,mrpc_stratified,MRPC stratified,roberta-base,RoBERTa-base,homo,Homo,20,150,0,20,20,83,84,86.02941176470588,"0, 1, 2, 3, 4, 5, 6, 7, 8, 9, 10, 11, 12, 13, 14, 15, 16, 17, 18, 19",80,80,merged_linear_residual,,epoch_round_tuning_mrpc_client_count/tuning-flora-mrpc_stratified-roberta-base-homo-e20-r150/seed0/20/83/round_config.json
flora,Linear FLoRA,mrpc_stratified,MRPC stratified,roberta-base,RoBERTa-base,homo,Homo,20,150,0,20,20,84,85,86.27450980392157,"0, 1, 2, 3, 4, 5, 6, 7, 8, 9, 10, 11, 12, 13, 14, 15, 16, 17, 18, 19",80,80,merged_linear_residual,,epoch_round_tuning_mrpc_client_count/tuning-flora-mrpc_stratified-roberta-base-homo-e20-r150/seed0/20/84/round_config.json
flora,Linear FLoRA,mrpc_stratified,MRPC stratified,roberta-base,RoBERTa-base,homo,Homo,20,150,0,20,20,85,86,86.02941176470588,"0, 1, 2, 3, 4, 5, 6, 7, 8, 9, 10, 11, 12, 13, 14, 15, 16, 17, 18, 19",80,80,merged_linear_residual,,epoch_round_tuning_mrpc_client_count/tuning-flora-mrpc_stratified-roberta-base-homo-e20-r150/seed0/20/85/round_config.json
flora,Linear FLoRA,mrpc_stratified,MRPC stratified,roberta-base,RoBERTa-base,homo,Homo,20,150,0,20,20,86,87,85.7843137254902,"0, 1, 2, 3, 4, 5, 6, 7, 8, 9, 10, 11, 12, 13, 14, 15, 16, 17, 18, 19",80,80,merged_linear_residual,,epoch_round_tuning_mrpc_client_count/tuning-flora-mrpc_stratified-roberta-base-homo-e20-r150/seed0/20/86/round_config.json
flora,Linear FLoRA,mrpc_stratified,MRPC stratified,roberta-base,RoBERTa-base,homo,Homo,20,150,0,20,20,87,88,86.27450980392157,"0, 1, 2, 3, 4, 5, 6, 7, 8, 9, 10, 11, 12, 13, 14, 15, 16, 17, 18, 19",80,80,merged_linear_residual,,epoch_round_tuning_mrpc_client_count/tuning-flora-mrpc_stratified-roberta-base-homo-e20-r150/seed0/20/87/round_config.json
flora,Linear FLoRA,mrpc_stratified,MRPC stratified,roberta-base,RoBERTa-base,homo,Homo,20,150,0,20,20,88,89,86.02941176470588,"0, 1, 2, 3, 4, 5, 6, 7, 8, 9, 10, 11, 12, 13, 14, 15, 16, 17, 18, 19",80,80,merged_linear_residual,,epoch_round_tuning_mrpc_client_count/tuning-flora-mrpc_stratified-roberta-base-homo-e20-r150/seed0/20/88/round_config.json
flora,Linear FLoRA,mrpc_stratified,MRPC stratified,roberta-base,RoBERTa-base,homo,Homo,20,150,0,20,20,89,90,86.02941176470588,"0, 1, 2, 3, 4, 5, 6, 7, 8, 9, 10, 11, 12, 13, 14, 15, 16, 17, 18, 19",80,80,merged_linear_residual,,epoch_round_tuning_mrpc_client_count/tuning-flora-mrpc_stratified-roberta-base-homo-e20-r150/seed0/20/89/round_config.json
flora,Linear FLoRA,mrpc_stratified,MRPC stratified,roberta-base,RoBERTa-base,homo,Homo,20,150,0,20,20,90,91,86.02941176470588,"0, 1, 2, 3, 4, 5, 6, 7, 8, 9, 10, 11, 12, 13, 14, 15, 16, 17, 18, 19",80,80,merged_linear_residual,,epoch_round_tuning_mrpc_client_count/tuning-flora-mrpc_stratified-roberta-base-homo-e20-r150/seed0/20/90/round_config.json
flora,Linear FLoRA,mrpc_stratified,MRPC stratified,roberta-base,RoBERTa-base,homo,Homo,20,150,0,20,20,91,92,86.51960784313727,"0, 1, 2, 3, 4, 5, 6, 7, 8, 9, 10, 11, 12, 13, 14, 15, 16, 17, 18, 19",80,80,merged_linear_residual,,epoch_round_tuning_mrpc_client_count/tuning-flora-mrpc_stratified-roberta-base-homo-e20-r150/seed0/20/91/round_config.json
flora,Linear FLoRA,mrpc_stratified,MRPC stratified,roberta-base,RoBERTa-base,homo,Homo,20,150,0,20,20,92,93,86.51960784313727,"0, 1, 2, 3, 4, 5, 6, 7, 8, 9, 10, 11, 12, 13, 14, 15, 16, 17, 18, 19",80,80,merged_linear_residual,,epoch_round_tuning_mrpc_client_count/tuning-flora-mrpc_stratified-roberta-base-homo-e20-r150/seed0/20/92/round_config.json
flora,Linear FLoRA,mrpc_stratified,MRPC stratified,roberta-base,RoBERTa-base,homo,Homo,20,150,0,20,20,93,94,85.7843137254902,"0, 1, 2, 3, 4, 5, 6, 7, 8, 9, 10, 11, 12, 13, 14, 15, 16, 17, 18, 19",80,80,merged_linear_residual,,epoch_round_tuning_mrpc_client_count/tuning-flora-mrpc_stratified-roberta-base-homo-e20-r150/seed0/20/93/round_config.json
flora,Linear FLoRA,mrpc_stratified,MRPC stratified,roberta-base,RoBERTa-base,homo,Homo,20,150,0,20,20,94,95,86.27450980392157,"0, 1, 2, 3, 4, 5, 6, 7, 8, 9, 10, 11, 12, 13, 14, 15, 16, 17, 18, 19",80,80,merged_linear_residual,,epoch_round_tuning_mrpc_client_count/tuning-flora-mrpc_stratified-roberta-base-homo-e20-r150/seed0/20/94/round_config.json
flora,Linear FLoRA,mrpc_stratified,MRPC stratified,roberta-base,RoBERTa-base,homo,Homo,20,150,0,20,20,95,96,86.27450980392157,"0, 1, 2, 3, 4, 5, 6, 7, 8, 9, 10, 11, 12, 13, 14, 15, 16, 17, 18, 19",80,80,merged_linear_residual,,epoch_round_tuning_mrpc_client_count/tuning-flora-mrpc_stratified-roberta-base-homo-e20-r150/seed0/20/95/round_config.json
flora,Linear FLoRA,mrpc_stratified,MRPC stratified,roberta-base,RoBERTa-base,homo,Homo,20,150,0,20,20,96,97,86.02941176470588,"0, 1, 2, 3, 4, 5, 6, 7, 8, 9, 10, 11, 12, 13, 14, 15, 16, 17, 18, 19",80,80,merged_linear_residual,,epoch_round_tuning_mrpc_client_count/tuning-flora-mrpc_stratified-roberta-base-homo-e20-r150/seed0/20/96/round_config.json
flora,Linear FLoRA,mrpc_stratified,MRPC stratified,roberta-base,RoBERTa-base,homo,Homo,20,150,0,20,20,97,98,86.27450980392157,"0, 1, 2, 3, 4, 5, 6, 7, 8, 9, 10, 11, 12, 13, 14, 15, 16, 17, 18, 19",80,80,merged_linear_residual,,epoch_round_tuning_mrpc_client_count/tuning-flora-mrpc_stratified-roberta-base-homo-e20-r150/seed0/20/97/round_config.json
flora,Linear FLoRA,mrpc_stratified,MRPC stratified,roberta-base,RoBERTa-base,homo,Homo,20,150,0,20,20,98,99,86.27450980392157,"0, 1, 2, 3, 4, 5, 6, 7, 8, 9, 10, 11, 12, 13, 14, 15, 16, 17, 18, 19",80,80,merged_linear_residual,,epoch_round_tuning_mrpc_client_count/tuning-flora-mrpc_stratified-roberta-base-homo-e20-r150/seed0/20/98/round_config.json
flora,Linear FLoRA,mrpc_stratified,MRPC stratified,roberta-base,RoBERTa-base,homo,Homo,20,150,0,20,20,99,100,86.51960784313727,"0, 1, 2, 3, 4, 5, 6, 7, 8, 9, 10, 11, 12, 13, 14, 15, 16, 17, 18, 19",80,80,merged_linear_residual,,epoch_round_tuning_mrpc_client_count/tuning-flora-mrpc_stratified-roberta-base-homo-e20-r150/seed0/20/99/round_config.json
flora,Linear FLoRA,mrpc_stratified,MRPC stratified,roberta-base,RoBERTa-base,homo,Homo,20,150,0,20,20,100,101,85.7843137254902,"0, 1, 2, 3, 4, 5, 6, 7, 8, 9, 10, 11, 12, 13, 14, 15, 16, 17, 18, 19",80,80,merged_linear_residual,,epoch_round_tuning_mrpc_client_count/tuning-flora-mrpc_stratified-roberta-base-homo-e20-r150/seed0/20/100/round_config.json
flora,Linear FLoRA,mrpc_stratified,MRPC stratified,roberta-base,RoBERTa-base,homo,Homo,20,150,0,20,20,101,102,86.02941176470588,"0, 1, 2, 3, 4, 5, 6, 7, 8, 9, 10, 11, 12, 13, 14, 15, 16, 17, 18, 19",80,80,merged_linear_residual,,epoch_round_tuning_mrpc_client_count/tuning-flora-mrpc_stratified-roberta-base-homo-e20-r150/seed0/20/101/round_config.json
flora,Linear FLoRA,mrpc_stratified,MRPC stratified,roberta-base,RoBERTa-base,homo,Homo,20,150,0,20,20,102,103,85.5392156862745,"0, 1, 2, 3, 4, 5, 6, 7, 8, 9, 10, 11, 12, 13, 14, 15, 16, 17, 18, 19",80,80,merged_linear_residual,,epoch_round_tuning_mrpc_client_count/tuning-flora-mrpc_stratified-roberta-base-homo-e20-r150/seed0/20/102/round_config.json
flora,Linear FLoRA,mrpc_stratified,MRPC stratified,roberta-base,RoBERTa-base,homo,Homo,20,150,0,20,20,103,104,85.5392156862745,"0, 1, 2, 3, 4, 5, 6, 7, 8, 9, 10, 11, 12, 13, 14, 15, 16, 17, 18, 19",80,80,merged_linear_residual,,epoch_round_tuning_mrpc_client_count/tuning-flora-mrpc_stratified-roberta-base-homo-e20-r150/seed0/20/103/round_config.json
flora,Linear FLoRA,mrpc_stratified,MRPC stratified,roberta-base,RoBERTa-base,homo,Homo,20,150,0,20,20,104,105,85.5392156862745,"0, 1, 2, 3, 4, 5, 6, 7, 8, 9, 10, 11, 12, 13, 14, 15, 16, 17, 18, 19",80,80,merged_linear_residual,,epoch_round_tuning_mrpc_client_count/tuning-flora-mrpc_stratified-roberta-base-homo-e20-r150/seed0/20/104/round_config.json
flora,Linear FLoRA,mrpc_stratified,MRPC stratified,roberta-base,RoBERTa-base,homo,Homo,20,150,0,20,20,105,106,85.29411764705883,"0, 1, 2, 3, 4, 5, 6, 7, 8, 9, 10, 11, 12, 13, 14, 15, 16, 17, 18, 19",80,80,merged_linear_residual,,epoch_round_tuning_mrpc_client_count/tuning-flora-mrpc_stratified-roberta-base-homo-e20-r150/seed0/20/105/round_config.json
flora,Linear FLoRA,mrpc_stratified,MRPC stratified,roberta-base,RoBERTa-base,homo,Homo,20,150,0,20,20,106,107,86.02941176470588,"0, 1, 2, 3, 4, 5, 6, 7, 8, 9, 10, 11, 12, 13, 14, 15, 16, 17, 18, 19",80,80,merged_linear_residual,,epoch_round_tuning_mrpc_client_count/tuning-flora-mrpc_stratified-roberta-base-homo-e20-r150/seed0/20/106/round_config.json
flora,Linear FLoRA,mrpc_stratified,MRPC stratified,roberta-base,RoBERTa-base,homo,Homo,20,150,0,20,20,107,108,85.04901960784314,"0, 1, 2, 3, 4, 5, 6, 7, 8, 9, 10, 11, 12, 13, 14, 15, 16, 17, 18, 19",80,80,merged_linear_residual,,epoch_round_tuning_mrpc_client_count/tuning-flora-mrpc_stratified-roberta-base-homo-e20-r150/seed0/20/107/round_config.json
flora,Linear FLoRA,mrpc_stratified,MRPC stratified,roberta-base,RoBERTa-base,homo,Homo,20,150,0,20,20,108,109,86.27450980392157,"0, 1, 2, 3, 4, 5, 6, 7, 8, 9, 10, 11, 12, 13, 14, 15, 16, 17, 18, 19",80,80,merged_linear_residual,,epoch_round_tuning_mrpc_client_count/tuning-flora-mrpc_stratified-roberta-base-homo-e20-r150/seed0/20/108/round_config.json
flora,Linear FLoRA,mrpc_stratified,MRPC stratified,roberta-base,RoBERTa-base,homo,Homo,20,150,0,20,20,109,110,86.27450980392157,"0, 1, 2, 3, 4, 5, 6, 7, 8, 9, 10, 11, 12, 13, 14, 15, 16, 17, 18, 19",80,80,merged_linear_residual,,epoch_round_tuning_mrpc_client_count/tuning-flora-mrpc_stratified-roberta-base-homo-e20-r150/seed0/20/109/round_config.json
flora,Linear FLoRA,mrpc_stratified,MRPC stratified,roberta-base,RoBERTa-base,homo,Homo,20,150,0,20,20,110,111,85.7843137254902,"0, 1, 2, 3, 4, 5, 6, 7, 8, 9, 10, 11, 12, 13, 14, 15, 16, 17, 18, 19",80,80,merged_linear_residual,,epoch_round_tuning_mrpc_client_count/tuning-flora-mrpc_stratified-roberta-base-homo-e20-r150/seed0/20/110/round_config.json
flora,Linear FLoRA,mrpc_stratified,MRPC stratified,roberta-base,RoBERTa-base,homo,Homo,20,150,0,20,20,111,112,85.7843137254902,"0, 1, 2, 3, 4, 5, 6, 7, 8, 9, 10, 11, 12, 13, 14, 15, 16, 17, 18, 19",80,80,merged_linear_residual,,epoch_round_tuning_mrpc_client_count/tuning-flora-mrpc_stratified-roberta-base-homo-e20-r150/seed0/20/111/round_config.json
flora,Linear FLoRA,mrpc_stratified,MRPC stratified,roberta-base,RoBERTa-base,homo,Homo,20,150,0,20,20,112,113,86.02941176470588,"0, 1, 2, 3, 4, 5, 6, 7, 8, 9, 10, 11, 12, 13, 14, 15, 16, 17, 18, 19",80,80,merged_linear_residual,,epoch_round_tuning_mrpc_client_count/tuning-flora-mrpc_stratified-roberta-base-homo-e20-r150/seed0/20/112/round_config.json
flora,Linear FLoRA,mrpc_stratified,MRPC stratified,roberta-base,RoBERTa-base,homo,Homo,20,150,0,20,20,113,114,86.76470588235294,"0, 1, 2, 3, 4, 5, 6, 7, 8, 9, 10, 11, 12, 13, 14, 15, 16, 17, 18, 19",80,80,merged_linear_residual,,epoch_round_tuning_mrpc_client_count/tuning-flora-mrpc_stratified-roberta-base-homo-e20-r150/seed0/20/113/round_config.json
flora,Linear FLoRA,mrpc_stratified,MRPC stratified,roberta-base,RoBERTa-base,homo,Homo,20,150,0,20,20,114,115,86.02941176470588,"0, 1, 2, 3, 4, 5, 6, 7, 8, 9, 10, 11, 12, 13, 14, 15, 16, 17, 18, 19",80,80,merged_linear_residual,,epoch_round_tuning_mrpc_client_count/tuning-flora-mrpc_stratified-roberta-base-homo-e20-r150/seed0/20/114/round_config.json
flora,Linear FLoRA,mrpc_stratified,MRPC stratified,roberta-base,RoBERTa-base,homo,Homo,20,150,0,20,20,115,116,85.04901960784314,"0, 1, 2, 3, 4, 5, 6, 7, 8, 9, 10, 11, 12, 13, 14, 15, 16, 17, 18, 19",80,80,merged_linear_residual,,epoch_round_tuning_mrpc_client_count/tuning-flora-mrpc_stratified-roberta-base-homo-e20-r150/seed0/20/115/round_config.json
flora,Linear FLoRA,mrpc_stratified,MRPC stratified,roberta-base,RoBERTa-base,homo,Homo,20,150,0,20,20,116,117,85.04901960784314,"0, 1, 2, 3, 4, 5, 6, 7, 8, 9, 10, 11, 12, 13, 14, 15, 16, 17, 18, 19",80,80,merged_linear_residual,,epoch_round_tuning_mrpc_client_count/tuning-flora-mrpc_stratified-roberta-base-homo-e20-r150/seed0/20/116/round_config.json
flora,Linear FLoRA,mrpc_stratified,MRPC stratified,roberta-base,RoBERTa-base,homo,Homo,20,150,0,20,20,117,118,85.29411764705883,"0, 1, 2, 3, 4, 5, 6, 7, 8, 9, 10, 11, 12, 13, 14, 15, 16, 17, 18, 19",80,80,merged_linear_residual,,epoch_round_tuning_mrpc_client_count/tuning-flora-mrpc_stratified-roberta-base-homo-e20-r150/seed0/20/117/round_config.json
flora,Linear FLoRA,mrpc_stratified,MRPC stratified,roberta-base,RoBERTa-base,homo,Homo,20,150,0,20,20,118,119,86.51960784313727,"0, 1, 2, 3, 4, 5, 6, 7, 8, 9, 10, 11, 12, 13, 14, 15, 16, 17, 18, 19",80,80,merged_linear_residual,,epoch_round_tuning_mrpc_client_count/tuning-flora-mrpc_stratified-roberta-base-homo-e20-r150/seed0/20/118/round_config.json
flora,Linear FLoRA,mrpc_stratified,MRPC stratified,roberta-base,RoBERTa-base,homo,Homo,20,150,0,20,20,119,120,85.5392156862745,"0, 1, 2, 3, 4, 5, 6, 7, 8, 9, 10, 11, 12, 13, 14, 15, 16, 17, 18, 19",80,80,merged_linear_residual,,epoch_round_tuning_mrpc_client_count/tuning-flora-mrpc_stratified-roberta-base-homo-e20-r150/seed0/20/119/round_config.json
flora,Linear FLoRA,mrpc_stratified,MRPC stratified,roberta-base,RoBERTa-base,homo,Homo,20,150,0,20,20,120,121,85.5392156862745,"0, 1, 2, 3, 4, 5, 6, 7, 8, 9, 10, 11, 12, 13, 14, 15, 16, 17, 18, 19",80,80,merged_linear_residual,,epoch_round_tuning_mrpc_client_count/tuning-flora-mrpc_stratified-roberta-base-homo-e20-r150/seed0/20/120/round_config.json
flora,Linear FLoRA,mrpc_stratified,MRPC stratified,roberta-base,RoBERTa-base,homo,Homo,20,150,0,20,20,121,122,86.27450980392157,"0, 1, 2, 3, 4, 5, 6, 7, 8, 9, 10, 11, 12, 13, 14, 15, 16, 17, 18, 19",80,80,merged_linear_residual,,epoch_round_tuning_mrpc_client_count/tuning-flora-mrpc_stratified-roberta-base-homo-e20-r150/seed0/20/121/round_config.json
flora,Linear FLoRA,mrpc_stratified,MRPC stratified,roberta-base,RoBERTa-base,homo,Homo,20,150,0,20,20,122,123,86.02941176470588,"0, 1, 2, 3, 4, 5, 6, 7, 8, 9, 10, 11, 12, 13, 14, 15, 16, 17, 18, 19",80,80,merged_linear_residual,,epoch_round_tuning_mrpc_client_count/tuning-flora-mrpc_stratified-roberta-base-homo-e20-r150/seed0/20/122/round_config.json
flora,Linear FLoRA,mrpc_stratified,MRPC stratified,roberta-base,RoBERTa-base,homo,Homo,20,150,0,20,20,123,124,86.02941176470588,"0, 1, 2, 3, 4, 5, 6, 7, 8, 9, 10, 11, 12, 13, 14, 15, 16, 17, 18, 19",80,80,merged_linear_residual,,epoch_round_tuning_mrpc_client_count/tuning-flora-mrpc_stratified-roberta-base-homo-e20-r150/seed0/20/123/round_config.json
flora,Linear FLoRA,mrpc_stratified,MRPC stratified,roberta-base,RoBERTa-base,homo,Homo,20,150,0,20,20,124,125,86.02941176470588,"0, 1, 2, 3, 4, 5, 6, 7, 8, 9, 10, 11, 12, 13, 14, 15, 16, 17, 18, 19",80,80,merged_linear_residual,,epoch_round_tuning_mrpc_client_count/tuning-flora-mrpc_stratified-roberta-base-homo-e20-r150/seed0/20/124/round_config.json
flora,Linear FLoRA,mrpc_stratified,MRPC stratified,roberta-base,RoBERTa-base,homo,Homo,20,150,0,20,20,125,126,85.5392156862745,"0, 1, 2, 3, 4, 5, 6, 7, 8, 9, 10, 11, 12, 13, 14, 15, 16, 17, 18, 19",80,80,merged_linear_residual,,epoch_round_tuning_mrpc_client_count/tuning-flora-mrpc_stratified-roberta-base-homo-e20-r150/seed0/20/125/round_config.json
flora,Linear FLoRA,mrpc_stratified,MRPC stratified,roberta-base,RoBERTa-base,homo,Homo,20,150,0,20,20,126,127,85.5392156862745,"0, 1, 2, 3, 4, 5, 6, 7, 8, 9, 10, 11, 12, 13, 14, 15, 16, 17, 18, 19",80,80,merged_linear_residual,,epoch_round_tuning_mrpc_client_count/tuning-flora-mrpc_stratified-roberta-base-homo-e20-r150/seed0/20/126/round_config.json
flora,Linear FLoRA,mrpc_stratified,MRPC stratified,roberta-base,RoBERTa-base,homo,Homo,20,150,0,20,20,127,128,85.29411764705883,"0, 1, 2, 3, 4, 5, 6, 7, 8, 9, 10, 11, 12, 13, 14, 15, 16, 17, 18, 19",80,80,merged_linear_residual,,epoch_round_tuning_mrpc_client_count/tuning-flora-mrpc_stratified-roberta-base-homo-e20-r150/seed0/20/127/round_config.json
flora,Linear FLoRA,mrpc_stratified,MRPC stratified,roberta-base,RoBERTa-base,homo,Homo,20,150,0,20,20,128,129,85.7843137254902,"0, 1, 2, 3, 4, 5, 6, 7, 8, 9, 10, 11, 12, 13, 14, 15, 16, 17, 18, 19",80,80,merged_linear_residual,,epoch_round_tuning_mrpc_client_count/tuning-flora-mrpc_stratified-roberta-base-homo-e20-r150/seed0/20/128/round_config.json
flora,Linear FLoRA,mrpc_stratified,MRPC stratified,roberta-base,RoBERTa-base,homo,Homo,20,150,0,20,20,129,130,85.5392156862745,"0, 1, 2, 3, 4, 5, 6, 7, 8, 9, 10, 11, 12, 13, 14, 15, 16, 17, 18, 19",80,80,merged_linear_residual,,epoch_round_tuning_mrpc_client_count/tuning-flora-mrpc_stratified-roberta-base-homo-e20-r150/seed0/20/129/round_config.json
flora,Linear FLoRA,mrpc_stratified,MRPC stratified,roberta-base,RoBERTa-base,homo,Homo,20,150,0,20,20,130,131,85.7843137254902,"0, 1, 2, 3, 4, 5, 6, 7, 8, 9, 10, 11, 12, 13, 14, 15, 16, 17, 18, 19",80,80,merged_linear_residual,,epoch_round_tuning_mrpc_client_count/tuning-flora-mrpc_stratified-roberta-base-homo-e20-r150/seed0/20/130/round_config.json
flora,Linear FLoRA,mrpc_stratified,MRPC stratified,roberta-base,RoBERTa-base,homo,Homo,20,150,0,20,20,131,132,85.5392156862745,"0, 1, 2, 3, 4, 5, 6, 7, 8, 9, 10, 11, 12, 13, 14, 15, 16, 17, 18, 19",80,80,merged_linear_residual,,epoch_round_tuning_mrpc_client_count/tuning-flora-mrpc_stratified-roberta-base-homo-e20-r150/seed0/20/131/round_config.json
flora,Linear FLoRA,mrpc_stratified,MRPC stratified,roberta-base,RoBERTa-base,homo,Homo,20,150,0,20,20,132,133,85.29411764705883,"0, 1, 2, 3, 4, 5, 6, 7, 8, 9, 10, 11, 12, 13, 14, 15, 16, 17, 18, 19",80,80,merged_linear_residual,,epoch_round_tuning_mrpc_client_count/tuning-flora-mrpc_stratified-roberta-base-homo-e20-r150/seed0/20/132/round_config.json
flora,Linear FLoRA,mrpc_stratified,MRPC stratified,roberta-base,RoBERTa-base,homo,Homo,20,150,0,20,20,133,134,85.04901960784314,"0, 1, 2, 3, 4, 5, 6, 7, 8, 9, 10, 11, 12, 13, 14, 15, 16, 17, 18, 19",80,80,merged_linear_residual,,epoch_round_tuning_mrpc_client_count/tuning-flora-mrpc_stratified-roberta-base-homo-e20-r150/seed0/20/133/round_config.json
flora,Linear FLoRA,mrpc_stratified,MRPC stratified,roberta-base,RoBERTa-base,homo,Homo,20,150,0,20,20,134,135,84.55882352941177,"0, 1, 2, 3, 4, 5, 6, 7, 8, 9, 10, 11, 12, 13, 14, 15, 16, 17, 18, 19",80,80,merged_linear_residual,,epoch_round_tuning_mrpc_client_count/tuning-flora-mrpc_stratified-roberta-base-homo-e20-r150/seed0/20/134/round_config.json
flora,Linear FLoRA,mrpc_stratified,MRPC stratified,roberta-base,RoBERTa-base,homo,Homo,20,150,0,20,20,135,136,85.04901960784314,"0, 1, 2, 3, 4, 5, 6, 7, 8, 9, 10, 11, 12, 13, 14, 15, 16, 17, 18, 19",80,80,merged_linear_residual,,epoch_round_tuning_mrpc_client_count/tuning-flora-mrpc_stratified-roberta-base-homo-e20-r150/seed0/20/135/round_config.json
flora,Linear FLoRA,mrpc_stratified,MRPC stratified,roberta-base,RoBERTa-base,homo,Homo,20,150,0,20,20,136,137,85.04901960784314,"0, 1, 2, 3, 4, 5, 6, 7, 8, 9, 10, 11, 12, 13, 14, 15, 16, 17, 18, 19",80,80,merged_linear_residual,,epoch_round_tuning_mrpc_client_count/tuning-flora-mrpc_stratified-roberta-base-homo-e20-r150/seed0/20/136/round_config.json
flora,Linear FLoRA,mrpc_stratified,MRPC stratified,roberta-base,RoBERTa-base,homo,Homo,20,150,0,20,20,137,138,85.04901960784314,"0, 1, 2, 3, 4, 5, 6, 7, 8, 9, 10, 11, 12, 13, 14, 15, 16, 17, 18, 19",80,80,merged_linear_residual,,epoch_round_tuning_mrpc_client_count/tuning-flora-mrpc_stratified-roberta-base-homo-e20-r150/seed0/20/137/round_config.json
flora,Linear FLoRA,mrpc_stratified,MRPC stratified,roberta-base,RoBERTa-base,homo,Homo,20,150,0,20,20,138,139,84.80392156862744,"0, 1, 2, 3, 4, 5, 6, 7, 8, 9, 10, 11, 12, 13, 14, 15, 16, 17, 18, 19",80,80,merged_linear_residual,,epoch_round_tuning_mrpc_client_count/tuning-flora-mrpc_stratified-roberta-base-homo-e20-r150/seed0/20/138/round_config.json
flora,Linear FLoRA,mrpc_stratified,MRPC stratified,roberta-base,RoBERTa-base,homo,Homo,20,150,0,20,20,139,140,85.04901960784314,"0, 1, 2, 3, 4, 5, 6, 7, 8, 9, 10, 11, 12, 13, 14, 15, 16, 17, 18, 19",80,80,merged_linear_residual,,epoch_round_tuning_mrpc_client_count/tuning-flora-mrpc_stratified-roberta-base-homo-e20-r150/seed0/20/139/round_config.json
flora,Linear FLoRA,mrpc_stratified,MRPC stratified,roberta-base,RoBERTa-base,homo,Homo,20,150,0,20,20,140,141,84.80392156862744,"0, 1, 2, 3, 4, 5, 6, 7, 8, 9, 10, 11, 12, 13, 14, 15, 16, 17, 18, 19",80,80,merged_linear_residual,,epoch_round_tuning_mrpc_client_count/tuning-flora-mrpc_stratified-roberta-base-homo-e20-r150/seed0/20/140/round_config.json
flora,Linear FLoRA,mrpc_stratified,MRPC stratified,roberta-base,RoBERTa-base,homo,Homo,20,150,0,20,20,141,142,85.04901960784314,"0, 1, 2, 3, 4, 5, 6, 7, 8, 9, 10, 11, 12, 13, 14, 15, 16, 17, 18, 19",80,80,merged_linear_residual,,epoch_round_tuning_mrpc_client_count/tuning-flora-mrpc_stratified-roberta-base-homo-e20-r150/seed0/20/141/round_config.json
flora,Linear FLoRA,mrpc_stratified,MRPC stratified,roberta-base,RoBERTa-base,homo,Homo,20,150,0,20,20,142,143,85.5392156862745,"0, 1, 2, 3, 4, 5, 6, 7, 8, 9, 10, 11, 12, 13, 14, 15, 16, 17, 18, 19",80,80,merged_linear_residual,,epoch_round_tuning_mrpc_client_count/tuning-flora-mrpc_stratified-roberta-base-homo-e20-r150/seed0/20/142/round_config.json
flora,Linear FLoRA,mrpc_stratified,MRPC stratified,roberta-base,RoBERTa-base,homo,Homo,20,150,0,20,20,143,144,85.7843137254902,"0, 1, 2, 3, 4, 5, 6, 7, 8, 9, 10, 11, 12, 13, 14, 15, 16, 17, 18, 19",80,80,merged_linear_residual,,epoch_round_tuning_mrpc_client_count/tuning-flora-mrpc_stratified-roberta-base-homo-e20-r150/seed0/20/143/round_config.json
flora,Linear FLoRA,mrpc_stratified,MRPC stratified,roberta-base,RoBERTa-base,homo,Homo,20,150,0,20,20,144,145,85.7843137254902,"0, 1, 2, 3, 4, 5, 6, 7, 8, 9, 10, 11, 12, 13, 14, 15, 16, 17, 18, 19",80,80,merged_linear_residual,,epoch_round_tuning_mrpc_client_count/tuning-flora-mrpc_stratified-roberta-base-homo-e20-r150/seed0/20/144/round_config.json
flora,Linear FLoRA,mrpc_stratified,MRPC stratified,roberta-base,RoBERTa-base,homo,Homo,20,150,0,20,20,145,146,85.7843137254902,"0, 1, 2, 3, 4, 5, 6, 7, 8, 9, 10, 11, 12, 13, 14, 15, 16, 17, 18, 19",80,80,merged_linear_residual,,epoch_round_tuning_mrpc_client_count/tuning-flora-mrpc_stratified-roberta-base-homo-e20-r150/seed0/20/145/round_config.json
flora,Linear FLoRA,mrpc_stratified,MRPC stratified,roberta-base,RoBERTa-base,homo,Homo,20,150,0,20,20,146,147,85.7843137254902,"0, 1, 2, 3, 4, 5, 6, 7, 8, 9, 10, 11, 12, 13, 14, 15, 16, 17, 18, 19",80,80,merged_linear_residual,,epoch_round_tuning_mrpc_client_count/tuning-flora-mrpc_stratified-roberta-base-homo-e20-r150/seed0/20/146/round_config.json
flora,Linear FLoRA,mrpc_stratified,MRPC stratified,roberta-base,RoBERTa-base,homo,Homo,20,150,0,20,20,147,148,86.02941176470588,"0, 1, 2, 3, 4, 5, 6, 7, 8, 9, 10, 11, 12, 13, 14, 15, 16, 17, 18, 19",80,80,merged_linear_residual,,epoch_round_tuning_mrpc_client_count/tuning-flora-mrpc_stratified-roberta-base-homo-e20-r150/seed0/20/147/round_config.json
flora,Linear FLoRA,mrpc_stratified,MRPC stratified,roberta-base,RoBERTa-base,homo,Homo,20,150,0,20,20,148,149,85.5392156862745,"0, 1, 2, 3, 4, 5, 6, 7, 8, 9, 10, 11, 12, 13, 14, 15, 16, 17, 18, 19",80,80,merged_linear_residual,,epoch_round_tuning_mrpc_client_count/tuning-flora-mrpc_stratified-roberta-base-homo-e20-r150/seed0/20/148/round_config.json
flora,Linear FLoRA,mrpc_stratified,MRPC stratified,roberta-base,RoBERTa-base,homo,Homo,20,150,0,20,20,149,150,85.7843137254902,"0, 1, 2, 3, 4, 5, 6, 7, 8, 9, 10, 11, 12, 13, 14, 15, 16, 17, 18, 19",80,80,merged_linear_residual,,epoch_round_tuning_mrpc_client_count/tuning-flora-mrpc_stratified-roberta-base-homo-e20-r150/seed0/20/149/round_config.json
