Method key,Method,Dataset,Dataset label,Model key,Model,Setting key,Setting,Local epochs,Config rounds,Client count,Client count label,Communication round,Round id,Mean accuracy,Std accuracy,Seed count,Result source
flora,Linear FLoRA,mrpc_stratified,MRPC stratified,roberta-base,RoBERTa-base,homo,Homo,20,150,3,3,1,0,84.55882352941177,0.0,1,round_config.json
flora,Linear FLoRA,mrpc_stratified,MRPC stratified,roberta-base,RoBERTa-base,homo,Homo,20,150,3,3,2,1,84.80392156862744,0.0,1,round_config.json
flora,Linear FLoRA,mrpc_stratified,MRPC stratified,roberta-base,RoBERTa-base,homo,Homo,20,150,3,3,3,2,86.02941176470588,0.0,1,round_config.json
flora,Linear FLoRA,mrpc_stratified,MRPC stratified,roberta-base,RoBERTa-base,homo,Homo,20,150,3,3,4,3,86.27450980392157,0.0,1,round_config.json
flora,Linear FLoRA,mrpc_stratified,MRPC stratified,roberta-base,RoBERTa-base,homo,Homo,20,150,3,3,5,4,86.51960784313727,0.0,1,round_config.json
flora,Linear FLoRA,mrpc_stratified,MRPC stratified,roberta-base,RoBERTa-base,homo,Homo,20,150,3,3,6,5,86.27450980392157,0.0,1,round_config.json
flora,Linear FLoRA,mrpc_stratified,MRPC stratified,roberta-base,RoBERTa-base,homo,Homo,20,150,3,3,7,6,85.5392156862745,0.0,1,round_config.json
flora,Linear FLoRA,mrpc_stratified,MRPC stratified,roberta-base,RoBERTa-base,homo,Homo,20,150,3,3,8,7,85.5392156862745,0.0,1,round_config.json
flora,Linear FLoRA,mrpc_stratified,MRPC stratified,roberta-base,RoBERTa-base,homo,Homo,20,150,3,3,9,8,85.29411764705883,0.0,1,round_config.json
flora,Linear FLoRA,mrpc_stratified,MRPC stratified,roberta-base,RoBERTa-base,homo,Homo,20,150,3,3,10,9,84.55882352941177,0.0,1,round_config.json
flora,Linear FLoRA,mrpc_stratified,MRPC stratified,roberta-base,RoBERTa-base,homo,Homo,20,150,3,3,11,10,83.82352941176471,0.0,1,round_config.json
flora,Linear FLoRA,mrpc_stratified,MRPC stratified,roberta-base,RoBERTa-base,homo,Homo,20,150,3,3,12,11,83.82352941176471,0.0,1,round_config.json
flora,Linear FLoRA,mrpc_stratified,MRPC stratified,roberta-base,RoBERTa-base,homo,Homo,20,150,3,3,13,12,84.55882352941177,0.0,1,round_config.json
flora,Linear FLoRA,mrpc_stratified,MRPC stratified,roberta-base,RoBERTa-base,homo,Homo,20,150,3,3,14,13,84.55882352941177,0.0,1,round_config.json
flora,Linear FLoRA,mrpc_stratified,MRPC stratified,roberta-base,RoBERTa-base,homo,Homo,20,150,3,3,15,14,85.04901960784314,0.0,1,round_config.json
flora,Linear FLoRA,mrpc_stratified,MRPC stratified,roberta-base,RoBERTa-base,homo,Homo,20,150,3,3,16,15,84.55882352941177,0.0,1,round_config.json
flora,Linear FLoRA,mrpc_stratified,MRPC stratified,roberta-base,RoBERTa-base,homo,Homo,20,150,3,3,17,16,84.80392156862744,0.0,1,round_config.json
flora,Linear FLoRA,mrpc_stratified,MRPC stratified,roberta-base,RoBERTa-base,homo,Homo,20,150,3,3,18,17,84.80392156862744,0.0,1,round_config.json
flora,Linear FLoRA,mrpc_stratified,MRPC stratified,roberta-base,RoBERTa-base,homo,Homo,20,150,3,3,19,18,84.55882352941177,0.0,1,round_config.json
flora,Linear FLoRA,mrpc_stratified,MRPC stratified,roberta-base,RoBERTa-base,homo,Homo,20,150,3,3,20,19,84.55882352941177,0.0,1,round_config.json
flora,Linear FLoRA,mrpc_stratified,MRPC stratified,roberta-base,RoBERTa-base,homo,Homo,20,150,3,3,21,20,85.04901960784314,0.0,1,round_config.json
flora,Linear FLoRA,mrpc_stratified,MRPC stratified,roberta-base,RoBERTa-base,homo,Homo,20,150,3,3,22,21,85.5392156862745,0.0,1,round_config.json
flora,Linear FLoRA,mrpc_stratified,MRPC stratified,roberta-base,RoBERTa-base,homo,Homo,20,150,3,3,23,22,85.29411764705883,0.0,1,round_config.json
flora,Linear FLoRA,mrpc_stratified,MRPC stratified,roberta-base,RoBERTa-base,homo,Homo,20,150,3,3,24,23,84.55882352941177,0.0,1,round_config.json
flora,Linear FLoRA,mrpc_stratified,MRPC stratified,roberta-base,RoBERTa-base,homo,Homo,20,150,3,3,25,24,84.55882352941177,0.0,1,round_config.json
flora,Linear FLoRA,mrpc_stratified,MRPC stratified,roberta-base,RoBERTa-base,homo,Homo,20,150,3,3,26,25,84.55882352941177,0.0,1,round_config.json
flora,Linear FLoRA,mrpc_stratified,MRPC stratified,roberta-base,RoBERTa-base,homo,Homo,20,150,3,3,27,26,84.06862745098039,0.0,1,round_config.json
flora,Linear FLoRA,mrpc_stratified,MRPC stratified,roberta-base,RoBERTa-base,homo,Homo,20,150,3,3,28,27,84.80392156862744,0.0,1,round_config.json
flora,Linear FLoRA,mrpc_stratified,MRPC stratified,roberta-base,RoBERTa-base,homo,Homo,20,150,3,3,29,28,85.04901960784314,0.0,1,round_config.json
flora,Linear FLoRA,mrpc_stratified,MRPC stratified,roberta-base,RoBERTa-base,homo,Homo,20,150,3,3,30,29,84.80392156862744,0.0,1,round_config.json
flora,Linear FLoRA,mrpc_stratified,MRPC stratified,roberta-base,RoBERTa-base,homo,Homo,20,150,3,3,31,30,84.55882352941177,0.0,1,round_config.json
flora,Linear FLoRA,mrpc_stratified,MRPC stratified,roberta-base,RoBERTa-base,homo,Homo,20,150,3,3,32,31,84.55882352941177,0.0,1,round_config.json
flora,Linear FLoRA,mrpc_stratified,MRPC stratified,roberta-base,RoBERTa-base,homo,Homo,20,150,3,3,33,32,84.31372549019608,0.0,1,round_config.json
flora,Linear FLoRA,mrpc_stratified,MRPC stratified,roberta-base,RoBERTa-base,homo,Homo,20,150,3,3,34,33,84.55882352941177,0.0,1,round_config.json
flora,Linear FLoRA,mrpc_stratified,MRPC stratified,roberta-base,RoBERTa-base,homo,Homo,20,150,3,3,35,34,84.80392156862744,0.0,1,round_config.json
flora,Linear FLoRA,mrpc_stratified,MRPC stratified,roberta-base,RoBERTa-base,homo,Homo,20,150,3,3,36,35,85.7843137254902,0.0,1,round_config.json
flora,Linear FLoRA,mrpc_stratified,MRPC stratified,roberta-base,RoBERTa-base,homo,Homo,20,150,3,3,37,36,85.04901960784314,0.0,1,round_config.json
flora,Linear FLoRA,mrpc_stratified,MRPC stratified,roberta-base,RoBERTa-base,homo,Homo,20,150,3,3,38,37,85.5392156862745,0.0,1,round_config.json
flora,Linear FLoRA,mrpc_stratified,MRPC stratified,roberta-base,RoBERTa-base,homo,Homo,20,150,3,3,39,38,85.7843137254902,0.0,1,round_config.json
flora,Linear FLoRA,mrpc_stratified,MRPC stratified,roberta-base,RoBERTa-base,homo,Homo,20,150,3,3,40,39,85.7843137254902,0.0,1,round_config.json
flora,Linear FLoRA,mrpc_stratified,MRPC stratified,roberta-base,RoBERTa-base,homo,Homo,20,150,3,3,41,40,85.7843137254902,0.0,1,round_config.json
flora,Linear FLoRA,mrpc_stratified,MRPC stratified,roberta-base,RoBERTa-base,homo,Homo,20,150,3,3,42,41,86.51960784313727,0.0,1,round_config.json
flora,Linear FLoRA,mrpc_stratified,MRPC stratified,roberta-base,RoBERTa-base,homo,Homo,20,150,3,3,43,42,85.7843137254902,0.0,1,round_config.json
flora,Linear FLoRA,mrpc_stratified,MRPC stratified,roberta-base,RoBERTa-base,homo,Homo,20,150,3,3,44,43,86.27450980392157,0.0,1,round_config.json
flora,Linear FLoRA,mrpc_stratified,MRPC stratified,roberta-base,RoBERTa-base,homo,Homo,20,150,3,3,45,44,86.02941176470588,0.0,1,round_config.json
flora,Linear FLoRA,mrpc_stratified,MRPC stratified,roberta-base,RoBERTa-base,homo,Homo,20,150,3,3,46,45,87.00980392156863,0.0,1,round_config.json
flora,Linear FLoRA,mrpc_stratified,MRPC stratified,roberta-base,RoBERTa-base,homo,Homo,20,150,3,3,47,46,85.7843137254902,0.0,1,round_config.json
flora,Linear FLoRA,mrpc_stratified,MRPC stratified,roberta-base,RoBERTa-base,homo,Homo,20,150,3,3,48,47,85.5392156862745,0.0,1,round_config.json
flora,Linear FLoRA,mrpc_stratified,MRPC stratified,roberta-base,RoBERTa-base,homo,Homo,20,150,3,3,49,48,85.04901960784314,0.0,1,round_config.json
flora,Linear FLoRA,mrpc_stratified,MRPC stratified,roberta-base,RoBERTa-base,homo,Homo,20,150,3,3,50,49,85.5392156862745,0.0,1,round_config.json
flora,Linear FLoRA,mrpc_stratified,MRPC stratified,roberta-base,RoBERTa-base,homo,Homo,20,150,3,3,51,50,84.80392156862744,0.0,1,round_config.json
flora,Linear FLoRA,mrpc_stratified,MRPC stratified,roberta-base,RoBERTa-base,homo,Homo,20,150,3,3,52,51,84.55882352941177,0.0,1,round_config.json
flora,Linear FLoRA,mrpc_stratified,MRPC stratified,roberta-base,RoBERTa-base,homo,Homo,20,150,3,3,53,52,84.80392156862744,0.0,1,round_config.json
flora,Linear FLoRA,mrpc_stratified,MRPC stratified,roberta-base,RoBERTa-base,homo,Homo,20,150,3,3,54,53,85.5392156862745,0.0,1,round_config.json
flora,Linear FLoRA,mrpc_stratified,MRPC stratified,roberta-base,RoBERTa-base,homo,Homo,20,150,3,3,55,54,85.7843137254902,0.0,1,round_config.json
flora,Linear FLoRA,mrpc_stratified,MRPC stratified,roberta-base,RoBERTa-base,homo,Homo,20,150,3,3,56,55,85.7843137254902,0.0,1,round_config.json
flora,Linear FLoRA,mrpc_stratified,MRPC stratified,roberta-base,RoBERTa-base,homo,Homo,20,150,3,3,57,56,85.5392156862745,0.0,1,round_config.json
flora,Linear FLoRA,mrpc_stratified,MRPC stratified,roberta-base,RoBERTa-base,homo,Homo,20,150,3,3,58,57,84.55882352941177,0.0,1,round_config.json
flora,Linear FLoRA,mrpc_stratified,MRPC stratified,roberta-base,RoBERTa-base,homo,Homo,20,150,3,3,59,58,85.29411764705883,0.0,1,round_config.json
flora,Linear FLoRA,mrpc_stratified,MRPC stratified,roberta-base,RoBERTa-base,homo,Homo,20,150,3,3,60,59,85.7843137254902,0.0,1,round_config.json
flora,Linear FLoRA,mrpc_stratified,MRPC stratified,roberta-base,RoBERTa-base,homo,Homo,20,150,3,3,61,60,86.27450980392157,0.0,1,round_config.json
flora,Linear FLoRA,mrpc_stratified,MRPC stratified,roberta-base,RoBERTa-base,homo,Homo,20,150,3,3,62,61,86.27450980392157,0.0,1,round_config.json
flora,Linear FLoRA,mrpc_stratified,MRPC stratified,roberta-base,RoBERTa-base,homo,Homo,20,150,3,3,63,62,86.02941176470588,0.0,1,round_config.json
flora,Linear FLoRA,mrpc_stratified,MRPC stratified,roberta-base,RoBERTa-base,homo,Homo,20,150,3,3,64,63,86.27450980392157,0.0,1,round_config.json
flora,Linear FLoRA,mrpc_stratified,MRPC stratified,roberta-base,RoBERTa-base,homo,Homo,20,150,3,3,65,64,85.5392156862745,0.0,1,round_config.json
flora,Linear FLoRA,mrpc_stratified,MRPC stratified,roberta-base,RoBERTa-base,homo,Homo,20,150,3,3,66,65,84.80392156862744,0.0,1,round_config.json
flora,Linear FLoRA,mrpc_stratified,MRPC stratified,roberta-base,RoBERTa-base,homo,Homo,20,150,3,3,67,66,86.02941176470588,0.0,1,round_config.json
flora,Linear FLoRA,mrpc_stratified,MRPC stratified,roberta-base,RoBERTa-base,homo,Homo,20,150,3,3,68,67,85.04901960784314,0.0,1,round_config.json
flora,Linear FLoRA,mrpc_stratified,MRPC stratified,roberta-base,RoBERTa-base,homo,Homo,20,150,3,3,69,68,85.29411764705883,0.0,1,round_config.json
flora,Linear FLoRA,mrpc_stratified,MRPC stratified,roberta-base,RoBERTa-base,homo,Homo,20,150,3,3,70,69,85.7843137254902,0.0,1,round_config.json
flora,Linear FLoRA,mrpc_stratified,MRPC stratified,roberta-base,RoBERTa-base,homo,Homo,20,150,3,3,71,70,85.04901960784314,0.0,1,round_config.json
flora,Linear FLoRA,mrpc_stratified,MRPC stratified,roberta-base,RoBERTa-base,homo,Homo,20,150,3,3,72,71,86.51960784313727,0.0,1,round_config.json
flora,Linear FLoRA,mrpc_stratified,MRPC stratified,roberta-base,RoBERTa-base,homo,Homo,20,150,3,3,73,72,86.27450980392157,0.0,1,round_config.json
flora,Linear FLoRA,mrpc_stratified,MRPC stratified,roberta-base,RoBERTa-base,homo,Homo,20,150,3,3,74,73,86.27450980392157,0.0,1,round_config.json
flora,Linear FLoRA,mrpc_stratified,MRPC stratified,roberta-base,RoBERTa-base,homo,Homo,20,150,3,3,75,74,85.5392156862745,0.0,1,round_config.json
flora,Linear FLoRA,mrpc_stratified,MRPC stratified,roberta-base,RoBERTa-base,homo,Homo,20,150,3,3,76,75,85.7843137254902,0.0,1,round_config.json
flora,Linear FLoRA,mrpc_stratified,MRPC stratified,roberta-base,RoBERTa-base,homo,Homo,20,150,3,3,77,76,86.02941176470588,0.0,1,round_config.json
flora,Linear FLoRA,mrpc_stratified,MRPC stratified,roberta-base,RoBERTa-base,homo,Homo,20,150,3,3,78,77,85.5392156862745,0.0,1,round_config.json
flora,Linear FLoRA,mrpc_stratified,MRPC stratified,roberta-base,RoBERTa-base,homo,Homo,20,150,3,3,79,78,86.27450980392157,0.0,1,round_config.json
flora,Linear FLoRA,mrpc_stratified,MRPC stratified,roberta-base,RoBERTa-base,homo,Homo,20,150,3,3,80,79,86.27450980392157,0.0,1,round_config.json
flora,Linear FLoRA,mrpc_stratified,MRPC stratified,roberta-base,RoBERTa-base,homo,Homo,20,150,3,3,81,80,86.02941176470588,0.0,1,round_config.json
flora,Linear FLoRA,mrpc_stratified,MRPC stratified,roberta-base,RoBERTa-base,homo,Homo,20,150,3,3,82,81,86.51960784313727,0.0,1,round_config.json
flora,Linear FLoRA,mrpc_stratified,MRPC stratified,roberta-base,RoBERTa-base,homo,Homo,20,150,3,3,83,82,85.29411764705883,0.0,1,round_config.json
flora,Linear FLoRA,mrpc_stratified,MRPC stratified,roberta-base,RoBERTa-base,homo,Homo,20,150,3,3,84,83,85.29411764705883,0.0,1,round_config.json
flora,Linear FLoRA,mrpc_stratified,MRPC stratified,roberta-base,RoBERTa-base,homo,Homo,20,150,3,3,85,84,85.04901960784314,0.0,1,round_config.json
flora,Linear FLoRA,mrpc_stratified,MRPC stratified,roberta-base,RoBERTa-base,homo,Homo,20,150,3,3,86,85,85.29411764705883,0.0,1,round_config.json
flora,Linear FLoRA,mrpc_stratified,MRPC stratified,roberta-base,RoBERTa-base,homo,Homo,20,150,3,3,87,86,85.04901960784314,0.0,1,round_config.json
flora,Linear FLoRA,mrpc_stratified,MRPC stratified,roberta-base,RoBERTa-base,homo,Homo,20,150,3,3,88,87,85.29411764705883,0.0,1,round_config.json
flora,Linear FLoRA,mrpc_stratified,MRPC stratified,roberta-base,RoBERTa-base,homo,Homo,20,150,3,3,89,88,86.02941176470588,0.0,1,round_config.json
flora,Linear FLoRA,mrpc_stratified,MRPC stratified,roberta-base,RoBERTa-base,homo,Homo,20,150,3,3,90,89,86.02941176470588,0.0,1,round_config.json
flora,Linear FLoRA,mrpc_stratified,MRPC stratified,roberta-base,RoBERTa-base,homo,Homo,20,150,3,3,91,90,86.02941176470588,0.0,1,round_config.json
flora,Linear FLoRA,mrpc_stratified,MRPC stratified,roberta-base,RoBERTa-base,homo,Homo,20,150,3,3,92,91,85.5392156862745,0.0,1,round_config.json
flora,Linear FLoRA,mrpc_stratified,MRPC stratified,roberta-base,RoBERTa-base,homo,Homo,20,150,3,3,93,92,85.7843137254902,0.0,1,round_config.json
flora,Linear FLoRA,mrpc_stratified,MRPC stratified,roberta-base,RoBERTa-base,homo,Homo,20,150,3,3,94,93,86.02941176470588,0.0,1,round_config.json
flora,Linear FLoRA,mrpc_stratified,MRPC stratified,roberta-base,RoBERTa-base,homo,Homo,20,150,3,3,95,94,85.04901960784314,0.0,1,round_config.json
flora,Linear FLoRA,mrpc_stratified,MRPC stratified,roberta-base,RoBERTa-base,homo,Homo,20,150,3,3,96,95,85.7843137254902,0.0,1,round_config.json
flora,Linear FLoRA,mrpc_stratified,MRPC stratified,roberta-base,RoBERTa-base,homo,Homo,20,150,3,3,97,96,86.02941176470588,0.0,1,round_config.json
flora,Linear FLoRA,mrpc_stratified,MRPC stratified,roberta-base,RoBERTa-base,homo,Homo,20,150,3,3,98,97,85.7843137254902,0.0,1,round_config.json
flora,Linear FLoRA,mrpc_stratified,MRPC stratified,roberta-base,RoBERTa-base,homo,Homo,20,150,3,3,99,98,86.02941176470588,0.0,1,round_config.json
flora,Linear FLoRA,mrpc_stratified,MRPC stratified,roberta-base,RoBERTa-base,homo,Homo,20,150,3,3,100,99,86.02941176470588,0.0,1,round_config.json
flora,Linear FLoRA,mrpc_stratified,MRPC stratified,roberta-base,RoBERTa-base,homo,Homo,20,150,3,3,101,100,85.7843137254902,0.0,1,round_config.json
flora,Linear FLoRA,mrpc_stratified,MRPC stratified,roberta-base,RoBERTa-base,homo,Homo,20,150,3,3,102,101,85.29411764705883,0.0,1,round_config.json
flora,Linear FLoRA,mrpc_stratified,MRPC stratified,roberta-base,RoBERTa-base,homo,Homo,20,150,3,3,103,102,85.5392156862745,0.0,1,round_config.json
flora,Linear FLoRA,mrpc_stratified,MRPC stratified,roberta-base,RoBERTa-base,homo,Homo,20,150,3,3,104,103,86.02941176470588,0.0,1,round_config.json
flora,Linear FLoRA,mrpc_stratified,MRPC stratified,roberta-base,RoBERTa-base,homo,Homo,20,150,3,3,105,104,86.51960784313727,0.0,1,round_config.json
flora,Linear FLoRA,mrpc_stratified,MRPC stratified,roberta-base,RoBERTa-base,homo,Homo,20,150,3,3,106,105,86.51960784313727,0.0,1,round_config.json
flora,Linear FLoRA,mrpc_stratified,MRPC stratified,roberta-base,RoBERTa-base,homo,Homo,20,150,3,3,107,106,86.02941176470588,0.0,1,round_config.json
flora,Linear FLoRA,mrpc_stratified,MRPC stratified,roberta-base,RoBERTa-base,homo,Homo,20,150,3,3,108,107,86.02941176470588,0.0,1,round_config.json
flora,Linear FLoRA,mrpc_stratified,MRPC stratified,roberta-base,RoBERTa-base,homo,Homo,20,150,3,3,109,108,86.27450980392157,0.0,1,round_config.json
flora,Linear FLoRA,mrpc_stratified,MRPC stratified,roberta-base,RoBERTa-base,homo,Homo,20,150,3,3,110,109,86.02941176470588,0.0,1,round_config.json
flora,Linear FLoRA,mrpc_stratified,MRPC stratified,roberta-base,RoBERTa-base,homo,Homo,20,150,3,3,111,110,85.5392156862745,0.0,1,round_config.json
flora,Linear FLoRA,mrpc_stratified,MRPC stratified,roberta-base,RoBERTa-base,homo,Homo,20,150,3,3,112,111,85.29411764705883,0.0,1,round_config.json
flora,Linear FLoRA,mrpc_stratified,MRPC stratified,roberta-base,RoBERTa-base,homo,Homo,20,150,3,3,113,112,85.7843137254902,0.0,1,round_config.json
flora,Linear FLoRA,mrpc_stratified,MRPC stratified,roberta-base,RoBERTa-base,homo,Homo,20,150,3,3,114,113,85.7843137254902,0.0,1,round_config.json
flora,Linear FLoRA,mrpc_stratified,MRPC stratified,roberta-base,RoBERTa-base,homo,Homo,20,150,3,3,115,114,85.7843137254902,0.0,1,round_config.json
flora,Linear FLoRA,mrpc_stratified,MRPC stratified,roberta-base,RoBERTa-base,homo,Homo,20,150,3,3,116,115,85.7843137254902,0.0,1,round_config.json
flora,Linear FLoRA,mrpc_stratified,MRPC stratified,roberta-base,RoBERTa-base,homo,Homo,20,150,3,3,117,116,85.5392156862745,0.0,1,round_config.json
flora,Linear FLoRA,mrpc_stratified,MRPC stratified,roberta-base,RoBERTa-base,homo,Homo,20,150,3,3,118,117,86.02941176470588,0.0,1,round_config.json
flora,Linear FLoRA,mrpc_stratified,MRPC stratified,roberta-base,RoBERTa-base,homo,Homo,20,150,3,3,119,118,86.02941176470588,0.0,1,round_config.json
flora,Linear FLoRA,mrpc_stratified,MRPC stratified,roberta-base,RoBERTa-base,homo,Homo,20,150,3,3,120,119,85.7843137254902,0.0,1,round_config.json
flora,Linear FLoRA,mrpc_stratified,MRPC stratified,roberta-base,RoBERTa-base,homo,Homo,20,150,3,3,121,120,86.02941176470588,0.0,1,round_config.json
flora,Linear FLoRA,mrpc_stratified,MRPC stratified,roberta-base,RoBERTa-base,homo,Homo,20,150,3,3,122,121,86.27450980392157,0.0,1,round_config.json
flora,Linear FLoRA,mrpc_stratified,MRPC stratified,roberta-base,RoBERTa-base,homo,Homo,20,150,3,3,123,122,85.5392156862745,0.0,1,round_config.json
flora,Linear FLoRA,mrpc_stratified,MRPC stratified,roberta-base,RoBERTa-base,homo,Homo,20,150,3,3,124,123,86.02941176470588,0.0,1,round_config.json
flora,Linear FLoRA,mrpc_stratified,MRPC stratified,roberta-base,RoBERTa-base,homo,Homo,20,150,3,3,125,124,85.7843137254902,0.0,1,round_config.json
flora,Linear FLoRA,mrpc_stratified,MRPC stratified,roberta-base,RoBERTa-base,homo,Homo,20,150,3,3,126,125,85.5392156862745,0.0,1,round_config.json
flora,Linear FLoRA,mrpc_stratified,MRPC stratified,roberta-base,RoBERTa-base,homo,Homo,20,150,3,3,127,126,85.7843137254902,0.0,1,round_config.json
flora,Linear FLoRA,mrpc_stratified,MRPC stratified,roberta-base,RoBERTa-base,homo,Homo,20,150,3,3,128,127,85.29411764705883,0.0,1,round_config.json
flora,Linear FLoRA,mrpc_stratified,MRPC stratified,roberta-base,RoBERTa-base,homo,Homo,20,150,3,3,129,128,86.02941176470588,0.0,1,round_config.json
flora,Linear FLoRA,mrpc_stratified,MRPC stratified,roberta-base,RoBERTa-base,homo,Homo,20,150,3,3,130,129,85.7843137254902,0.0,1,round_config.json
flora,Linear FLoRA,mrpc_stratified,MRPC stratified,roberta-base,RoBERTa-base,homo,Homo,20,150,3,3,131,130,86.02941176470588,0.0,1,round_config.json
flora,Linear FLoRA,mrpc_stratified,MRPC stratified,roberta-base,RoBERTa-base,homo,Homo,20,150,3,3,132,131,85.5392156862745,0.0,1,round_config.json
flora,Linear FLoRA,mrpc_stratified,MRPC stratified,roberta-base,RoBERTa-base,homo,Homo,20,150,3,3,133,132,85.5392156862745,0.0,1,round_config.json
flora,Linear FLoRA,mrpc_stratified,MRPC stratified,roberta-base,RoBERTa-base,homo,Homo,20,150,3,3,134,133,85.5392156862745,0.0,1,round_config.json
flora,Linear FLoRA,mrpc_stratified,MRPC stratified,roberta-base,RoBERTa-base,homo,Homo,20,150,3,3,135,134,86.02941176470588,0.0,1,round_config.json
flora,Linear FLoRA,mrpc_stratified,MRPC stratified,roberta-base,RoBERTa-base,homo,Homo,20,150,3,3,136,135,85.29411764705883,0.0,1,round_config.json
flora,Linear FLoRA,mrpc_stratified,MRPC stratified,roberta-base,RoBERTa-base,homo,Homo,20,150,3,3,137,136,86.02941176470588,0.0,1,round_config.json
flora,Linear FLoRA,mrpc_stratified,MRPC stratified,roberta-base,RoBERTa-base,homo,Homo,20,150,3,3,138,137,86.02941176470588,0.0,1,round_config.json
flora,Linear FLoRA,mrpc_stratified,MRPC stratified,roberta-base,RoBERTa-base,homo,Homo,20,150,3,3,139,138,86.27450980392157,0.0,1,round_config.json
flora,Linear FLoRA,mrpc_stratified,MRPC stratified,roberta-base,RoBERTa-base,homo,Homo,20,150,3,3,140,139,85.7843137254902,0.0,1,round_config.json
flora,Linear FLoRA,mrpc_stratified,MRPC stratified,roberta-base,RoBERTa-base,homo,Homo,20,150,3,3,141,140,86.51960784313727,0.0,1,round_config.json
flora,Linear FLoRA,mrpc_stratified,MRPC stratified,roberta-base,RoBERTa-base,homo,Homo,20,150,3,3,142,141,86.02941176470588,0.0,1,round_config.json
flora,Linear FLoRA,mrpc_stratified,MRPC stratified,roberta-base,RoBERTa-base,homo,Homo,20,150,3,3,143,142,85.04901960784314,0.0,1,round_config.json
flora,Linear FLoRA,mrpc_stratified,MRPC stratified,roberta-base,RoBERTa-base,homo,Homo,20,150,3,3,144,143,85.04901960784314,0.0,1,round_config.json
flora,Linear FLoRA,mrpc_stratified,MRPC stratified,roberta-base,RoBERTa-base,homo,Homo,20,150,3,3,145,144,86.27450980392157,0.0,1,round_config.json
flora,Linear FLoRA,mrpc_stratified,MRPC stratified,roberta-base,RoBERTa-base,homo,Homo,20,150,3,3,146,145,86.27450980392157,0.0,1,round_config.json
flora,Linear FLoRA,mrpc_stratified,MRPC stratified,roberta-base,RoBERTa-base,homo,Homo,20,150,3,3,147,146,86.02941176470588,0.0,1,round_config.json
flora,Linear FLoRA,mrpc_stratified,MRPC stratified,roberta-base,RoBERTa-base,homo,Homo,20,150,3,3,148,147,86.27450980392157,0.0,1,round_config.json
flora,Linear FLoRA,mrpc_stratified,MRPC stratified,roberta-base,RoBERTa-base,homo,Homo,20,150,3,3,149,148,86.51960784313727,0.0,1,round_config.json
flora,Linear FLoRA,mrpc_stratified,MRPC stratified,roberta-base,RoBERTa-base,homo,Homo,20,150,3,3,150,149,86.51960784313727,0.0,1,round_config.json
ffa,Nonlinear FFA,mrpc_stratified,MRPC stratified,roberta-base,RoBERTa-base,homo,Homo,20,150,3,3,1,0,75.49019607843137,0.0,1,round_config.json
ffa,Nonlinear FFA,mrpc_stratified,MRPC stratified,roberta-base,RoBERTa-base,homo,Homo,20,150,3,3,2,1,79.65686274509804,0.0,1,round_config.json
ffa,Nonlinear FFA,mrpc_stratified,MRPC stratified,roberta-base,RoBERTa-base,homo,Homo,20,150,3,3,3,2,80.3921568627451,0.0,1,round_config.json
ffa,Nonlinear FFA,mrpc_stratified,MRPC stratified,roberta-base,RoBERTa-base,homo,Homo,20,150,3,3,4,3,81.61764705882352,0.0,1,round_config.json
ffa,Nonlinear FFA,mrpc_stratified,MRPC stratified,roberta-base,RoBERTa-base,homo,Homo,20,150,3,3,5,4,82.59803921568627,0.0,1,round_config.json
ffa,Nonlinear FFA,mrpc_stratified,MRPC stratified,roberta-base,RoBERTa-base,homo,Homo,20,150,3,3,6,5,82.84313725490196,0.0,1,round_config.json
ffa,Nonlinear FFA,mrpc_stratified,MRPC stratified,roberta-base,RoBERTa-base,homo,Homo,20,150,3,3,7,6,82.59803921568627,0.0,1,round_config.json
ffa,Nonlinear FFA,mrpc_stratified,MRPC stratified,roberta-base,RoBERTa-base,homo,Homo,20,150,3,3,8,7,82.84313725490196,0.0,1,round_config.json
ffa,Nonlinear FFA,mrpc_stratified,MRPC stratified,roberta-base,RoBERTa-base,homo,Homo,20,150,3,3,9,8,82.84313725490196,0.0,1,round_config.json
ffa,Nonlinear FFA,mrpc_stratified,MRPC stratified,roberta-base,RoBERTa-base,homo,Homo,20,150,3,3,10,9,83.82352941176471,0.0,1,round_config.json
ffa,Nonlinear FFA,mrpc_stratified,MRPC stratified,roberta-base,RoBERTa-base,homo,Homo,20,150,3,3,11,10,83.82352941176471,0.0,1,round_config.json
ffa,Nonlinear FFA,mrpc_stratified,MRPC stratified,roberta-base,RoBERTa-base,homo,Homo,20,150,3,3,12,11,83.82352941176471,0.0,1,round_config.json
ffa,Nonlinear FFA,mrpc_stratified,MRPC stratified,roberta-base,RoBERTa-base,homo,Homo,20,150,3,3,13,12,84.80392156862744,0.0,1,round_config.json
ffa,Nonlinear FFA,mrpc_stratified,MRPC stratified,roberta-base,RoBERTa-base,homo,Homo,20,150,3,3,14,13,85.5392156862745,0.0,1,round_config.json
ffa,Nonlinear FFA,mrpc_stratified,MRPC stratified,roberta-base,RoBERTa-base,homo,Homo,20,150,3,3,15,14,86.27450980392157,0.0,1,round_config.json
ffa,Nonlinear FFA,mrpc_stratified,MRPC stratified,roberta-base,RoBERTa-base,homo,Homo,20,150,3,3,16,15,85.5392156862745,0.0,1,round_config.json
ffa,Nonlinear FFA,mrpc_stratified,MRPC stratified,roberta-base,RoBERTa-base,homo,Homo,20,150,3,3,17,16,85.5392156862745,0.0,1,round_config.json
ffa,Nonlinear FFA,mrpc_stratified,MRPC stratified,roberta-base,RoBERTa-base,homo,Homo,20,150,3,3,18,17,85.29411764705883,0.0,1,round_config.json
ffa,Nonlinear FFA,mrpc_stratified,MRPC stratified,roberta-base,RoBERTa-base,homo,Homo,20,150,3,3,19,18,85.7843137254902,0.0,1,round_config.json
ffa,Nonlinear FFA,mrpc_stratified,MRPC stratified,roberta-base,RoBERTa-base,homo,Homo,20,150,3,3,20,19,85.29411764705883,0.0,1,round_config.json
ffa,Nonlinear FFA,mrpc_stratified,MRPC stratified,roberta-base,RoBERTa-base,homo,Homo,20,150,3,3,21,20,84.80392156862744,0.0,1,round_config.json
ffa,Nonlinear FFA,mrpc_stratified,MRPC stratified,roberta-base,RoBERTa-base,homo,Homo,20,150,3,3,22,21,83.33333333333334,0.0,1,round_config.json
ffa,Nonlinear FFA,mrpc_stratified,MRPC stratified,roberta-base,RoBERTa-base,homo,Homo,20,150,3,3,23,22,83.57843137254902,0.0,1,round_config.json
ffa,Nonlinear FFA,mrpc_stratified,MRPC stratified,roberta-base,RoBERTa-base,homo,Homo,20,150,3,3,24,23,84.06862745098039,0.0,1,round_config.json
ffa,Nonlinear FFA,mrpc_stratified,MRPC stratified,roberta-base,RoBERTa-base,homo,Homo,20,150,3,3,25,24,84.31372549019608,0.0,1,round_config.json
ffa,Nonlinear FFA,mrpc_stratified,MRPC stratified,roberta-base,RoBERTa-base,homo,Homo,20,150,3,3,26,25,84.06862745098039,0.0,1,round_config.json
ffa,Nonlinear FFA,mrpc_stratified,MRPC stratified,roberta-base,RoBERTa-base,homo,Homo,20,150,3,3,27,26,83.82352941176471,0.0,1,round_config.json
ffa,Nonlinear FFA,mrpc_stratified,MRPC stratified,roberta-base,RoBERTa-base,homo,Homo,20,150,3,3,28,27,84.31372549019608,0.0,1,round_config.json
ffa,Nonlinear FFA,mrpc_stratified,MRPC stratified,roberta-base,RoBERTa-base,homo,Homo,20,150,3,3,29,28,83.82352941176471,0.0,1,round_config.json
ffa,Nonlinear FFA,mrpc_stratified,MRPC stratified,roberta-base,RoBERTa-base,homo,Homo,20,150,3,3,30,29,84.31372549019608,0.0,1,round_config.json
ffa,Nonlinear FFA,mrpc_stratified,MRPC stratified,roberta-base,RoBERTa-base,homo,Homo,20,150,3,3,31,30,84.31372549019608,0.0,1,round_config.json
ffa,Nonlinear FFA,mrpc_stratified,MRPC stratified,roberta-base,RoBERTa-base,homo,Homo,20,150,3,3,32,31,84.80392156862744,0.0,1,round_config.json
ffa,Nonlinear FFA,mrpc_stratified,MRPC stratified,roberta-base,RoBERTa-base,homo,Homo,20,150,3,3,33,32,83.82352941176471,0.0,1,round_config.json
ffa,Nonlinear FFA,mrpc_stratified,MRPC stratified,roberta-base,RoBERTa-base,homo,Homo,20,150,3,3,34,33,84.55882352941177,0.0,1,round_config.json
ffa,Nonlinear FFA,mrpc_stratified,MRPC stratified,roberta-base,RoBERTa-base,homo,Homo,20,150,3,3,35,34,84.06862745098039,0.0,1,round_config.json
ffa,Nonlinear FFA,mrpc_stratified,MRPC stratified,roberta-base,RoBERTa-base,homo,Homo,20,150,3,3,36,35,84.31372549019608,0.0,1,round_config.json
ffa,Nonlinear FFA,mrpc_stratified,MRPC stratified,roberta-base,RoBERTa-base,homo,Homo,20,150,3,3,37,36,84.31372549019608,0.0,1,round_config.json
ffa,Nonlinear FFA,mrpc_stratified,MRPC stratified,roberta-base,RoBERTa-base,homo,Homo,20,150,3,3,38,37,84.06862745098039,0.0,1,round_config.json
ffa,Nonlinear FFA,mrpc_stratified,MRPC stratified,roberta-base,RoBERTa-base,homo,Homo,20,150,3,3,39,38,83.57843137254902,0.0,1,round_config.json
ffa,Nonlinear FFA,mrpc_stratified,MRPC stratified,roberta-base,RoBERTa-base,homo,Homo,20,150,3,3,40,39,84.06862745098039,0.0,1,round_config.json
ffa,Nonlinear FFA,mrpc_stratified,MRPC stratified,roberta-base,RoBERTa-base,homo,Homo,20,150,3,3,41,40,83.33333333333334,0.0,1,round_config.json
ffa,Nonlinear FFA,mrpc_stratified,MRPC stratified,roberta-base,RoBERTa-base,homo,Homo,20,150,3,3,42,41,83.82352941176471,0.0,1,round_config.json
ffa,Nonlinear FFA,mrpc_stratified,MRPC stratified,roberta-base,RoBERTa-base,homo,Homo,20,150,3,3,43,42,84.31372549019608,0.0,1,round_config.json
ffa,Nonlinear FFA,mrpc_stratified,MRPC stratified,roberta-base,RoBERTa-base,homo,Homo,20,150,3,3,44,43,83.82352941176471,0.0,1,round_config.json
ffa,Nonlinear FFA,mrpc_stratified,MRPC stratified,roberta-base,RoBERTa-base,homo,Homo,20,150,3,3,45,44,83.82352941176471,0.0,1,round_config.json
ffa,Nonlinear FFA,mrpc_stratified,MRPC stratified,roberta-base,RoBERTa-base,homo,Homo,20,150,3,3,46,45,84.31372549019608,0.0,1,round_config.json
ffa,Nonlinear FFA,mrpc_stratified,MRPC stratified,roberta-base,RoBERTa-base,homo,Homo,20,150,3,3,47,46,84.06862745098039,0.0,1,round_config.json
ffa,Nonlinear FFA,mrpc_stratified,MRPC stratified,roberta-base,RoBERTa-base,homo,Homo,20,150,3,3,48,47,84.80392156862744,0.0,1,round_config.json
ffa,Nonlinear FFA,mrpc_stratified,MRPC stratified,roberta-base,RoBERTa-base,homo,Homo,20,150,3,3,49,48,84.80392156862744,0.0,1,round_config.json
ffa,Nonlinear FFA,mrpc_stratified,MRPC stratified,roberta-base,RoBERTa-base,homo,Homo,20,150,3,3,50,49,84.06862745098039,0.0,1,round_config.json
ffa,Nonlinear FFA,mrpc_stratified,MRPC stratified,roberta-base,RoBERTa-base,homo,Homo,20,150,3,3,51,50,83.57843137254902,0.0,1,round_config.json
ffa,Nonlinear FFA,mrpc_stratified,MRPC stratified,roberta-base,RoBERTa-base,homo,Homo,20,150,3,3,52,51,84.55882352941177,0.0,1,round_config.json
ffa,Nonlinear FFA,mrpc_stratified,MRPC stratified,roberta-base,RoBERTa-base,homo,Homo,20,150,3,3,53,52,84.80392156862744,0.0,1,round_config.json
ffa,Nonlinear FFA,mrpc_stratified,MRPC stratified,roberta-base,RoBERTa-base,homo,Homo,20,150,3,3,54,53,84.31372549019608,0.0,1,round_config.json
ffa,Nonlinear FFA,mrpc_stratified,MRPC stratified,roberta-base,RoBERTa-base,homo,Homo,20,150,3,3,55,54,84.55882352941177,0.0,1,round_config.json
ffa,Nonlinear FFA,mrpc_stratified,MRPC stratified,roberta-base,RoBERTa-base,homo,Homo,20,150,3,3,56,55,84.31372549019608,0.0,1,round_config.json
ffa,Nonlinear FFA,mrpc_stratified,MRPC stratified,roberta-base,RoBERTa-base,homo,Homo,20,150,3,3,57,56,85.29411764705883,0.0,1,round_config.json
ffa,Nonlinear FFA,mrpc_stratified,MRPC stratified,roberta-base,RoBERTa-base,homo,Homo,20,150,3,3,58,57,84.80392156862744,0.0,1,round_config.json
ffa,Nonlinear FFA,mrpc_stratified,MRPC stratified,roberta-base,RoBERTa-base,homo,Homo,20,150,3,3,59,58,84.06862745098039,0.0,1,round_config.json
ffa,Nonlinear FFA,mrpc_stratified,MRPC stratified,roberta-base,RoBERTa-base,homo,Homo,20,150,3,3,60,59,84.06862745098039,0.0,1,round_config.json
ffa,Nonlinear FFA,mrpc_stratified,MRPC stratified,roberta-base,RoBERTa-base,homo,Homo,20,150,3,3,61,60,84.80392156862744,0.0,1,round_config.json
ffa,Nonlinear FFA,mrpc_stratified,MRPC stratified,roberta-base,RoBERTa-base,homo,Homo,20,150,3,3,62,61,84.55882352941177,0.0,1,round_config.json
ffa,Nonlinear FFA,mrpc_stratified,MRPC stratified,roberta-base,RoBERTa-base,homo,Homo,20,150,3,3,63,62,84.06862745098039,0.0,1,round_config.json
ffa,Nonlinear FFA,mrpc_stratified,MRPC stratified,roberta-base,RoBERTa-base,homo,Homo,20,150,3,3,64,63,83.57843137254902,0.0,1,round_config.json
ffa,Nonlinear FFA,mrpc_stratified,MRPC stratified,roberta-base,RoBERTa-base,homo,Homo,20,150,3,3,65,64,83.57843137254902,0.0,1,round_config.json
ffa,Nonlinear FFA,mrpc_stratified,MRPC stratified,roberta-base,RoBERTa-base,homo,Homo,20,150,3,3,66,65,83.82352941176471,0.0,1,round_config.json
ffa,Nonlinear FFA,mrpc_stratified,MRPC stratified,roberta-base,RoBERTa-base,homo,Homo,20,150,3,3,67,66,83.33333333333334,0.0,1,round_config.json
ffa,Nonlinear FFA,mrpc_stratified,MRPC stratified,roberta-base,RoBERTa-base,homo,Homo,20,150,3,3,68,67,84.31372549019608,0.0,1,round_config.json
ffa,Nonlinear FFA,mrpc_stratified,MRPC stratified,roberta-base,RoBERTa-base,homo,Homo,20,150,3,3,69,68,83.82352941176471,0.0,1,round_config.json
ffa,Nonlinear FFA,mrpc_stratified,MRPC stratified,roberta-base,RoBERTa-base,homo,Homo,20,150,3,3,70,69,83.82352941176471,0.0,1,round_config.json
ffa,Nonlinear FFA,mrpc_stratified,MRPC stratified,roberta-base,RoBERTa-base,homo,Homo,20,150,3,3,71,70,84.06862745098039,0.0,1,round_config.json
ffa,Nonlinear FFA,mrpc_stratified,MRPC stratified,roberta-base,RoBERTa-base,homo,Homo,20,150,3,3,72,71,83.82352941176471,0.0,1,round_config.json
ffa,Nonlinear FFA,mrpc_stratified,MRPC stratified,roberta-base,RoBERTa-base,homo,Homo,20,150,3,3,73,72,83.82352941176471,0.0,1,round_config.json
ffa,Nonlinear FFA,mrpc_stratified,MRPC stratified,roberta-base,RoBERTa-base,homo,Homo,20,150,3,3,74,73,84.06862745098039,0.0,1,round_config.json
ffa,Nonlinear FFA,mrpc_stratified,MRPC stratified,roberta-base,RoBERTa-base,homo,Homo,20,150,3,3,75,74,83.57843137254902,0.0,1,round_config.json
ffa,Nonlinear FFA,mrpc_stratified,MRPC stratified,roberta-base,RoBERTa-base,homo,Homo,20,150,3,3,76,75,83.82352941176471,0.0,1,round_config.json
ffa,Nonlinear FFA,mrpc_stratified,MRPC stratified,roberta-base,RoBERTa-base,homo,Homo,20,150,3,3,77,76,83.82352941176471,0.0,1,round_config.json
ffa,Nonlinear FFA,mrpc_stratified,MRPC stratified,roberta-base,RoBERTa-base,homo,Homo,20,150,3,3,78,77,83.33333333333334,0.0,1,round_config.json
ffa,Nonlinear FFA,mrpc_stratified,MRPC stratified,roberta-base,RoBERTa-base,homo,Homo,20,150,3,3,79,78,84.55882352941177,0.0,1,round_config.json
ffa,Nonlinear FFA,mrpc_stratified,MRPC stratified,roberta-base,RoBERTa-base,homo,Homo,20,150,3,3,80,79,83.08823529411765,0.0,1,round_config.json
ffa,Nonlinear FFA,mrpc_stratified,MRPC stratified,roberta-base,RoBERTa-base,homo,Homo,20,150,3,3,81,80,83.82352941176471,0.0,1,round_config.json
ffa,Nonlinear FFA,mrpc_stratified,MRPC stratified,roberta-base,RoBERTa-base,homo,Homo,20,150,3,3,82,81,84.06862745098039,0.0,1,round_config.json
ffa,Nonlinear FFA,mrpc_stratified,MRPC stratified,roberta-base,RoBERTa-base,homo,Homo,20,150,3,3,83,82,83.57843137254902,0.0,1,round_config.json
ffa,Nonlinear FFA,mrpc_stratified,MRPC stratified,roberta-base,RoBERTa-base,homo,Homo,20,150,3,3,84,83,84.06862745098039,0.0,1,round_config.json
ffa,Nonlinear FFA,mrpc_stratified,MRPC stratified,roberta-base,RoBERTa-base,homo,Homo,20,150,3,3,85,84,84.55882352941177,0.0,1,round_config.json
ffa,Nonlinear FFA,mrpc_stratified,MRPC stratified,roberta-base,RoBERTa-base,homo,Homo,20,150,3,3,86,85,83.08823529411765,0.0,1,round_config.json
ffa,Nonlinear FFA,mrpc_stratified,MRPC stratified,roberta-base,RoBERTa-base,homo,Homo,20,150,3,3,87,86,83.33333333333334,0.0,1,round_config.json
ffa,Nonlinear FFA,mrpc_stratified,MRPC stratified,roberta-base,RoBERTa-base,homo,Homo,20,150,3,3,88,87,82.84313725490196,0.0,1,round_config.json
ffa,Nonlinear FFA,mrpc_stratified,MRPC stratified,roberta-base,RoBERTa-base,homo,Homo,20,150,3,3,89,88,83.33333333333334,0.0,1,round_config.json
ffa,Nonlinear FFA,mrpc_stratified,MRPC stratified,roberta-base,RoBERTa-base,homo,Homo,20,150,3,3,90,89,82.59803921568627,0.0,1,round_config.json
ffa,Nonlinear FFA,mrpc_stratified,MRPC stratified,roberta-base,RoBERTa-base,homo,Homo,20,150,3,3,91,90,83.08823529411765,0.0,1,round_config.json
ffa,Nonlinear FFA,mrpc_stratified,MRPC stratified,roberta-base,RoBERTa-base,homo,Homo,20,150,3,3,92,91,83.82352941176471,0.0,1,round_config.json
ffa,Nonlinear FFA,mrpc_stratified,MRPC stratified,roberta-base,RoBERTa-base,homo,Homo,20,150,3,3,93,92,82.84313725490196,0.0,1,round_config.json
ffa,Nonlinear FFA,mrpc_stratified,MRPC stratified,roberta-base,RoBERTa-base,homo,Homo,20,150,3,3,94,93,84.06862745098039,0.0,1,round_config.json
ffa,Nonlinear FFA,mrpc_stratified,MRPC stratified,roberta-base,RoBERTa-base,homo,Homo,20,150,3,3,95,94,82.84313725490196,0.0,1,round_config.json
ffa,Nonlinear FFA,mrpc_stratified,MRPC stratified,roberta-base,RoBERTa-base,homo,Homo,20,150,3,3,96,95,83.82352941176471,0.0,1,round_config.json
ffa,Nonlinear FFA,mrpc_stratified,MRPC stratified,roberta-base,RoBERTa-base,homo,Homo,20,150,3,3,97,96,83.57843137254902,0.0,1,round_config.json
ffa,Nonlinear FFA,mrpc_stratified,MRPC stratified,roberta-base,RoBERTa-base,homo,Homo,20,150,3,3,98,97,83.08823529411765,0.0,1,round_config.json
ffa,Nonlinear FFA,mrpc_stratified,MRPC stratified,roberta-base,RoBERTa-base,homo,Homo,20,150,3,3,99,98,83.08823529411765,0.0,1,round_config.json
ffa,Nonlinear FFA,mrpc_stratified,MRPC stratified,roberta-base,RoBERTa-base,homo,Homo,20,150,3,3,100,99,83.33333333333334,0.0,1,round_config.json
ffa,Nonlinear FFA,mrpc_stratified,MRPC stratified,roberta-base,RoBERTa-base,homo,Homo,20,150,3,3,101,100,83.57843137254902,0.0,1,round_config.json
ffa,Nonlinear FFA,mrpc_stratified,MRPC stratified,roberta-base,RoBERTa-base,homo,Homo,20,150,3,3,102,101,84.06862745098039,0.0,1,round_config.json
ffa,Nonlinear FFA,mrpc_stratified,MRPC stratified,roberta-base,RoBERTa-base,homo,Homo,20,150,3,3,103,102,84.06862745098039,0.0,1,round_config.json
ffa,Nonlinear FFA,mrpc_stratified,MRPC stratified,roberta-base,RoBERTa-base,homo,Homo,20,150,3,3,104,103,84.06862745098039,0.0,1,round_config.json
ffa,Nonlinear FFA,mrpc_stratified,MRPC stratified,roberta-base,RoBERTa-base,homo,Homo,20,150,3,3,105,104,84.31372549019608,0.0,1,round_config.json
ffa,Nonlinear FFA,mrpc_stratified,MRPC stratified,roberta-base,RoBERTa-base,homo,Homo,20,150,3,3,106,105,84.55882352941177,0.0,1,round_config.json
ffa,Nonlinear FFA,mrpc_stratified,MRPC stratified,roberta-base,RoBERTa-base,homo,Homo,20,150,3,3,107,106,84.06862745098039,0.0,1,round_config.json
ffa,Nonlinear FFA,mrpc_stratified,MRPC stratified,roberta-base,RoBERTa-base,homo,Homo,20,150,3,3,108,107,83.57843137254902,0.0,1,round_config.json
ffa,Nonlinear FFA,mrpc_stratified,MRPC stratified,roberta-base,RoBERTa-base,homo,Homo,20,150,3,3,109,108,82.84313725490196,0.0,1,round_config.json
ffa,Nonlinear FFA,mrpc_stratified,MRPC stratified,roberta-base,RoBERTa-base,homo,Homo,20,150,3,3,110,109,83.57843137254902,0.0,1,round_config.json
ffa,Nonlinear FFA,mrpc_stratified,MRPC stratified,roberta-base,RoBERTa-base,homo,Homo,20,150,3,3,111,110,83.33333333333334,0.0,1,round_config.json
ffa,Nonlinear FFA,mrpc_stratified,MRPC stratified,roberta-base,RoBERTa-base,homo,Homo,20,150,3,3,112,111,82.59803921568627,0.0,1,round_config.json
ffa,Nonlinear FFA,mrpc_stratified,MRPC stratified,roberta-base,RoBERTa-base,homo,Homo,20,150,3,3,113,112,83.08823529411765,0.0,1,round_config.json
ffa,Nonlinear FFA,mrpc_stratified,MRPC stratified,roberta-base,RoBERTa-base,homo,Homo,20,150,3,3,114,113,83.57843137254902,0.0,1,round_config.json
ffa,Nonlinear FFA,mrpc_stratified,MRPC stratified,roberta-base,RoBERTa-base,homo,Homo,20,150,3,3,115,114,84.06862745098039,0.0,1,round_config.json
ffa,Nonlinear FFA,mrpc_stratified,MRPC stratified,roberta-base,RoBERTa-base,homo,Homo,20,150,3,3,116,115,83.08823529411765,0.0,1,round_config.json
ffa,Nonlinear FFA,mrpc_stratified,MRPC stratified,roberta-base,RoBERTa-base,homo,Homo,20,150,3,3,117,116,83.57843137254902,0.0,1,round_config.json
ffa,Nonlinear FFA,mrpc_stratified,MRPC stratified,roberta-base,RoBERTa-base,homo,Homo,20,150,3,3,118,117,82.35294117647058,0.0,1,round_config.json
ffa,Nonlinear FFA,mrpc_stratified,MRPC stratified,roberta-base,RoBERTa-base,homo,Homo,20,150,3,3,119,118,84.06862745098039,0.0,1,round_config.json
ffa,Nonlinear FFA,mrpc_stratified,MRPC stratified,roberta-base,RoBERTa-base,homo,Homo,20,150,3,3,120,119,83.82352941176471,0.0,1,round_config.json
ffa,Nonlinear FFA,mrpc_stratified,MRPC stratified,roberta-base,RoBERTa-base,homo,Homo,20,150,3,3,121,120,83.57843137254902,0.0,1,round_config.json
ffa,Nonlinear FFA,mrpc_stratified,MRPC stratified,roberta-base,RoBERTa-base,homo,Homo,20,150,3,3,122,121,84.06862745098039,0.0,1,round_config.json
ffa,Nonlinear FFA,mrpc_stratified,MRPC stratified,roberta-base,RoBERTa-base,homo,Homo,20,150,3,3,123,122,83.08823529411765,0.0,1,round_config.json
ffa,Nonlinear FFA,mrpc_stratified,MRPC stratified,roberta-base,RoBERTa-base,homo,Homo,20,150,3,3,124,123,82.84313725490196,0.0,1,round_config.json
ffa,Nonlinear FFA,mrpc_stratified,MRPC stratified,roberta-base,RoBERTa-base,homo,Homo,20,150,3,3,125,124,83.82352941176471,0.0,1,round_config.json
ffa,Nonlinear FFA,mrpc_stratified,MRPC stratified,roberta-base,RoBERTa-base,homo,Homo,20,150,3,3,126,125,83.57843137254902,0.0,1,round_config.json
ffa,Nonlinear FFA,mrpc_stratified,MRPC stratified,roberta-base,RoBERTa-base,homo,Homo,20,150,3,3,127,126,84.06862745098039,0.0,1,round_config.json
ffa,Nonlinear FFA,mrpc_stratified,MRPC stratified,roberta-base,RoBERTa-base,homo,Homo,20,150,3,3,128,127,84.31372549019608,0.0,1,round_config.json
ffa,Nonlinear FFA,mrpc_stratified,MRPC stratified,roberta-base,RoBERTa-base,homo,Homo,20,150,3,3,129,128,83.82352941176471,0.0,1,round_config.json
ffa,Nonlinear FFA,mrpc_stratified,MRPC stratified,roberta-base,RoBERTa-base,homo,Homo,20,150,3,3,130,129,82.84313725490196,0.0,1,round_config.json
ffa,Nonlinear FFA,mrpc_stratified,MRPC stratified,roberta-base,RoBERTa-base,homo,Homo,20,150,3,3,131,130,83.33333333333334,0.0,1,round_config.json
ffa,Nonlinear FFA,mrpc_stratified,MRPC stratified,roberta-base,RoBERTa-base,homo,Homo,20,150,3,3,132,131,83.08823529411765,0.0,1,round_config.json
ffa,Nonlinear FFA,mrpc_stratified,MRPC stratified,roberta-base,RoBERTa-base,homo,Homo,20,150,3,3,133,132,81.86274509803921,0.0,1,round_config.json
ffa,Nonlinear FFA,mrpc_stratified,MRPC stratified,roberta-base,RoBERTa-base,homo,Homo,20,150,3,3,134,133,82.35294117647058,0.0,1,round_config.json
ffa,Nonlinear FFA,mrpc_stratified,MRPC stratified,roberta-base,RoBERTa-base,homo,Homo,20,150,3,3,135,134,83.08823529411765,0.0,1,round_config.json
ffa,Nonlinear FFA,mrpc_stratified,MRPC stratified,roberta-base,RoBERTa-base,homo,Homo,20,150,3,3,136,135,83.33333333333334,0.0,1,round_config.json
ffa,Nonlinear FFA,mrpc_stratified,MRPC stratified,roberta-base,RoBERTa-base,homo,Homo,20,150,3,3,137,136,83.08823529411765,0.0,1,round_config.json
ffa,Nonlinear FFA,mrpc_stratified,MRPC stratified,roberta-base,RoBERTa-base,homo,Homo,20,150,3,3,138,137,82.59803921568627,0.0,1,round_config.json
ffa,Nonlinear FFA,mrpc_stratified,MRPC stratified,roberta-base,RoBERTa-base,homo,Homo,20,150,3,3,139,138,82.35294117647058,0.0,1,round_config.json
ffa,Nonlinear FFA,mrpc_stratified,MRPC stratified,roberta-base,RoBERTa-base,homo,Homo,20,150,3,3,140,139,82.84313725490196,0.0,1,round_config.json
ffa,Nonlinear FFA,mrpc_stratified,MRPC stratified,roberta-base,RoBERTa-base,homo,Homo,20,150,3,3,141,140,82.59803921568627,0.0,1,round_config.json
ffa,Nonlinear FFA,mrpc_stratified,MRPC stratified,roberta-base,RoBERTa-base,homo,Homo,20,150,3,3,142,141,82.35294117647058,0.0,1,round_config.json
ffa,Nonlinear FFA,mrpc_stratified,MRPC stratified,roberta-base,RoBERTa-base,homo,Homo,20,150,3,3,143,142,83.08823529411765,0.0,1,round_config.json
ffa,Nonlinear FFA,mrpc_stratified,MRPC stratified,roberta-base,RoBERTa-base,homo,Homo,20,150,3,3,144,143,82.84313725490196,0.0,1,round_config.json
ffa,Nonlinear FFA,mrpc_stratified,MRPC stratified,roberta-base,RoBERTa-base,homo,Homo,20,150,3,3,145,144,83.08823529411765,0.0,1,round_config.json
ffa,Nonlinear FFA,mrpc_stratified,MRPC stratified,roberta-base,RoBERTa-base,homo,Homo,20,150,3,3,146,145,82.59803921568627,0.0,1,round_config.json
ffa,Nonlinear FFA,mrpc_stratified,MRPC stratified,roberta-base,RoBERTa-base,homo,Homo,20,150,3,3,147,146,82.1078431372549,0.0,1,round_config.json
ffa,Nonlinear FFA,mrpc_stratified,MRPC stratified,roberta-base,RoBERTa-base,homo,Homo,20,150,3,3,148,147,82.35294117647058,0.0,1,round_config.json
ffa,Nonlinear FFA,mrpc_stratified,MRPC stratified,roberta-base,RoBERTa-base,homo,Homo,20,150,3,3,149,148,82.35294117647058,0.0,1,round_config.json
ffa,Nonlinear FFA,mrpc_stratified,MRPC stratified,roberta-base,RoBERTa-base,homo,Homo,20,150,3,3,150,149,82.35294117647058,0.0,1,round_config.json
flora,Linear FLoRA,mrpc_stratified,MRPC stratified,roberta-base,RoBERTa-base,homo,Homo,20,150,10,10,1,0,76.9607843137255,0.0,1,round_config.json
flora,Linear FLoRA,mrpc_stratified,MRPC stratified,roberta-base,RoBERTa-base,homo,Homo,20,150,10,10,2,1,79.16666666666666,0.0,1,round_config.json
flora,Linear FLoRA,mrpc_stratified,MRPC stratified,roberta-base,RoBERTa-base,homo,Homo,20,150,10,10,3,2,81.61764705882352,0.0,1,round_config.json
flora,Linear FLoRA,mrpc_stratified,MRPC stratified,roberta-base,RoBERTa-base,homo,Homo,20,150,10,10,4,3,82.35294117647058,0.0,1,round_config.json
flora,Linear FLoRA,mrpc_stratified,MRPC stratified,roberta-base,RoBERTa-base,homo,Homo,20,150,10,10,5,4,83.33333333333334,0.0,1,round_config.json
flora,Linear FLoRA,mrpc_stratified,MRPC stratified,roberta-base,RoBERTa-base,homo,Homo,20,150,10,10,6,5,83.82352941176471,0.0,1,round_config.json
flora,Linear FLoRA,mrpc_stratified,MRPC stratified,roberta-base,RoBERTa-base,homo,Homo,20,150,10,10,7,6,84.31372549019608,0.0,1,round_config.json
flora,Linear FLoRA,mrpc_stratified,MRPC stratified,roberta-base,RoBERTa-base,homo,Homo,20,150,10,10,8,7,83.82352941176471,0.0,1,round_config.json
flora,Linear FLoRA,mrpc_stratified,MRPC stratified,roberta-base,RoBERTa-base,homo,Homo,20,150,10,10,9,8,84.06862745098039,0.0,1,round_config.json
flora,Linear FLoRA,mrpc_stratified,MRPC stratified,roberta-base,RoBERTa-base,homo,Homo,20,150,10,10,10,9,84.31372549019608,0.0,1,round_config.json
flora,Linear FLoRA,mrpc_stratified,MRPC stratified,roberta-base,RoBERTa-base,homo,Homo,20,150,10,10,11,10,84.55882352941177,0.0,1,round_config.json
flora,Linear FLoRA,mrpc_stratified,MRPC stratified,roberta-base,RoBERTa-base,homo,Homo,20,150,10,10,12,11,84.06862745098039,0.0,1,round_config.json
flora,Linear FLoRA,mrpc_stratified,MRPC stratified,roberta-base,RoBERTa-base,homo,Homo,20,150,10,10,13,12,84.06862745098039,0.0,1,round_config.json
flora,Linear FLoRA,mrpc_stratified,MRPC stratified,roberta-base,RoBERTa-base,homo,Homo,20,150,10,10,14,13,84.55882352941177,0.0,1,round_config.json
flora,Linear FLoRA,mrpc_stratified,MRPC stratified,roberta-base,RoBERTa-base,homo,Homo,20,150,10,10,15,14,84.80392156862744,0.0,1,round_config.json
flora,Linear FLoRA,mrpc_stratified,MRPC stratified,roberta-base,RoBERTa-base,homo,Homo,20,150,10,10,16,15,84.55882352941177,0.0,1,round_config.json
flora,Linear FLoRA,mrpc_stratified,MRPC stratified,roberta-base,RoBERTa-base,homo,Homo,20,150,10,10,17,16,84.06862745098039,0.0,1,round_config.json
flora,Linear FLoRA,mrpc_stratified,MRPC stratified,roberta-base,RoBERTa-base,homo,Homo,20,150,10,10,18,17,84.06862745098039,0.0,1,round_config.json
flora,Linear FLoRA,mrpc_stratified,MRPC stratified,roberta-base,RoBERTa-base,homo,Homo,20,150,10,10,19,18,84.31372549019608,0.0,1,round_config.json
flora,Linear FLoRA,mrpc_stratified,MRPC stratified,roberta-base,RoBERTa-base,homo,Homo,20,150,10,10,20,19,84.55882352941177,0.0,1,round_config.json
flora,Linear FLoRA,mrpc_stratified,MRPC stratified,roberta-base,RoBERTa-base,homo,Homo,20,150,10,10,21,20,84.55882352941177,0.0,1,round_config.json
flora,Linear FLoRA,mrpc_stratified,MRPC stratified,roberta-base,RoBERTa-base,homo,Homo,20,150,10,10,22,21,84.80392156862744,0.0,1,round_config.json
flora,Linear FLoRA,mrpc_stratified,MRPC stratified,roberta-base,RoBERTa-base,homo,Homo,20,150,10,10,23,22,84.80392156862744,0.0,1,round_config.json
flora,Linear FLoRA,mrpc_stratified,MRPC stratified,roberta-base,RoBERTa-base,homo,Homo,20,150,10,10,24,23,84.55882352941177,0.0,1,round_config.json
flora,Linear FLoRA,mrpc_stratified,MRPC stratified,roberta-base,RoBERTa-base,homo,Homo,20,150,10,10,25,24,84.31372549019608,0.0,1,round_config.json
flora,Linear FLoRA,mrpc_stratified,MRPC stratified,roberta-base,RoBERTa-base,homo,Homo,20,150,10,10,26,25,84.31372549019608,0.0,1,round_config.json
flora,Linear FLoRA,mrpc_stratified,MRPC stratified,roberta-base,RoBERTa-base,homo,Homo,20,150,10,10,27,26,84.55882352941177,0.0,1,round_config.json
flora,Linear FLoRA,mrpc_stratified,MRPC stratified,roberta-base,RoBERTa-base,homo,Homo,20,150,10,10,28,27,83.82352941176471,0.0,1,round_config.json
flora,Linear FLoRA,mrpc_stratified,MRPC stratified,roberta-base,RoBERTa-base,homo,Homo,20,150,10,10,29,28,84.55882352941177,0.0,1,round_config.json
flora,Linear FLoRA,mrpc_stratified,MRPC stratified,roberta-base,RoBERTa-base,homo,Homo,20,150,10,10,30,29,84.06862745098039,0.0,1,round_config.json
flora,Linear FLoRA,mrpc_stratified,MRPC stratified,roberta-base,RoBERTa-base,homo,Homo,20,150,10,10,31,30,84.06862745098039,0.0,1,round_config.json
flora,Linear FLoRA,mrpc_stratified,MRPC stratified,roberta-base,RoBERTa-base,homo,Homo,20,150,10,10,32,31,84.06862745098039,0.0,1,round_config.json
flora,Linear FLoRA,mrpc_stratified,MRPC stratified,roberta-base,RoBERTa-base,homo,Homo,20,150,10,10,33,32,83.82352941176471,0.0,1,round_config.json
flora,Linear FLoRA,mrpc_stratified,MRPC stratified,roberta-base,RoBERTa-base,homo,Homo,20,150,10,10,34,33,84.06862745098039,0.0,1,round_config.json
flora,Linear FLoRA,mrpc_stratified,MRPC stratified,roberta-base,RoBERTa-base,homo,Homo,20,150,10,10,35,34,83.82352941176471,0.0,1,round_config.json
flora,Linear FLoRA,mrpc_stratified,MRPC stratified,roberta-base,RoBERTa-base,homo,Homo,20,150,10,10,36,35,83.57843137254902,0.0,1,round_config.json
flora,Linear FLoRA,mrpc_stratified,MRPC stratified,roberta-base,RoBERTa-base,homo,Homo,20,150,10,10,37,36,84.55882352941177,0.0,1,round_config.json
flora,Linear FLoRA,mrpc_stratified,MRPC stratified,roberta-base,RoBERTa-base,homo,Homo,20,150,10,10,38,37,85.04901960784314,0.0,1,round_config.json
flora,Linear FLoRA,mrpc_stratified,MRPC stratified,roberta-base,RoBERTa-base,homo,Homo,20,150,10,10,39,38,84.80392156862744,0.0,1,round_config.json
flora,Linear FLoRA,mrpc_stratified,MRPC stratified,roberta-base,RoBERTa-base,homo,Homo,20,150,10,10,40,39,84.80392156862744,0.0,1,round_config.json
flora,Linear FLoRA,mrpc_stratified,MRPC stratified,roberta-base,RoBERTa-base,homo,Homo,20,150,10,10,41,40,84.80392156862744,0.0,1,round_config.json
flora,Linear FLoRA,mrpc_stratified,MRPC stratified,roberta-base,RoBERTa-base,homo,Homo,20,150,10,10,42,41,85.29411764705883,0.0,1,round_config.json
flora,Linear FLoRA,mrpc_stratified,MRPC stratified,roberta-base,RoBERTa-base,homo,Homo,20,150,10,10,43,42,85.7843137254902,0.0,1,round_config.json
flora,Linear FLoRA,mrpc_stratified,MRPC stratified,roberta-base,RoBERTa-base,homo,Homo,20,150,10,10,44,43,85.5392156862745,0.0,1,round_config.json
flora,Linear FLoRA,mrpc_stratified,MRPC stratified,roberta-base,RoBERTa-base,homo,Homo,20,150,10,10,45,44,86.02941176470588,0.0,1,round_config.json
flora,Linear FLoRA,mrpc_stratified,MRPC stratified,roberta-base,RoBERTa-base,homo,Homo,20,150,10,10,46,45,85.29411764705883,0.0,1,round_config.json
flora,Linear FLoRA,mrpc_stratified,MRPC stratified,roberta-base,RoBERTa-base,homo,Homo,20,150,10,10,47,46,85.7843137254902,0.0,1,round_config.json
flora,Linear FLoRA,mrpc_stratified,MRPC stratified,roberta-base,RoBERTa-base,homo,Homo,20,150,10,10,48,47,85.29411764705883,0.0,1,round_config.json
flora,Linear FLoRA,mrpc_stratified,MRPC stratified,roberta-base,RoBERTa-base,homo,Homo,20,150,10,10,49,48,85.5392156862745,0.0,1,round_config.json
flora,Linear FLoRA,mrpc_stratified,MRPC stratified,roberta-base,RoBERTa-base,homo,Homo,20,150,10,10,50,49,85.29411764705883,0.0,1,round_config.json
flora,Linear FLoRA,mrpc_stratified,MRPC stratified,roberta-base,RoBERTa-base,homo,Homo,20,150,10,10,51,50,85.5392156862745,0.0,1,round_config.json
flora,Linear FLoRA,mrpc_stratified,MRPC stratified,roberta-base,RoBERTa-base,homo,Homo,20,150,10,10,52,51,85.5392156862745,0.0,1,round_config.json
flora,Linear FLoRA,mrpc_stratified,MRPC stratified,roberta-base,RoBERTa-base,homo,Homo,20,150,10,10,53,52,85.5392156862745,0.0,1,round_config.json
flora,Linear FLoRA,mrpc_stratified,MRPC stratified,roberta-base,RoBERTa-base,homo,Homo,20,150,10,10,54,53,85.5392156862745,0.0,1,round_config.json
flora,Linear FLoRA,mrpc_stratified,MRPC stratified,roberta-base,RoBERTa-base,homo,Homo,20,150,10,10,55,54,85.5392156862745,0.0,1,round_config.json
flora,Linear FLoRA,mrpc_stratified,MRPC stratified,roberta-base,RoBERTa-base,homo,Homo,20,150,10,10,56,55,85.5392156862745,0.0,1,round_config.json
flora,Linear FLoRA,mrpc_stratified,MRPC stratified,roberta-base,RoBERTa-base,homo,Homo,20,150,10,10,57,56,85.7843137254902,0.0,1,round_config.json
flora,Linear FLoRA,mrpc_stratified,MRPC stratified,roberta-base,RoBERTa-base,homo,Homo,20,150,10,10,58,57,85.29411764705883,0.0,1,round_config.json
flora,Linear FLoRA,mrpc_stratified,MRPC stratified,roberta-base,RoBERTa-base,homo,Homo,20,150,10,10,59,58,85.5392156862745,0.0,1,round_config.json
flora,Linear FLoRA,mrpc_stratified,MRPC stratified,roberta-base,RoBERTa-base,homo,Homo,20,150,10,10,60,59,86.02941176470588,0.0,1,round_config.json
flora,Linear FLoRA,mrpc_stratified,MRPC stratified,roberta-base,RoBERTa-base,homo,Homo,20,150,10,10,61,60,85.5392156862745,0.0,1,round_config.json
flora,Linear FLoRA,mrpc_stratified,MRPC stratified,roberta-base,RoBERTa-base,homo,Homo,20,150,10,10,62,61,85.7843137254902,0.0,1,round_config.json
flora,Linear FLoRA,mrpc_stratified,MRPC stratified,roberta-base,RoBERTa-base,homo,Homo,20,150,10,10,63,62,85.5392156862745,0.0,1,round_config.json
flora,Linear FLoRA,mrpc_stratified,MRPC stratified,roberta-base,RoBERTa-base,homo,Homo,20,150,10,10,64,63,85.29411764705883,0.0,1,round_config.json
flora,Linear FLoRA,mrpc_stratified,MRPC stratified,roberta-base,RoBERTa-base,homo,Homo,20,150,10,10,65,64,86.27450980392157,0.0,1,round_config.json
flora,Linear FLoRA,mrpc_stratified,MRPC stratified,roberta-base,RoBERTa-base,homo,Homo,20,150,10,10,66,65,85.5392156862745,0.0,1,round_config.json
flora,Linear FLoRA,mrpc_stratified,MRPC stratified,roberta-base,RoBERTa-base,homo,Homo,20,150,10,10,67,66,85.29411764705883,0.0,1,round_config.json
flora,Linear FLoRA,mrpc_stratified,MRPC stratified,roberta-base,RoBERTa-base,homo,Homo,20,150,10,10,68,67,85.5392156862745,0.0,1,round_config.json
flora,Linear FLoRA,mrpc_stratified,MRPC stratified,roberta-base,RoBERTa-base,homo,Homo,20,150,10,10,69,68,85.7843137254902,0.0,1,round_config.json
flora,Linear FLoRA,mrpc_stratified,MRPC stratified,roberta-base,RoBERTa-base,homo,Homo,20,150,10,10,70,69,85.29411764705883,0.0,1,round_config.json
flora,Linear FLoRA,mrpc_stratified,MRPC stratified,roberta-base,RoBERTa-base,homo,Homo,20,150,10,10,71,70,85.29411764705883,0.0,1,round_config.json
flora,Linear FLoRA,mrpc_stratified,MRPC stratified,roberta-base,RoBERTa-base,homo,Homo,20,150,10,10,72,71,85.5392156862745,0.0,1,round_config.json
flora,Linear FLoRA,mrpc_stratified,MRPC stratified,roberta-base,RoBERTa-base,homo,Homo,20,150,10,10,73,72,85.5392156862745,0.0,1,round_config.json
flora,Linear FLoRA,mrpc_stratified,MRPC stratified,roberta-base,RoBERTa-base,homo,Homo,20,150,10,10,74,73,86.27450980392157,0.0,1,round_config.json
flora,Linear FLoRA,mrpc_stratified,MRPC stratified,roberta-base,RoBERTa-base,homo,Homo,20,150,10,10,75,74,85.5392156862745,0.0,1,round_config.json
flora,Linear FLoRA,mrpc_stratified,MRPC stratified,roberta-base,RoBERTa-base,homo,Homo,20,150,10,10,76,75,85.04901960784314,0.0,1,round_config.json
flora,Linear FLoRA,mrpc_stratified,MRPC stratified,roberta-base,RoBERTa-base,homo,Homo,20,150,10,10,77,76,85.29411764705883,0.0,1,round_config.json
flora,Linear FLoRA,mrpc_stratified,MRPC stratified,roberta-base,RoBERTa-base,homo,Homo,20,150,10,10,78,77,85.29411764705883,0.0,1,round_config.json
flora,Linear FLoRA,mrpc_stratified,MRPC stratified,roberta-base,RoBERTa-base,homo,Homo,20,150,10,10,79,78,84.80392156862744,0.0,1,round_config.json
flora,Linear FLoRA,mrpc_stratified,MRPC stratified,roberta-base,RoBERTa-base,homo,Homo,20,150,10,10,80,79,85.04901960784314,0.0,1,round_config.json
flora,Linear FLoRA,mrpc_stratified,MRPC stratified,roberta-base,RoBERTa-base,homo,Homo,20,150,10,10,81,80,85.04901960784314,0.0,1,round_config.json
flora,Linear FLoRA,mrpc_stratified,MRPC stratified,roberta-base,RoBERTa-base,homo,Homo,20,150,10,10,82,81,84.80392156862744,0.0,1,round_config.json
flora,Linear FLoRA,mrpc_stratified,MRPC stratified,roberta-base,RoBERTa-base,homo,Homo,20,150,10,10,83,82,85.5392156862745,0.0,1,round_config.json
flora,Linear FLoRA,mrpc_stratified,MRPC stratified,roberta-base,RoBERTa-base,homo,Homo,20,150,10,10,84,83,85.29411764705883,0.0,1,round_config.json
flora,Linear FLoRA,mrpc_stratified,MRPC stratified,roberta-base,RoBERTa-base,homo,Homo,20,150,10,10,85,84,85.04901960784314,0.0,1,round_config.json
flora,Linear FLoRA,mrpc_stratified,MRPC stratified,roberta-base,RoBERTa-base,homo,Homo,20,150,10,10,86,85,85.29411764705883,0.0,1,round_config.json
flora,Linear FLoRA,mrpc_stratified,MRPC stratified,roberta-base,RoBERTa-base,homo,Homo,20,150,10,10,87,86,85.7843137254902,0.0,1,round_config.json
flora,Linear FLoRA,mrpc_stratified,MRPC stratified,roberta-base,RoBERTa-base,homo,Homo,20,150,10,10,88,87,85.7843137254902,0.0,1,round_config.json
flora,Linear FLoRA,mrpc_stratified,MRPC stratified,roberta-base,RoBERTa-base,homo,Homo,20,150,10,10,89,88,86.02941176470588,0.0,1,round_config.json
flora,Linear FLoRA,mrpc_stratified,MRPC stratified,roberta-base,RoBERTa-base,homo,Homo,20,150,10,10,90,89,85.29411764705883,0.0,1,round_config.json
flora,Linear FLoRA,mrpc_stratified,MRPC stratified,roberta-base,RoBERTa-base,homo,Homo,20,150,10,10,91,90,85.5392156862745,0.0,1,round_config.json
flora,Linear FLoRA,mrpc_stratified,MRPC stratified,roberta-base,RoBERTa-base,homo,Homo,20,150,10,10,92,91,85.29411764705883,0.0,1,round_config.json
flora,Linear FLoRA,mrpc_stratified,MRPC stratified,roberta-base,RoBERTa-base,homo,Homo,20,150,10,10,93,92,86.02941176470588,0.0,1,round_config.json
flora,Linear FLoRA,mrpc_stratified,MRPC stratified,roberta-base,RoBERTa-base,homo,Homo,20,150,10,10,94,93,86.02941176470588,0.0,1,round_config.json
flora,Linear FLoRA,mrpc_stratified,MRPC stratified,roberta-base,RoBERTa-base,homo,Homo,20,150,10,10,95,94,86.02941176470588,0.0,1,round_config.json
flora,Linear FLoRA,mrpc_stratified,MRPC stratified,roberta-base,RoBERTa-base,homo,Homo,20,150,10,10,96,95,85.7843137254902,0.0,1,round_config.json
flora,Linear FLoRA,mrpc_stratified,MRPC stratified,roberta-base,RoBERTa-base,homo,Homo,20,150,10,10,97,96,85.04901960784314,0.0,1,round_config.json
flora,Linear FLoRA,mrpc_stratified,MRPC stratified,roberta-base,RoBERTa-base,homo,Homo,20,150,10,10,98,97,86.27450980392157,0.0,1,round_config.json
flora,Linear FLoRA,mrpc_stratified,MRPC stratified,roberta-base,RoBERTa-base,homo,Homo,20,150,10,10,99,98,86.02941176470588,0.0,1,round_config.json
flora,Linear FLoRA,mrpc_stratified,MRPC stratified,roberta-base,RoBERTa-base,homo,Homo,20,150,10,10,100,99,85.5392156862745,0.0,1,round_config.json
flora,Linear FLoRA,mrpc_stratified,MRPC stratified,roberta-base,RoBERTa-base,homo,Homo,20,150,10,10,101,100,84.80392156862744,0.0,1,round_config.json
flora,Linear FLoRA,mrpc_stratified,MRPC stratified,roberta-base,RoBERTa-base,homo,Homo,20,150,10,10,102,101,85.5392156862745,0.0,1,round_config.json
flora,Linear FLoRA,mrpc_stratified,MRPC stratified,roberta-base,RoBERTa-base,homo,Homo,20,150,10,10,103,102,84.55882352941177,0.0,1,round_config.json
flora,Linear FLoRA,mrpc_stratified,MRPC stratified,roberta-base,RoBERTa-base,homo,Homo,20,150,10,10,104,103,85.29411764705883,0.0,1,round_config.json
flora,Linear FLoRA,mrpc_stratified,MRPC stratified,roberta-base,RoBERTa-base,homo,Homo,20,150,10,10,105,104,84.31372549019608,0.0,1,round_config.json
flora,Linear FLoRA,mrpc_stratified,MRPC stratified,roberta-base,RoBERTa-base,homo,Homo,20,150,10,10,106,105,85.04901960784314,0.0,1,round_config.json
flora,Linear FLoRA,mrpc_stratified,MRPC stratified,roberta-base,RoBERTa-base,homo,Homo,20,150,10,10,107,106,84.31372549019608,0.0,1,round_config.json
flora,Linear FLoRA,mrpc_stratified,MRPC stratified,roberta-base,RoBERTa-base,homo,Homo,20,150,10,10,108,107,85.04901960784314,0.0,1,round_config.json
flora,Linear FLoRA,mrpc_stratified,MRPC stratified,roberta-base,RoBERTa-base,homo,Homo,20,150,10,10,109,108,86.27450980392157,0.0,1,round_config.json
flora,Linear FLoRA,mrpc_stratified,MRPC stratified,roberta-base,RoBERTa-base,homo,Homo,20,150,10,10,110,109,84.80392156862744,0.0,1,round_config.json
flora,Linear FLoRA,mrpc_stratified,MRPC stratified,roberta-base,RoBERTa-base,homo,Homo,20,150,10,10,111,110,84.55882352941177,0.0,1,round_config.json
flora,Linear FLoRA,mrpc_stratified,MRPC stratified,roberta-base,RoBERTa-base,homo,Homo,20,150,10,10,112,111,85.7843137254902,0.0,1,round_config.json
flora,Linear FLoRA,mrpc_stratified,MRPC stratified,roberta-base,RoBERTa-base,homo,Homo,20,150,10,10,113,112,84.06862745098039,0.0,1,round_config.json
flora,Linear FLoRA,mrpc_stratified,MRPC stratified,roberta-base,RoBERTa-base,homo,Homo,20,150,10,10,114,113,84.31372549019608,0.0,1,round_config.json
flora,Linear FLoRA,mrpc_stratified,MRPC stratified,roberta-base,RoBERTa-base,homo,Homo,20,150,10,10,115,114,84.80392156862744,0.0,1,round_config.json
flora,Linear FLoRA,mrpc_stratified,MRPC stratified,roberta-base,RoBERTa-base,homo,Homo,20,150,10,10,116,115,85.04901960784314,0.0,1,round_config.json
flora,Linear FLoRA,mrpc_stratified,MRPC stratified,roberta-base,RoBERTa-base,homo,Homo,20,150,10,10,117,116,85.7843137254902,0.0,1,round_config.json
flora,Linear FLoRA,mrpc_stratified,MRPC stratified,roberta-base,RoBERTa-base,homo,Homo,20,150,10,10,118,117,85.5392156862745,0.0,1,round_config.json
flora,Linear FLoRA,mrpc_stratified,MRPC stratified,roberta-base,RoBERTa-base,homo,Homo,20,150,10,10,119,118,84.31372549019608,0.0,1,round_config.json
flora,Linear FLoRA,mrpc_stratified,MRPC stratified,roberta-base,RoBERTa-base,homo,Homo,20,150,10,10,120,119,84.31372549019608,0.0,1,round_config.json
flora,Linear FLoRA,mrpc_stratified,MRPC stratified,roberta-base,RoBERTa-base,homo,Homo,20,150,10,10,121,120,84.80392156862744,0.0,1,round_config.json
flora,Linear FLoRA,mrpc_stratified,MRPC stratified,roberta-base,RoBERTa-base,homo,Homo,20,150,10,10,122,121,85.29411764705883,0.0,1,round_config.json
flora,Linear FLoRA,mrpc_stratified,MRPC stratified,roberta-base,RoBERTa-base,homo,Homo,20,150,10,10,123,122,84.31372549019608,0.0,1,round_config.json
flora,Linear FLoRA,mrpc_stratified,MRPC stratified,roberta-base,RoBERTa-base,homo,Homo,20,150,10,10,124,123,85.5392156862745,0.0,1,round_config.json
flora,Linear FLoRA,mrpc_stratified,MRPC stratified,roberta-base,RoBERTa-base,homo,Homo,20,150,10,10,125,124,85.04901960784314,0.0,1,round_config.json
flora,Linear FLoRA,mrpc_stratified,MRPC stratified,roberta-base,RoBERTa-base,homo,Homo,20,150,10,10,126,125,84.55882352941177,0.0,1,round_config.json
flora,Linear FLoRA,mrpc_stratified,MRPC stratified,roberta-base,RoBERTa-base,homo,Homo,20,150,10,10,127,126,84.55882352941177,0.0,1,round_config.json
flora,Linear FLoRA,mrpc_stratified,MRPC stratified,roberta-base,RoBERTa-base,homo,Homo,20,150,10,10,128,127,84.31372549019608,0.0,1,round_config.json
flora,Linear FLoRA,mrpc_stratified,MRPC stratified,roberta-base,RoBERTa-base,homo,Homo,20,150,10,10,129,128,84.55882352941177,0.0,1,round_config.json
flora,Linear FLoRA,mrpc_stratified,MRPC stratified,roberta-base,RoBERTa-base,homo,Homo,20,150,10,10,130,129,84.31372549019608,0.0,1,round_config.json
flora,Linear FLoRA,mrpc_stratified,MRPC stratified,roberta-base,RoBERTa-base,homo,Homo,20,150,10,10,131,130,84.55882352941177,0.0,1,round_config.json
flora,Linear FLoRA,mrpc_stratified,MRPC stratified,roberta-base,RoBERTa-base,homo,Homo,20,150,10,10,132,131,85.29411764705883,0.0,1,round_config.json
flora,Linear FLoRA,mrpc_stratified,MRPC stratified,roberta-base,RoBERTa-base,homo,Homo,20,150,10,10,133,132,84.06862745098039,0.0,1,round_config.json
flora,Linear FLoRA,mrpc_stratified,MRPC stratified,roberta-base,RoBERTa-base,homo,Homo,20,150,10,10,134,133,84.55882352941177,0.0,1,round_config.json
flora,Linear FLoRA,mrpc_stratified,MRPC stratified,roberta-base,RoBERTa-base,homo,Homo,20,150,10,10,135,134,84.80392156862744,0.0,1,round_config.json
flora,Linear FLoRA,mrpc_stratified,MRPC stratified,roberta-base,RoBERTa-base,homo,Homo,20,150,10,10,136,135,85.04901960784314,0.0,1,round_config.json
flora,Linear FLoRA,mrpc_stratified,MRPC stratified,roberta-base,RoBERTa-base,homo,Homo,20,150,10,10,137,136,85.29411764705883,0.0,1,round_config.json
flora,Linear FLoRA,mrpc_stratified,MRPC stratified,roberta-base,RoBERTa-base,homo,Homo,20,150,10,10,138,137,85.04901960784314,0.0,1,round_config.json
flora,Linear FLoRA,mrpc_stratified,MRPC stratified,roberta-base,RoBERTa-base,homo,Homo,20,150,10,10,139,138,85.04901960784314,0.0,1,round_config.json
flora,Linear FLoRA,mrpc_stratified,MRPC stratified,roberta-base,RoBERTa-base,homo,Homo,20,150,10,10,140,139,84.80392156862744,0.0,1,round_config.json
flora,Linear FLoRA,mrpc_stratified,MRPC stratified,roberta-base,RoBERTa-base,homo,Homo,20,150,10,10,141,140,84.55882352941177,0.0,1,round_config.json
flora,Linear FLoRA,mrpc_stratified,MRPC stratified,roberta-base,RoBERTa-base,homo,Homo,20,150,10,10,142,141,85.7843137254902,0.0,1,round_config.json
flora,Linear FLoRA,mrpc_stratified,MRPC stratified,roberta-base,RoBERTa-base,homo,Homo,20,150,10,10,143,142,85.29411764705883,0.0,1,round_config.json
flora,Linear FLoRA,mrpc_stratified,MRPC stratified,roberta-base,RoBERTa-base,homo,Homo,20,150,10,10,144,143,85.5392156862745,0.0,1,round_config.json
flora,Linear FLoRA,mrpc_stratified,MRPC stratified,roberta-base,RoBERTa-base,homo,Homo,20,150,10,10,145,144,85.04901960784314,0.0,1,round_config.json
flora,Linear FLoRA,mrpc_stratified,MRPC stratified,roberta-base,RoBERTa-base,homo,Homo,20,150,10,10,146,145,85.29411764705883,0.0,1,round_config.json
flora,Linear FLoRA,mrpc_stratified,MRPC stratified,roberta-base,RoBERTa-base,homo,Homo,20,150,10,10,147,146,85.29411764705883,0.0,1,round_config.json
flora,Linear FLoRA,mrpc_stratified,MRPC stratified,roberta-base,RoBERTa-base,homo,Homo,20,150,10,10,148,147,85.5392156862745,0.0,1,round_config.json
flora,Linear FLoRA,mrpc_stratified,MRPC stratified,roberta-base,RoBERTa-base,homo,Homo,20,150,10,10,149,148,85.5392156862745,0.0,1,round_config.json
flora,Linear FLoRA,mrpc_stratified,MRPC stratified,roberta-base,RoBERTa-base,homo,Homo,20,150,10,10,150,149,85.29411764705883,0.0,1,round_config.json
ffa,Nonlinear FFA,mrpc_stratified,MRPC stratified,roberta-base,RoBERTa-base,homo,Homo,20,150,10,10,1,0,70.09803921568627,0.0,1,round_config.json
ffa,Nonlinear FFA,mrpc_stratified,MRPC stratified,roberta-base,RoBERTa-base,homo,Homo,20,150,10,10,2,1,73.52941176470588,0.0,1,round_config.json
ffa,Nonlinear FFA,mrpc_stratified,MRPC stratified,roberta-base,RoBERTa-base,homo,Homo,20,150,10,10,3,2,74.26470588235294,0.0,1,round_config.json
ffa,Nonlinear FFA,mrpc_stratified,MRPC stratified,roberta-base,RoBERTa-base,homo,Homo,20,150,10,10,4,3,76.22549019607843,0.0,1,round_config.json
ffa,Nonlinear FFA,mrpc_stratified,MRPC stratified,roberta-base,RoBERTa-base,homo,Homo,20,150,10,10,5,4,75.98039215686273,0.0,1,round_config.json
ffa,Nonlinear FFA,mrpc_stratified,MRPC stratified,roberta-base,RoBERTa-base,homo,Homo,20,150,10,10,6,5,77.94117647058823,0.0,1,round_config.json
ffa,Nonlinear FFA,mrpc_stratified,MRPC stratified,roberta-base,RoBERTa-base,homo,Homo,20,150,10,10,7,6,78.67647058823529,0.0,1,round_config.json
ffa,Nonlinear FFA,mrpc_stratified,MRPC stratified,roberta-base,RoBERTa-base,homo,Homo,20,150,10,10,8,7,79.41176470588235,0.0,1,round_config.json
ffa,Nonlinear FFA,mrpc_stratified,MRPC stratified,roberta-base,RoBERTa-base,homo,Homo,20,150,10,10,9,8,79.90196078431373,0.0,1,round_config.json
ffa,Nonlinear FFA,mrpc_stratified,MRPC stratified,roberta-base,RoBERTa-base,homo,Homo,20,150,10,10,10,9,80.3921568627451,0.0,1,round_config.json
ffa,Nonlinear FFA,mrpc_stratified,MRPC stratified,roberta-base,RoBERTa-base,homo,Homo,20,150,10,10,11,10,80.14705882352942,0.0,1,round_config.json
ffa,Nonlinear FFA,mrpc_stratified,MRPC stratified,roberta-base,RoBERTa-base,homo,Homo,20,150,10,10,12,11,80.88235294117648,0.0,1,round_config.json
ffa,Nonlinear FFA,mrpc_stratified,MRPC stratified,roberta-base,RoBERTa-base,homo,Homo,20,150,10,10,13,12,80.63725490196079,0.0,1,round_config.json
ffa,Nonlinear FFA,mrpc_stratified,MRPC stratified,roberta-base,RoBERTa-base,homo,Homo,20,150,10,10,14,13,81.12745098039215,0.0,1,round_config.json
ffa,Nonlinear FFA,mrpc_stratified,MRPC stratified,roberta-base,RoBERTa-base,homo,Homo,20,150,10,10,15,14,81.37254901960785,0.0,1,round_config.json
ffa,Nonlinear FFA,mrpc_stratified,MRPC stratified,roberta-base,RoBERTa-base,homo,Homo,20,150,10,10,16,15,80.63725490196079,0.0,1,round_config.json
ffa,Nonlinear FFA,mrpc_stratified,MRPC stratified,roberta-base,RoBERTa-base,homo,Homo,20,150,10,10,17,16,81.37254901960785,0.0,1,round_config.json
ffa,Nonlinear FFA,mrpc_stratified,MRPC stratified,roberta-base,RoBERTa-base,homo,Homo,20,150,10,10,18,17,82.35294117647058,0.0,1,round_config.json
ffa,Nonlinear FFA,mrpc_stratified,MRPC stratified,roberta-base,RoBERTa-base,homo,Homo,20,150,10,10,19,18,81.86274509803921,0.0,1,round_config.json
ffa,Nonlinear FFA,mrpc_stratified,MRPC stratified,roberta-base,RoBERTa-base,homo,Homo,20,150,10,10,20,19,82.1078431372549,0.0,1,round_config.json
ffa,Nonlinear FFA,mrpc_stratified,MRPC stratified,roberta-base,RoBERTa-base,homo,Homo,20,150,10,10,21,20,82.59803921568627,0.0,1,round_config.json
ffa,Nonlinear FFA,mrpc_stratified,MRPC stratified,roberta-base,RoBERTa-base,homo,Homo,20,150,10,10,22,21,83.33333333333334,0.0,1,round_config.json
ffa,Nonlinear FFA,mrpc_stratified,MRPC stratified,roberta-base,RoBERTa-base,homo,Homo,20,150,10,10,23,22,83.33333333333334,0.0,1,round_config.json
ffa,Nonlinear FFA,mrpc_stratified,MRPC stratified,roberta-base,RoBERTa-base,homo,Homo,20,150,10,10,24,23,83.82352941176471,0.0,1,round_config.json
ffa,Nonlinear FFA,mrpc_stratified,MRPC stratified,roberta-base,RoBERTa-base,homo,Homo,20,150,10,10,25,24,83.57843137254902,0.0,1,round_config.json
ffa,Nonlinear FFA,mrpc_stratified,MRPC stratified,roberta-base,RoBERTa-base,homo,Homo,20,150,10,10,26,25,83.57843137254902,0.0,1,round_config.json
ffa,Nonlinear FFA,mrpc_stratified,MRPC stratified,roberta-base,RoBERTa-base,homo,Homo,20,150,10,10,27,26,83.82352941176471,0.0,1,round_config.json
ffa,Nonlinear FFA,mrpc_stratified,MRPC stratified,roberta-base,RoBERTa-base,homo,Homo,20,150,10,10,28,27,83.82352941176471,0.0,1,round_config.json
ffa,Nonlinear FFA,mrpc_stratified,MRPC stratified,roberta-base,RoBERTa-base,homo,Homo,20,150,10,10,29,28,84.31372549019608,0.0,1,round_config.json
ffa,Nonlinear FFA,mrpc_stratified,MRPC stratified,roberta-base,RoBERTa-base,homo,Homo,20,150,10,10,30,29,84.31372549019608,0.0,1,round_config.json
ffa,Nonlinear FFA,mrpc_stratified,MRPC stratified,roberta-base,RoBERTa-base,homo,Homo,20,150,10,10,31,30,84.31372549019608,0.0,1,round_config.json
ffa,Nonlinear FFA,mrpc_stratified,MRPC stratified,roberta-base,RoBERTa-base,homo,Homo,20,150,10,10,32,31,84.31372549019608,0.0,1,round_config.json
ffa,Nonlinear FFA,mrpc_stratified,MRPC stratified,roberta-base,RoBERTa-base,homo,Homo,20,150,10,10,33,32,84.06862745098039,0.0,1,round_config.json
ffa,Nonlinear FFA,mrpc_stratified,MRPC stratified,roberta-base,RoBERTa-base,homo,Homo,20,150,10,10,34,33,84.31372549019608,0.0,1,round_config.json
ffa,Nonlinear FFA,mrpc_stratified,MRPC stratified,roberta-base,RoBERTa-base,homo,Homo,20,150,10,10,35,34,84.31372549019608,0.0,1,round_config.json
ffa,Nonlinear FFA,mrpc_stratified,MRPC stratified,roberta-base,RoBERTa-base,homo,Homo,20,150,10,10,36,35,84.06862745098039,0.0,1,round_config.json
ffa,Nonlinear FFA,mrpc_stratified,MRPC stratified,roberta-base,RoBERTa-base,homo,Homo,20,150,10,10,37,36,84.55882352941177,0.0,1,round_config.json
ffa,Nonlinear FFA,mrpc_stratified,MRPC stratified,roberta-base,RoBERTa-base,homo,Homo,20,150,10,10,38,37,84.06862745098039,0.0,1,round_config.json
ffa,Nonlinear FFA,mrpc_stratified,MRPC stratified,roberta-base,RoBERTa-base,homo,Homo,20,150,10,10,39,38,84.55882352941177,0.0,1,round_config.json
ffa,Nonlinear FFA,mrpc_stratified,MRPC stratified,roberta-base,RoBERTa-base,homo,Homo,20,150,10,10,40,39,84.55882352941177,0.0,1,round_config.json
ffa,Nonlinear FFA,mrpc_stratified,MRPC stratified,roberta-base,RoBERTa-base,homo,Homo,20,150,10,10,41,40,84.06862745098039,0.0,1,round_config.json
ffa,Nonlinear FFA,mrpc_stratified,MRPC stratified,roberta-base,RoBERTa-base,homo,Homo,20,150,10,10,42,41,83.82352941176471,0.0,1,round_config.json
ffa,Nonlinear FFA,mrpc_stratified,MRPC stratified,roberta-base,RoBERTa-base,homo,Homo,20,150,10,10,43,42,84.55882352941177,0.0,1,round_config.json
ffa,Nonlinear FFA,mrpc_stratified,MRPC stratified,roberta-base,RoBERTa-base,homo,Homo,20,150,10,10,44,43,84.31372549019608,0.0,1,round_config.json
ffa,Nonlinear FFA,mrpc_stratified,MRPC stratified,roberta-base,RoBERTa-base,homo,Homo,20,150,10,10,45,44,84.55882352941177,0.0,1,round_config.json
ffa,Nonlinear FFA,mrpc_stratified,MRPC stratified,roberta-base,RoBERTa-base,homo,Homo,20,150,10,10,46,45,84.55882352941177,0.0,1,round_config.json
ffa,Nonlinear FFA,mrpc_stratified,MRPC stratified,roberta-base,RoBERTa-base,homo,Homo,20,150,10,10,47,46,84.31372549019608,0.0,1,round_config.json
ffa,Nonlinear FFA,mrpc_stratified,MRPC stratified,roberta-base,RoBERTa-base,homo,Homo,20,150,10,10,48,47,84.55882352941177,0.0,1,round_config.json
ffa,Nonlinear FFA,mrpc_stratified,MRPC stratified,roberta-base,RoBERTa-base,homo,Homo,20,150,10,10,49,48,84.55882352941177,0.0,1,round_config.json
ffa,Nonlinear FFA,mrpc_stratified,MRPC stratified,roberta-base,RoBERTa-base,homo,Homo,20,150,10,10,50,49,84.31372549019608,0.0,1,round_config.json
ffa,Nonlinear FFA,mrpc_stratified,MRPC stratified,roberta-base,RoBERTa-base,homo,Homo,20,150,10,10,51,50,84.06862745098039,0.0,1,round_config.json
ffa,Nonlinear FFA,mrpc_stratified,MRPC stratified,roberta-base,RoBERTa-base,homo,Homo,20,150,10,10,52,51,84.55882352941177,0.0,1,round_config.json
ffa,Nonlinear FFA,mrpc_stratified,MRPC stratified,roberta-base,RoBERTa-base,homo,Homo,20,150,10,10,53,52,84.80392156862744,0.0,1,round_config.json
ffa,Nonlinear FFA,mrpc_stratified,MRPC stratified,roberta-base,RoBERTa-base,homo,Homo,20,150,10,10,54,53,84.55882352941177,0.0,1,round_config.json
ffa,Nonlinear FFA,mrpc_stratified,MRPC stratified,roberta-base,RoBERTa-base,homo,Homo,20,150,10,10,55,54,85.04901960784314,0.0,1,round_config.json
ffa,Nonlinear FFA,mrpc_stratified,MRPC stratified,roberta-base,RoBERTa-base,homo,Homo,20,150,10,10,56,55,84.80392156862744,0.0,1,round_config.json
ffa,Nonlinear FFA,mrpc_stratified,MRPC stratified,roberta-base,RoBERTa-base,homo,Homo,20,150,10,10,57,56,84.31372549019608,0.0,1,round_config.json
ffa,Nonlinear FFA,mrpc_stratified,MRPC stratified,roberta-base,RoBERTa-base,homo,Homo,20,150,10,10,58,57,84.55882352941177,0.0,1,round_config.json
ffa,Nonlinear FFA,mrpc_stratified,MRPC stratified,roberta-base,RoBERTa-base,homo,Homo,20,150,10,10,59,58,83.57843137254902,0.0,1,round_config.json
ffa,Nonlinear FFA,mrpc_stratified,MRPC stratified,roberta-base,RoBERTa-base,homo,Homo,20,150,10,10,60,59,84.06862745098039,0.0,1,round_config.json
ffa,Nonlinear FFA,mrpc_stratified,MRPC stratified,roberta-base,RoBERTa-base,homo,Homo,20,150,10,10,61,60,83.57843137254902,0.0,1,round_config.json
ffa,Nonlinear FFA,mrpc_stratified,MRPC stratified,roberta-base,RoBERTa-base,homo,Homo,20,150,10,10,62,61,84.06862745098039,0.0,1,round_config.json
ffa,Nonlinear FFA,mrpc_stratified,MRPC stratified,roberta-base,RoBERTa-base,homo,Homo,20,150,10,10,63,62,83.82352941176471,0.0,1,round_config.json
ffa,Nonlinear FFA,mrpc_stratified,MRPC stratified,roberta-base,RoBERTa-base,homo,Homo,20,150,10,10,64,63,84.06862745098039,0.0,1,round_config.json
ffa,Nonlinear FFA,mrpc_stratified,MRPC stratified,roberta-base,RoBERTa-base,homo,Homo,20,150,10,10,65,64,84.06862745098039,0.0,1,round_config.json
ffa,Nonlinear FFA,mrpc_stratified,MRPC stratified,roberta-base,RoBERTa-base,homo,Homo,20,150,10,10,66,65,83.82352941176471,0.0,1,round_config.json
ffa,Nonlinear FFA,mrpc_stratified,MRPC stratified,roberta-base,RoBERTa-base,homo,Homo,20,150,10,10,67,66,83.82352941176471,0.0,1,round_config.json
ffa,Nonlinear FFA,mrpc_stratified,MRPC stratified,roberta-base,RoBERTa-base,homo,Homo,20,150,10,10,68,67,83.57843137254902,0.0,1,round_config.json
ffa,Nonlinear FFA,mrpc_stratified,MRPC stratified,roberta-base,RoBERTa-base,homo,Homo,20,150,10,10,69,68,84.06862745098039,0.0,1,round_config.json
ffa,Nonlinear FFA,mrpc_stratified,MRPC stratified,roberta-base,RoBERTa-base,homo,Homo,20,150,10,10,70,69,83.82352941176471,0.0,1,round_config.json
ffa,Nonlinear FFA,mrpc_stratified,MRPC stratified,roberta-base,RoBERTa-base,homo,Homo,20,150,10,10,71,70,83.82352941176471,0.0,1,round_config.json
ffa,Nonlinear FFA,mrpc_stratified,MRPC stratified,roberta-base,RoBERTa-base,homo,Homo,20,150,10,10,72,71,83.57843137254902,0.0,1,round_config.json
ffa,Nonlinear FFA,mrpc_stratified,MRPC stratified,roberta-base,RoBERTa-base,homo,Homo,20,150,10,10,73,72,84.06862745098039,0.0,1,round_config.json
ffa,Nonlinear FFA,mrpc_stratified,MRPC stratified,roberta-base,RoBERTa-base,homo,Homo,20,150,10,10,74,73,84.31372549019608,0.0,1,round_config.json
ffa,Nonlinear FFA,mrpc_stratified,MRPC stratified,roberta-base,RoBERTa-base,homo,Homo,20,150,10,10,75,74,84.06862745098039,0.0,1,round_config.json
ffa,Nonlinear FFA,mrpc_stratified,MRPC stratified,roberta-base,RoBERTa-base,homo,Homo,20,150,10,10,76,75,84.06862745098039,0.0,1,round_config.json
ffa,Nonlinear FFA,mrpc_stratified,MRPC stratified,roberta-base,RoBERTa-base,homo,Homo,20,150,10,10,77,76,83.82352941176471,0.0,1,round_config.json
ffa,Nonlinear FFA,mrpc_stratified,MRPC stratified,roberta-base,RoBERTa-base,homo,Homo,20,150,10,10,78,77,84.06862745098039,0.0,1,round_config.json
ffa,Nonlinear FFA,mrpc_stratified,MRPC stratified,roberta-base,RoBERTa-base,homo,Homo,20,150,10,10,79,78,83.82352941176471,0.0,1,round_config.json
ffa,Nonlinear FFA,mrpc_stratified,MRPC stratified,roberta-base,RoBERTa-base,homo,Homo,20,150,10,10,80,79,84.06862745098039,0.0,1,round_config.json
ffa,Nonlinear FFA,mrpc_stratified,MRPC stratified,roberta-base,RoBERTa-base,homo,Homo,20,150,10,10,81,80,83.82352941176471,0.0,1,round_config.json
ffa,Nonlinear FFA,mrpc_stratified,MRPC stratified,roberta-base,RoBERTa-base,homo,Homo,20,150,10,10,82,81,84.31372549019608,0.0,1,round_config.json
ffa,Nonlinear FFA,mrpc_stratified,MRPC stratified,roberta-base,RoBERTa-base,homo,Homo,20,150,10,10,83,82,84.55882352941177,0.0,1,round_config.json
ffa,Nonlinear FFA,mrpc_stratified,MRPC stratified,roberta-base,RoBERTa-base,homo,Homo,20,150,10,10,84,83,84.31372549019608,0.0,1,round_config.json
ffa,Nonlinear FFA,mrpc_stratified,MRPC stratified,roberta-base,RoBERTa-base,homo,Homo,20,150,10,10,85,84,84.31372549019608,0.0,1,round_config.json
ffa,Nonlinear FFA,mrpc_stratified,MRPC stratified,roberta-base,RoBERTa-base,homo,Homo,20,150,10,10,86,85,84.55882352941177,0.0,1,round_config.json
ffa,Nonlinear FFA,mrpc_stratified,MRPC stratified,roberta-base,RoBERTa-base,homo,Homo,20,150,10,10,87,86,84.80392156862744,0.0,1,round_config.json
ffa,Nonlinear FFA,mrpc_stratified,MRPC stratified,roberta-base,RoBERTa-base,homo,Homo,20,150,10,10,88,87,84.55882352941177,0.0,1,round_config.json
ffa,Nonlinear FFA,mrpc_stratified,MRPC stratified,roberta-base,RoBERTa-base,homo,Homo,20,150,10,10,89,88,84.31372549019608,0.0,1,round_config.json
ffa,Nonlinear FFA,mrpc_stratified,MRPC stratified,roberta-base,RoBERTa-base,homo,Homo,20,150,10,10,90,89,84.06862745098039,0.0,1,round_config.json
ffa,Nonlinear FFA,mrpc_stratified,MRPC stratified,roberta-base,RoBERTa-base,homo,Homo,20,150,10,10,91,90,83.82352941176471,0.0,1,round_config.json
ffa,Nonlinear FFA,mrpc_stratified,MRPC stratified,roberta-base,RoBERTa-base,homo,Homo,20,150,10,10,92,91,84.55882352941177,0.0,1,round_config.json
ffa,Nonlinear FFA,mrpc_stratified,MRPC stratified,roberta-base,RoBERTa-base,homo,Homo,20,150,10,10,93,92,84.80392156862744,0.0,1,round_config.json
ffa,Nonlinear FFA,mrpc_stratified,MRPC stratified,roberta-base,RoBERTa-base,homo,Homo,20,150,10,10,94,93,84.31372549019608,0.0,1,round_config.json
ffa,Nonlinear FFA,mrpc_stratified,MRPC stratified,roberta-base,RoBERTa-base,homo,Homo,20,150,10,10,95,94,84.06862745098039,0.0,1,round_config.json
ffa,Nonlinear FFA,mrpc_stratified,MRPC stratified,roberta-base,RoBERTa-base,homo,Homo,20,150,10,10,96,95,84.31372549019608,0.0,1,round_config.json
ffa,Nonlinear FFA,mrpc_stratified,MRPC stratified,roberta-base,RoBERTa-base,homo,Homo,20,150,10,10,97,96,84.06862745098039,0.0,1,round_config.json
ffa,Nonlinear FFA,mrpc_stratified,MRPC stratified,roberta-base,RoBERTa-base,homo,Homo,20,150,10,10,98,97,84.31372549019608,0.0,1,round_config.json
ffa,Nonlinear FFA,mrpc_stratified,MRPC stratified,roberta-base,RoBERTa-base,homo,Homo,20,150,10,10,99,98,84.31372549019608,0.0,1,round_config.json
ffa,Nonlinear FFA,mrpc_stratified,MRPC stratified,roberta-base,RoBERTa-base,homo,Homo,20,150,10,10,100,99,84.06862745098039,0.0,1,round_config.json
ffa,Nonlinear FFA,mrpc_stratified,MRPC stratified,roberta-base,RoBERTa-base,homo,Homo,20,150,10,10,101,100,84.55882352941177,0.0,1,round_config.json
ffa,Nonlinear FFA,mrpc_stratified,MRPC stratified,roberta-base,RoBERTa-base,homo,Homo,20,150,10,10,102,101,83.82352941176471,0.0,1,round_config.json
ffa,Nonlinear FFA,mrpc_stratified,MRPC stratified,roberta-base,RoBERTa-base,homo,Homo,20,150,10,10,103,102,84.55882352941177,0.0,1,round_config.json
ffa,Nonlinear FFA,mrpc_stratified,MRPC stratified,roberta-base,RoBERTa-base,homo,Homo,20,150,10,10,104,103,84.06862745098039,0.0,1,round_config.json
ffa,Nonlinear FFA,mrpc_stratified,MRPC stratified,roberta-base,RoBERTa-base,homo,Homo,20,150,10,10,105,104,83.57843137254902,0.0,1,round_config.json
ffa,Nonlinear FFA,mrpc_stratified,MRPC stratified,roberta-base,RoBERTa-base,homo,Homo,20,150,10,10,106,105,84.31372549019608,0.0,1,round_config.json
ffa,Nonlinear FFA,mrpc_stratified,MRPC stratified,roberta-base,RoBERTa-base,homo,Homo,20,150,10,10,107,106,84.06862745098039,0.0,1,round_config.json
ffa,Nonlinear FFA,mrpc_stratified,MRPC stratified,roberta-base,RoBERTa-base,homo,Homo,20,150,10,10,108,107,84.31372549019608,0.0,1,round_config.json
ffa,Nonlinear FFA,mrpc_stratified,MRPC stratified,roberta-base,RoBERTa-base,homo,Homo,20,150,10,10,109,108,84.31372549019608,0.0,1,round_config.json
ffa,Nonlinear FFA,mrpc_stratified,MRPC stratified,roberta-base,RoBERTa-base,homo,Homo,20,150,10,10,110,109,84.06862745098039,0.0,1,round_config.json
ffa,Nonlinear FFA,mrpc_stratified,MRPC stratified,roberta-base,RoBERTa-base,homo,Homo,20,150,10,10,111,110,83.82352941176471,0.0,1,round_config.json
ffa,Nonlinear FFA,mrpc_stratified,MRPC stratified,roberta-base,RoBERTa-base,homo,Homo,20,150,10,10,112,111,83.33333333333334,0.0,1,round_config.json
ffa,Nonlinear FFA,mrpc_stratified,MRPC stratified,roberta-base,RoBERTa-base,homo,Homo,20,150,10,10,113,112,84.06862745098039,0.0,1,round_config.json
ffa,Nonlinear FFA,mrpc_stratified,MRPC stratified,roberta-base,RoBERTa-base,homo,Homo,20,150,10,10,114,113,84.06862745098039,0.0,1,round_config.json
ffa,Nonlinear FFA,mrpc_stratified,MRPC stratified,roberta-base,RoBERTa-base,homo,Homo,20,150,10,10,115,114,83.82352941176471,0.0,1,round_config.json
ffa,Nonlinear FFA,mrpc_stratified,MRPC stratified,roberta-base,RoBERTa-base,homo,Homo,20,150,10,10,116,115,84.55882352941177,0.0,1,round_config.json
ffa,Nonlinear FFA,mrpc_stratified,MRPC stratified,roberta-base,RoBERTa-base,homo,Homo,20,150,10,10,117,116,83.82352941176471,0.0,1,round_config.json
ffa,Nonlinear FFA,mrpc_stratified,MRPC stratified,roberta-base,RoBERTa-base,homo,Homo,20,150,10,10,118,117,84.55882352941177,0.0,1,round_config.json
ffa,Nonlinear FFA,mrpc_stratified,MRPC stratified,roberta-base,RoBERTa-base,homo,Homo,20,150,10,10,119,118,84.80392156862744,0.0,1,round_config.json
ffa,Nonlinear FFA,mrpc_stratified,MRPC stratified,roberta-base,RoBERTa-base,homo,Homo,20,150,10,10,120,119,84.31372549019608,0.0,1,round_config.json
ffa,Nonlinear FFA,mrpc_stratified,MRPC stratified,roberta-base,RoBERTa-base,homo,Homo,20,150,10,10,121,120,84.80392156862744,0.0,1,round_config.json
ffa,Nonlinear FFA,mrpc_stratified,MRPC stratified,roberta-base,RoBERTa-base,homo,Homo,20,150,10,10,122,121,84.31372549019608,0.0,1,round_config.json
ffa,Nonlinear FFA,mrpc_stratified,MRPC stratified,roberta-base,RoBERTa-base,homo,Homo,20,150,10,10,123,122,84.31372549019608,0.0,1,round_config.json
ffa,Nonlinear FFA,mrpc_stratified,MRPC stratified,roberta-base,RoBERTa-base,homo,Homo,20,150,10,10,124,123,84.31372549019608,0.0,1,round_config.json
ffa,Nonlinear FFA,mrpc_stratified,MRPC stratified,roberta-base,RoBERTa-base,homo,Homo,20,150,10,10,125,124,84.55882352941177,0.0,1,round_config.json
ffa,Nonlinear FFA,mrpc_stratified,MRPC stratified,roberta-base,RoBERTa-base,homo,Homo,20,150,10,10,126,125,84.31372549019608,0.0,1,round_config.json
ffa,Nonlinear FFA,mrpc_stratified,MRPC stratified,roberta-base,RoBERTa-base,homo,Homo,20,150,10,10,127,126,84.31372549019608,0.0,1,round_config.json
ffa,Nonlinear FFA,mrpc_stratified,MRPC stratified,roberta-base,RoBERTa-base,homo,Homo,20,150,10,10,128,127,84.55882352941177,0.0,1,round_config.json
ffa,Nonlinear FFA,mrpc_stratified,MRPC stratified,roberta-base,RoBERTa-base,homo,Homo,20,150,10,10,129,128,83.82352941176471,0.0,1,round_config.json
ffa,Nonlinear FFA,mrpc_stratified,MRPC stratified,roberta-base,RoBERTa-base,homo,Homo,20,150,10,10,130,129,84.55882352941177,0.0,1,round_config.json
ffa,Nonlinear FFA,mrpc_stratified,MRPC stratified,roberta-base,RoBERTa-base,homo,Homo,20,150,10,10,131,130,84.55882352941177,0.0,1,round_config.json
ffa,Nonlinear FFA,mrpc_stratified,MRPC stratified,roberta-base,RoBERTa-base,homo,Homo,20,150,10,10,132,131,83.57843137254902,0.0,1,round_config.json
ffa,Nonlinear FFA,mrpc_stratified,MRPC stratified,roberta-base,RoBERTa-base,homo,Homo,20,150,10,10,133,132,83.08823529411765,0.0,1,round_config.json
ffa,Nonlinear FFA,mrpc_stratified,MRPC stratified,roberta-base,RoBERTa-base,homo,Homo,20,150,10,10,134,133,84.06862745098039,0.0,1,round_config.json
ffa,Nonlinear FFA,mrpc_stratified,MRPC stratified,roberta-base,RoBERTa-base,homo,Homo,20,150,10,10,135,134,84.06862745098039,0.0,1,round_config.json
ffa,Nonlinear FFA,mrpc_stratified,MRPC stratified,roberta-base,RoBERTa-base,homo,Homo,20,150,10,10,136,135,84.31372549019608,0.0,1,round_config.json
ffa,Nonlinear FFA,mrpc_stratified,MRPC stratified,roberta-base,RoBERTa-base,homo,Homo,20,150,10,10,137,136,84.06862745098039,0.0,1,round_config.json
ffa,Nonlinear FFA,mrpc_stratified,MRPC stratified,roberta-base,RoBERTa-base,homo,Homo,20,150,10,10,138,137,84.06862745098039,0.0,1,round_config.json
ffa,Nonlinear FFA,mrpc_stratified,MRPC stratified,roberta-base,RoBERTa-base,homo,Homo,20,150,10,10,139,138,84.31372549019608,0.0,1,round_config.json
ffa,Nonlinear FFA,mrpc_stratified,MRPC stratified,roberta-base,RoBERTa-base,homo,Homo,20,150,10,10,140,139,83.82352941176471,0.0,1,round_config.json
ffa,Nonlinear FFA,mrpc_stratified,MRPC stratified,roberta-base,RoBERTa-base,homo,Homo,20,150,10,10,141,140,84.31372549019608,0.0,1,round_config.json
ffa,Nonlinear FFA,mrpc_stratified,MRPC stratified,roberta-base,RoBERTa-base,homo,Homo,20,150,10,10,142,141,84.31372549019608,0.0,1,round_config.json
ffa,Nonlinear FFA,mrpc_stratified,MRPC stratified,roberta-base,RoBERTa-base,homo,Homo,20,150,10,10,143,142,83.82352941176471,0.0,1,round_config.json
ffa,Nonlinear FFA,mrpc_stratified,MRPC stratified,roberta-base,RoBERTa-base,homo,Homo,20,150,10,10,144,143,83.57843137254902,0.0,1,round_config.json
ffa,Nonlinear FFA,mrpc_stratified,MRPC stratified,roberta-base,RoBERTa-base,homo,Homo,20,150,10,10,145,144,84.31372549019608,0.0,1,round_config.json
ffa,Nonlinear FFA,mrpc_stratified,MRPC stratified,roberta-base,RoBERTa-base,homo,Homo,20,150,10,10,146,145,83.82352941176471,0.0,1,round_config.json
ffa,Nonlinear FFA,mrpc_stratified,MRPC stratified,roberta-base,RoBERTa-base,homo,Homo,20,150,10,10,147,146,84.55882352941177,0.0,1,round_config.json
ffa,Nonlinear FFA,mrpc_stratified,MRPC stratified,roberta-base,RoBERTa-base,homo,Homo,20,150,10,10,148,147,84.55882352941177,0.0,1,round_config.json
ffa,Nonlinear FFA,mrpc_stratified,MRPC stratified,roberta-base,RoBERTa-base,homo,Homo,20,150,10,10,149,148,84.06862745098039,0.0,1,round_config.json
ffa,Nonlinear FFA,mrpc_stratified,MRPC stratified,roberta-base,RoBERTa-base,homo,Homo,20,150,10,10,150,149,84.31372549019608,0.0,1,round_config.json
flora,Linear FLoRA,mrpc_stratified,MRPC stratified,roberta-base,RoBERTa-base,homo,Homo,20,150,20,20,1,0,73.52941176470588,0.0,1,round_config.json
flora,Linear FLoRA,mrpc_stratified,MRPC stratified,roberta-base,RoBERTa-base,homo,Homo,20,150,20,20,2,1,76.22549019607843,0.0,1,round_config.json
flora,Linear FLoRA,mrpc_stratified,MRPC stratified,roberta-base,RoBERTa-base,homo,Homo,20,150,20,20,3,2,78.43137254901961,0.0,1,round_config.json
flora,Linear FLoRA,mrpc_stratified,MRPC stratified,roberta-base,RoBERTa-base,homo,Homo,20,150,20,20,4,3,79.41176470588235,0.0,1,round_config.json
flora,Linear FLoRA,mrpc_stratified,MRPC stratified,roberta-base,RoBERTa-base,homo,Homo,20,150,20,20,5,4,79.41176470588235,0.0,1,round_config.json
flora,Linear FLoRA,mrpc_stratified,MRPC stratified,roberta-base,RoBERTa-base,homo,Homo,20,150,20,20,6,5,79.41176470588235,0.0,1,round_config.json
flora,Linear FLoRA,mrpc_stratified,MRPC stratified,roberta-base,RoBERTa-base,homo,Homo,20,150,20,20,7,6,80.3921568627451,0.0,1,round_config.json
flora,Linear FLoRA,mrpc_stratified,MRPC stratified,roberta-base,RoBERTa-base,homo,Homo,20,150,20,20,8,7,81.61764705882352,0.0,1,round_config.json
flora,Linear FLoRA,mrpc_stratified,MRPC stratified,roberta-base,RoBERTa-base,homo,Homo,20,150,20,20,9,8,81.86274509803921,0.0,1,round_config.json
flora,Linear FLoRA,mrpc_stratified,MRPC stratified,roberta-base,RoBERTa-base,homo,Homo,20,150,20,20,10,9,81.86274509803921,0.0,1,round_config.json
flora,Linear FLoRA,mrpc_stratified,MRPC stratified,roberta-base,RoBERTa-base,homo,Homo,20,150,20,20,11,10,82.1078431372549,0.0,1,round_config.json
flora,Linear FLoRA,mrpc_stratified,MRPC stratified,roberta-base,RoBERTa-base,homo,Homo,20,150,20,20,12,11,82.35294117647058,0.0,1,round_config.json
flora,Linear FLoRA,mrpc_stratified,MRPC stratified,roberta-base,RoBERTa-base,homo,Homo,20,150,20,20,13,12,82.84313725490196,0.0,1,round_config.json
flora,Linear FLoRA,mrpc_stratified,MRPC stratified,roberta-base,RoBERTa-base,homo,Homo,20,150,20,20,14,13,83.08823529411765,0.0,1,round_config.json
flora,Linear FLoRA,mrpc_stratified,MRPC stratified,roberta-base,RoBERTa-base,homo,Homo,20,150,20,20,15,14,82.84313725490196,0.0,1,round_config.json
flora,Linear FLoRA,mrpc_stratified,MRPC stratified,roberta-base,RoBERTa-base,homo,Homo,20,150,20,20,16,15,82.59803921568627,0.0,1,round_config.json
flora,Linear FLoRA,mrpc_stratified,MRPC stratified,roberta-base,RoBERTa-base,homo,Homo,20,150,20,20,17,16,83.33333333333334,0.0,1,round_config.json
flora,Linear FLoRA,mrpc_stratified,MRPC stratified,roberta-base,RoBERTa-base,homo,Homo,20,150,20,20,18,17,83.08823529411765,0.0,1,round_config.json
flora,Linear FLoRA,mrpc_stratified,MRPC stratified,roberta-base,RoBERTa-base,homo,Homo,20,150,20,20,19,18,83.08823529411765,0.0,1,round_config.json
flora,Linear FLoRA,mrpc_stratified,MRPC stratified,roberta-base,RoBERTa-base,homo,Homo,20,150,20,20,20,19,83.08823529411765,0.0,1,round_config.json
flora,Linear FLoRA,mrpc_stratified,MRPC stratified,roberta-base,RoBERTa-base,homo,Homo,20,150,20,20,21,20,83.08823529411765,0.0,1,round_config.json
flora,Linear FLoRA,mrpc_stratified,MRPC stratified,roberta-base,RoBERTa-base,homo,Homo,20,150,20,20,22,21,83.08823529411765,0.0,1,round_config.json
flora,Linear FLoRA,mrpc_stratified,MRPC stratified,roberta-base,RoBERTa-base,homo,Homo,20,150,20,20,23,22,83.33333333333334,0.0,1,round_config.json
flora,Linear FLoRA,mrpc_stratified,MRPC stratified,roberta-base,RoBERTa-base,homo,Homo,20,150,20,20,24,23,83.33333333333334,0.0,1,round_config.json
flora,Linear FLoRA,mrpc_stratified,MRPC stratified,roberta-base,RoBERTa-base,homo,Homo,20,150,20,20,25,24,83.33333333333334,0.0,1,round_config.json
flora,Linear FLoRA,mrpc_stratified,MRPC stratified,roberta-base,RoBERTa-base,homo,Homo,20,150,20,20,26,25,83.82352941176471,0.0,1,round_config.json
flora,Linear FLoRA,mrpc_stratified,MRPC stratified,roberta-base,RoBERTa-base,homo,Homo,20,150,20,20,27,26,84.31372549019608,0.0,1,round_config.json
flora,Linear FLoRA,mrpc_stratified,MRPC stratified,roberta-base,RoBERTa-base,homo,Homo,20,150,20,20,28,27,84.31372549019608,0.0,1,round_config.json
flora,Linear FLoRA,mrpc_stratified,MRPC stratified,roberta-base,RoBERTa-base,homo,Homo,20,150,20,20,29,28,84.80392156862744,0.0,1,round_config.json
flora,Linear FLoRA,mrpc_stratified,MRPC stratified,roberta-base,RoBERTa-base,homo,Homo,20,150,20,20,30,29,84.31372549019608,0.0,1,round_config.json
flora,Linear FLoRA,mrpc_stratified,MRPC stratified,roberta-base,RoBERTa-base,homo,Homo,20,150,20,20,31,30,84.55882352941177,0.0,1,round_config.json
flora,Linear FLoRA,mrpc_stratified,MRPC stratified,roberta-base,RoBERTa-base,homo,Homo,20,150,20,20,32,31,84.80392156862744,0.0,1,round_config.json
flora,Linear FLoRA,mrpc_stratified,MRPC stratified,roberta-base,RoBERTa-base,homo,Homo,20,150,20,20,33,32,84.80392156862744,0.0,1,round_config.json
flora,Linear FLoRA,mrpc_stratified,MRPC stratified,roberta-base,RoBERTa-base,homo,Homo,20,150,20,20,34,33,84.80392156862744,0.0,1,round_config.json
flora,Linear FLoRA,mrpc_stratified,MRPC stratified,roberta-base,RoBERTa-base,homo,Homo,20,150,20,20,35,34,84.80392156862744,0.0,1,round_config.json
flora,Linear FLoRA,mrpc_stratified,MRPC stratified,roberta-base,RoBERTa-base,homo,Homo,20,150,20,20,36,35,84.55882352941177,0.0,1,round_config.json
flora,Linear FLoRA,mrpc_stratified,MRPC stratified,roberta-base,RoBERTa-base,homo,Homo,20,150,20,20,37,36,84.55882352941177,0.0,1,round_config.json
flora,Linear FLoRA,mrpc_stratified,MRPC stratified,roberta-base,RoBERTa-base,homo,Homo,20,150,20,20,38,37,84.55882352941177,0.0,1,round_config.json
flora,Linear FLoRA,mrpc_stratified,MRPC stratified,roberta-base,RoBERTa-base,homo,Homo,20,150,20,20,39,38,84.55882352941177,0.0,1,round_config.json
flora,Linear FLoRA,mrpc_stratified,MRPC stratified,roberta-base,RoBERTa-base,homo,Homo,20,150,20,20,40,39,84.55882352941177,0.0,1,round_config.json
flora,Linear FLoRA,mrpc_stratified,MRPC stratified,roberta-base,RoBERTa-base,homo,Homo,20,150,20,20,41,40,84.55882352941177,0.0,1,round_config.json
flora,Linear FLoRA,mrpc_stratified,MRPC stratified,roberta-base,RoBERTa-base,homo,Homo,20,150,20,20,42,41,84.80392156862744,0.0,1,round_config.json
flora,Linear FLoRA,mrpc_stratified,MRPC stratified,roberta-base,RoBERTa-base,homo,Homo,20,150,20,20,43,42,84.55882352941177,0.0,1,round_config.json
flora,Linear FLoRA,mrpc_stratified,MRPC stratified,roberta-base,RoBERTa-base,homo,Homo,20,150,20,20,44,43,84.55882352941177,0.0,1,round_config.json
flora,Linear FLoRA,mrpc_stratified,MRPC stratified,roberta-base,RoBERTa-base,homo,Homo,20,150,20,20,45,44,84.55882352941177,0.0,1,round_config.json
flora,Linear FLoRA,mrpc_stratified,MRPC stratified,roberta-base,RoBERTa-base,homo,Homo,20,150,20,20,46,45,84.55882352941177,0.0,1,round_config.json
flora,Linear FLoRA,mrpc_stratified,MRPC stratified,roberta-base,RoBERTa-base,homo,Homo,20,150,20,20,47,46,84.55882352941177,0.0,1,round_config.json
flora,Linear FLoRA,mrpc_stratified,MRPC stratified,roberta-base,RoBERTa-base,homo,Homo,20,150,20,20,48,47,84.55882352941177,0.0,1,round_config.json
flora,Linear FLoRA,mrpc_stratified,MRPC stratified,roberta-base,RoBERTa-base,homo,Homo,20,150,20,20,49,48,84.55882352941177,0.0,1,round_config.json
flora,Linear FLoRA,mrpc_stratified,MRPC stratified,roberta-base,RoBERTa-base,homo,Homo,20,150,20,20,50,49,84.80392156862744,0.0,1,round_config.json
flora,Linear FLoRA,mrpc_stratified,MRPC stratified,roberta-base,RoBERTa-base,homo,Homo,20,150,20,20,51,50,85.04901960784314,0.0,1,round_config.json
flora,Linear FLoRA,mrpc_stratified,MRPC stratified,roberta-base,RoBERTa-base,homo,Homo,20,150,20,20,52,51,84.55882352941177,0.0,1,round_config.json
flora,Linear FLoRA,mrpc_stratified,MRPC stratified,roberta-base,RoBERTa-base,homo,Homo,20,150,20,20,53,52,84.80392156862744,0.0,1,round_config.json
flora,Linear FLoRA,mrpc_stratified,MRPC stratified,roberta-base,RoBERTa-base,homo,Homo,20,150,20,20,54,53,85.04901960784314,0.0,1,round_config.json
flora,Linear FLoRA,mrpc_stratified,MRPC stratified,roberta-base,RoBERTa-base,homo,Homo,20,150,20,20,55,54,85.04901960784314,0.0,1,round_config.json
flora,Linear FLoRA,mrpc_stratified,MRPC stratified,roberta-base,RoBERTa-base,homo,Homo,20,150,20,20,56,55,85.7843137254902,0.0,1,round_config.json
flora,Linear FLoRA,mrpc_stratified,MRPC stratified,roberta-base,RoBERTa-base,homo,Homo,20,150,20,20,57,56,85.7843137254902,0.0,1,round_config.json
flora,Linear FLoRA,mrpc_stratified,MRPC stratified,roberta-base,RoBERTa-base,homo,Homo,20,150,20,20,58,57,85.5392156862745,0.0,1,round_config.json
flora,Linear FLoRA,mrpc_stratified,MRPC stratified,roberta-base,RoBERTa-base,homo,Homo,20,150,20,20,59,58,85.29411764705883,0.0,1,round_config.json
flora,Linear FLoRA,mrpc_stratified,MRPC stratified,roberta-base,RoBERTa-base,homo,Homo,20,150,20,20,60,59,84.55882352941177,0.0,1,round_config.json
flora,Linear FLoRA,mrpc_stratified,MRPC stratified,roberta-base,RoBERTa-base,homo,Homo,20,150,20,20,61,60,85.5392156862745,0.0,1,round_config.json
flora,Linear FLoRA,mrpc_stratified,MRPC stratified,roberta-base,RoBERTa-base,homo,Homo,20,150,20,20,62,61,85.7843137254902,0.0,1,round_config.json
flora,Linear FLoRA,mrpc_stratified,MRPC stratified,roberta-base,RoBERTa-base,homo,Homo,20,150,20,20,63,62,85.5392156862745,0.0,1,round_config.json
flora,Linear FLoRA,mrpc_stratified,MRPC stratified,roberta-base,RoBERTa-base,homo,Homo,20,150,20,20,64,63,84.80392156862744,0.0,1,round_config.json
flora,Linear FLoRA,mrpc_stratified,MRPC stratified,roberta-base,RoBERTa-base,homo,Homo,20,150,20,20,65,64,85.29411764705883,0.0,1,round_config.json
flora,Linear FLoRA,mrpc_stratified,MRPC stratified,roberta-base,RoBERTa-base,homo,Homo,20,150,20,20,66,65,84.80392156862744,0.0,1,round_config.json
flora,Linear FLoRA,mrpc_stratified,MRPC stratified,roberta-base,RoBERTa-base,homo,Homo,20,150,20,20,67,66,85.29411764705883,0.0,1,round_config.json
flora,Linear FLoRA,mrpc_stratified,MRPC stratified,roberta-base,RoBERTa-base,homo,Homo,20,150,20,20,68,67,85.5392156862745,0.0,1,round_config.json
flora,Linear FLoRA,mrpc_stratified,MRPC stratified,roberta-base,RoBERTa-base,homo,Homo,20,150,20,20,69,68,85.7843137254902,0.0,1,round_config.json
flora,Linear FLoRA,mrpc_stratified,MRPC stratified,roberta-base,RoBERTa-base,homo,Homo,20,150,20,20,70,69,85.7843137254902,0.0,1,round_config.json
flora,Linear FLoRA,mrpc_stratified,MRPC stratified,roberta-base,RoBERTa-base,homo,Homo,20,150,20,20,71,70,85.5392156862745,0.0,1,round_config.json
flora,Linear FLoRA,mrpc_stratified,MRPC stratified,roberta-base,RoBERTa-base,homo,Homo,20,150,20,20,72,71,86.02941176470588,0.0,1,round_config.json
flora,Linear FLoRA,mrpc_stratified,MRPC stratified,roberta-base,RoBERTa-base,homo,Homo,20,150,20,20,73,72,85.7843137254902,0.0,1,round_config.json
flora,Linear FLoRA,mrpc_stratified,MRPC stratified,roberta-base,RoBERTa-base,homo,Homo,20,150,20,20,74,73,85.7843137254902,0.0,1,round_config.json
flora,Linear FLoRA,mrpc_stratified,MRPC stratified,roberta-base,RoBERTa-base,homo,Homo,20,150,20,20,75,74,86.02941176470588,0.0,1,round_config.json
flora,Linear FLoRA,mrpc_stratified,MRPC stratified,roberta-base,RoBERTa-base,homo,Homo,20,150,20,20,76,75,86.02941176470588,0.0,1,round_config.json
flora,Linear FLoRA,mrpc_stratified,MRPC stratified,roberta-base,RoBERTa-base,homo,Homo,20,150,20,20,77,76,85.5392156862745,0.0,1,round_config.json
flora,Linear FLoRA,mrpc_stratified,MRPC stratified,roberta-base,RoBERTa-base,homo,Homo,20,150,20,20,78,77,86.02941176470588,0.0,1,round_config.json
flora,Linear FLoRA,mrpc_stratified,MRPC stratified,roberta-base,RoBERTa-base,homo,Homo,20,150,20,20,79,78,85.29411764705883,0.0,1,round_config.json
flora,Linear FLoRA,mrpc_stratified,MRPC stratified,roberta-base,RoBERTa-base,homo,Homo,20,150,20,20,80,79,85.5392156862745,0.0,1,round_config.json
flora,Linear FLoRA,mrpc_stratified,MRPC stratified,roberta-base,RoBERTa-base,homo,Homo,20,150,20,20,81,80,85.7843137254902,0.0,1,round_config.json
flora,Linear FLoRA,mrpc_stratified,MRPC stratified,roberta-base,RoBERTa-base,homo,Homo,20,150,20,20,82,81,85.5392156862745,0.0,1,round_config.json
flora,Linear FLoRA,mrpc_stratified,MRPC stratified,roberta-base,RoBERTa-base,homo,Homo,20,150,20,20,83,82,85.29411764705883,0.0,1,round_config.json
flora,Linear FLoRA,mrpc_stratified,MRPC stratified,roberta-base,RoBERTa-base,homo,Homo,20,150,20,20,84,83,86.02941176470588,0.0,1,round_config.json
flora,Linear FLoRA,mrpc_stratified,MRPC stratified,roberta-base,RoBERTa-base,homo,Homo,20,150,20,20,85,84,86.27450980392157,0.0,1,round_config.json
flora,Linear FLoRA,mrpc_stratified,MRPC stratified,roberta-base,RoBERTa-base,homo,Homo,20,150,20,20,86,85,86.02941176470588,0.0,1,round_config.json
flora,Linear FLoRA,mrpc_stratified,MRPC stratified,roberta-base,RoBERTa-base,homo,Homo,20,150,20,20,87,86,85.7843137254902,0.0,1,round_config.json
flora,Linear FLoRA,mrpc_stratified,MRPC stratified,roberta-base,RoBERTa-base,homo,Homo,20,150,20,20,88,87,86.27450980392157,0.0,1,round_config.json
flora,Linear FLoRA,mrpc_stratified,MRPC stratified,roberta-base,RoBERTa-base,homo,Homo,20,150,20,20,89,88,86.02941176470588,0.0,1,round_config.json
flora,Linear FLoRA,mrpc_stratified,MRPC stratified,roberta-base,RoBERTa-base,homo,Homo,20,150,20,20,90,89,86.02941176470588,0.0,1,round_config.json
flora,Linear FLoRA,mrpc_stratified,MRPC stratified,roberta-base,RoBERTa-base,homo,Homo,20,150,20,20,91,90,86.02941176470588,0.0,1,round_config.json
flora,Linear FLoRA,mrpc_stratified,MRPC stratified,roberta-base,RoBERTa-base,homo,Homo,20,150,20,20,92,91,86.51960784313727,0.0,1,round_config.json
flora,Linear FLoRA,mrpc_stratified,MRPC stratified,roberta-base,RoBERTa-base,homo,Homo,20,150,20,20,93,92,86.51960784313727,0.0,1,round_config.json
flora,Linear FLoRA,mrpc_stratified,MRPC stratified,roberta-base,RoBERTa-base,homo,Homo,20,150,20,20,94,93,85.7843137254902,0.0,1,round_config.json
flora,Linear FLoRA,mrpc_stratified,MRPC stratified,roberta-base,RoBERTa-base,homo,Homo,20,150,20,20,95,94,86.27450980392157,0.0,1,round_config.json
flora,Linear FLoRA,mrpc_stratified,MRPC stratified,roberta-base,RoBERTa-base,homo,Homo,20,150,20,20,96,95,86.27450980392157,0.0,1,round_config.json
flora,Linear FLoRA,mrpc_stratified,MRPC stratified,roberta-base,RoBERTa-base,homo,Homo,20,150,20,20,97,96,86.02941176470588,0.0,1,round_config.json
flora,Linear FLoRA,mrpc_stratified,MRPC stratified,roberta-base,RoBERTa-base,homo,Homo,20,150,20,20,98,97,86.27450980392157,0.0,1,round_config.json
flora,Linear FLoRA,mrpc_stratified,MRPC stratified,roberta-base,RoBERTa-base,homo,Homo,20,150,20,20,99,98,86.27450980392157,0.0,1,round_config.json
flora,Linear FLoRA,mrpc_stratified,MRPC stratified,roberta-base,RoBERTa-base,homo,Homo,20,150,20,20,100,99,86.51960784313727,0.0,1,round_config.json
flora,Linear FLoRA,mrpc_stratified,MRPC stratified,roberta-base,RoBERTa-base,homo,Homo,20,150,20,20,101,100,85.7843137254902,0.0,1,round_config.json
flora,Linear FLoRA,mrpc_stratified,MRPC stratified,roberta-base,RoBERTa-base,homo,Homo,20,150,20,20,102,101,86.02941176470588,0.0,1,round_config.json
flora,Linear FLoRA,mrpc_stratified,MRPC stratified,roberta-base,RoBERTa-base,homo,Homo,20,150,20,20,103,102,85.5392156862745,0.0,1,round_config.json
flora,Linear FLoRA,mrpc_stratified,MRPC stratified,roberta-base,RoBERTa-base,homo,Homo,20,150,20,20,104,103,85.5392156862745,0.0,1,round_config.json
flora,Linear FLoRA,mrpc_stratified,MRPC stratified,roberta-base,RoBERTa-base,homo,Homo,20,150,20,20,105,104,85.5392156862745,0.0,1,round_config.json
flora,Linear FLoRA,mrpc_stratified,MRPC stratified,roberta-base,RoBERTa-base,homo,Homo,20,150,20,20,106,105,85.29411764705883,0.0,1,round_config.json
flora,Linear FLoRA,mrpc_stratified,MRPC stratified,roberta-base,RoBERTa-base,homo,Homo,20,150,20,20,107,106,86.02941176470588,0.0,1,round_config.json
flora,Linear FLoRA,mrpc_stratified,MRPC stratified,roberta-base,RoBERTa-base,homo,Homo,20,150,20,20,108,107,85.04901960784314,0.0,1,round_config.json
flora,Linear FLoRA,mrpc_stratified,MRPC stratified,roberta-base,RoBERTa-base,homo,Homo,20,150,20,20,109,108,86.27450980392157,0.0,1,round_config.json
flora,Linear FLoRA,mrpc_stratified,MRPC stratified,roberta-base,RoBERTa-base,homo,Homo,20,150,20,20,110,109,86.27450980392157,0.0,1,round_config.json
flora,Linear FLoRA,mrpc_stratified,MRPC stratified,roberta-base,RoBERTa-base,homo,Homo,20,150,20,20,111,110,85.7843137254902,0.0,1,round_config.json
flora,Linear FLoRA,mrpc_stratified,MRPC stratified,roberta-base,RoBERTa-base,homo,Homo,20,150,20,20,112,111,85.7843137254902,0.0,1,round_config.json
flora,Linear FLoRA,mrpc_stratified,MRPC stratified,roberta-base,RoBERTa-base,homo,Homo,20,150,20,20,113,112,86.02941176470588,0.0,1,round_config.json
flora,Linear FLoRA,mrpc_stratified,MRPC stratified,roberta-base,RoBERTa-base,homo,Homo,20,150,20,20,114,113,86.76470588235294,0.0,1,round_config.json
flora,Linear FLoRA,mrpc_stratified,MRPC stratified,roberta-base,RoBERTa-base,homo,Homo,20,150,20,20,115,114,86.02941176470588,0.0,1,round_config.json
flora,Linear FLoRA,mrpc_stratified,MRPC stratified,roberta-base,RoBERTa-base,homo,Homo,20,150,20,20,116,115,85.04901960784314,0.0,1,round_config.json
flora,Linear FLoRA,mrpc_stratified,MRPC stratified,roberta-base,RoBERTa-base,homo,Homo,20,150,20,20,117,116,85.04901960784314,0.0,1,round_config.json
flora,Linear FLoRA,mrpc_stratified,MRPC stratified,roberta-base,RoBERTa-base,homo,Homo,20,150,20,20,118,117,85.29411764705883,0.0,1,round_config.json
flora,Linear FLoRA,mrpc_stratified,MRPC stratified,roberta-base,RoBERTa-base,homo,Homo,20,150,20,20,119,118,86.51960784313727,0.0,1,round_config.json
flora,Linear FLoRA,mrpc_stratified,MRPC stratified,roberta-base,RoBERTa-base,homo,Homo,20,150,20,20,120,119,85.5392156862745,0.0,1,round_config.json
flora,Linear FLoRA,mrpc_stratified,MRPC stratified,roberta-base,RoBERTa-base,homo,Homo,20,150,20,20,121,120,85.5392156862745,0.0,1,round_config.json
flora,Linear FLoRA,mrpc_stratified,MRPC stratified,roberta-base,RoBERTa-base,homo,Homo,20,150,20,20,122,121,86.27450980392157,0.0,1,round_config.json
flora,Linear FLoRA,mrpc_stratified,MRPC stratified,roberta-base,RoBERTa-base,homo,Homo,20,150,20,20,123,122,86.02941176470588,0.0,1,round_config.json
flora,Linear FLoRA,mrpc_stratified,MRPC stratified,roberta-base,RoBERTa-base,homo,Homo,20,150,20,20,124,123,86.02941176470588,0.0,1,round_config.json
flora,Linear FLoRA,mrpc_stratified,MRPC stratified,roberta-base,RoBERTa-base,homo,Homo,20,150,20,20,125,124,86.02941176470588,0.0,1,round_config.json
flora,Linear FLoRA,mrpc_stratified,MRPC stratified,roberta-base,RoBERTa-base,homo,Homo,20,150,20,20,126,125,85.5392156862745,0.0,1,round_config.json
flora,Linear FLoRA,mrpc_stratified,MRPC stratified,roberta-base,RoBERTa-base,homo,Homo,20,150,20,20,127,126,85.5392156862745,0.0,1,round_config.json
flora,Linear FLoRA,mrpc_stratified,MRPC stratified,roberta-base,RoBERTa-base,homo,Homo,20,150,20,20,128,127,85.29411764705883,0.0,1,round_config.json
flora,Linear FLoRA,mrpc_stratified,MRPC stratified,roberta-base,RoBERTa-base,homo,Homo,20,150,20,20,129,128,85.7843137254902,0.0,1,round_config.json
flora,Linear FLoRA,mrpc_stratified,MRPC stratified,roberta-base,RoBERTa-base,homo,Homo,20,150,20,20,130,129,85.5392156862745,0.0,1,round_config.json
flora,Linear FLoRA,mrpc_stratified,MRPC stratified,roberta-base,RoBERTa-base,homo,Homo,20,150,20,20,131,130,85.7843137254902,0.0,1,round_config.json
flora,Linear FLoRA,mrpc_stratified,MRPC stratified,roberta-base,RoBERTa-base,homo,Homo,20,150,20,20,132,131,85.5392156862745,0.0,1,round_config.json
flora,Linear FLoRA,mrpc_stratified,MRPC stratified,roberta-base,RoBERTa-base,homo,Homo,20,150,20,20,133,132,85.29411764705883,0.0,1,round_config.json
flora,Linear FLoRA,mrpc_stratified,MRPC stratified,roberta-base,RoBERTa-base,homo,Homo,20,150,20,20,134,133,85.04901960784314,0.0,1,round_config.json
flora,Linear FLoRA,mrpc_stratified,MRPC stratified,roberta-base,RoBERTa-base,homo,Homo,20,150,20,20,135,134,84.55882352941177,0.0,1,round_config.json
flora,Linear FLoRA,mrpc_stratified,MRPC stratified,roberta-base,RoBERTa-base,homo,Homo,20,150,20,20,136,135,85.04901960784314,0.0,1,round_config.json
flora,Linear FLoRA,mrpc_stratified,MRPC stratified,roberta-base,RoBERTa-base,homo,Homo,20,150,20,20,137,136,85.04901960784314,0.0,1,round_config.json
flora,Linear FLoRA,mrpc_stratified,MRPC stratified,roberta-base,RoBERTa-base,homo,Homo,20,150,20,20,138,137,85.04901960784314,0.0,1,round_config.json
flora,Linear FLoRA,mrpc_stratified,MRPC stratified,roberta-base,RoBERTa-base,homo,Homo,20,150,20,20,139,138,84.80392156862744,0.0,1,round_config.json
flora,Linear FLoRA,mrpc_stratified,MRPC stratified,roberta-base,RoBERTa-base,homo,Homo,20,150,20,20,140,139,85.04901960784314,0.0,1,round_config.json
flora,Linear FLoRA,mrpc_stratified,MRPC stratified,roberta-base,RoBERTa-base,homo,Homo,20,150,20,20,141,140,84.80392156862744,0.0,1,round_config.json
flora,Linear FLoRA,mrpc_stratified,MRPC stratified,roberta-base,RoBERTa-base,homo,Homo,20,150,20,20,142,141,85.04901960784314,0.0,1,round_config.json
flora,Linear FLoRA,mrpc_stratified,MRPC stratified,roberta-base,RoBERTa-base,homo,Homo,20,150,20,20,143,142,85.5392156862745,0.0,1,round_config.json
flora,Linear FLoRA,mrpc_stratified,MRPC stratified,roberta-base,RoBERTa-base,homo,Homo,20,150,20,20,144,143,85.7843137254902,0.0,1,round_config.json
flora,Linear FLoRA,mrpc_stratified,MRPC stratified,roberta-base,RoBERTa-base,homo,Homo,20,150,20,20,145,144,85.7843137254902,0.0,1,round_config.json
flora,Linear FLoRA,mrpc_stratified,MRPC stratified,roberta-base,RoBERTa-base,homo,Homo,20,150,20,20,146,145,85.7843137254902,0.0,1,round_config.json
flora,Linear FLoRA,mrpc_stratified,MRPC stratified,roberta-base,RoBERTa-base,homo,Homo,20,150,20,20,147,146,85.7843137254902,0.0,1,round_config.json
flora,Linear FLoRA,mrpc_stratified,MRPC stratified,roberta-base,RoBERTa-base,homo,Homo,20,150,20,20,148,147,86.02941176470588,0.0,1,round_config.json
flora,Linear FLoRA,mrpc_stratified,MRPC stratified,roberta-base,RoBERTa-base,homo,Homo,20,150,20,20,149,148,85.5392156862745,0.0,1,round_config.json
flora,Linear FLoRA,mrpc_stratified,MRPC stratified,roberta-base,RoBERTa-base,homo,Homo,20,150,20,20,150,149,85.7843137254902,0.0,1,round_config.json
ffa,Nonlinear FFA,mrpc_stratified,MRPC stratified,roberta-base,RoBERTa-base,homo,Homo,20,150,20,20,1,0,68.38235294117648,0.0,1,round_config.json
ffa,Nonlinear FFA,mrpc_stratified,MRPC stratified,roberta-base,RoBERTa-base,homo,Homo,20,150,20,20,2,1,70.34313725490196,0.0,1,round_config.json
ffa,Nonlinear FFA,mrpc_stratified,MRPC stratified,roberta-base,RoBERTa-base,homo,Homo,20,150,20,20,3,2,71.07843137254902,0.0,1,round_config.json
ffa,Nonlinear FFA,mrpc_stratified,MRPC stratified,roberta-base,RoBERTa-base,homo,Homo,20,150,20,20,4,3,74.01960784313727,0.0,1,round_config.json
ffa,Nonlinear FFA,mrpc_stratified,MRPC stratified,roberta-base,RoBERTa-base,homo,Homo,20,150,20,20,5,4,74.26470588235294,0.0,1,round_config.json
ffa,Nonlinear FFA,mrpc_stratified,MRPC stratified,roberta-base,RoBERTa-base,homo,Homo,20,150,20,20,6,5,75.0,0.0,1,round_config.json
ffa,Nonlinear FFA,mrpc_stratified,MRPC stratified,roberta-base,RoBERTa-base,homo,Homo,20,150,20,20,7,6,75.73529411764706,0.0,1,round_config.json
ffa,Nonlinear FFA,mrpc_stratified,MRPC stratified,roberta-base,RoBERTa-base,homo,Homo,20,150,20,20,8,7,75.98039215686273,0.0,1,round_config.json
ffa,Nonlinear FFA,mrpc_stratified,MRPC stratified,roberta-base,RoBERTa-base,homo,Homo,20,150,20,20,9,8,75.73529411764706,0.0,1,round_config.json
ffa,Nonlinear FFA,mrpc_stratified,MRPC stratified,roberta-base,RoBERTa-base,homo,Homo,20,150,20,20,10,9,76.7156862745098,0.0,1,round_config.json
ffa,Nonlinear FFA,mrpc_stratified,MRPC stratified,roberta-base,RoBERTa-base,homo,Homo,20,150,20,20,11,10,76.7156862745098,0.0,1,round_config.json
ffa,Nonlinear FFA,mrpc_stratified,MRPC stratified,roberta-base,RoBERTa-base,homo,Homo,20,150,20,20,12,11,77.94117647058823,0.0,1,round_config.json
ffa,Nonlinear FFA,mrpc_stratified,MRPC stratified,roberta-base,RoBERTa-base,homo,Homo,20,150,20,20,13,12,78.43137254901961,0.0,1,round_config.json
ffa,Nonlinear FFA,mrpc_stratified,MRPC stratified,roberta-base,RoBERTa-base,homo,Homo,20,150,20,20,14,13,78.67647058823529,0.0,1,round_config.json
ffa,Nonlinear FFA,mrpc_stratified,MRPC stratified,roberta-base,RoBERTa-base,homo,Homo,20,150,20,20,15,14,79.16666666666666,0.0,1,round_config.json
ffa,Nonlinear FFA,mrpc_stratified,MRPC stratified,roberta-base,RoBERTa-base,homo,Homo,20,150,20,20,16,15,78.67647058823529,0.0,1,round_config.json
ffa,Nonlinear FFA,mrpc_stratified,MRPC stratified,roberta-base,RoBERTa-base,homo,Homo,20,150,20,20,17,16,79.41176470588235,0.0,1,round_config.json
ffa,Nonlinear FFA,mrpc_stratified,MRPC stratified,roberta-base,RoBERTa-base,homo,Homo,20,150,20,20,18,17,80.14705882352942,0.0,1,round_config.json
ffa,Nonlinear FFA,mrpc_stratified,MRPC stratified,roberta-base,RoBERTa-base,homo,Homo,20,150,20,20,19,18,80.3921568627451,0.0,1,round_config.json
ffa,Nonlinear FFA,mrpc_stratified,MRPC stratified,roberta-base,RoBERTa-base,homo,Homo,20,150,20,20,20,19,80.3921568627451,0.0,1,round_config.json
ffa,Nonlinear FFA,mrpc_stratified,MRPC stratified,roberta-base,RoBERTa-base,homo,Homo,20,150,20,20,21,20,80.14705882352942,0.0,1,round_config.json
ffa,Nonlinear FFA,mrpc_stratified,MRPC stratified,roberta-base,RoBERTa-base,homo,Homo,20,150,20,20,22,21,79.65686274509804,0.0,1,round_config.json
ffa,Nonlinear FFA,mrpc_stratified,MRPC stratified,roberta-base,RoBERTa-base,homo,Homo,20,150,20,20,23,22,79.65686274509804,0.0,1,round_config.json
ffa,Nonlinear FFA,mrpc_stratified,MRPC stratified,roberta-base,RoBERTa-base,homo,Homo,20,150,20,20,24,23,79.90196078431373,0.0,1,round_config.json
ffa,Nonlinear FFA,mrpc_stratified,MRPC stratified,roberta-base,RoBERTa-base,homo,Homo,20,150,20,20,25,24,79.90196078431373,0.0,1,round_config.json
ffa,Nonlinear FFA,mrpc_stratified,MRPC stratified,roberta-base,RoBERTa-base,homo,Homo,20,150,20,20,26,25,80.3921568627451,0.0,1,round_config.json
ffa,Nonlinear FFA,mrpc_stratified,MRPC stratified,roberta-base,RoBERTa-base,homo,Homo,20,150,20,20,27,26,80.63725490196079,0.0,1,round_config.json
ffa,Nonlinear FFA,mrpc_stratified,MRPC stratified,roberta-base,RoBERTa-base,homo,Homo,20,150,20,20,28,27,80.63725490196079,0.0,1,round_config.json
ffa,Nonlinear FFA,mrpc_stratified,MRPC stratified,roberta-base,RoBERTa-base,homo,Homo,20,150,20,20,29,28,81.12745098039215,0.0,1,round_config.json
ffa,Nonlinear FFA,mrpc_stratified,MRPC stratified,roberta-base,RoBERTa-base,homo,Homo,20,150,20,20,30,29,80.88235294117648,0.0,1,round_config.json
ffa,Nonlinear FFA,mrpc_stratified,MRPC stratified,roberta-base,RoBERTa-base,homo,Homo,20,150,20,20,31,30,81.12745098039215,0.0,1,round_config.json
ffa,Nonlinear FFA,mrpc_stratified,MRPC stratified,roberta-base,RoBERTa-base,homo,Homo,20,150,20,20,32,31,81.37254901960785,0.0,1,round_config.json
ffa,Nonlinear FFA,mrpc_stratified,MRPC stratified,roberta-base,RoBERTa-base,homo,Homo,20,150,20,20,33,32,81.12745098039215,0.0,1,round_config.json
ffa,Nonlinear FFA,mrpc_stratified,MRPC stratified,roberta-base,RoBERTa-base,homo,Homo,20,150,20,20,34,33,81.12745098039215,0.0,1,round_config.json
ffa,Nonlinear FFA,mrpc_stratified,MRPC stratified,roberta-base,RoBERTa-base,homo,Homo,20,150,20,20,35,34,81.12745098039215,0.0,1,round_config.json
ffa,Nonlinear FFA,mrpc_stratified,MRPC stratified,roberta-base,RoBERTa-base,homo,Homo,20,150,20,20,36,35,81.12745098039215,0.0,1,round_config.json
ffa,Nonlinear FFA,mrpc_stratified,MRPC stratified,roberta-base,RoBERTa-base,homo,Homo,20,150,20,20,37,36,81.12745098039215,0.0,1,round_config.json
ffa,Nonlinear FFA,mrpc_stratified,MRPC stratified,roberta-base,RoBERTa-base,homo,Homo,20,150,20,20,38,37,81.37254901960785,0.0,1,round_config.json
ffa,Nonlinear FFA,mrpc_stratified,MRPC stratified,roberta-base,RoBERTa-base,homo,Homo,20,150,20,20,39,38,81.61764705882352,0.0,1,round_config.json
ffa,Nonlinear FFA,mrpc_stratified,MRPC stratified,roberta-base,RoBERTa-base,homo,Homo,20,150,20,20,40,39,81.61764705882352,0.0,1,round_config.json
ffa,Nonlinear FFA,mrpc_stratified,MRPC stratified,roberta-base,RoBERTa-base,homo,Homo,20,150,20,20,41,40,81.61764705882352,0.0,1,round_config.json
ffa,Nonlinear FFA,mrpc_stratified,MRPC stratified,roberta-base,RoBERTa-base,homo,Homo,20,150,20,20,42,41,81.86274509803921,0.0,1,round_config.json
ffa,Nonlinear FFA,mrpc_stratified,MRPC stratified,roberta-base,RoBERTa-base,homo,Homo,20,150,20,20,43,42,81.86274509803921,0.0,1,round_config.json
ffa,Nonlinear FFA,mrpc_stratified,MRPC stratified,roberta-base,RoBERTa-base,homo,Homo,20,150,20,20,44,43,81.86274509803921,0.0,1,round_config.json
ffa,Nonlinear FFA,mrpc_stratified,MRPC stratified,roberta-base,RoBERTa-base,homo,Homo,20,150,20,20,45,44,81.61764705882352,0.0,1,round_config.json
ffa,Nonlinear FFA,mrpc_stratified,MRPC stratified,roberta-base,RoBERTa-base,homo,Homo,20,150,20,20,46,45,81.86274509803921,0.0,1,round_config.json
ffa,Nonlinear FFA,mrpc_stratified,MRPC stratified,roberta-base,RoBERTa-base,homo,Homo,20,150,20,20,47,46,81.86274509803921,0.0,1,round_config.json
ffa,Nonlinear FFA,mrpc_stratified,MRPC stratified,roberta-base,RoBERTa-base,homo,Homo,20,150,20,20,48,47,81.86274509803921,0.0,1,round_config.json
ffa,Nonlinear FFA,mrpc_stratified,MRPC stratified,roberta-base,RoBERTa-base,homo,Homo,20,150,20,20,49,48,82.1078431372549,0.0,1,round_config.json
ffa,Nonlinear FFA,mrpc_stratified,MRPC stratified,roberta-base,RoBERTa-base,homo,Homo,20,150,20,20,50,49,82.35294117647058,0.0,1,round_config.json
ffa,Nonlinear FFA,mrpc_stratified,MRPC stratified,roberta-base,RoBERTa-base,homo,Homo,20,150,20,20,51,50,82.35294117647058,0.0,1,round_config.json
ffa,Nonlinear FFA,mrpc_stratified,MRPC stratified,roberta-base,RoBERTa-base,homo,Homo,20,150,20,20,52,51,82.35294117647058,0.0,1,round_config.json
ffa,Nonlinear FFA,mrpc_stratified,MRPC stratified,roberta-base,RoBERTa-base,homo,Homo,20,150,20,20,53,52,82.35294117647058,0.0,1,round_config.json
ffa,Nonlinear FFA,mrpc_stratified,MRPC stratified,roberta-base,RoBERTa-base,homo,Homo,20,150,20,20,54,53,82.35294117647058,0.0,1,round_config.json
ffa,Nonlinear FFA,mrpc_stratified,MRPC stratified,roberta-base,RoBERTa-base,homo,Homo,20,150,20,20,55,54,82.59803921568627,0.0,1,round_config.json
ffa,Nonlinear FFA,mrpc_stratified,MRPC stratified,roberta-base,RoBERTa-base,homo,Homo,20,150,20,20,56,55,82.35294117647058,0.0,1,round_config.json
ffa,Nonlinear FFA,mrpc_stratified,MRPC stratified,roberta-base,RoBERTa-base,homo,Homo,20,150,20,20,57,56,82.1078431372549,0.0,1,round_config.json
ffa,Nonlinear FFA,mrpc_stratified,MRPC stratified,roberta-base,RoBERTa-base,homo,Homo,20,150,20,20,58,57,82.35294117647058,0.0,1,round_config.json
ffa,Nonlinear FFA,mrpc_stratified,MRPC stratified,roberta-base,RoBERTa-base,homo,Homo,20,150,20,20,59,58,82.35294117647058,0.0,1,round_config.json
ffa,Nonlinear FFA,mrpc_stratified,MRPC stratified,roberta-base,RoBERTa-base,homo,Homo,20,150,20,20,60,59,82.35294117647058,0.0,1,round_config.json
ffa,Nonlinear FFA,mrpc_stratified,MRPC stratified,roberta-base,RoBERTa-base,homo,Homo,20,150,20,20,61,60,82.59803921568627,0.0,1,round_config.json
ffa,Nonlinear FFA,mrpc_stratified,MRPC stratified,roberta-base,RoBERTa-base,homo,Homo,20,150,20,20,62,61,82.1078431372549,0.0,1,round_config.json
ffa,Nonlinear FFA,mrpc_stratified,MRPC stratified,roberta-base,RoBERTa-base,homo,Homo,20,150,20,20,63,62,82.35294117647058,0.0,1,round_config.json
ffa,Nonlinear FFA,mrpc_stratified,MRPC stratified,roberta-base,RoBERTa-base,homo,Homo,20,150,20,20,64,63,83.33333333333334,0.0,1,round_config.json
ffa,Nonlinear FFA,mrpc_stratified,MRPC stratified,roberta-base,RoBERTa-base,homo,Homo,20,150,20,20,65,64,82.84313725490196,0.0,1,round_config.json
ffa,Nonlinear FFA,mrpc_stratified,MRPC stratified,roberta-base,RoBERTa-base,homo,Homo,20,150,20,20,66,65,82.59803921568627,0.0,1,round_config.json
ffa,Nonlinear FFA,mrpc_stratified,MRPC stratified,roberta-base,RoBERTa-base,homo,Homo,20,150,20,20,67,66,82.59803921568627,0.0,1,round_config.json
ffa,Nonlinear FFA,mrpc_stratified,MRPC stratified,roberta-base,RoBERTa-base,homo,Homo,20,150,20,20,68,67,83.08823529411765,0.0,1,round_config.json
ffa,Nonlinear FFA,mrpc_stratified,MRPC stratified,roberta-base,RoBERTa-base,homo,Homo,20,150,20,20,69,68,83.08823529411765,0.0,1,round_config.json
ffa,Nonlinear FFA,mrpc_stratified,MRPC stratified,roberta-base,RoBERTa-base,homo,Homo,20,150,20,20,70,69,83.33333333333334,0.0,1,round_config.json
ffa,Nonlinear FFA,mrpc_stratified,MRPC stratified,roberta-base,RoBERTa-base,homo,Homo,20,150,20,20,71,70,83.08823529411765,0.0,1,round_config.json
ffa,Nonlinear FFA,mrpc_stratified,MRPC stratified,roberta-base,RoBERTa-base,homo,Homo,20,150,20,20,72,71,83.33333333333334,0.0,1,round_config.json
ffa,Nonlinear FFA,mrpc_stratified,MRPC stratified,roberta-base,RoBERTa-base,homo,Homo,20,150,20,20,73,72,83.33333333333334,0.0,1,round_config.json
ffa,Nonlinear FFA,mrpc_stratified,MRPC stratified,roberta-base,RoBERTa-base,homo,Homo,20,150,20,20,74,73,83.33333333333334,0.0,1,round_config.json
ffa,Nonlinear FFA,mrpc_stratified,MRPC stratified,roberta-base,RoBERTa-base,homo,Homo,20,150,20,20,75,74,83.33333333333334,0.0,1,round_config.json
ffa,Nonlinear FFA,mrpc_stratified,MRPC stratified,roberta-base,RoBERTa-base,homo,Homo,20,150,20,20,76,75,83.08823529411765,0.0,1,round_config.json
ffa,Nonlinear FFA,mrpc_stratified,MRPC stratified,roberta-base,RoBERTa-base,homo,Homo,20,150,20,20,77,76,83.57843137254902,0.0,1,round_config.json
ffa,Nonlinear FFA,mrpc_stratified,MRPC stratified,roberta-base,RoBERTa-base,homo,Homo,20,150,20,20,78,77,83.57843137254902,0.0,1,round_config.json
ffa,Nonlinear FFA,mrpc_stratified,MRPC stratified,roberta-base,RoBERTa-base,homo,Homo,20,150,20,20,79,78,83.82352941176471,0.0,1,round_config.json
ffa,Nonlinear FFA,mrpc_stratified,MRPC stratified,roberta-base,RoBERTa-base,homo,Homo,20,150,20,20,80,79,84.31372549019608,0.0,1,round_config.json
ffa,Nonlinear FFA,mrpc_stratified,MRPC stratified,roberta-base,RoBERTa-base,homo,Homo,20,150,20,20,81,80,84.06862745098039,0.0,1,round_config.json
ffa,Nonlinear FFA,mrpc_stratified,MRPC stratified,roberta-base,RoBERTa-base,homo,Homo,20,150,20,20,82,81,83.33333333333334,0.0,1,round_config.json
ffa,Nonlinear FFA,mrpc_stratified,MRPC stratified,roberta-base,RoBERTa-base,homo,Homo,20,150,20,20,83,82,83.33333333333334,0.0,1,round_config.json
ffa,Nonlinear FFA,mrpc_stratified,MRPC stratified,roberta-base,RoBERTa-base,homo,Homo,20,150,20,20,84,83,83.33333333333334,0.0,1,round_config.json
ffa,Nonlinear FFA,mrpc_stratified,MRPC stratified,roberta-base,RoBERTa-base,homo,Homo,20,150,20,20,85,84,83.57843137254902,0.0,1,round_config.json
ffa,Nonlinear FFA,mrpc_stratified,MRPC stratified,roberta-base,RoBERTa-base,homo,Homo,20,150,20,20,86,85,83.33333333333334,0.0,1,round_config.json
ffa,Nonlinear FFA,mrpc_stratified,MRPC stratified,roberta-base,RoBERTa-base,homo,Homo,20,150,20,20,87,86,83.82352941176471,0.0,1,round_config.json
ffa,Nonlinear FFA,mrpc_stratified,MRPC stratified,roberta-base,RoBERTa-base,homo,Homo,20,150,20,20,88,87,83.33333333333334,0.0,1,round_config.json
ffa,Nonlinear FFA,mrpc_stratified,MRPC stratified,roberta-base,RoBERTa-base,homo,Homo,20,150,20,20,89,88,83.57843137254902,0.0,1,round_config.json
ffa,Nonlinear FFA,mrpc_stratified,MRPC stratified,roberta-base,RoBERTa-base,homo,Homo,20,150,20,20,90,89,84.06862745098039,0.0,1,round_config.json
ffa,Nonlinear FFA,mrpc_stratified,MRPC stratified,roberta-base,RoBERTa-base,homo,Homo,20,150,20,20,91,90,83.57843137254902,0.0,1,round_config.json
ffa,Nonlinear FFA,mrpc_stratified,MRPC stratified,roberta-base,RoBERTa-base,homo,Homo,20,150,20,20,92,91,84.06862745098039,0.0,1,round_config.json
ffa,Nonlinear FFA,mrpc_stratified,MRPC stratified,roberta-base,RoBERTa-base,homo,Homo,20,150,20,20,93,92,83.57843137254902,0.0,1,round_config.json
ffa,Nonlinear FFA,mrpc_stratified,MRPC stratified,roberta-base,RoBERTa-base,homo,Homo,20,150,20,20,94,93,83.82352941176471,0.0,1,round_config.json
ffa,Nonlinear FFA,mrpc_stratified,MRPC stratified,roberta-base,RoBERTa-base,homo,Homo,20,150,20,20,95,94,83.57843137254902,0.0,1,round_config.json
ffa,Nonlinear FFA,mrpc_stratified,MRPC stratified,roberta-base,RoBERTa-base,homo,Homo,20,150,20,20,96,95,83.08823529411765,0.0,1,round_config.json
ffa,Nonlinear FFA,mrpc_stratified,MRPC stratified,roberta-base,RoBERTa-base,homo,Homo,20,150,20,20,97,96,83.08823529411765,0.0,1,round_config.json
ffa,Nonlinear FFA,mrpc_stratified,MRPC stratified,roberta-base,RoBERTa-base,homo,Homo,20,150,20,20,98,97,83.33333333333334,0.0,1,round_config.json
ffa,Nonlinear FFA,mrpc_stratified,MRPC stratified,roberta-base,RoBERTa-base,homo,Homo,20,150,20,20,99,98,83.08823529411765,0.0,1,round_config.json
ffa,Nonlinear FFA,mrpc_stratified,MRPC stratified,roberta-base,RoBERTa-base,homo,Homo,20,150,20,20,100,99,82.84313725490196,0.0,1,round_config.json
ffa,Nonlinear FFA,mrpc_stratified,MRPC stratified,roberta-base,RoBERTa-base,homo,Homo,20,150,20,20,101,100,82.59803921568627,0.0,1,round_config.json
ffa,Nonlinear FFA,mrpc_stratified,MRPC stratified,roberta-base,RoBERTa-base,homo,Homo,20,150,20,20,102,101,83.08823529411765,0.0,1,round_config.json
ffa,Nonlinear FFA,mrpc_stratified,MRPC stratified,roberta-base,RoBERTa-base,homo,Homo,20,150,20,20,103,102,83.33333333333334,0.0,1,round_config.json
ffa,Nonlinear FFA,mrpc_stratified,MRPC stratified,roberta-base,RoBERTa-base,homo,Homo,20,150,20,20,104,103,82.59803921568627,0.0,1,round_config.json
ffa,Nonlinear FFA,mrpc_stratified,MRPC stratified,roberta-base,RoBERTa-base,homo,Homo,20,150,20,20,105,104,83.33333333333334,0.0,1,round_config.json
ffa,Nonlinear FFA,mrpc_stratified,MRPC stratified,roberta-base,RoBERTa-base,homo,Homo,20,150,20,20,106,105,83.82352941176471,0.0,1,round_config.json
ffa,Nonlinear FFA,mrpc_stratified,MRPC stratified,roberta-base,RoBERTa-base,homo,Homo,20,150,20,20,107,106,83.33333333333334,0.0,1,round_config.json
ffa,Nonlinear FFA,mrpc_stratified,MRPC stratified,roberta-base,RoBERTa-base,homo,Homo,20,150,20,20,108,107,83.33333333333334,0.0,1,round_config.json
ffa,Nonlinear FFA,mrpc_stratified,MRPC stratified,roberta-base,RoBERTa-base,homo,Homo,20,150,20,20,109,108,83.08823529411765,0.0,1,round_config.json
ffa,Nonlinear FFA,mrpc_stratified,MRPC stratified,roberta-base,RoBERTa-base,homo,Homo,20,150,20,20,110,109,84.06862745098039,0.0,1,round_config.json
ffa,Nonlinear FFA,mrpc_stratified,MRPC stratified,roberta-base,RoBERTa-base,homo,Homo,20,150,20,20,111,110,83.82352941176471,0.0,1,round_config.json
ffa,Nonlinear FFA,mrpc_stratified,MRPC stratified,roberta-base,RoBERTa-base,homo,Homo,20,150,20,20,112,111,83.08823529411765,0.0,1,round_config.json
ffa,Nonlinear FFA,mrpc_stratified,MRPC stratified,roberta-base,RoBERTa-base,homo,Homo,20,150,20,20,113,112,82.84313725490196,0.0,1,round_config.json
ffa,Nonlinear FFA,mrpc_stratified,MRPC stratified,roberta-base,RoBERTa-base,homo,Homo,20,150,20,20,114,113,83.57843137254902,0.0,1,round_config.json
ffa,Nonlinear FFA,mrpc_stratified,MRPC stratified,roberta-base,RoBERTa-base,homo,Homo,20,150,20,20,115,114,83.82352941176471,0.0,1,round_config.json
ffa,Nonlinear FFA,mrpc_stratified,MRPC stratified,roberta-base,RoBERTa-base,homo,Homo,20,150,20,20,116,115,83.82352941176471,0.0,1,round_config.json
ffa,Nonlinear FFA,mrpc_stratified,MRPC stratified,roberta-base,RoBERTa-base,homo,Homo,20,150,20,20,117,116,83.08823529411765,0.0,1,round_config.json
ffa,Nonlinear FFA,mrpc_stratified,MRPC stratified,roberta-base,RoBERTa-base,homo,Homo,20,150,20,20,118,117,82.84313725490196,0.0,1,round_config.json
ffa,Nonlinear FFA,mrpc_stratified,MRPC stratified,roberta-base,RoBERTa-base,homo,Homo,20,150,20,20,119,118,82.59803921568627,0.0,1,round_config.json
ffa,Nonlinear FFA,mrpc_stratified,MRPC stratified,roberta-base,RoBERTa-base,homo,Homo,20,150,20,20,120,119,82.84313725490196,0.0,1,round_config.json
ffa,Nonlinear FFA,mrpc_stratified,MRPC stratified,roberta-base,RoBERTa-base,homo,Homo,20,150,20,20,121,120,82.59803921568627,0.0,1,round_config.json
ffa,Nonlinear FFA,mrpc_stratified,MRPC stratified,roberta-base,RoBERTa-base,homo,Homo,20,150,20,20,122,121,82.84313725490196,0.0,1,round_config.json
ffa,Nonlinear FFA,mrpc_stratified,MRPC stratified,roberta-base,RoBERTa-base,homo,Homo,20,150,20,20,123,122,82.59803921568627,0.0,1,round_config.json
ffa,Nonlinear FFA,mrpc_stratified,MRPC stratified,roberta-base,RoBERTa-base,homo,Homo,20,150,20,20,124,123,82.35294117647058,0.0,1,round_config.json
ffa,Nonlinear FFA,mrpc_stratified,MRPC stratified,roberta-base,RoBERTa-base,homo,Homo,20,150,20,20,125,124,82.35294117647058,0.0,1,round_config.json
ffa,Nonlinear FFA,mrpc_stratified,MRPC stratified,roberta-base,RoBERTa-base,homo,Homo,20,150,20,20,126,125,82.59803921568627,0.0,1,round_config.json
ffa,Nonlinear FFA,mrpc_stratified,MRPC stratified,roberta-base,RoBERTa-base,homo,Homo,20,150,20,20,127,126,82.35294117647058,0.0,1,round_config.json
ffa,Nonlinear FFA,mrpc_stratified,MRPC stratified,roberta-base,RoBERTa-base,homo,Homo,20,150,20,20,128,127,82.35294117647058,0.0,1,round_config.json
ffa,Nonlinear FFA,mrpc_stratified,MRPC stratified,roberta-base,RoBERTa-base,homo,Homo,20,150,20,20,129,128,82.59803921568627,0.0,1,round_config.json
ffa,Nonlinear FFA,mrpc_stratified,MRPC stratified,roberta-base,RoBERTa-base,homo,Homo,20,150,20,20,130,129,83.08823529411765,0.0,1,round_config.json
ffa,Nonlinear FFA,mrpc_stratified,MRPC stratified,roberta-base,RoBERTa-base,homo,Homo,20,150,20,20,131,130,83.08823529411765,0.0,1,round_config.json
ffa,Nonlinear FFA,mrpc_stratified,MRPC stratified,roberta-base,RoBERTa-base,homo,Homo,20,150,20,20,132,131,82.35294117647058,0.0,1,round_config.json
ffa,Nonlinear FFA,mrpc_stratified,MRPC stratified,roberta-base,RoBERTa-base,homo,Homo,20,150,20,20,133,132,82.59803921568627,0.0,1,round_config.json
ffa,Nonlinear FFA,mrpc_stratified,MRPC stratified,roberta-base,RoBERTa-base,homo,Homo,20,150,20,20,134,133,83.08823529411765,0.0,1,round_config.json
ffa,Nonlinear FFA,mrpc_stratified,MRPC stratified,roberta-base,RoBERTa-base,homo,Homo,20,150,20,20,135,134,82.1078431372549,0.0,1,round_config.json
ffa,Nonlinear FFA,mrpc_stratified,MRPC stratified,roberta-base,RoBERTa-base,homo,Homo,20,150,20,20,136,135,82.35294117647058,0.0,1,round_config.json
ffa,Nonlinear FFA,mrpc_stratified,MRPC stratified,roberta-base,RoBERTa-base,homo,Homo,20,150,20,20,137,136,82.59803921568627,0.0,1,round_config.json
ffa,Nonlinear FFA,mrpc_stratified,MRPC stratified,roberta-base,RoBERTa-base,homo,Homo,20,150,20,20,138,137,82.84313725490196,0.0,1,round_config.json
ffa,Nonlinear FFA,mrpc_stratified,MRPC stratified,roberta-base,RoBERTa-base,homo,Homo,20,150,20,20,139,138,82.35294117647058,0.0,1,round_config.json
ffa,Nonlinear FFA,mrpc_stratified,MRPC stratified,roberta-base,RoBERTa-base,homo,Homo,20,150,20,20,140,139,82.84313725490196,0.0,1,round_config.json
ffa,Nonlinear FFA,mrpc_stratified,MRPC stratified,roberta-base,RoBERTa-base,homo,Homo,20,150,20,20,141,140,82.35294117647058,0.0,1,round_config.json
ffa,Nonlinear FFA,mrpc_stratified,MRPC stratified,roberta-base,RoBERTa-base,homo,Homo,20,150,20,20,142,141,82.84313725490196,0.0,1,round_config.json
ffa,Nonlinear FFA,mrpc_stratified,MRPC stratified,roberta-base,RoBERTa-base,homo,Homo,20,150,20,20,143,142,82.35294117647058,0.0,1,round_config.json
ffa,Nonlinear FFA,mrpc_stratified,MRPC stratified,roberta-base,RoBERTa-base,homo,Homo,20,150,20,20,144,143,82.1078431372549,0.0,1,round_config.json
ffa,Nonlinear FFA,mrpc_stratified,MRPC stratified,roberta-base,RoBERTa-base,homo,Homo,20,150,20,20,145,144,82.35294117647058,0.0,1,round_config.json
ffa,Nonlinear FFA,mrpc_stratified,MRPC stratified,roberta-base,RoBERTa-base,homo,Homo,20,150,20,20,146,145,82.84313725490196,0.0,1,round_config.json
ffa,Nonlinear FFA,mrpc_stratified,MRPC stratified,roberta-base,RoBERTa-base,homo,Homo,20,150,20,20,147,146,82.1078431372549,0.0,1,round_config.json
ffa,Nonlinear FFA,mrpc_stratified,MRPC stratified,roberta-base,RoBERTa-base,homo,Homo,20,150,20,20,148,147,82.59803921568627,0.0,1,round_config.json
ffa,Nonlinear FFA,mrpc_stratified,MRPC stratified,roberta-base,RoBERTa-base,homo,Homo,20,150,20,20,149,148,82.59803921568627,0.0,1,round_config.json
ffa,Nonlinear FFA,mrpc_stratified,MRPC stratified,roberta-base,RoBERTa-base,homo,Homo,20,150,20,20,150,149,81.86274509803921,0.0,1,round_config.json
