Method key,Method,Dataset,Dataset label,Model key,Model,Setting key,Setting,Local epochs,Config rounds,Seed,Round,Accuracy,Run dir,Run key,Score path,Observed rounds,Complete run,Result source,Run status
ffa,Nonlinear FFA,dolly,Dolly,tinyllama,TinyLlama,heter,Heter,1,50,0,1,17.861361529341103,epoch_round_tuning_ffa_high_rounds/tuning-ffa-dolly-tinyllama-heter-e1-r50,/homes/neumann/trieu.vy.tran/FederatedLLM/epoch_round_tuning_ffa_high_rounds/tuning-ffa-dolly-tinyllama-heter-e1-r50,epoch_round_tuning_ffa_high_rounds/tuning-ffa-dolly-tinyllama-heter-e1-r50/seed0/10/log.txt,50,True,score log,Complete
ffa,Nonlinear FFA,dolly,Dolly,tinyllama,TinyLlama,heter,Heter,1,50,0,2,20.059271354344972,epoch_round_tuning_ffa_high_rounds/tuning-ffa-dolly-tinyllama-heter-e1-r50,/homes/neumann/trieu.vy.tran/FederatedLLM/epoch_round_tuning_ffa_high_rounds/tuning-ffa-dolly-tinyllama-heter-e1-r50,epoch_round_tuning_ffa_high_rounds/tuning-ffa-dolly-tinyllama-heter-e1-r50/seed0/10/log.txt,50,True,score log,Complete
ffa,Nonlinear FFA,dolly,Dolly,tinyllama,TinyLlama,heter,Heter,1,50,0,3,22.37805545569754,epoch_round_tuning_ffa_high_rounds/tuning-ffa-dolly-tinyllama-heter-e1-r50,/homes/neumann/trieu.vy.tran/FederatedLLM/epoch_round_tuning_ffa_high_rounds/tuning-ffa-dolly-tinyllama-heter-e1-r50,epoch_round_tuning_ffa_high_rounds/tuning-ffa-dolly-tinyllama-heter-e1-r50/seed0/10/log.txt,50,True,score log,Complete
ffa,Nonlinear FFA,dolly,Dolly,tinyllama,TinyLlama,heter,Heter,1,50,0,4,24.43017506142771,epoch_round_tuning_ffa_high_rounds/tuning-ffa-dolly-tinyllama-heter-e1-r50,/homes/neumann/trieu.vy.tran/FederatedLLM/epoch_round_tuning_ffa_high_rounds/tuning-ffa-dolly-tinyllama-heter-e1-r50,epoch_round_tuning_ffa_high_rounds/tuning-ffa-dolly-tinyllama-heter-e1-r50/seed0/10/log.txt,50,True,score log,Complete
ffa,Nonlinear FFA,dolly,Dolly,tinyllama,TinyLlama,heter,Heter,1,50,0,5,25.207250593460046,epoch_round_tuning_ffa_high_rounds/tuning-ffa-dolly-tinyllama-heter-e1-r50,/homes/neumann/trieu.vy.tran/FederatedLLM/epoch_round_tuning_ffa_high_rounds/tuning-ffa-dolly-tinyllama-heter-e1-r50,epoch_round_tuning_ffa_high_rounds/tuning-ffa-dolly-tinyllama-heter-e1-r50/seed0/10/log.txt,50,True,score log,Complete
ffa,Nonlinear FFA,dolly,Dolly,tinyllama,TinyLlama,heter,Heter,1,50,0,6,25.90729276291291,epoch_round_tuning_ffa_high_rounds/tuning-ffa-dolly-tinyllama-heter-e1-r50,/homes/neumann/trieu.vy.tran/FederatedLLM/epoch_round_tuning_ffa_high_rounds/tuning-ffa-dolly-tinyllama-heter-e1-r50,epoch_round_tuning_ffa_high_rounds/tuning-ffa-dolly-tinyllama-heter-e1-r50/seed0/10/log.txt,50,True,score log,Complete
ffa,Nonlinear FFA,dolly,Dolly,tinyllama,TinyLlama,heter,Heter,1,50,0,7,25.858151515946755,epoch_round_tuning_ffa_high_rounds/tuning-ffa-dolly-tinyllama-heter-e1-r50,/homes/neumann/trieu.vy.tran/FederatedLLM/epoch_round_tuning_ffa_high_rounds/tuning-ffa-dolly-tinyllama-heter-e1-r50,epoch_round_tuning_ffa_high_rounds/tuning-ffa-dolly-tinyllama-heter-e1-r50/seed0/10/log.txt,50,True,score log,Complete
ffa,Nonlinear FFA,dolly,Dolly,tinyllama,TinyLlama,heter,Heter,1,50,0,8,25.89506664950763,epoch_round_tuning_ffa_high_rounds/tuning-ffa-dolly-tinyllama-heter-e1-r50,/homes/neumann/trieu.vy.tran/FederatedLLM/epoch_round_tuning_ffa_high_rounds/tuning-ffa-dolly-tinyllama-heter-e1-r50,epoch_round_tuning_ffa_high_rounds/tuning-ffa-dolly-tinyllama-heter-e1-r50/seed0/10/log.txt,50,True,score log,Complete
ffa,Nonlinear FFA,dolly,Dolly,tinyllama,TinyLlama,heter,Heter,1,50,0,9,27.405996394396926,epoch_round_tuning_ffa_high_rounds/tuning-ffa-dolly-tinyllama-heter-e1-r50,/homes/neumann/trieu.vy.tran/FederatedLLM/epoch_round_tuning_ffa_high_rounds/tuning-ffa-dolly-tinyllama-heter-e1-r50,epoch_round_tuning_ffa_high_rounds/tuning-ffa-dolly-tinyllama-heter-e1-r50/seed0/10/log.txt,50,True,score log,Complete
ffa,Nonlinear FFA,dolly,Dolly,tinyllama,TinyLlama,heter,Heter,1,50,0,10,25.872668355716794,epoch_round_tuning_ffa_high_rounds/tuning-ffa-dolly-tinyllama-heter-e1-r50,/homes/neumann/trieu.vy.tran/FederatedLLM/epoch_round_tuning_ffa_high_rounds/tuning-ffa-dolly-tinyllama-heter-e1-r50,epoch_round_tuning_ffa_high_rounds/tuning-ffa-dolly-tinyllama-heter-e1-r50/seed0/10/log.txt,50,True,score log,Complete
ffa,Nonlinear FFA,dolly,Dolly,tinyllama,TinyLlama,heter,Heter,1,50,0,11,27.84485442354719,epoch_round_tuning_ffa_high_rounds/tuning-ffa-dolly-tinyllama-heter-e1-r50,/homes/neumann/trieu.vy.tran/FederatedLLM/epoch_round_tuning_ffa_high_rounds/tuning-ffa-dolly-tinyllama-heter-e1-r50,epoch_round_tuning_ffa_high_rounds/tuning-ffa-dolly-tinyllama-heter-e1-r50/seed0/10/log.txt,50,True,score log,Complete
ffa,Nonlinear FFA,dolly,Dolly,tinyllama,TinyLlama,heter,Heter,1,50,0,12,28.196493430191143,epoch_round_tuning_ffa_high_rounds/tuning-ffa-dolly-tinyllama-heter-e1-r50,/homes/neumann/trieu.vy.tran/FederatedLLM/epoch_round_tuning_ffa_high_rounds/tuning-ffa-dolly-tinyllama-heter-e1-r50,epoch_round_tuning_ffa_high_rounds/tuning-ffa-dolly-tinyllama-heter-e1-r50/seed0/10/log.txt,50,True,score log,Complete
ffa,Nonlinear FFA,dolly,Dolly,tinyllama,TinyLlama,heter,Heter,1,50,0,13,24.85774523800132,epoch_round_tuning_ffa_high_rounds/tuning-ffa-dolly-tinyllama-heter-e1-r50,/homes/neumann/trieu.vy.tran/FederatedLLM/epoch_round_tuning_ffa_high_rounds/tuning-ffa-dolly-tinyllama-heter-e1-r50,epoch_round_tuning_ffa_high_rounds/tuning-ffa-dolly-tinyllama-heter-e1-r50/seed0/10/log.txt,50,True,score log,Complete
ffa,Nonlinear FFA,dolly,Dolly,tinyllama,TinyLlama,heter,Heter,1,50,0,14,27.757011349248973,epoch_round_tuning_ffa_high_rounds/tuning-ffa-dolly-tinyllama-heter-e1-r50,/homes/neumann/trieu.vy.tran/FederatedLLM/epoch_round_tuning_ffa_high_rounds/tuning-ffa-dolly-tinyllama-heter-e1-r50,epoch_round_tuning_ffa_high_rounds/tuning-ffa-dolly-tinyllama-heter-e1-r50/seed0/10/log.txt,50,True,score log,Complete
ffa,Nonlinear FFA,dolly,Dolly,tinyllama,TinyLlama,heter,Heter,1,50,0,15,27.281186741392517,epoch_round_tuning_ffa_high_rounds/tuning-ffa-dolly-tinyllama-heter-e1-r50,/homes/neumann/trieu.vy.tran/FederatedLLM/epoch_round_tuning_ffa_high_rounds/tuning-ffa-dolly-tinyllama-heter-e1-r50,epoch_round_tuning_ffa_high_rounds/tuning-ffa-dolly-tinyllama-heter-e1-r50/seed0/10/log.txt,50,True,score log,Complete
ffa,Nonlinear FFA,dolly,Dolly,tinyllama,TinyLlama,heter,Heter,1,50,0,16,27.85541148767749,epoch_round_tuning_ffa_high_rounds/tuning-ffa-dolly-tinyllama-heter-e1-r50,/homes/neumann/trieu.vy.tran/FederatedLLM/epoch_round_tuning_ffa_high_rounds/tuning-ffa-dolly-tinyllama-heter-e1-r50,epoch_round_tuning_ffa_high_rounds/tuning-ffa-dolly-tinyllama-heter-e1-r50/seed0/10/log.txt,50,True,score log,Complete
ffa,Nonlinear FFA,dolly,Dolly,tinyllama,TinyLlama,heter,Heter,1,50,0,17,26.82447245099348,epoch_round_tuning_ffa_high_rounds/tuning-ffa-dolly-tinyllama-heter-e1-r50,/homes/neumann/trieu.vy.tran/FederatedLLM/epoch_round_tuning_ffa_high_rounds/tuning-ffa-dolly-tinyllama-heter-e1-r50,epoch_round_tuning_ffa_high_rounds/tuning-ffa-dolly-tinyllama-heter-e1-r50/seed0/10/log.txt,50,True,score log,Complete
ffa,Nonlinear FFA,dolly,Dolly,tinyllama,TinyLlama,heter,Heter,1,50,0,18,27.70008713848992,epoch_round_tuning_ffa_high_rounds/tuning-ffa-dolly-tinyllama-heter-e1-r50,/homes/neumann/trieu.vy.tran/FederatedLLM/epoch_round_tuning_ffa_high_rounds/tuning-ffa-dolly-tinyllama-heter-e1-r50,epoch_round_tuning_ffa_high_rounds/tuning-ffa-dolly-tinyllama-heter-e1-r50/seed0/10/log.txt,50,True,score log,Complete
ffa,Nonlinear FFA,dolly,Dolly,tinyllama,TinyLlama,heter,Heter,1,50,0,19,26.59071976383021,epoch_round_tuning_ffa_high_rounds/tuning-ffa-dolly-tinyllama-heter-e1-r50,/homes/neumann/trieu.vy.tran/FederatedLLM/epoch_round_tuning_ffa_high_rounds/tuning-ffa-dolly-tinyllama-heter-e1-r50,epoch_round_tuning_ffa_high_rounds/tuning-ffa-dolly-tinyllama-heter-e1-r50/seed0/10/log.txt,50,True,score log,Complete
ffa,Nonlinear FFA,dolly,Dolly,tinyllama,TinyLlama,heter,Heter,1,50,0,20,28.540392947984177,epoch_round_tuning_ffa_high_rounds/tuning-ffa-dolly-tinyllama-heter-e1-r50,/homes/neumann/trieu.vy.tran/FederatedLLM/epoch_round_tuning_ffa_high_rounds/tuning-ffa-dolly-tinyllama-heter-e1-r50,epoch_round_tuning_ffa_high_rounds/tuning-ffa-dolly-tinyllama-heter-e1-r50/seed0/10/log.txt,50,True,score log,Complete
ffa,Nonlinear FFA,dolly,Dolly,tinyllama,TinyLlama,heter,Heter,1,50,0,21,25.74277776990143,epoch_round_tuning_ffa_high_rounds/tuning-ffa-dolly-tinyllama-heter-e1-r50,/homes/neumann/trieu.vy.tran/FederatedLLM/epoch_round_tuning_ffa_high_rounds/tuning-ffa-dolly-tinyllama-heter-e1-r50,epoch_round_tuning_ffa_high_rounds/tuning-ffa-dolly-tinyllama-heter-e1-r50/seed0/10/log.txt,50,True,score log,Complete
ffa,Nonlinear FFA,dolly,Dolly,tinyllama,TinyLlama,heter,Heter,1,50,0,22,26.652763143833596,epoch_round_tuning_ffa_high_rounds/tuning-ffa-dolly-tinyllama-heter-e1-r50,/homes/neumann/trieu.vy.tran/FederatedLLM/epoch_round_tuning_ffa_high_rounds/tuning-ffa-dolly-tinyllama-heter-e1-r50,epoch_round_tuning_ffa_high_rounds/tuning-ffa-dolly-tinyllama-heter-e1-r50/seed0/10/log.txt,50,True,score log,Complete
ffa,Nonlinear FFA,dolly,Dolly,tinyllama,TinyLlama,heter,Heter,1,50,0,23,28.11490396552324,epoch_round_tuning_ffa_high_rounds/tuning-ffa-dolly-tinyllama-heter-e1-r50,/homes/neumann/trieu.vy.tran/FederatedLLM/epoch_round_tuning_ffa_high_rounds/tuning-ffa-dolly-tinyllama-heter-e1-r50,epoch_round_tuning_ffa_high_rounds/tuning-ffa-dolly-tinyllama-heter-e1-r50/seed0/10/log.txt,50,True,score log,Complete
ffa,Nonlinear FFA,dolly,Dolly,tinyllama,TinyLlama,heter,Heter,1,50,0,24,29.47079399213692,epoch_round_tuning_ffa_high_rounds/tuning-ffa-dolly-tinyllama-heter-e1-r50,/homes/neumann/trieu.vy.tran/FederatedLLM/epoch_round_tuning_ffa_high_rounds/tuning-ffa-dolly-tinyllama-heter-e1-r50,epoch_round_tuning_ffa_high_rounds/tuning-ffa-dolly-tinyllama-heter-e1-r50/seed0/10/log.txt,50,True,score log,Complete
ffa,Nonlinear FFA,dolly,Dolly,tinyllama,TinyLlama,heter,Heter,1,50,0,25,27.225182662174046,epoch_round_tuning_ffa_high_rounds/tuning-ffa-dolly-tinyllama-heter-e1-r50,/homes/neumann/trieu.vy.tran/FederatedLLM/epoch_round_tuning_ffa_high_rounds/tuning-ffa-dolly-tinyllama-heter-e1-r50,epoch_round_tuning_ffa_high_rounds/tuning-ffa-dolly-tinyllama-heter-e1-r50/seed0/10/log.txt,50,True,score log,Complete
ffa,Nonlinear FFA,dolly,Dolly,tinyllama,TinyLlama,heter,Heter,1,50,0,26,28.01540575950841,epoch_round_tuning_ffa_high_rounds/tuning-ffa-dolly-tinyllama-heter-e1-r50,/homes/neumann/trieu.vy.tran/FederatedLLM/epoch_round_tuning_ffa_high_rounds/tuning-ffa-dolly-tinyllama-heter-e1-r50,epoch_round_tuning_ffa_high_rounds/tuning-ffa-dolly-tinyllama-heter-e1-r50/seed0/10/log.txt,50,True,score log,Complete
ffa,Nonlinear FFA,dolly,Dolly,tinyllama,TinyLlama,heter,Heter,1,50,0,27,27.20632848609362,epoch_round_tuning_ffa_high_rounds/tuning-ffa-dolly-tinyllama-heter-e1-r50,/homes/neumann/trieu.vy.tran/FederatedLLM/epoch_round_tuning_ffa_high_rounds/tuning-ffa-dolly-tinyllama-heter-e1-r50,epoch_round_tuning_ffa_high_rounds/tuning-ffa-dolly-tinyllama-heter-e1-r50/seed0/10/log.txt,50,True,score log,Complete
ffa,Nonlinear FFA,dolly,Dolly,tinyllama,TinyLlama,heter,Heter,1,50,0,28,28.954683958051437,epoch_round_tuning_ffa_high_rounds/tuning-ffa-dolly-tinyllama-heter-e1-r50,/homes/neumann/trieu.vy.tran/FederatedLLM/epoch_round_tuning_ffa_high_rounds/tuning-ffa-dolly-tinyllama-heter-e1-r50,epoch_round_tuning_ffa_high_rounds/tuning-ffa-dolly-tinyllama-heter-e1-r50/seed0/10/log.txt,50,True,score log,Complete
ffa,Nonlinear FFA,dolly,Dolly,tinyllama,TinyLlama,heter,Heter,1,50,0,29,27.293071205918178,epoch_round_tuning_ffa_high_rounds/tuning-ffa-dolly-tinyllama-heter-e1-r50,/homes/neumann/trieu.vy.tran/FederatedLLM/epoch_round_tuning_ffa_high_rounds/tuning-ffa-dolly-tinyllama-heter-e1-r50,epoch_round_tuning_ffa_high_rounds/tuning-ffa-dolly-tinyllama-heter-e1-r50/seed0/10/log.txt,50,True,score log,Complete
ffa,Nonlinear FFA,dolly,Dolly,tinyllama,TinyLlama,heter,Heter,1,50,0,30,28.730979539121883,epoch_round_tuning_ffa_high_rounds/tuning-ffa-dolly-tinyllama-heter-e1-r50,/homes/neumann/trieu.vy.tran/FederatedLLM/epoch_round_tuning_ffa_high_rounds/tuning-ffa-dolly-tinyllama-heter-e1-r50,epoch_round_tuning_ffa_high_rounds/tuning-ffa-dolly-tinyllama-heter-e1-r50/seed0/10/log.txt,50,True,score log,Complete
ffa,Nonlinear FFA,dolly,Dolly,tinyllama,TinyLlama,heter,Heter,1,50,0,31,27.686468135772046,epoch_round_tuning_ffa_high_rounds/tuning-ffa-dolly-tinyllama-heter-e1-r50,/homes/neumann/trieu.vy.tran/FederatedLLM/epoch_round_tuning_ffa_high_rounds/tuning-ffa-dolly-tinyllama-heter-e1-r50,epoch_round_tuning_ffa_high_rounds/tuning-ffa-dolly-tinyllama-heter-e1-r50/seed0/10/log.txt,50,True,score log,Complete
ffa,Nonlinear FFA,dolly,Dolly,tinyllama,TinyLlama,heter,Heter,1,50,0,32,27.30556420138759,epoch_round_tuning_ffa_high_rounds/tuning-ffa-dolly-tinyllama-heter-e1-r50,/homes/neumann/trieu.vy.tran/FederatedLLM/epoch_round_tuning_ffa_high_rounds/tuning-ffa-dolly-tinyllama-heter-e1-r50,epoch_round_tuning_ffa_high_rounds/tuning-ffa-dolly-tinyllama-heter-e1-r50/seed0/10/log.txt,50,True,score log,Complete
ffa,Nonlinear FFA,dolly,Dolly,tinyllama,TinyLlama,heter,Heter,1,50,0,33,28.74103290899313,epoch_round_tuning_ffa_high_rounds/tuning-ffa-dolly-tinyllama-heter-e1-r50,/homes/neumann/trieu.vy.tran/FederatedLLM/epoch_round_tuning_ffa_high_rounds/tuning-ffa-dolly-tinyllama-heter-e1-r50,epoch_round_tuning_ffa_high_rounds/tuning-ffa-dolly-tinyllama-heter-e1-r50/seed0/10/log.txt,50,True,score log,Complete
ffa,Nonlinear FFA,dolly,Dolly,tinyllama,TinyLlama,heter,Heter,1,50,0,34,28.180995957843674,epoch_round_tuning_ffa_high_rounds/tuning-ffa-dolly-tinyllama-heter-e1-r50,/homes/neumann/trieu.vy.tran/FederatedLLM/epoch_round_tuning_ffa_high_rounds/tuning-ffa-dolly-tinyllama-heter-e1-r50,epoch_round_tuning_ffa_high_rounds/tuning-ffa-dolly-tinyllama-heter-e1-r50/seed0/10/log.txt,50,True,score log,Complete
ffa,Nonlinear FFA,dolly,Dolly,tinyllama,TinyLlama,heter,Heter,1,50,0,35,27.34488242342813,epoch_round_tuning_ffa_high_rounds/tuning-ffa-dolly-tinyllama-heter-e1-r50,/homes/neumann/trieu.vy.tran/FederatedLLM/epoch_round_tuning_ffa_high_rounds/tuning-ffa-dolly-tinyllama-heter-e1-r50,epoch_round_tuning_ffa_high_rounds/tuning-ffa-dolly-tinyllama-heter-e1-r50/seed0/10/log.txt,50,True,score log,Complete
ffa,Nonlinear FFA,dolly,Dolly,tinyllama,TinyLlama,heter,Heter,1,50,0,36,27.310638356258128,epoch_round_tuning_ffa_high_rounds/tuning-ffa-dolly-tinyllama-heter-e1-r50,/homes/neumann/trieu.vy.tran/FederatedLLM/epoch_round_tuning_ffa_high_rounds/tuning-ffa-dolly-tinyllama-heter-e1-r50,epoch_round_tuning_ffa_high_rounds/tuning-ffa-dolly-tinyllama-heter-e1-r50/seed0/10/log.txt,50,True,score log,Complete
ffa,Nonlinear FFA,dolly,Dolly,tinyllama,TinyLlama,heter,Heter,1,50,0,37,28.14600119735859,epoch_round_tuning_ffa_high_rounds/tuning-ffa-dolly-tinyllama-heter-e1-r50,/homes/neumann/trieu.vy.tran/FederatedLLM/epoch_round_tuning_ffa_high_rounds/tuning-ffa-dolly-tinyllama-heter-e1-r50,epoch_round_tuning_ffa_high_rounds/tuning-ffa-dolly-tinyllama-heter-e1-r50/seed0/10/log.txt,50,True,score log,Complete
ffa,Nonlinear FFA,dolly,Dolly,tinyllama,TinyLlama,heter,Heter,1,50,0,38,29.381793547843234,epoch_round_tuning_ffa_high_rounds/tuning-ffa-dolly-tinyllama-heter-e1-r50,/homes/neumann/trieu.vy.tran/FederatedLLM/epoch_round_tuning_ffa_high_rounds/tuning-ffa-dolly-tinyllama-heter-e1-r50,epoch_round_tuning_ffa_high_rounds/tuning-ffa-dolly-tinyllama-heter-e1-r50/seed0/10/log.txt,50,True,score log,Complete
ffa,Nonlinear FFA,dolly,Dolly,tinyllama,TinyLlama,heter,Heter,1,50,0,39,29.570951694583147,epoch_round_tuning_ffa_high_rounds/tuning-ffa-dolly-tinyllama-heter-e1-r50,/homes/neumann/trieu.vy.tran/FederatedLLM/epoch_round_tuning_ffa_high_rounds/tuning-ffa-dolly-tinyllama-heter-e1-r50,epoch_round_tuning_ffa_high_rounds/tuning-ffa-dolly-tinyllama-heter-e1-r50/seed0/10/log.txt,50,True,score log,Complete
ffa,Nonlinear FFA,dolly,Dolly,tinyllama,TinyLlama,heter,Heter,1,50,0,40,27.363387356819953,epoch_round_tuning_ffa_high_rounds/tuning-ffa-dolly-tinyllama-heter-e1-r50,/homes/neumann/trieu.vy.tran/FederatedLLM/epoch_round_tuning_ffa_high_rounds/tuning-ffa-dolly-tinyllama-heter-e1-r50,epoch_round_tuning_ffa_high_rounds/tuning-ffa-dolly-tinyllama-heter-e1-r50/seed0/10/log.txt,50,True,score log,Complete
ffa,Nonlinear FFA,dolly,Dolly,tinyllama,TinyLlama,heter,Heter,1,50,0,41,28.866139617522173,epoch_round_tuning_ffa_high_rounds/tuning-ffa-dolly-tinyllama-heter-e1-r50,/homes/neumann/trieu.vy.tran/FederatedLLM/epoch_round_tuning_ffa_high_rounds/tuning-ffa-dolly-tinyllama-heter-e1-r50,epoch_round_tuning_ffa_high_rounds/tuning-ffa-dolly-tinyllama-heter-e1-r50/seed0/10/log.txt,50,True,score log,Complete
ffa,Nonlinear FFA,dolly,Dolly,tinyllama,TinyLlama,heter,Heter,1,50,0,42,28.077354955479638,epoch_round_tuning_ffa_high_rounds/tuning-ffa-dolly-tinyllama-heter-e1-r50,/homes/neumann/trieu.vy.tran/FederatedLLM/epoch_round_tuning_ffa_high_rounds/tuning-ffa-dolly-tinyllama-heter-e1-r50,epoch_round_tuning_ffa_high_rounds/tuning-ffa-dolly-tinyllama-heter-e1-r50/seed0/10/log.txt,50,True,score log,Complete
ffa,Nonlinear FFA,dolly,Dolly,tinyllama,TinyLlama,heter,Heter,1,50,0,43,27.479843822938705,epoch_round_tuning_ffa_high_rounds/tuning-ffa-dolly-tinyllama-heter-e1-r50,/homes/neumann/trieu.vy.tran/FederatedLLM/epoch_round_tuning_ffa_high_rounds/tuning-ffa-dolly-tinyllama-heter-e1-r50,epoch_round_tuning_ffa_high_rounds/tuning-ffa-dolly-tinyllama-heter-e1-r50/seed0/10/log.txt,50,True,score log,Complete
ffa,Nonlinear FFA,dolly,Dolly,tinyllama,TinyLlama,heter,Heter,1,50,0,44,26.919823092842226,epoch_round_tuning_ffa_high_rounds/tuning-ffa-dolly-tinyllama-heter-e1-r50,/homes/neumann/trieu.vy.tran/FederatedLLM/epoch_round_tuning_ffa_high_rounds/tuning-ffa-dolly-tinyllama-heter-e1-r50,epoch_round_tuning_ffa_high_rounds/tuning-ffa-dolly-tinyllama-heter-e1-r50/seed0/10/log.txt,50,True,score log,Complete
ffa,Nonlinear FFA,dolly,Dolly,tinyllama,TinyLlama,heter,Heter,1,50,0,45,27.239325257596796,epoch_round_tuning_ffa_high_rounds/tuning-ffa-dolly-tinyllama-heter-e1-r50,/homes/neumann/trieu.vy.tran/FederatedLLM/epoch_round_tuning_ffa_high_rounds/tuning-ffa-dolly-tinyllama-heter-e1-r50,epoch_round_tuning_ffa_high_rounds/tuning-ffa-dolly-tinyllama-heter-e1-r50/seed0/10/log.txt,50,True,score log,Complete
ffa,Nonlinear FFA,dolly,Dolly,tinyllama,TinyLlama,heter,Heter,1,50,0,46,27.491867154968634,epoch_round_tuning_ffa_high_rounds/tuning-ffa-dolly-tinyllama-heter-e1-r50,/homes/neumann/trieu.vy.tran/FederatedLLM/epoch_round_tuning_ffa_high_rounds/tuning-ffa-dolly-tinyllama-heter-e1-r50,epoch_round_tuning_ffa_high_rounds/tuning-ffa-dolly-tinyllama-heter-e1-r50/seed0/10/log.txt,50,True,score log,Complete
ffa,Nonlinear FFA,dolly,Dolly,tinyllama,TinyLlama,heter,Heter,1,50,0,47,28.254101642897766,epoch_round_tuning_ffa_high_rounds/tuning-ffa-dolly-tinyllama-heter-e1-r50,/homes/neumann/trieu.vy.tran/FederatedLLM/epoch_round_tuning_ffa_high_rounds/tuning-ffa-dolly-tinyllama-heter-e1-r50,epoch_round_tuning_ffa_high_rounds/tuning-ffa-dolly-tinyllama-heter-e1-r50/seed0/10/log.txt,50,True,score log,Complete
ffa,Nonlinear FFA,dolly,Dolly,tinyllama,TinyLlama,heter,Heter,1,50,0,48,28.099518664654717,epoch_round_tuning_ffa_high_rounds/tuning-ffa-dolly-tinyllama-heter-e1-r50,/homes/neumann/trieu.vy.tran/FederatedLLM/epoch_round_tuning_ffa_high_rounds/tuning-ffa-dolly-tinyllama-heter-e1-r50,epoch_round_tuning_ffa_high_rounds/tuning-ffa-dolly-tinyllama-heter-e1-r50/seed0/10/log.txt,50,True,score log,Complete
ffa,Nonlinear FFA,dolly,Dolly,tinyllama,TinyLlama,heter,Heter,1,50,0,49,27.952156423138312,epoch_round_tuning_ffa_high_rounds/tuning-ffa-dolly-tinyllama-heter-e1-r50,/homes/neumann/trieu.vy.tran/FederatedLLM/epoch_round_tuning_ffa_high_rounds/tuning-ffa-dolly-tinyllama-heter-e1-r50,epoch_round_tuning_ffa_high_rounds/tuning-ffa-dolly-tinyllama-heter-e1-r50/seed0/10/log.txt,50,True,score log,Complete
ffa,Nonlinear FFA,dolly,Dolly,tinyllama,TinyLlama,heter,Heter,1,50,0,50,27.45385818607076,epoch_round_tuning_ffa_high_rounds/tuning-ffa-dolly-tinyllama-heter-e1-r50,/homes/neumann/trieu.vy.tran/FederatedLLM/epoch_round_tuning_ffa_high_rounds/tuning-ffa-dolly-tinyllama-heter-e1-r50,epoch_round_tuning_ffa_high_rounds/tuning-ffa-dolly-tinyllama-heter-e1-r50/seed0/10/log.txt,50,True,score log,Complete
ffa,Nonlinear FFA,dolly,Dolly,tinyllama,TinyLlama,heter,Heter,1,100,0,1,18.251158983510905,epoch_round_tuning_ffa_high_rounds/tuning-ffa-dolly-tinyllama-heter-e1-r100,/homes/neumann/trieu.vy.tran/FederatedLLM/epoch_round_tuning_ffa_high_rounds/tuning-ffa-dolly-tinyllama-heter-e1-r100,epoch_round_tuning_ffa_high_rounds/tuning-ffa-dolly-tinyllama-heter-e1-r100/seed0/10/log.txt,100,True,score log,Complete
ffa,Nonlinear FFA,dolly,Dolly,tinyllama,TinyLlama,heter,Heter,1,100,0,2,21.19188939116349,epoch_round_tuning_ffa_high_rounds/tuning-ffa-dolly-tinyllama-heter-e1-r100,/homes/neumann/trieu.vy.tran/FederatedLLM/epoch_round_tuning_ffa_high_rounds/tuning-ffa-dolly-tinyllama-heter-e1-r100,epoch_round_tuning_ffa_high_rounds/tuning-ffa-dolly-tinyllama-heter-e1-r100/seed0/10/log.txt,100,True,score log,Complete
ffa,Nonlinear FFA,dolly,Dolly,tinyllama,TinyLlama,heter,Heter,1,100,0,3,22.334302718379597,epoch_round_tuning_ffa_high_rounds/tuning-ffa-dolly-tinyllama-heter-e1-r100,/homes/neumann/trieu.vy.tran/FederatedLLM/epoch_round_tuning_ffa_high_rounds/tuning-ffa-dolly-tinyllama-heter-e1-r100,epoch_round_tuning_ffa_high_rounds/tuning-ffa-dolly-tinyllama-heter-e1-r100/seed0/10/log.txt,100,True,score log,Complete
ffa,Nonlinear FFA,dolly,Dolly,tinyllama,TinyLlama,heter,Heter,1,100,0,4,24.46657843895402,epoch_round_tuning_ffa_high_rounds/tuning-ffa-dolly-tinyllama-heter-e1-r100,/homes/neumann/trieu.vy.tran/FederatedLLM/epoch_round_tuning_ffa_high_rounds/tuning-ffa-dolly-tinyllama-heter-e1-r100,epoch_round_tuning_ffa_high_rounds/tuning-ffa-dolly-tinyllama-heter-e1-r100/seed0/10/log.txt,100,True,score log,Complete
ffa,Nonlinear FFA,dolly,Dolly,tinyllama,TinyLlama,heter,Heter,1,100,0,5,24.07507650906286,epoch_round_tuning_ffa_high_rounds/tuning-ffa-dolly-tinyllama-heter-e1-r100,/homes/neumann/trieu.vy.tran/FederatedLLM/epoch_round_tuning_ffa_high_rounds/tuning-ffa-dolly-tinyllama-heter-e1-r100,epoch_round_tuning_ffa_high_rounds/tuning-ffa-dolly-tinyllama-heter-e1-r100/seed0/10/log.txt,100,True,score log,Complete
ffa,Nonlinear FFA,dolly,Dolly,tinyllama,TinyLlama,heter,Heter,1,100,0,6,25.124866903069222,epoch_round_tuning_ffa_high_rounds/tuning-ffa-dolly-tinyllama-heter-e1-r100,/homes/neumann/trieu.vy.tran/FederatedLLM/epoch_round_tuning_ffa_high_rounds/tuning-ffa-dolly-tinyllama-heter-e1-r100,epoch_round_tuning_ffa_high_rounds/tuning-ffa-dolly-tinyllama-heter-e1-r100/seed0/10/log.txt,100,True,score log,Complete
ffa,Nonlinear FFA,dolly,Dolly,tinyllama,TinyLlama,heter,Heter,1,100,0,7,25.162472106610807,epoch_round_tuning_ffa_high_rounds/tuning-ffa-dolly-tinyllama-heter-e1-r100,/homes/neumann/trieu.vy.tran/FederatedLLM/epoch_round_tuning_ffa_high_rounds/tuning-ffa-dolly-tinyllama-heter-e1-r100,epoch_round_tuning_ffa_high_rounds/tuning-ffa-dolly-tinyllama-heter-e1-r100/seed0/10/log.txt,100,True,score log,Complete
ffa,Nonlinear FFA,dolly,Dolly,tinyllama,TinyLlama,heter,Heter,1,100,0,8,26.880950898227884,epoch_round_tuning_ffa_high_rounds/tuning-ffa-dolly-tinyllama-heter-e1-r100,/homes/neumann/trieu.vy.tran/FederatedLLM/epoch_round_tuning_ffa_high_rounds/tuning-ffa-dolly-tinyllama-heter-e1-r100,epoch_round_tuning_ffa_high_rounds/tuning-ffa-dolly-tinyllama-heter-e1-r100/seed0/10/log.txt,100,True,score log,Complete
ffa,Nonlinear FFA,dolly,Dolly,tinyllama,TinyLlama,heter,Heter,1,100,0,9,27.551687072616865,epoch_round_tuning_ffa_high_rounds/tuning-ffa-dolly-tinyllama-heter-e1-r100,/homes/neumann/trieu.vy.tran/FederatedLLM/epoch_round_tuning_ffa_high_rounds/tuning-ffa-dolly-tinyllama-heter-e1-r100,epoch_round_tuning_ffa_high_rounds/tuning-ffa-dolly-tinyllama-heter-e1-r100/seed0/10/log.txt,100,True,score log,Complete
ffa,Nonlinear FFA,dolly,Dolly,tinyllama,TinyLlama,heter,Heter,1,100,0,10,26.198303441236696,epoch_round_tuning_ffa_high_rounds/tuning-ffa-dolly-tinyllama-heter-e1-r100,/homes/neumann/trieu.vy.tran/FederatedLLM/epoch_round_tuning_ffa_high_rounds/tuning-ffa-dolly-tinyllama-heter-e1-r100,epoch_round_tuning_ffa_high_rounds/tuning-ffa-dolly-tinyllama-heter-e1-r100/seed0/10/log.txt,100,True,score log,Complete
ffa,Nonlinear FFA,dolly,Dolly,tinyllama,TinyLlama,heter,Heter,1,100,0,11,27.896819738631585,epoch_round_tuning_ffa_high_rounds/tuning-ffa-dolly-tinyllama-heter-e1-r100,/homes/neumann/trieu.vy.tran/FederatedLLM/epoch_round_tuning_ffa_high_rounds/tuning-ffa-dolly-tinyllama-heter-e1-r100,epoch_round_tuning_ffa_high_rounds/tuning-ffa-dolly-tinyllama-heter-e1-r100/seed0/10/log.txt,100,True,score log,Complete
ffa,Nonlinear FFA,dolly,Dolly,tinyllama,TinyLlama,heter,Heter,1,100,0,12,27.895816636897404,epoch_round_tuning_ffa_high_rounds/tuning-ffa-dolly-tinyllama-heter-e1-r100,/homes/neumann/trieu.vy.tran/FederatedLLM/epoch_round_tuning_ffa_high_rounds/tuning-ffa-dolly-tinyllama-heter-e1-r100,epoch_round_tuning_ffa_high_rounds/tuning-ffa-dolly-tinyllama-heter-e1-r100/seed0/10/log.txt,100,True,score log,Complete
ffa,Nonlinear FFA,dolly,Dolly,tinyllama,TinyLlama,heter,Heter,1,100,0,13,27.611434080957657,epoch_round_tuning_ffa_high_rounds/tuning-ffa-dolly-tinyllama-heter-e1-r100,/homes/neumann/trieu.vy.tran/FederatedLLM/epoch_round_tuning_ffa_high_rounds/tuning-ffa-dolly-tinyllama-heter-e1-r100,epoch_round_tuning_ffa_high_rounds/tuning-ffa-dolly-tinyllama-heter-e1-r100/seed0/10/log.txt,100,True,score log,Complete
ffa,Nonlinear FFA,dolly,Dolly,tinyllama,TinyLlama,heter,Heter,1,100,0,14,29.65896599988756,epoch_round_tuning_ffa_high_rounds/tuning-ffa-dolly-tinyllama-heter-e1-r100,/homes/neumann/trieu.vy.tran/FederatedLLM/epoch_round_tuning_ffa_high_rounds/tuning-ffa-dolly-tinyllama-heter-e1-r100,epoch_round_tuning_ffa_high_rounds/tuning-ffa-dolly-tinyllama-heter-e1-r100/seed0/10/log.txt,100,True,score log,Complete
ffa,Nonlinear FFA,dolly,Dolly,tinyllama,TinyLlama,heter,Heter,1,100,0,15,27.11711700243315,epoch_round_tuning_ffa_high_rounds/tuning-ffa-dolly-tinyllama-heter-e1-r100,/homes/neumann/trieu.vy.tran/FederatedLLM/epoch_round_tuning_ffa_high_rounds/tuning-ffa-dolly-tinyllama-heter-e1-r100,epoch_round_tuning_ffa_high_rounds/tuning-ffa-dolly-tinyllama-heter-e1-r100/seed0/10/log.txt,100,True,score log,Complete
ffa,Nonlinear FFA,dolly,Dolly,tinyllama,TinyLlama,heter,Heter,1,100,0,16,27.05657829525705,epoch_round_tuning_ffa_high_rounds/tuning-ffa-dolly-tinyllama-heter-e1-r100,/homes/neumann/trieu.vy.tran/FederatedLLM/epoch_round_tuning_ffa_high_rounds/tuning-ffa-dolly-tinyllama-heter-e1-r100,epoch_round_tuning_ffa_high_rounds/tuning-ffa-dolly-tinyllama-heter-e1-r100/seed0/10/log.txt,100,True,score log,Complete
ffa,Nonlinear FFA,dolly,Dolly,tinyllama,TinyLlama,heter,Heter,1,100,0,17,28.807215560976516,epoch_round_tuning_ffa_high_rounds/tuning-ffa-dolly-tinyllama-heter-e1-r100,/homes/neumann/trieu.vy.tran/FederatedLLM/epoch_round_tuning_ffa_high_rounds/tuning-ffa-dolly-tinyllama-heter-e1-r100,epoch_round_tuning_ffa_high_rounds/tuning-ffa-dolly-tinyllama-heter-e1-r100/seed0/10/log.txt,100,True,score log,Complete
ffa,Nonlinear FFA,dolly,Dolly,tinyllama,TinyLlama,heter,Heter,1,100,0,18,26.673089901161905,epoch_round_tuning_ffa_high_rounds/tuning-ffa-dolly-tinyllama-heter-e1-r100,/homes/neumann/trieu.vy.tran/FederatedLLM/epoch_round_tuning_ffa_high_rounds/tuning-ffa-dolly-tinyllama-heter-e1-r100,epoch_round_tuning_ffa_high_rounds/tuning-ffa-dolly-tinyllama-heter-e1-r100/seed0/10/log.txt,100,True,score log,Complete
ffa,Nonlinear FFA,dolly,Dolly,tinyllama,TinyLlama,heter,Heter,1,100,0,19,29.673705514122457,epoch_round_tuning_ffa_high_rounds/tuning-ffa-dolly-tinyllama-heter-e1-r100,/homes/neumann/trieu.vy.tran/FederatedLLM/epoch_round_tuning_ffa_high_rounds/tuning-ffa-dolly-tinyllama-heter-e1-r100,epoch_round_tuning_ffa_high_rounds/tuning-ffa-dolly-tinyllama-heter-e1-r100/seed0/10/log.txt,100,True,score log,Complete
ffa,Nonlinear FFA,dolly,Dolly,tinyllama,TinyLlama,heter,Heter,1,100,0,20,26.067326782754503,epoch_round_tuning_ffa_high_rounds/tuning-ffa-dolly-tinyllama-heter-e1-r100,/homes/neumann/trieu.vy.tran/FederatedLLM/epoch_round_tuning_ffa_high_rounds/tuning-ffa-dolly-tinyllama-heter-e1-r100,epoch_round_tuning_ffa_high_rounds/tuning-ffa-dolly-tinyllama-heter-e1-r100/seed0/10/log.txt,100,True,score log,Complete
ffa,Nonlinear FFA,dolly,Dolly,tinyllama,TinyLlama,heter,Heter,1,100,0,21,28.18390267673225,epoch_round_tuning_ffa_high_rounds/tuning-ffa-dolly-tinyllama-heter-e1-r100,/homes/neumann/trieu.vy.tran/FederatedLLM/epoch_round_tuning_ffa_high_rounds/tuning-ffa-dolly-tinyllama-heter-e1-r100,epoch_round_tuning_ffa_high_rounds/tuning-ffa-dolly-tinyllama-heter-e1-r100/seed0/10/log.txt,100,True,score log,Complete
ffa,Nonlinear FFA,dolly,Dolly,tinyllama,TinyLlama,heter,Heter,1,100,0,22,27.95905187985387,epoch_round_tuning_ffa_high_rounds/tuning-ffa-dolly-tinyllama-heter-e1-r100,/homes/neumann/trieu.vy.tran/FederatedLLM/epoch_round_tuning_ffa_high_rounds/tuning-ffa-dolly-tinyllama-heter-e1-r100,epoch_round_tuning_ffa_high_rounds/tuning-ffa-dolly-tinyllama-heter-e1-r100/seed0/10/log.txt,100,True,score log,Complete
ffa,Nonlinear FFA,dolly,Dolly,tinyllama,TinyLlama,heter,Heter,1,100,0,23,28.139196964937234,epoch_round_tuning_ffa_high_rounds/tuning-ffa-dolly-tinyllama-heter-e1-r100,/homes/neumann/trieu.vy.tran/FederatedLLM/epoch_round_tuning_ffa_high_rounds/tuning-ffa-dolly-tinyllama-heter-e1-r100,epoch_round_tuning_ffa_high_rounds/tuning-ffa-dolly-tinyllama-heter-e1-r100/seed0/10/log.txt,100,True,score log,Complete
ffa,Nonlinear FFA,dolly,Dolly,tinyllama,TinyLlama,heter,Heter,1,100,0,24,26.82112625074683,epoch_round_tuning_ffa_high_rounds/tuning-ffa-dolly-tinyllama-heter-e1-r100,/homes/neumann/trieu.vy.tran/FederatedLLM/epoch_round_tuning_ffa_high_rounds/tuning-ffa-dolly-tinyllama-heter-e1-r100,epoch_round_tuning_ffa_high_rounds/tuning-ffa-dolly-tinyllama-heter-e1-r100/seed0/10/log.txt,100,True,score log,Complete
ffa,Nonlinear FFA,dolly,Dolly,tinyllama,TinyLlama,heter,Heter,1,100,0,25,27.447343594176637,epoch_round_tuning_ffa_high_rounds/tuning-ffa-dolly-tinyllama-heter-e1-r100,/homes/neumann/trieu.vy.tran/FederatedLLM/epoch_round_tuning_ffa_high_rounds/tuning-ffa-dolly-tinyllama-heter-e1-r100,epoch_round_tuning_ffa_high_rounds/tuning-ffa-dolly-tinyllama-heter-e1-r100/seed0/10/log.txt,100,True,score log,Complete
ffa,Nonlinear FFA,dolly,Dolly,tinyllama,TinyLlama,heter,Heter,1,100,0,26,28.003036697052465,epoch_round_tuning_ffa_high_rounds/tuning-ffa-dolly-tinyllama-heter-e1-r100,/homes/neumann/trieu.vy.tran/FederatedLLM/epoch_round_tuning_ffa_high_rounds/tuning-ffa-dolly-tinyllama-heter-e1-r100,epoch_round_tuning_ffa_high_rounds/tuning-ffa-dolly-tinyllama-heter-e1-r100/seed0/10/log.txt,100,True,score log,Complete
ffa,Nonlinear FFA,dolly,Dolly,tinyllama,TinyLlama,heter,Heter,1,100,0,27,29.09125357142846,epoch_round_tuning_ffa_high_rounds/tuning-ffa-dolly-tinyllama-heter-e1-r100,/homes/neumann/trieu.vy.tran/FederatedLLM/epoch_round_tuning_ffa_high_rounds/tuning-ffa-dolly-tinyllama-heter-e1-r100,epoch_round_tuning_ffa_high_rounds/tuning-ffa-dolly-tinyllama-heter-e1-r100/seed0/10/log.txt,100,True,score log,Complete
ffa,Nonlinear FFA,dolly,Dolly,tinyllama,TinyLlama,heter,Heter,1,100,0,28,27.28653659495024,epoch_round_tuning_ffa_high_rounds/tuning-ffa-dolly-tinyllama-heter-e1-r100,/homes/neumann/trieu.vy.tran/FederatedLLM/epoch_round_tuning_ffa_high_rounds/tuning-ffa-dolly-tinyllama-heter-e1-r100,epoch_round_tuning_ffa_high_rounds/tuning-ffa-dolly-tinyllama-heter-e1-r100/seed0/10/log.txt,100,True,score log,Complete
ffa,Nonlinear FFA,dolly,Dolly,tinyllama,TinyLlama,heter,Heter,1,100,0,29,28.77520075341903,epoch_round_tuning_ffa_high_rounds/tuning-ffa-dolly-tinyllama-heter-e1-r100,/homes/neumann/trieu.vy.tran/FederatedLLM/epoch_round_tuning_ffa_high_rounds/tuning-ffa-dolly-tinyllama-heter-e1-r100,epoch_round_tuning_ffa_high_rounds/tuning-ffa-dolly-tinyllama-heter-e1-r100/seed0/10/log.txt,100,True,score log,Complete
ffa,Nonlinear FFA,dolly,Dolly,tinyllama,TinyLlama,heter,Heter,1,100,0,30,27.730523373062297,epoch_round_tuning_ffa_high_rounds/tuning-ffa-dolly-tinyllama-heter-e1-r100,/homes/neumann/trieu.vy.tran/FederatedLLM/epoch_round_tuning_ffa_high_rounds/tuning-ffa-dolly-tinyllama-heter-e1-r100,epoch_round_tuning_ffa_high_rounds/tuning-ffa-dolly-tinyllama-heter-e1-r100/seed0/10/log.txt,100,True,score log,Complete
ffa,Nonlinear FFA,dolly,Dolly,tinyllama,TinyLlama,heter,Heter,1,100,0,31,27.85097516632893,epoch_round_tuning_ffa_high_rounds/tuning-ffa-dolly-tinyllama-heter-e1-r100,/homes/neumann/trieu.vy.tran/FederatedLLM/epoch_round_tuning_ffa_high_rounds/tuning-ffa-dolly-tinyllama-heter-e1-r100,epoch_round_tuning_ffa_high_rounds/tuning-ffa-dolly-tinyllama-heter-e1-r100/seed0/10/log.txt,100,True,score log,Complete
ffa,Nonlinear FFA,dolly,Dolly,tinyllama,TinyLlama,heter,Heter,1,100,0,32,28.607375744648127,epoch_round_tuning_ffa_high_rounds/tuning-ffa-dolly-tinyllama-heter-e1-r100,/homes/neumann/trieu.vy.tran/FederatedLLM/epoch_round_tuning_ffa_high_rounds/tuning-ffa-dolly-tinyllama-heter-e1-r100,epoch_round_tuning_ffa_high_rounds/tuning-ffa-dolly-tinyllama-heter-e1-r100/seed0/10/log.txt,100,True,score log,Complete
ffa,Nonlinear FFA,dolly,Dolly,tinyllama,TinyLlama,heter,Heter,1,100,0,33,26.417782150939484,epoch_round_tuning_ffa_high_rounds/tuning-ffa-dolly-tinyllama-heter-e1-r100,/homes/neumann/trieu.vy.tran/FederatedLLM/epoch_round_tuning_ffa_high_rounds/tuning-ffa-dolly-tinyllama-heter-e1-r100,epoch_round_tuning_ffa_high_rounds/tuning-ffa-dolly-tinyllama-heter-e1-r100/seed0/10/log.txt,100,True,score log,Complete
ffa,Nonlinear FFA,dolly,Dolly,tinyllama,TinyLlama,heter,Heter,1,100,0,34,27.75270436086354,epoch_round_tuning_ffa_high_rounds/tuning-ffa-dolly-tinyllama-heter-e1-r100,/homes/neumann/trieu.vy.tran/FederatedLLM/epoch_round_tuning_ffa_high_rounds/tuning-ffa-dolly-tinyllama-heter-e1-r100,epoch_round_tuning_ffa_high_rounds/tuning-ffa-dolly-tinyllama-heter-e1-r100/seed0/10/log.txt,100,True,score log,Complete
ffa,Nonlinear FFA,dolly,Dolly,tinyllama,TinyLlama,heter,Heter,1,100,0,35,26.3676181621172,epoch_round_tuning_ffa_high_rounds/tuning-ffa-dolly-tinyllama-heter-e1-r100,/homes/neumann/trieu.vy.tran/FederatedLLM/epoch_round_tuning_ffa_high_rounds/tuning-ffa-dolly-tinyllama-heter-e1-r100,epoch_round_tuning_ffa_high_rounds/tuning-ffa-dolly-tinyllama-heter-e1-r100/seed0/10/log.txt,100,True,score log,Complete
ffa,Nonlinear FFA,dolly,Dolly,tinyllama,TinyLlama,heter,Heter,1,100,0,36,28.405676848246074,epoch_round_tuning_ffa_high_rounds/tuning-ffa-dolly-tinyllama-heter-e1-r100,/homes/neumann/trieu.vy.tran/FederatedLLM/epoch_round_tuning_ffa_high_rounds/tuning-ffa-dolly-tinyllama-heter-e1-r100,epoch_round_tuning_ffa_high_rounds/tuning-ffa-dolly-tinyllama-heter-e1-r100/seed0/10/log.txt,100,True,score log,Complete
ffa,Nonlinear FFA,dolly,Dolly,tinyllama,TinyLlama,heter,Heter,1,100,0,37,28.105237176703966,epoch_round_tuning_ffa_high_rounds/tuning-ffa-dolly-tinyllama-heter-e1-r100,/homes/neumann/trieu.vy.tran/FederatedLLM/epoch_round_tuning_ffa_high_rounds/tuning-ffa-dolly-tinyllama-heter-e1-r100,epoch_round_tuning_ffa_high_rounds/tuning-ffa-dolly-tinyllama-heter-e1-r100/seed0/10/log.txt,100,True,score log,Complete
ffa,Nonlinear FFA,dolly,Dolly,tinyllama,TinyLlama,heter,Heter,1,100,0,38,28.244307560432762,epoch_round_tuning_ffa_high_rounds/tuning-ffa-dolly-tinyllama-heter-e1-r100,/homes/neumann/trieu.vy.tran/FederatedLLM/epoch_round_tuning_ffa_high_rounds/tuning-ffa-dolly-tinyllama-heter-e1-r100,epoch_round_tuning_ffa_high_rounds/tuning-ffa-dolly-tinyllama-heter-e1-r100/seed0/10/log.txt,100,True,score log,Complete
ffa,Nonlinear FFA,dolly,Dolly,tinyllama,TinyLlama,heter,Heter,1,100,0,39,28.006017981958742,epoch_round_tuning_ffa_high_rounds/tuning-ffa-dolly-tinyllama-heter-e1-r100,/homes/neumann/trieu.vy.tran/FederatedLLM/epoch_round_tuning_ffa_high_rounds/tuning-ffa-dolly-tinyllama-heter-e1-r100,epoch_round_tuning_ffa_high_rounds/tuning-ffa-dolly-tinyllama-heter-e1-r100/seed0/10/log.txt,100,True,score log,Complete
ffa,Nonlinear FFA,dolly,Dolly,tinyllama,TinyLlama,heter,Heter,1,100,0,40,28.338996178343468,epoch_round_tuning_ffa_high_rounds/tuning-ffa-dolly-tinyllama-heter-e1-r100,/homes/neumann/trieu.vy.tran/FederatedLLM/epoch_round_tuning_ffa_high_rounds/tuning-ffa-dolly-tinyllama-heter-e1-r100,epoch_round_tuning_ffa_high_rounds/tuning-ffa-dolly-tinyllama-heter-e1-r100/seed0/10/log.txt,100,True,score log,Complete
ffa,Nonlinear FFA,dolly,Dolly,tinyllama,TinyLlama,heter,Heter,1,100,0,41,27.79674608429637,epoch_round_tuning_ffa_high_rounds/tuning-ffa-dolly-tinyllama-heter-e1-r100,/homes/neumann/trieu.vy.tran/FederatedLLM/epoch_round_tuning_ffa_high_rounds/tuning-ffa-dolly-tinyllama-heter-e1-r100,epoch_round_tuning_ffa_high_rounds/tuning-ffa-dolly-tinyllama-heter-e1-r100/seed0/10/log.txt,100,True,score log,Complete
ffa,Nonlinear FFA,dolly,Dolly,tinyllama,TinyLlama,heter,Heter,1,100,0,42,31.218401154788527,epoch_round_tuning_ffa_high_rounds/tuning-ffa-dolly-tinyllama-heter-e1-r100,/homes/neumann/trieu.vy.tran/FederatedLLM/epoch_round_tuning_ffa_high_rounds/tuning-ffa-dolly-tinyllama-heter-e1-r100,epoch_round_tuning_ffa_high_rounds/tuning-ffa-dolly-tinyllama-heter-e1-r100/seed0/10/log.txt,100,True,score log,Complete
ffa,Nonlinear FFA,dolly,Dolly,tinyllama,TinyLlama,heter,Heter,1,100,0,43,30.348090723777148,epoch_round_tuning_ffa_high_rounds/tuning-ffa-dolly-tinyllama-heter-e1-r100,/homes/neumann/trieu.vy.tran/FederatedLLM/epoch_round_tuning_ffa_high_rounds/tuning-ffa-dolly-tinyllama-heter-e1-r100,epoch_round_tuning_ffa_high_rounds/tuning-ffa-dolly-tinyllama-heter-e1-r100/seed0/10/log.txt,100,True,score log,Complete
ffa,Nonlinear FFA,dolly,Dolly,tinyllama,TinyLlama,heter,Heter,1,100,0,44,28.740121662757428,epoch_round_tuning_ffa_high_rounds/tuning-ffa-dolly-tinyllama-heter-e1-r100,/homes/neumann/trieu.vy.tran/FederatedLLM/epoch_round_tuning_ffa_high_rounds/tuning-ffa-dolly-tinyllama-heter-e1-r100,epoch_round_tuning_ffa_high_rounds/tuning-ffa-dolly-tinyllama-heter-e1-r100/seed0/10/log.txt,100,True,score log,Complete
ffa,Nonlinear FFA,dolly,Dolly,tinyllama,TinyLlama,heter,Heter,1,100,0,45,30.068746897160892,epoch_round_tuning_ffa_high_rounds/tuning-ffa-dolly-tinyllama-heter-e1-r100,/homes/neumann/trieu.vy.tran/FederatedLLM/epoch_round_tuning_ffa_high_rounds/tuning-ffa-dolly-tinyllama-heter-e1-r100,epoch_round_tuning_ffa_high_rounds/tuning-ffa-dolly-tinyllama-heter-e1-r100/seed0/10/log.txt,100,True,score log,Complete
ffa,Nonlinear FFA,dolly,Dolly,tinyllama,TinyLlama,heter,Heter,1,100,0,46,27.235169244229013,epoch_round_tuning_ffa_high_rounds/tuning-ffa-dolly-tinyllama-heter-e1-r100,/homes/neumann/trieu.vy.tran/FederatedLLM/epoch_round_tuning_ffa_high_rounds/tuning-ffa-dolly-tinyllama-heter-e1-r100,epoch_round_tuning_ffa_high_rounds/tuning-ffa-dolly-tinyllama-heter-e1-r100/seed0/10/log.txt,100,True,score log,Complete
ffa,Nonlinear FFA,dolly,Dolly,tinyllama,TinyLlama,heter,Heter,1,100,0,47,27.4662010798011,epoch_round_tuning_ffa_high_rounds/tuning-ffa-dolly-tinyllama-heter-e1-r100,/homes/neumann/trieu.vy.tran/FederatedLLM/epoch_round_tuning_ffa_high_rounds/tuning-ffa-dolly-tinyllama-heter-e1-r100,epoch_round_tuning_ffa_high_rounds/tuning-ffa-dolly-tinyllama-heter-e1-r100/seed0/10/log.txt,100,True,score log,Complete
ffa,Nonlinear FFA,dolly,Dolly,tinyllama,TinyLlama,heter,Heter,1,100,0,48,27.308222257328,epoch_round_tuning_ffa_high_rounds/tuning-ffa-dolly-tinyllama-heter-e1-r100,/homes/neumann/trieu.vy.tran/FederatedLLM/epoch_round_tuning_ffa_high_rounds/tuning-ffa-dolly-tinyllama-heter-e1-r100,epoch_round_tuning_ffa_high_rounds/tuning-ffa-dolly-tinyllama-heter-e1-r100/seed0/10/log.txt,100,True,score log,Complete
ffa,Nonlinear FFA,dolly,Dolly,tinyllama,TinyLlama,heter,Heter,1,100,0,49,26.680997520061915,epoch_round_tuning_ffa_high_rounds/tuning-ffa-dolly-tinyllama-heter-e1-r100,/homes/neumann/trieu.vy.tran/FederatedLLM/epoch_round_tuning_ffa_high_rounds/tuning-ffa-dolly-tinyllama-heter-e1-r100,epoch_round_tuning_ffa_high_rounds/tuning-ffa-dolly-tinyllama-heter-e1-r100/seed0/10/log.txt,100,True,score log,Complete
ffa,Nonlinear FFA,dolly,Dolly,tinyllama,TinyLlama,heter,Heter,1,100,0,50,27.033737079461183,epoch_round_tuning_ffa_high_rounds/tuning-ffa-dolly-tinyllama-heter-e1-r100,/homes/neumann/trieu.vy.tran/FederatedLLM/epoch_round_tuning_ffa_high_rounds/tuning-ffa-dolly-tinyllama-heter-e1-r100,epoch_round_tuning_ffa_high_rounds/tuning-ffa-dolly-tinyllama-heter-e1-r100/seed0/10/log.txt,100,True,score log,Complete
ffa,Nonlinear FFA,dolly,Dolly,tinyllama,TinyLlama,heter,Heter,1,100,0,51,26.810613652226962,epoch_round_tuning_ffa_high_rounds/tuning-ffa-dolly-tinyllama-heter-e1-r100,/homes/neumann/trieu.vy.tran/FederatedLLM/epoch_round_tuning_ffa_high_rounds/tuning-ffa-dolly-tinyllama-heter-e1-r100,epoch_round_tuning_ffa_high_rounds/tuning-ffa-dolly-tinyllama-heter-e1-r100/seed0/10/log.txt,100,True,score log,Complete
ffa,Nonlinear FFA,dolly,Dolly,tinyllama,TinyLlama,heter,Heter,1,100,0,52,27.846560886802013,epoch_round_tuning_ffa_high_rounds/tuning-ffa-dolly-tinyllama-heter-e1-r100,/homes/neumann/trieu.vy.tran/FederatedLLM/epoch_round_tuning_ffa_high_rounds/tuning-ffa-dolly-tinyllama-heter-e1-r100,epoch_round_tuning_ffa_high_rounds/tuning-ffa-dolly-tinyllama-heter-e1-r100/seed0/10/log.txt,100,True,score log,Complete
ffa,Nonlinear FFA,dolly,Dolly,tinyllama,TinyLlama,heter,Heter,1,100,0,53,28.114307842738857,epoch_round_tuning_ffa_high_rounds/tuning-ffa-dolly-tinyllama-heter-e1-r100,/homes/neumann/trieu.vy.tran/FederatedLLM/epoch_round_tuning_ffa_high_rounds/tuning-ffa-dolly-tinyllama-heter-e1-r100,epoch_round_tuning_ffa_high_rounds/tuning-ffa-dolly-tinyllama-heter-e1-r100/seed0/10/log.txt,100,True,score log,Complete
ffa,Nonlinear FFA,dolly,Dolly,tinyllama,TinyLlama,heter,Heter,1,100,0,54,27.062691313613247,epoch_round_tuning_ffa_high_rounds/tuning-ffa-dolly-tinyllama-heter-e1-r100,/homes/neumann/trieu.vy.tran/FederatedLLM/epoch_round_tuning_ffa_high_rounds/tuning-ffa-dolly-tinyllama-heter-e1-r100,epoch_round_tuning_ffa_high_rounds/tuning-ffa-dolly-tinyllama-heter-e1-r100/seed0/10/log.txt,100,True,score log,Complete
ffa,Nonlinear FFA,dolly,Dolly,tinyllama,TinyLlama,heter,Heter,1,100,0,55,28.148688111005843,epoch_round_tuning_ffa_high_rounds/tuning-ffa-dolly-tinyllama-heter-e1-r100,/homes/neumann/trieu.vy.tran/FederatedLLM/epoch_round_tuning_ffa_high_rounds/tuning-ffa-dolly-tinyllama-heter-e1-r100,epoch_round_tuning_ffa_high_rounds/tuning-ffa-dolly-tinyllama-heter-e1-r100/seed0/10/log.txt,100,True,score log,Complete
ffa,Nonlinear FFA,dolly,Dolly,tinyllama,TinyLlama,heter,Heter,1,100,0,56,28.29779645372946,epoch_round_tuning_ffa_high_rounds/tuning-ffa-dolly-tinyllama-heter-e1-r100,/homes/neumann/trieu.vy.tran/FederatedLLM/epoch_round_tuning_ffa_high_rounds/tuning-ffa-dolly-tinyllama-heter-e1-r100,epoch_round_tuning_ffa_high_rounds/tuning-ffa-dolly-tinyllama-heter-e1-r100/seed0/10/log.txt,100,True,score log,Complete
ffa,Nonlinear FFA,dolly,Dolly,tinyllama,TinyLlama,heter,Heter,1,100,0,57,28.634112128961842,epoch_round_tuning_ffa_high_rounds/tuning-ffa-dolly-tinyllama-heter-e1-r100,/homes/neumann/trieu.vy.tran/FederatedLLM/epoch_round_tuning_ffa_high_rounds/tuning-ffa-dolly-tinyllama-heter-e1-r100,epoch_round_tuning_ffa_high_rounds/tuning-ffa-dolly-tinyllama-heter-e1-r100/seed0/10/log.txt,100,True,score log,Complete
ffa,Nonlinear FFA,dolly,Dolly,tinyllama,TinyLlama,heter,Heter,1,100,0,58,27.508261995582224,epoch_round_tuning_ffa_high_rounds/tuning-ffa-dolly-tinyllama-heter-e1-r100,/homes/neumann/trieu.vy.tran/FederatedLLM/epoch_round_tuning_ffa_high_rounds/tuning-ffa-dolly-tinyllama-heter-e1-r100,epoch_round_tuning_ffa_high_rounds/tuning-ffa-dolly-tinyllama-heter-e1-r100/seed0/10/log.txt,100,True,score log,Complete
ffa,Nonlinear FFA,dolly,Dolly,tinyllama,TinyLlama,heter,Heter,1,100,0,59,26.807003213186736,epoch_round_tuning_ffa_high_rounds/tuning-ffa-dolly-tinyllama-heter-e1-r100,/homes/neumann/trieu.vy.tran/FederatedLLM/epoch_round_tuning_ffa_high_rounds/tuning-ffa-dolly-tinyllama-heter-e1-r100,epoch_round_tuning_ffa_high_rounds/tuning-ffa-dolly-tinyllama-heter-e1-r100/seed0/10/log.txt,100,True,score log,Complete
ffa,Nonlinear FFA,dolly,Dolly,tinyllama,TinyLlama,heter,Heter,1,100,0,60,27.872714432359185,epoch_round_tuning_ffa_high_rounds/tuning-ffa-dolly-tinyllama-heter-e1-r100,/homes/neumann/trieu.vy.tran/FederatedLLM/epoch_round_tuning_ffa_high_rounds/tuning-ffa-dolly-tinyllama-heter-e1-r100,epoch_round_tuning_ffa_high_rounds/tuning-ffa-dolly-tinyllama-heter-e1-r100/seed0/10/log.txt,100,True,score log,Complete
ffa,Nonlinear FFA,dolly,Dolly,tinyllama,TinyLlama,heter,Heter,1,100,0,61,28.096051501390455,epoch_round_tuning_ffa_high_rounds/tuning-ffa-dolly-tinyllama-heter-e1-r100,/homes/neumann/trieu.vy.tran/FederatedLLM/epoch_round_tuning_ffa_high_rounds/tuning-ffa-dolly-tinyllama-heter-e1-r100,epoch_round_tuning_ffa_high_rounds/tuning-ffa-dolly-tinyllama-heter-e1-r100/seed0/10/log.txt,100,True,score log,Complete
ffa,Nonlinear FFA,dolly,Dolly,tinyllama,TinyLlama,heter,Heter,1,100,0,62,28.581228406725657,epoch_round_tuning_ffa_high_rounds/tuning-ffa-dolly-tinyllama-heter-e1-r100,/homes/neumann/trieu.vy.tran/FederatedLLM/epoch_round_tuning_ffa_high_rounds/tuning-ffa-dolly-tinyllama-heter-e1-r100,epoch_round_tuning_ffa_high_rounds/tuning-ffa-dolly-tinyllama-heter-e1-r100/seed0/10/log.txt,100,True,score log,Complete
ffa,Nonlinear FFA,dolly,Dolly,tinyllama,TinyLlama,heter,Heter,1,100,0,63,27.749059716909528,epoch_round_tuning_ffa_high_rounds/tuning-ffa-dolly-tinyllama-heter-e1-r100,/homes/neumann/trieu.vy.tran/FederatedLLM/epoch_round_tuning_ffa_high_rounds/tuning-ffa-dolly-tinyllama-heter-e1-r100,epoch_round_tuning_ffa_high_rounds/tuning-ffa-dolly-tinyllama-heter-e1-r100/seed0/10/log.txt,100,True,score log,Complete
ffa,Nonlinear FFA,dolly,Dolly,tinyllama,TinyLlama,heter,Heter,1,100,0,64,29.055156068927307,epoch_round_tuning_ffa_high_rounds/tuning-ffa-dolly-tinyllama-heter-e1-r100,/homes/neumann/trieu.vy.tran/FederatedLLM/epoch_round_tuning_ffa_high_rounds/tuning-ffa-dolly-tinyllama-heter-e1-r100,epoch_round_tuning_ffa_high_rounds/tuning-ffa-dolly-tinyllama-heter-e1-r100/seed0/10/log.txt,100,True,score log,Complete
ffa,Nonlinear FFA,dolly,Dolly,tinyllama,TinyLlama,heter,Heter,1,100,0,65,28.472419003991078,epoch_round_tuning_ffa_high_rounds/tuning-ffa-dolly-tinyllama-heter-e1-r100,/homes/neumann/trieu.vy.tran/FederatedLLM/epoch_round_tuning_ffa_high_rounds/tuning-ffa-dolly-tinyllama-heter-e1-r100,epoch_round_tuning_ffa_high_rounds/tuning-ffa-dolly-tinyllama-heter-e1-r100/seed0/10/log.txt,100,True,score log,Complete
ffa,Nonlinear FFA,dolly,Dolly,tinyllama,TinyLlama,heter,Heter,1,100,0,66,27.777222879673964,epoch_round_tuning_ffa_high_rounds/tuning-ffa-dolly-tinyllama-heter-e1-r100,/homes/neumann/trieu.vy.tran/FederatedLLM/epoch_round_tuning_ffa_high_rounds/tuning-ffa-dolly-tinyllama-heter-e1-r100,epoch_round_tuning_ffa_high_rounds/tuning-ffa-dolly-tinyllama-heter-e1-r100/seed0/10/log.txt,100,True,score log,Complete
ffa,Nonlinear FFA,dolly,Dolly,tinyllama,TinyLlama,heter,Heter,1,100,0,67,28.853699792212407,epoch_round_tuning_ffa_high_rounds/tuning-ffa-dolly-tinyllama-heter-e1-r100,/homes/neumann/trieu.vy.tran/FederatedLLM/epoch_round_tuning_ffa_high_rounds/tuning-ffa-dolly-tinyllama-heter-e1-r100,epoch_round_tuning_ffa_high_rounds/tuning-ffa-dolly-tinyllama-heter-e1-r100/seed0/10/log.txt,100,True,score log,Complete
ffa,Nonlinear FFA,dolly,Dolly,tinyllama,TinyLlama,heter,Heter,1,100,0,68,29.88969672594833,epoch_round_tuning_ffa_high_rounds/tuning-ffa-dolly-tinyllama-heter-e1-r100,/homes/neumann/trieu.vy.tran/FederatedLLM/epoch_round_tuning_ffa_high_rounds/tuning-ffa-dolly-tinyllama-heter-e1-r100,epoch_round_tuning_ffa_high_rounds/tuning-ffa-dolly-tinyllama-heter-e1-r100/seed0/10/log.txt,100,True,score log,Complete
ffa,Nonlinear FFA,dolly,Dolly,tinyllama,TinyLlama,heter,Heter,1,100,0,69,28.76418406501403,epoch_round_tuning_ffa_high_rounds/tuning-ffa-dolly-tinyllama-heter-e1-r100,/homes/neumann/trieu.vy.tran/FederatedLLM/epoch_round_tuning_ffa_high_rounds/tuning-ffa-dolly-tinyllama-heter-e1-r100,epoch_round_tuning_ffa_high_rounds/tuning-ffa-dolly-tinyllama-heter-e1-r100/seed0/10/log.txt,100,True,score log,Complete
ffa,Nonlinear FFA,dolly,Dolly,tinyllama,TinyLlama,heter,Heter,1,100,0,70,28.11667029252318,epoch_round_tuning_ffa_high_rounds/tuning-ffa-dolly-tinyllama-heter-e1-r100,/homes/neumann/trieu.vy.tran/FederatedLLM/epoch_round_tuning_ffa_high_rounds/tuning-ffa-dolly-tinyllama-heter-e1-r100,epoch_round_tuning_ffa_high_rounds/tuning-ffa-dolly-tinyllama-heter-e1-r100/seed0/10/log.txt,100,True,score log,Complete
ffa,Nonlinear FFA,dolly,Dolly,tinyllama,TinyLlama,heter,Heter,1,100,0,71,28.129814452917795,epoch_round_tuning_ffa_high_rounds/tuning-ffa-dolly-tinyllama-heter-e1-r100,/homes/neumann/trieu.vy.tran/FederatedLLM/epoch_round_tuning_ffa_high_rounds/tuning-ffa-dolly-tinyllama-heter-e1-r100,epoch_round_tuning_ffa_high_rounds/tuning-ffa-dolly-tinyllama-heter-e1-r100/seed0/10/log.txt,100,True,score log,Complete
ffa,Nonlinear FFA,dolly,Dolly,tinyllama,TinyLlama,heter,Heter,1,100,0,72,28.76577746499242,epoch_round_tuning_ffa_high_rounds/tuning-ffa-dolly-tinyllama-heter-e1-r100,/homes/neumann/trieu.vy.tran/FederatedLLM/epoch_round_tuning_ffa_high_rounds/tuning-ffa-dolly-tinyllama-heter-e1-r100,epoch_round_tuning_ffa_high_rounds/tuning-ffa-dolly-tinyllama-heter-e1-r100/seed0/10/log.txt,100,True,score log,Complete
ffa,Nonlinear FFA,dolly,Dolly,tinyllama,TinyLlama,heter,Heter,1,100,0,73,28.989925236272747,epoch_round_tuning_ffa_high_rounds/tuning-ffa-dolly-tinyllama-heter-e1-r100,/homes/neumann/trieu.vy.tran/FederatedLLM/epoch_round_tuning_ffa_high_rounds/tuning-ffa-dolly-tinyllama-heter-e1-r100,epoch_round_tuning_ffa_high_rounds/tuning-ffa-dolly-tinyllama-heter-e1-r100/seed0/10/log.txt,100,True,score log,Complete
ffa,Nonlinear FFA,dolly,Dolly,tinyllama,TinyLlama,heter,Heter,1,100,0,74,28.937109125270062,epoch_round_tuning_ffa_high_rounds/tuning-ffa-dolly-tinyllama-heter-e1-r100,/homes/neumann/trieu.vy.tran/FederatedLLM/epoch_round_tuning_ffa_high_rounds/tuning-ffa-dolly-tinyllama-heter-e1-r100,epoch_round_tuning_ffa_high_rounds/tuning-ffa-dolly-tinyllama-heter-e1-r100/seed0/10/log.txt,100,True,score log,Complete
ffa,Nonlinear FFA,dolly,Dolly,tinyllama,TinyLlama,heter,Heter,1,100,0,75,27.99949890429227,epoch_round_tuning_ffa_high_rounds/tuning-ffa-dolly-tinyllama-heter-e1-r100,/homes/neumann/trieu.vy.tran/FederatedLLM/epoch_round_tuning_ffa_high_rounds/tuning-ffa-dolly-tinyllama-heter-e1-r100,epoch_round_tuning_ffa_high_rounds/tuning-ffa-dolly-tinyllama-heter-e1-r100/seed0/10/log.txt,100,True,score log,Complete
ffa,Nonlinear FFA,dolly,Dolly,tinyllama,TinyLlama,heter,Heter,1,100,0,76,28.801203546403986,epoch_round_tuning_ffa_high_rounds/tuning-ffa-dolly-tinyllama-heter-e1-r100,/homes/neumann/trieu.vy.tran/FederatedLLM/epoch_round_tuning_ffa_high_rounds/tuning-ffa-dolly-tinyllama-heter-e1-r100,epoch_round_tuning_ffa_high_rounds/tuning-ffa-dolly-tinyllama-heter-e1-r100/seed0/10/log.txt,100,True,score log,Complete
ffa,Nonlinear FFA,dolly,Dolly,tinyllama,TinyLlama,heter,Heter,1,100,0,77,28.65837223589059,epoch_round_tuning_ffa_high_rounds/tuning-ffa-dolly-tinyllama-heter-e1-r100,/homes/neumann/trieu.vy.tran/FederatedLLM/epoch_round_tuning_ffa_high_rounds/tuning-ffa-dolly-tinyllama-heter-e1-r100,epoch_round_tuning_ffa_high_rounds/tuning-ffa-dolly-tinyllama-heter-e1-r100/seed0/10/log.txt,100,True,score log,Complete
ffa,Nonlinear FFA,dolly,Dolly,tinyllama,TinyLlama,heter,Heter,1,100,0,78,28.382968573828816,epoch_round_tuning_ffa_high_rounds/tuning-ffa-dolly-tinyllama-heter-e1-r100,/homes/neumann/trieu.vy.tran/FederatedLLM/epoch_round_tuning_ffa_high_rounds/tuning-ffa-dolly-tinyllama-heter-e1-r100,epoch_round_tuning_ffa_high_rounds/tuning-ffa-dolly-tinyllama-heter-e1-r100/seed0/10/log.txt,100,True,score log,Complete
ffa,Nonlinear FFA,dolly,Dolly,tinyllama,TinyLlama,heter,Heter,1,100,0,79,29.012178470094916,epoch_round_tuning_ffa_high_rounds/tuning-ffa-dolly-tinyllama-heter-e1-r100,/homes/neumann/trieu.vy.tran/FederatedLLM/epoch_round_tuning_ffa_high_rounds/tuning-ffa-dolly-tinyllama-heter-e1-r100,epoch_round_tuning_ffa_high_rounds/tuning-ffa-dolly-tinyllama-heter-e1-r100/seed0/10/log.txt,100,True,score log,Complete
ffa,Nonlinear FFA,dolly,Dolly,tinyllama,TinyLlama,heter,Heter,1,100,0,80,28.50633715249331,epoch_round_tuning_ffa_high_rounds/tuning-ffa-dolly-tinyllama-heter-e1-r100,/homes/neumann/trieu.vy.tran/FederatedLLM/epoch_round_tuning_ffa_high_rounds/tuning-ffa-dolly-tinyllama-heter-e1-r100,epoch_round_tuning_ffa_high_rounds/tuning-ffa-dolly-tinyllama-heter-e1-r100/seed0/10/log.txt,100,True,score log,Complete
ffa,Nonlinear FFA,dolly,Dolly,tinyllama,TinyLlama,heter,Heter,1,100,0,81,26.325830875387012,epoch_round_tuning_ffa_high_rounds/tuning-ffa-dolly-tinyllama-heter-e1-r100,/homes/neumann/trieu.vy.tran/FederatedLLM/epoch_round_tuning_ffa_high_rounds/tuning-ffa-dolly-tinyllama-heter-e1-r100,epoch_round_tuning_ffa_high_rounds/tuning-ffa-dolly-tinyllama-heter-e1-r100/seed0/10/log.txt,100,True,score log,Complete
ffa,Nonlinear FFA,dolly,Dolly,tinyllama,TinyLlama,heter,Heter,1,100,0,82,30.085150112475638,epoch_round_tuning_ffa_high_rounds/tuning-ffa-dolly-tinyllama-heter-e1-r100,/homes/neumann/trieu.vy.tran/FederatedLLM/epoch_round_tuning_ffa_high_rounds/tuning-ffa-dolly-tinyllama-heter-e1-r100,epoch_round_tuning_ffa_high_rounds/tuning-ffa-dolly-tinyllama-heter-e1-r100/seed0/10/log.txt,100,True,score log,Complete
ffa,Nonlinear FFA,dolly,Dolly,tinyllama,TinyLlama,heter,Heter,1,100,0,83,27.909054362943493,epoch_round_tuning_ffa_high_rounds/tuning-ffa-dolly-tinyllama-heter-e1-r100,/homes/neumann/trieu.vy.tran/FederatedLLM/epoch_round_tuning_ffa_high_rounds/tuning-ffa-dolly-tinyllama-heter-e1-r100,epoch_round_tuning_ffa_high_rounds/tuning-ffa-dolly-tinyllama-heter-e1-r100/seed0/10/log.txt,100,True,score log,Complete
ffa,Nonlinear FFA,dolly,Dolly,tinyllama,TinyLlama,heter,Heter,1,100,0,84,26.073764213548728,epoch_round_tuning_ffa_high_rounds/tuning-ffa-dolly-tinyllama-heter-e1-r100,/homes/neumann/trieu.vy.tran/FederatedLLM/epoch_round_tuning_ffa_high_rounds/tuning-ffa-dolly-tinyllama-heter-e1-r100,epoch_round_tuning_ffa_high_rounds/tuning-ffa-dolly-tinyllama-heter-e1-r100/seed0/10/log.txt,100,True,score log,Complete
ffa,Nonlinear FFA,dolly,Dolly,tinyllama,TinyLlama,heter,Heter,1,100,0,85,29.525349758149122,epoch_round_tuning_ffa_high_rounds/tuning-ffa-dolly-tinyllama-heter-e1-r100,/homes/neumann/trieu.vy.tran/FederatedLLM/epoch_round_tuning_ffa_high_rounds/tuning-ffa-dolly-tinyllama-heter-e1-r100,epoch_round_tuning_ffa_high_rounds/tuning-ffa-dolly-tinyllama-heter-e1-r100/seed0/10/log.txt,100,True,score log,Complete
ffa,Nonlinear FFA,dolly,Dolly,tinyllama,TinyLlama,heter,Heter,1,100,0,86,27.208604857411668,epoch_round_tuning_ffa_high_rounds/tuning-ffa-dolly-tinyllama-heter-e1-r100,/homes/neumann/trieu.vy.tran/FederatedLLM/epoch_round_tuning_ffa_high_rounds/tuning-ffa-dolly-tinyllama-heter-e1-r100,epoch_round_tuning_ffa_high_rounds/tuning-ffa-dolly-tinyllama-heter-e1-r100/seed0/10/log.txt,100,True,score log,Complete
ffa,Nonlinear FFA,dolly,Dolly,tinyllama,TinyLlama,heter,Heter,1,100,0,87,28.295525491603872,epoch_round_tuning_ffa_high_rounds/tuning-ffa-dolly-tinyllama-heter-e1-r100,/homes/neumann/trieu.vy.tran/FederatedLLM/epoch_round_tuning_ffa_high_rounds/tuning-ffa-dolly-tinyllama-heter-e1-r100,epoch_round_tuning_ffa_high_rounds/tuning-ffa-dolly-tinyllama-heter-e1-r100/seed0/10/log.txt,100,True,score log,Complete
ffa,Nonlinear FFA,dolly,Dolly,tinyllama,TinyLlama,heter,Heter,1,100,0,88,27.675333502624515,epoch_round_tuning_ffa_high_rounds/tuning-ffa-dolly-tinyllama-heter-e1-r100,/homes/neumann/trieu.vy.tran/FederatedLLM/epoch_round_tuning_ffa_high_rounds/tuning-ffa-dolly-tinyllama-heter-e1-r100,epoch_round_tuning_ffa_high_rounds/tuning-ffa-dolly-tinyllama-heter-e1-r100/seed0/10/log.txt,100,True,score log,Complete
ffa,Nonlinear FFA,dolly,Dolly,tinyllama,TinyLlama,heter,Heter,1,100,0,89,26.984638089207618,epoch_round_tuning_ffa_high_rounds/tuning-ffa-dolly-tinyllama-heter-e1-r100,/homes/neumann/trieu.vy.tran/FederatedLLM/epoch_round_tuning_ffa_high_rounds/tuning-ffa-dolly-tinyllama-heter-e1-r100,epoch_round_tuning_ffa_high_rounds/tuning-ffa-dolly-tinyllama-heter-e1-r100/seed0/10/log.txt,100,True,score log,Complete
ffa,Nonlinear FFA,dolly,Dolly,tinyllama,TinyLlama,heter,Heter,1,100,0,90,28.051778117522574,epoch_round_tuning_ffa_high_rounds/tuning-ffa-dolly-tinyllama-heter-e1-r100,/homes/neumann/trieu.vy.tran/FederatedLLM/epoch_round_tuning_ffa_high_rounds/tuning-ffa-dolly-tinyllama-heter-e1-r100,epoch_round_tuning_ffa_high_rounds/tuning-ffa-dolly-tinyllama-heter-e1-r100/seed0/10/log.txt,100,True,score log,Complete
ffa,Nonlinear FFA,dolly,Dolly,tinyllama,TinyLlama,heter,Heter,1,100,0,91,29.706572252997894,epoch_round_tuning_ffa_high_rounds/tuning-ffa-dolly-tinyllama-heter-e1-r100,/homes/neumann/trieu.vy.tran/FederatedLLM/epoch_round_tuning_ffa_high_rounds/tuning-ffa-dolly-tinyllama-heter-e1-r100,epoch_round_tuning_ffa_high_rounds/tuning-ffa-dolly-tinyllama-heter-e1-r100/seed0/10/log.txt,100,True,score log,Complete
ffa,Nonlinear FFA,dolly,Dolly,tinyllama,TinyLlama,heter,Heter,1,100,0,92,27.73387843056915,epoch_round_tuning_ffa_high_rounds/tuning-ffa-dolly-tinyllama-heter-e1-r100,/homes/neumann/trieu.vy.tran/FederatedLLM/epoch_round_tuning_ffa_high_rounds/tuning-ffa-dolly-tinyllama-heter-e1-r100,epoch_round_tuning_ffa_high_rounds/tuning-ffa-dolly-tinyllama-heter-e1-r100/seed0/10/log.txt,100,True,score log,Complete
ffa,Nonlinear FFA,dolly,Dolly,tinyllama,TinyLlama,heter,Heter,1,100,0,93,28.09004613168155,epoch_round_tuning_ffa_high_rounds/tuning-ffa-dolly-tinyllama-heter-e1-r100,/homes/neumann/trieu.vy.tran/FederatedLLM/epoch_round_tuning_ffa_high_rounds/tuning-ffa-dolly-tinyllama-heter-e1-r100,epoch_round_tuning_ffa_high_rounds/tuning-ffa-dolly-tinyllama-heter-e1-r100/seed0/10/log.txt,100,True,score log,Complete
ffa,Nonlinear FFA,dolly,Dolly,tinyllama,TinyLlama,heter,Heter,1,100,0,94,27.204057712245604,epoch_round_tuning_ffa_high_rounds/tuning-ffa-dolly-tinyllama-heter-e1-r100,/homes/neumann/trieu.vy.tran/FederatedLLM/epoch_round_tuning_ffa_high_rounds/tuning-ffa-dolly-tinyllama-heter-e1-r100,epoch_round_tuning_ffa_high_rounds/tuning-ffa-dolly-tinyllama-heter-e1-r100/seed0/10/log.txt,100,True,score log,Complete
ffa,Nonlinear FFA,dolly,Dolly,tinyllama,TinyLlama,heter,Heter,1,100,0,95,29.094590569370578,epoch_round_tuning_ffa_high_rounds/tuning-ffa-dolly-tinyllama-heter-e1-r100,/homes/neumann/trieu.vy.tran/FederatedLLM/epoch_round_tuning_ffa_high_rounds/tuning-ffa-dolly-tinyllama-heter-e1-r100,epoch_round_tuning_ffa_high_rounds/tuning-ffa-dolly-tinyllama-heter-e1-r100/seed0/10/log.txt,100,True,score log,Complete
ffa,Nonlinear FFA,dolly,Dolly,tinyllama,TinyLlama,heter,Heter,1,100,0,96,30.49915626176437,epoch_round_tuning_ffa_high_rounds/tuning-ffa-dolly-tinyllama-heter-e1-r100,/homes/neumann/trieu.vy.tran/FederatedLLM/epoch_round_tuning_ffa_high_rounds/tuning-ffa-dolly-tinyllama-heter-e1-r100,epoch_round_tuning_ffa_high_rounds/tuning-ffa-dolly-tinyllama-heter-e1-r100/seed0/10/log.txt,100,True,score log,Complete
ffa,Nonlinear FFA,dolly,Dolly,tinyllama,TinyLlama,heter,Heter,1,100,0,97,27.256821040362926,epoch_round_tuning_ffa_high_rounds/tuning-ffa-dolly-tinyllama-heter-e1-r100,/homes/neumann/trieu.vy.tran/FederatedLLM/epoch_round_tuning_ffa_high_rounds/tuning-ffa-dolly-tinyllama-heter-e1-r100,epoch_round_tuning_ffa_high_rounds/tuning-ffa-dolly-tinyllama-heter-e1-r100/seed0/10/log.txt,100,True,score log,Complete
ffa,Nonlinear FFA,dolly,Dolly,tinyllama,TinyLlama,heter,Heter,1,100,0,98,27.4851416497574,epoch_round_tuning_ffa_high_rounds/tuning-ffa-dolly-tinyllama-heter-e1-r100,/homes/neumann/trieu.vy.tran/FederatedLLM/epoch_round_tuning_ffa_high_rounds/tuning-ffa-dolly-tinyllama-heter-e1-r100,epoch_round_tuning_ffa_high_rounds/tuning-ffa-dolly-tinyllama-heter-e1-r100/seed0/10/log.txt,100,True,score log,Complete
ffa,Nonlinear FFA,dolly,Dolly,tinyllama,TinyLlama,heter,Heter,1,100,0,99,28.16006070419944,epoch_round_tuning_ffa_high_rounds/tuning-ffa-dolly-tinyllama-heter-e1-r100,/homes/neumann/trieu.vy.tran/FederatedLLM/epoch_round_tuning_ffa_high_rounds/tuning-ffa-dolly-tinyllama-heter-e1-r100,epoch_round_tuning_ffa_high_rounds/tuning-ffa-dolly-tinyllama-heter-e1-r100/seed0/10/log.txt,100,True,score log,Complete
ffa,Nonlinear FFA,dolly,Dolly,tinyllama,TinyLlama,heter,Heter,1,100,0,100,28.946128627194934,epoch_round_tuning_ffa_high_rounds/tuning-ffa-dolly-tinyllama-heter-e1-r100,/homes/neumann/trieu.vy.tran/FederatedLLM/epoch_round_tuning_ffa_high_rounds/tuning-ffa-dolly-tinyllama-heter-e1-r100,epoch_round_tuning_ffa_high_rounds/tuning-ffa-dolly-tinyllama-heter-e1-r100/seed0/10/log.txt,100,True,score log,Complete
ffa,Nonlinear FFA,dolly,Dolly,tinyllama,TinyLlama,homo,Homo,1,50,0,1,15.55359242002976,epoch_round_tuning_ffa_high_rounds/tuning-ffa-dolly-tinyllama-homo-e1-r50,/homes/neumann/trieu.vy.tran/FederatedLLM/epoch_round_tuning_ffa_high_rounds/tuning-ffa-dolly-tinyllama-homo-e1-r50,epoch_round_tuning_ffa_high_rounds/tuning-ffa-dolly-tinyllama-homo-e1-r50/seed0/10/log.txt,50,True,score log,Complete
ffa,Nonlinear FFA,dolly,Dolly,tinyllama,TinyLlama,homo,Homo,1,50,0,2,19.15067731834793,epoch_round_tuning_ffa_high_rounds/tuning-ffa-dolly-tinyllama-homo-e1-r50,/homes/neumann/trieu.vy.tran/FederatedLLM/epoch_round_tuning_ffa_high_rounds/tuning-ffa-dolly-tinyllama-homo-e1-r50,epoch_round_tuning_ffa_high_rounds/tuning-ffa-dolly-tinyllama-homo-e1-r50/seed0/10/log.txt,50,True,score log,Complete
ffa,Nonlinear FFA,dolly,Dolly,tinyllama,TinyLlama,homo,Homo,1,50,0,3,23.184763745087402,epoch_round_tuning_ffa_high_rounds/tuning-ffa-dolly-tinyllama-homo-e1-r50,/homes/neumann/trieu.vy.tran/FederatedLLM/epoch_round_tuning_ffa_high_rounds/tuning-ffa-dolly-tinyllama-homo-e1-r50,epoch_round_tuning_ffa_high_rounds/tuning-ffa-dolly-tinyllama-homo-e1-r50/seed0/10/log.txt,50,True,score log,Complete
ffa,Nonlinear FFA,dolly,Dolly,tinyllama,TinyLlama,homo,Homo,1,50,0,4,26.96245336482002,epoch_round_tuning_ffa_high_rounds/tuning-ffa-dolly-tinyllama-homo-e1-r50,/homes/neumann/trieu.vy.tran/FederatedLLM/epoch_round_tuning_ffa_high_rounds/tuning-ffa-dolly-tinyllama-homo-e1-r50,epoch_round_tuning_ffa_high_rounds/tuning-ffa-dolly-tinyllama-homo-e1-r50/seed0/10/log.txt,50,True,score log,Complete
ffa,Nonlinear FFA,dolly,Dolly,tinyllama,TinyLlama,homo,Homo,1,50,0,5,28.275209126315147,epoch_round_tuning_ffa_high_rounds/tuning-ffa-dolly-tinyllama-homo-e1-r50,/homes/neumann/trieu.vy.tran/FederatedLLM/epoch_round_tuning_ffa_high_rounds/tuning-ffa-dolly-tinyllama-homo-e1-r50,epoch_round_tuning_ffa_high_rounds/tuning-ffa-dolly-tinyllama-homo-e1-r50/seed0/10/log.txt,50,True,score log,Complete
ffa,Nonlinear FFA,dolly,Dolly,tinyllama,TinyLlama,homo,Homo,1,50,0,6,28.010952799662515,epoch_round_tuning_ffa_high_rounds/tuning-ffa-dolly-tinyllama-homo-e1-r50,/homes/neumann/trieu.vy.tran/FederatedLLM/epoch_round_tuning_ffa_high_rounds/tuning-ffa-dolly-tinyllama-homo-e1-r50,epoch_round_tuning_ffa_high_rounds/tuning-ffa-dolly-tinyllama-homo-e1-r50/seed0/10/log.txt,50,True,score log,Complete
ffa,Nonlinear FFA,dolly,Dolly,tinyllama,TinyLlama,homo,Homo,1,50,0,7,28.2306298771142,epoch_round_tuning_ffa_high_rounds/tuning-ffa-dolly-tinyllama-homo-e1-r50,/homes/neumann/trieu.vy.tran/FederatedLLM/epoch_round_tuning_ffa_high_rounds/tuning-ffa-dolly-tinyllama-homo-e1-r50,epoch_round_tuning_ffa_high_rounds/tuning-ffa-dolly-tinyllama-homo-e1-r50/seed0/10/log.txt,50,True,score log,Complete
ffa,Nonlinear FFA,dolly,Dolly,tinyllama,TinyLlama,homo,Homo,1,50,0,8,29.4429133933795,epoch_round_tuning_ffa_high_rounds/tuning-ffa-dolly-tinyllama-homo-e1-r50,/homes/neumann/trieu.vy.tran/FederatedLLM/epoch_round_tuning_ffa_high_rounds/tuning-ffa-dolly-tinyllama-homo-e1-r50,epoch_round_tuning_ffa_high_rounds/tuning-ffa-dolly-tinyllama-homo-e1-r50/seed0/10/log.txt,50,True,score log,Complete
ffa,Nonlinear FFA,dolly,Dolly,tinyllama,TinyLlama,homo,Homo,1,50,0,9,28.517764730138335,epoch_round_tuning_ffa_high_rounds/tuning-ffa-dolly-tinyllama-homo-e1-r50,/homes/neumann/trieu.vy.tran/FederatedLLM/epoch_round_tuning_ffa_high_rounds/tuning-ffa-dolly-tinyllama-homo-e1-r50,epoch_round_tuning_ffa_high_rounds/tuning-ffa-dolly-tinyllama-homo-e1-r50/seed0/10/log.txt,50,True,score log,Complete
ffa,Nonlinear FFA,dolly,Dolly,tinyllama,TinyLlama,homo,Homo,1,50,0,10,28.817568408091752,epoch_round_tuning_ffa_high_rounds/tuning-ffa-dolly-tinyllama-homo-e1-r50,/homes/neumann/trieu.vy.tran/FederatedLLM/epoch_round_tuning_ffa_high_rounds/tuning-ffa-dolly-tinyllama-homo-e1-r50,epoch_round_tuning_ffa_high_rounds/tuning-ffa-dolly-tinyllama-homo-e1-r50/seed0/10/log.txt,50,True,score log,Complete
ffa,Nonlinear FFA,dolly,Dolly,tinyllama,TinyLlama,homo,Homo,1,50,0,11,28.740773911035905,epoch_round_tuning_ffa_high_rounds/tuning-ffa-dolly-tinyllama-homo-e1-r50,/homes/neumann/trieu.vy.tran/FederatedLLM/epoch_round_tuning_ffa_high_rounds/tuning-ffa-dolly-tinyllama-homo-e1-r50,epoch_round_tuning_ffa_high_rounds/tuning-ffa-dolly-tinyllama-homo-e1-r50/seed0/10/log.txt,50,True,score log,Complete
ffa,Nonlinear FFA,dolly,Dolly,tinyllama,TinyLlama,homo,Homo,1,50,0,12,26.646388135304193,epoch_round_tuning_ffa_high_rounds/tuning-ffa-dolly-tinyllama-homo-e1-r50,/homes/neumann/trieu.vy.tran/FederatedLLM/epoch_round_tuning_ffa_high_rounds/tuning-ffa-dolly-tinyllama-homo-e1-r50,epoch_round_tuning_ffa_high_rounds/tuning-ffa-dolly-tinyllama-homo-e1-r50/seed0/10/log.txt,50,True,score log,Complete
ffa,Nonlinear FFA,dolly,Dolly,tinyllama,TinyLlama,homo,Homo,1,50,0,13,27.694453555302257,epoch_round_tuning_ffa_high_rounds/tuning-ffa-dolly-tinyllama-homo-e1-r50,/homes/neumann/trieu.vy.tran/FederatedLLM/epoch_round_tuning_ffa_high_rounds/tuning-ffa-dolly-tinyllama-homo-e1-r50,epoch_round_tuning_ffa_high_rounds/tuning-ffa-dolly-tinyllama-homo-e1-r50/seed0/10/log.txt,50,True,score log,Complete
ffa,Nonlinear FFA,dolly,Dolly,tinyllama,TinyLlama,homo,Homo,1,50,0,14,28.094694478618663,epoch_round_tuning_ffa_high_rounds/tuning-ffa-dolly-tinyllama-homo-e1-r50,/homes/neumann/trieu.vy.tran/FederatedLLM/epoch_round_tuning_ffa_high_rounds/tuning-ffa-dolly-tinyllama-homo-e1-r50,epoch_round_tuning_ffa_high_rounds/tuning-ffa-dolly-tinyllama-homo-e1-r50/seed0/10/log.txt,50,True,score log,Complete
ffa,Nonlinear FFA,dolly,Dolly,tinyllama,TinyLlama,homo,Homo,1,50,0,15,27.99014655257715,epoch_round_tuning_ffa_high_rounds/tuning-ffa-dolly-tinyllama-homo-e1-r50,/homes/neumann/trieu.vy.tran/FederatedLLM/epoch_round_tuning_ffa_high_rounds/tuning-ffa-dolly-tinyllama-homo-e1-r50,epoch_round_tuning_ffa_high_rounds/tuning-ffa-dolly-tinyllama-homo-e1-r50/seed0/10/log.txt,50,True,score log,Complete
ffa,Nonlinear FFA,dolly,Dolly,tinyllama,TinyLlama,homo,Homo,1,50,0,16,29.28436212278604,epoch_round_tuning_ffa_high_rounds/tuning-ffa-dolly-tinyllama-homo-e1-r50,/homes/neumann/trieu.vy.tran/FederatedLLM/epoch_round_tuning_ffa_high_rounds/tuning-ffa-dolly-tinyllama-homo-e1-r50,epoch_round_tuning_ffa_high_rounds/tuning-ffa-dolly-tinyllama-homo-e1-r50/seed0/10/log.txt,50,True,score log,Complete
ffa,Nonlinear FFA,dolly,Dolly,tinyllama,TinyLlama,homo,Homo,1,50,0,17,29.706024006309566,epoch_round_tuning_ffa_high_rounds/tuning-ffa-dolly-tinyllama-homo-e1-r50,/homes/neumann/trieu.vy.tran/FederatedLLM/epoch_round_tuning_ffa_high_rounds/tuning-ffa-dolly-tinyllama-homo-e1-r50,epoch_round_tuning_ffa_high_rounds/tuning-ffa-dolly-tinyllama-homo-e1-r50/seed0/10/log.txt,50,True,score log,Complete
ffa,Nonlinear FFA,dolly,Dolly,tinyllama,TinyLlama,homo,Homo,1,50,0,18,28.443163879732275,epoch_round_tuning_ffa_high_rounds/tuning-ffa-dolly-tinyllama-homo-e1-r50,/homes/neumann/trieu.vy.tran/FederatedLLM/epoch_round_tuning_ffa_high_rounds/tuning-ffa-dolly-tinyllama-homo-e1-r50,epoch_round_tuning_ffa_high_rounds/tuning-ffa-dolly-tinyllama-homo-e1-r50/seed0/10/log.txt,50,True,score log,Complete
ffa,Nonlinear FFA,dolly,Dolly,tinyllama,TinyLlama,homo,Homo,1,50,0,19,28.59552821335068,epoch_round_tuning_ffa_high_rounds/tuning-ffa-dolly-tinyllama-homo-e1-r50,/homes/neumann/trieu.vy.tran/FederatedLLM/epoch_round_tuning_ffa_high_rounds/tuning-ffa-dolly-tinyllama-homo-e1-r50,epoch_round_tuning_ffa_high_rounds/tuning-ffa-dolly-tinyllama-homo-e1-r50/seed0/10/log.txt,50,True,score log,Complete
ffa,Nonlinear FFA,dolly,Dolly,tinyllama,TinyLlama,homo,Homo,1,50,0,20,30.146480436404037,epoch_round_tuning_ffa_high_rounds/tuning-ffa-dolly-tinyllama-homo-e1-r50,/homes/neumann/trieu.vy.tran/FederatedLLM/epoch_round_tuning_ffa_high_rounds/tuning-ffa-dolly-tinyllama-homo-e1-r50,epoch_round_tuning_ffa_high_rounds/tuning-ffa-dolly-tinyllama-homo-e1-r50/seed0/10/log.txt,50,True,score log,Complete
ffa,Nonlinear FFA,dolly,Dolly,tinyllama,TinyLlama,homo,Homo,1,50,0,21,30.543797949209132,epoch_round_tuning_ffa_high_rounds/tuning-ffa-dolly-tinyllama-homo-e1-r50,/homes/neumann/trieu.vy.tran/FederatedLLM/epoch_round_tuning_ffa_high_rounds/tuning-ffa-dolly-tinyllama-homo-e1-r50,epoch_round_tuning_ffa_high_rounds/tuning-ffa-dolly-tinyllama-homo-e1-r50/seed0/10/log.txt,50,True,score log,Complete
ffa,Nonlinear FFA,dolly,Dolly,tinyllama,TinyLlama,homo,Homo,1,50,0,22,28.499321299024704,epoch_round_tuning_ffa_high_rounds/tuning-ffa-dolly-tinyllama-homo-e1-r50,/homes/neumann/trieu.vy.tran/FederatedLLM/epoch_round_tuning_ffa_high_rounds/tuning-ffa-dolly-tinyllama-homo-e1-r50,epoch_round_tuning_ffa_high_rounds/tuning-ffa-dolly-tinyllama-homo-e1-r50/seed0/10/log.txt,50,True,score log,Complete
ffa,Nonlinear FFA,dolly,Dolly,tinyllama,TinyLlama,homo,Homo,1,50,0,23,29.880986920789894,epoch_round_tuning_ffa_high_rounds/tuning-ffa-dolly-tinyllama-homo-e1-r50,/homes/neumann/trieu.vy.tran/FederatedLLM/epoch_round_tuning_ffa_high_rounds/tuning-ffa-dolly-tinyllama-homo-e1-r50,epoch_round_tuning_ffa_high_rounds/tuning-ffa-dolly-tinyllama-homo-e1-r50/seed0/10/log.txt,50,True,score log,Complete
ffa,Nonlinear FFA,dolly,Dolly,tinyllama,TinyLlama,homo,Homo,1,50,0,24,30.333222906194486,epoch_round_tuning_ffa_high_rounds/tuning-ffa-dolly-tinyllama-homo-e1-r50,/homes/neumann/trieu.vy.tran/FederatedLLM/epoch_round_tuning_ffa_high_rounds/tuning-ffa-dolly-tinyllama-homo-e1-r50,epoch_round_tuning_ffa_high_rounds/tuning-ffa-dolly-tinyllama-homo-e1-r50/seed0/10/log.txt,50,True,score log,Complete
ffa,Nonlinear FFA,dolly,Dolly,tinyllama,TinyLlama,homo,Homo,1,50,0,25,29.715941683844903,epoch_round_tuning_ffa_high_rounds/tuning-ffa-dolly-tinyllama-homo-e1-r50,/homes/neumann/trieu.vy.tran/FederatedLLM/epoch_round_tuning_ffa_high_rounds/tuning-ffa-dolly-tinyllama-homo-e1-r50,epoch_round_tuning_ffa_high_rounds/tuning-ffa-dolly-tinyllama-homo-e1-r50/seed0/10/log.txt,50,True,score log,Complete
ffa,Nonlinear FFA,dolly,Dolly,tinyllama,TinyLlama,homo,Homo,1,50,0,26,28.40404656764014,epoch_round_tuning_ffa_high_rounds/tuning-ffa-dolly-tinyllama-homo-e1-r50,/homes/neumann/trieu.vy.tran/FederatedLLM/epoch_round_tuning_ffa_high_rounds/tuning-ffa-dolly-tinyllama-homo-e1-r50,epoch_round_tuning_ffa_high_rounds/tuning-ffa-dolly-tinyllama-homo-e1-r50/seed0/10/log.txt,50,True,score log,Complete
ffa,Nonlinear FFA,dolly,Dolly,tinyllama,TinyLlama,homo,Homo,1,50,0,27,30.32913071935092,epoch_round_tuning_ffa_high_rounds/tuning-ffa-dolly-tinyllama-homo-e1-r50,/homes/neumann/trieu.vy.tran/FederatedLLM/epoch_round_tuning_ffa_high_rounds/tuning-ffa-dolly-tinyllama-homo-e1-r50,epoch_round_tuning_ffa_high_rounds/tuning-ffa-dolly-tinyllama-homo-e1-r50/seed0/10/log.txt,50,True,score log,Complete
ffa,Nonlinear FFA,dolly,Dolly,tinyllama,TinyLlama,homo,Homo,1,50,0,28,30.154698999090137,epoch_round_tuning_ffa_high_rounds/tuning-ffa-dolly-tinyllama-homo-e1-r50,/homes/neumann/trieu.vy.tran/FederatedLLM/epoch_round_tuning_ffa_high_rounds/tuning-ffa-dolly-tinyllama-homo-e1-r50,epoch_round_tuning_ffa_high_rounds/tuning-ffa-dolly-tinyllama-homo-e1-r50/seed0/10/log.txt,50,True,score log,Complete
ffa,Nonlinear FFA,dolly,Dolly,tinyllama,TinyLlama,homo,Homo,1,50,0,29,31.012838367503058,epoch_round_tuning_ffa_high_rounds/tuning-ffa-dolly-tinyllama-homo-e1-r50,/homes/neumann/trieu.vy.tran/FederatedLLM/epoch_round_tuning_ffa_high_rounds/tuning-ffa-dolly-tinyllama-homo-e1-r50,epoch_round_tuning_ffa_high_rounds/tuning-ffa-dolly-tinyllama-homo-e1-r50/seed0/10/log.txt,50,True,score log,Complete
ffa,Nonlinear FFA,dolly,Dolly,tinyllama,TinyLlama,homo,Homo,1,50,0,30,29.565201386191927,epoch_round_tuning_ffa_high_rounds/tuning-ffa-dolly-tinyllama-homo-e1-r50,/homes/neumann/trieu.vy.tran/FederatedLLM/epoch_round_tuning_ffa_high_rounds/tuning-ffa-dolly-tinyllama-homo-e1-r50,epoch_round_tuning_ffa_high_rounds/tuning-ffa-dolly-tinyllama-homo-e1-r50/seed0/10/log.txt,50,True,score log,Complete
ffa,Nonlinear FFA,dolly,Dolly,tinyllama,TinyLlama,homo,Homo,1,50,0,31,30.83383377005269,epoch_round_tuning_ffa_high_rounds/tuning-ffa-dolly-tinyllama-homo-e1-r50,/homes/neumann/trieu.vy.tran/FederatedLLM/epoch_round_tuning_ffa_high_rounds/tuning-ffa-dolly-tinyllama-homo-e1-r50,epoch_round_tuning_ffa_high_rounds/tuning-ffa-dolly-tinyllama-homo-e1-r50/seed0/10/log.txt,50,True,score log,Complete
ffa,Nonlinear FFA,dolly,Dolly,tinyllama,TinyLlama,homo,Homo,1,50,0,32,31.83049554796305,epoch_round_tuning_ffa_high_rounds/tuning-ffa-dolly-tinyllama-homo-e1-r50,/homes/neumann/trieu.vy.tran/FederatedLLM/epoch_round_tuning_ffa_high_rounds/tuning-ffa-dolly-tinyllama-homo-e1-r50,epoch_round_tuning_ffa_high_rounds/tuning-ffa-dolly-tinyllama-homo-e1-r50/seed0/10/log.txt,50,True,score log,Complete
ffa,Nonlinear FFA,dolly,Dolly,tinyllama,TinyLlama,homo,Homo,1,50,0,33,29.73758706654131,epoch_round_tuning_ffa_high_rounds/tuning-ffa-dolly-tinyllama-homo-e1-r50,/homes/neumann/trieu.vy.tran/FederatedLLM/epoch_round_tuning_ffa_high_rounds/tuning-ffa-dolly-tinyllama-homo-e1-r50,epoch_round_tuning_ffa_high_rounds/tuning-ffa-dolly-tinyllama-homo-e1-r50/seed0/10/log.txt,50,True,score log,Complete
ffa,Nonlinear FFA,dolly,Dolly,tinyllama,TinyLlama,homo,Homo,1,50,0,34,31.372870784342204,epoch_round_tuning_ffa_high_rounds/tuning-ffa-dolly-tinyllama-homo-e1-r50,/homes/neumann/trieu.vy.tran/FederatedLLM/epoch_round_tuning_ffa_high_rounds/tuning-ffa-dolly-tinyllama-homo-e1-r50,epoch_round_tuning_ffa_high_rounds/tuning-ffa-dolly-tinyllama-homo-e1-r50/seed0/10/log.txt,50,True,score log,Complete
ffa,Nonlinear FFA,dolly,Dolly,tinyllama,TinyLlama,homo,Homo,1,50,0,35,29.518836252610566,epoch_round_tuning_ffa_high_rounds/tuning-ffa-dolly-tinyllama-homo-e1-r50,/homes/neumann/trieu.vy.tran/FederatedLLM/epoch_round_tuning_ffa_high_rounds/tuning-ffa-dolly-tinyllama-homo-e1-r50,epoch_round_tuning_ffa_high_rounds/tuning-ffa-dolly-tinyllama-homo-e1-r50/seed0/10/log.txt,50,True,score log,Complete
ffa,Nonlinear FFA,dolly,Dolly,tinyllama,TinyLlama,homo,Homo,1,50,0,36,31.115134500230873,epoch_round_tuning_ffa_high_rounds/tuning-ffa-dolly-tinyllama-homo-e1-r50,/homes/neumann/trieu.vy.tran/FederatedLLM/epoch_round_tuning_ffa_high_rounds/tuning-ffa-dolly-tinyllama-homo-e1-r50,epoch_round_tuning_ffa_high_rounds/tuning-ffa-dolly-tinyllama-homo-e1-r50/seed0/10/log.txt,50,True,score log,Complete
ffa,Nonlinear FFA,dolly,Dolly,tinyllama,TinyLlama,homo,Homo,1,50,0,37,29.66096261873494,epoch_round_tuning_ffa_high_rounds/tuning-ffa-dolly-tinyllama-homo-e1-r50,/homes/neumann/trieu.vy.tran/FederatedLLM/epoch_round_tuning_ffa_high_rounds/tuning-ffa-dolly-tinyllama-homo-e1-r50,epoch_round_tuning_ffa_high_rounds/tuning-ffa-dolly-tinyllama-homo-e1-r50/seed0/10/log.txt,50,True,score log,Complete
ffa,Nonlinear FFA,dolly,Dolly,tinyllama,TinyLlama,homo,Homo,1,50,0,38,29.08591667821233,epoch_round_tuning_ffa_high_rounds/tuning-ffa-dolly-tinyllama-homo-e1-r50,/homes/neumann/trieu.vy.tran/FederatedLLM/epoch_round_tuning_ffa_high_rounds/tuning-ffa-dolly-tinyllama-homo-e1-r50,epoch_round_tuning_ffa_high_rounds/tuning-ffa-dolly-tinyllama-homo-e1-r50/seed0/10/log.txt,50,True,score log,Complete
ffa,Nonlinear FFA,dolly,Dolly,tinyllama,TinyLlama,homo,Homo,1,50,0,39,33.09087009506497,epoch_round_tuning_ffa_high_rounds/tuning-ffa-dolly-tinyllama-homo-e1-r50,/homes/neumann/trieu.vy.tran/FederatedLLM/epoch_round_tuning_ffa_high_rounds/tuning-ffa-dolly-tinyllama-homo-e1-r50,epoch_round_tuning_ffa_high_rounds/tuning-ffa-dolly-tinyllama-homo-e1-r50/seed0/10/log.txt,50,True,score log,Complete
ffa,Nonlinear FFA,dolly,Dolly,tinyllama,TinyLlama,homo,Homo,1,50,0,40,28.76743521729759,epoch_round_tuning_ffa_high_rounds/tuning-ffa-dolly-tinyllama-homo-e1-r50,/homes/neumann/trieu.vy.tran/FederatedLLM/epoch_round_tuning_ffa_high_rounds/tuning-ffa-dolly-tinyllama-homo-e1-r50,epoch_round_tuning_ffa_high_rounds/tuning-ffa-dolly-tinyllama-homo-e1-r50/seed0/10/log.txt,50,True,score log,Complete
ffa,Nonlinear FFA,dolly,Dolly,tinyllama,TinyLlama,homo,Homo,1,50,0,41,30.54918337831312,epoch_round_tuning_ffa_high_rounds/tuning-ffa-dolly-tinyllama-homo-e1-r50,/homes/neumann/trieu.vy.tran/FederatedLLM/epoch_round_tuning_ffa_high_rounds/tuning-ffa-dolly-tinyllama-homo-e1-r50,epoch_round_tuning_ffa_high_rounds/tuning-ffa-dolly-tinyllama-homo-e1-r50/seed0/10/log.txt,50,True,score log,Complete
ffa,Nonlinear FFA,dolly,Dolly,tinyllama,TinyLlama,homo,Homo,1,50,0,42,29.743967481814437,epoch_round_tuning_ffa_high_rounds/tuning-ffa-dolly-tinyllama-homo-e1-r50,/homes/neumann/trieu.vy.tran/FederatedLLM/epoch_round_tuning_ffa_high_rounds/tuning-ffa-dolly-tinyllama-homo-e1-r50,epoch_round_tuning_ffa_high_rounds/tuning-ffa-dolly-tinyllama-homo-e1-r50/seed0/10/log.txt,50,True,score log,Complete
ffa,Nonlinear FFA,dolly,Dolly,tinyllama,TinyLlama,homo,Homo,1,50,0,43,30.053712620584356,epoch_round_tuning_ffa_high_rounds/tuning-ffa-dolly-tinyllama-homo-e1-r50,/homes/neumann/trieu.vy.tran/FederatedLLM/epoch_round_tuning_ffa_high_rounds/tuning-ffa-dolly-tinyllama-homo-e1-r50,epoch_round_tuning_ffa_high_rounds/tuning-ffa-dolly-tinyllama-homo-e1-r50/seed0/10/log.txt,50,True,score log,Complete
ffa,Nonlinear FFA,dolly,Dolly,tinyllama,TinyLlama,homo,Homo,1,50,0,44,29.991866164717813,epoch_round_tuning_ffa_high_rounds/tuning-ffa-dolly-tinyllama-homo-e1-r50,/homes/neumann/trieu.vy.tran/FederatedLLM/epoch_round_tuning_ffa_high_rounds/tuning-ffa-dolly-tinyllama-homo-e1-r50,epoch_round_tuning_ffa_high_rounds/tuning-ffa-dolly-tinyllama-homo-e1-r50/seed0/10/log.txt,50,True,score log,Complete
ffa,Nonlinear FFA,dolly,Dolly,tinyllama,TinyLlama,homo,Homo,1,50,0,45,28.69859150859595,epoch_round_tuning_ffa_high_rounds/tuning-ffa-dolly-tinyllama-homo-e1-r50,/homes/neumann/trieu.vy.tran/FederatedLLM/epoch_round_tuning_ffa_high_rounds/tuning-ffa-dolly-tinyllama-homo-e1-r50,epoch_round_tuning_ffa_high_rounds/tuning-ffa-dolly-tinyllama-homo-e1-r50/seed0/10/log.txt,50,True,score log,Complete
ffa,Nonlinear FFA,dolly,Dolly,tinyllama,TinyLlama,homo,Homo,1,50,0,46,28.892982145769412,epoch_round_tuning_ffa_high_rounds/tuning-ffa-dolly-tinyllama-homo-e1-r50,/homes/neumann/trieu.vy.tran/FederatedLLM/epoch_round_tuning_ffa_high_rounds/tuning-ffa-dolly-tinyllama-homo-e1-r50,epoch_round_tuning_ffa_high_rounds/tuning-ffa-dolly-tinyllama-homo-e1-r50/seed0/10/log.txt,50,True,score log,Complete
ffa,Nonlinear FFA,dolly,Dolly,tinyllama,TinyLlama,homo,Homo,1,50,0,47,29.158003094383027,epoch_round_tuning_ffa_high_rounds/tuning-ffa-dolly-tinyllama-homo-e1-r50,/homes/neumann/trieu.vy.tran/FederatedLLM/epoch_round_tuning_ffa_high_rounds/tuning-ffa-dolly-tinyllama-homo-e1-r50,epoch_round_tuning_ffa_high_rounds/tuning-ffa-dolly-tinyllama-homo-e1-r50/seed0/10/log.txt,50,True,score log,Complete
ffa,Nonlinear FFA,dolly,Dolly,tinyllama,TinyLlama,homo,Homo,1,50,0,48,30.325952203271928,epoch_round_tuning_ffa_high_rounds/tuning-ffa-dolly-tinyllama-homo-e1-r50,/homes/neumann/trieu.vy.tran/FederatedLLM/epoch_round_tuning_ffa_high_rounds/tuning-ffa-dolly-tinyllama-homo-e1-r50,epoch_round_tuning_ffa_high_rounds/tuning-ffa-dolly-tinyllama-homo-e1-r50/seed0/10/log.txt,50,True,score log,Complete
ffa,Nonlinear FFA,dolly,Dolly,tinyllama,TinyLlama,homo,Homo,1,50,0,49,29.544614480288484,epoch_round_tuning_ffa_high_rounds/tuning-ffa-dolly-tinyllama-homo-e1-r50,/homes/neumann/trieu.vy.tran/FederatedLLM/epoch_round_tuning_ffa_high_rounds/tuning-ffa-dolly-tinyllama-homo-e1-r50,epoch_round_tuning_ffa_high_rounds/tuning-ffa-dolly-tinyllama-homo-e1-r50/seed0/10/log.txt,50,True,score log,Complete
ffa,Nonlinear FFA,dolly,Dolly,tinyllama,TinyLlama,homo,Homo,1,50,0,50,29.4796880122512,epoch_round_tuning_ffa_high_rounds/tuning-ffa-dolly-tinyllama-homo-e1-r50,/homes/neumann/trieu.vy.tran/FederatedLLM/epoch_round_tuning_ffa_high_rounds/tuning-ffa-dolly-tinyllama-homo-e1-r50,epoch_round_tuning_ffa_high_rounds/tuning-ffa-dolly-tinyllama-homo-e1-r50/seed0/10/log.txt,50,True,score log,Complete
ffa,Nonlinear FFA,dolly,Dolly,tinyllama,TinyLlama,homo,Homo,1,100,0,1,16.68036304735876,epoch_round_tuning_ffa_high_rounds/tuning-ffa-dolly-tinyllama-homo-e1-r100,/homes/neumann/trieu.vy.tran/FederatedLLM/epoch_round_tuning_ffa_high_rounds/tuning-ffa-dolly-tinyllama-homo-e1-r100,epoch_round_tuning_ffa_high_rounds/tuning-ffa-dolly-tinyllama-homo-e1-r100/seed0/10/log.txt,100,True,score log,Complete
ffa,Nonlinear FFA,dolly,Dolly,tinyllama,TinyLlama,homo,Homo,1,100,0,2,18.736486142393865,epoch_round_tuning_ffa_high_rounds/tuning-ffa-dolly-tinyllama-homo-e1-r100,/homes/neumann/trieu.vy.tran/FederatedLLM/epoch_round_tuning_ffa_high_rounds/tuning-ffa-dolly-tinyllama-homo-e1-r100,epoch_round_tuning_ffa_high_rounds/tuning-ffa-dolly-tinyllama-homo-e1-r100/seed0/10/log.txt,100,True,score log,Complete
ffa,Nonlinear FFA,dolly,Dolly,tinyllama,TinyLlama,homo,Homo,1,100,0,3,23.207446033723656,epoch_round_tuning_ffa_high_rounds/tuning-ffa-dolly-tinyllama-homo-e1-r100,/homes/neumann/trieu.vy.tran/FederatedLLM/epoch_round_tuning_ffa_high_rounds/tuning-ffa-dolly-tinyllama-homo-e1-r100,epoch_round_tuning_ffa_high_rounds/tuning-ffa-dolly-tinyllama-homo-e1-r100/seed0/10/log.txt,100,True,score log,Complete
ffa,Nonlinear FFA,dolly,Dolly,tinyllama,TinyLlama,homo,Homo,1,100,0,4,24.855707223516184,epoch_round_tuning_ffa_high_rounds/tuning-ffa-dolly-tinyllama-homo-e1-r100,/homes/neumann/trieu.vy.tran/FederatedLLM/epoch_round_tuning_ffa_high_rounds/tuning-ffa-dolly-tinyllama-homo-e1-r100,epoch_round_tuning_ffa_high_rounds/tuning-ffa-dolly-tinyllama-homo-e1-r100/seed0/10/log.txt,100,True,score log,Complete
ffa,Nonlinear FFA,dolly,Dolly,tinyllama,TinyLlama,homo,Homo,1,100,0,5,28.498653348767384,epoch_round_tuning_ffa_high_rounds/tuning-ffa-dolly-tinyllama-homo-e1-r100,/homes/neumann/trieu.vy.tran/FederatedLLM/epoch_round_tuning_ffa_high_rounds/tuning-ffa-dolly-tinyllama-homo-e1-r100,epoch_round_tuning_ffa_high_rounds/tuning-ffa-dolly-tinyllama-homo-e1-r100/seed0/10/log.txt,100,True,score log,Complete
ffa,Nonlinear FFA,dolly,Dolly,tinyllama,TinyLlama,homo,Homo,1,100,0,6,28.09594804985235,epoch_round_tuning_ffa_high_rounds/tuning-ffa-dolly-tinyllama-homo-e1-r100,/homes/neumann/trieu.vy.tran/FederatedLLM/epoch_round_tuning_ffa_high_rounds/tuning-ffa-dolly-tinyllama-homo-e1-r100,epoch_round_tuning_ffa_high_rounds/tuning-ffa-dolly-tinyllama-homo-e1-r100/seed0/10/log.txt,100,True,score log,Complete
ffa,Nonlinear FFA,dolly,Dolly,tinyllama,TinyLlama,homo,Homo,1,100,0,7,29.32654185513039,epoch_round_tuning_ffa_high_rounds/tuning-ffa-dolly-tinyllama-homo-e1-r100,/homes/neumann/trieu.vy.tran/FederatedLLM/epoch_round_tuning_ffa_high_rounds/tuning-ffa-dolly-tinyllama-homo-e1-r100,epoch_round_tuning_ffa_high_rounds/tuning-ffa-dolly-tinyllama-homo-e1-r100/seed0/10/log.txt,100,True,score log,Complete
ffa,Nonlinear FFA,dolly,Dolly,tinyllama,TinyLlama,homo,Homo,1,100,0,8,28.76841368235265,epoch_round_tuning_ffa_high_rounds/tuning-ffa-dolly-tinyllama-homo-e1-r100,/homes/neumann/trieu.vy.tran/FederatedLLM/epoch_round_tuning_ffa_high_rounds/tuning-ffa-dolly-tinyllama-homo-e1-r100,epoch_round_tuning_ffa_high_rounds/tuning-ffa-dolly-tinyllama-homo-e1-r100/seed0/10/log.txt,100,True,score log,Complete
ffa,Nonlinear FFA,dolly,Dolly,tinyllama,TinyLlama,homo,Homo,1,100,0,9,27.41975975870859,epoch_round_tuning_ffa_high_rounds/tuning-ffa-dolly-tinyllama-homo-e1-r100,/homes/neumann/trieu.vy.tran/FederatedLLM/epoch_round_tuning_ffa_high_rounds/tuning-ffa-dolly-tinyllama-homo-e1-r100,epoch_round_tuning_ffa_high_rounds/tuning-ffa-dolly-tinyllama-homo-e1-r100/seed0/10/log.txt,100,True,score log,Complete
ffa,Nonlinear FFA,dolly,Dolly,tinyllama,TinyLlama,homo,Homo,1,100,0,10,28.905842440049405,epoch_round_tuning_ffa_high_rounds/tuning-ffa-dolly-tinyllama-homo-e1-r100,/homes/neumann/trieu.vy.tran/FederatedLLM/epoch_round_tuning_ffa_high_rounds/tuning-ffa-dolly-tinyllama-homo-e1-r100,epoch_round_tuning_ffa_high_rounds/tuning-ffa-dolly-tinyllama-homo-e1-r100/seed0/10/log.txt,100,True,score log,Complete
ffa,Nonlinear FFA,dolly,Dolly,tinyllama,TinyLlama,homo,Homo,1,100,0,11,27.61282216818485,epoch_round_tuning_ffa_high_rounds/tuning-ffa-dolly-tinyllama-homo-e1-r100,/homes/neumann/trieu.vy.tran/FederatedLLM/epoch_round_tuning_ffa_high_rounds/tuning-ffa-dolly-tinyllama-homo-e1-r100,epoch_round_tuning_ffa_high_rounds/tuning-ffa-dolly-tinyllama-homo-e1-r100/seed0/10/log.txt,100,True,score log,Complete
ffa,Nonlinear FFA,dolly,Dolly,tinyllama,TinyLlama,homo,Homo,1,100,0,12,28.40151157514592,epoch_round_tuning_ffa_high_rounds/tuning-ffa-dolly-tinyllama-homo-e1-r100,/homes/neumann/trieu.vy.tran/FederatedLLM/epoch_round_tuning_ffa_high_rounds/tuning-ffa-dolly-tinyllama-homo-e1-r100,epoch_round_tuning_ffa_high_rounds/tuning-ffa-dolly-tinyllama-homo-e1-r100/seed0/10/log.txt,100,True,score log,Complete
ffa,Nonlinear FFA,dolly,Dolly,tinyllama,TinyLlama,homo,Homo,1,100,0,13,30.033319228897536,epoch_round_tuning_ffa_high_rounds/tuning-ffa-dolly-tinyllama-homo-e1-r100,/homes/neumann/trieu.vy.tran/FederatedLLM/epoch_round_tuning_ffa_high_rounds/tuning-ffa-dolly-tinyllama-homo-e1-r100,epoch_round_tuning_ffa_high_rounds/tuning-ffa-dolly-tinyllama-homo-e1-r100/seed0/10/log.txt,100,True,score log,Complete
ffa,Nonlinear FFA,dolly,Dolly,tinyllama,TinyLlama,homo,Homo,1,100,0,14,27.298355257926566,epoch_round_tuning_ffa_high_rounds/tuning-ffa-dolly-tinyllama-homo-e1-r100,/homes/neumann/trieu.vy.tran/FederatedLLM/epoch_round_tuning_ffa_high_rounds/tuning-ffa-dolly-tinyllama-homo-e1-r100,epoch_round_tuning_ffa_high_rounds/tuning-ffa-dolly-tinyllama-homo-e1-r100/seed0/10/log.txt,100,True,score log,Complete
ffa,Nonlinear FFA,dolly,Dolly,tinyllama,TinyLlama,homo,Homo,1,100,0,15,30.74888736618822,epoch_round_tuning_ffa_high_rounds/tuning-ffa-dolly-tinyllama-homo-e1-r100,/homes/neumann/trieu.vy.tran/FederatedLLM/epoch_round_tuning_ffa_high_rounds/tuning-ffa-dolly-tinyllama-homo-e1-r100,epoch_round_tuning_ffa_high_rounds/tuning-ffa-dolly-tinyllama-homo-e1-r100/seed0/10/log.txt,100,True,score log,Complete
ffa,Nonlinear FFA,dolly,Dolly,tinyllama,TinyLlama,homo,Homo,1,100,0,16,27.87690956764078,epoch_round_tuning_ffa_high_rounds/tuning-ffa-dolly-tinyllama-homo-e1-r100,/homes/neumann/trieu.vy.tran/FederatedLLM/epoch_round_tuning_ffa_high_rounds/tuning-ffa-dolly-tinyllama-homo-e1-r100,epoch_round_tuning_ffa_high_rounds/tuning-ffa-dolly-tinyllama-homo-e1-r100/seed0/10/log.txt,100,True,score log,Complete
ffa,Nonlinear FFA,dolly,Dolly,tinyllama,TinyLlama,homo,Homo,1,100,0,17,30.831149623897186,epoch_round_tuning_ffa_high_rounds/tuning-ffa-dolly-tinyllama-homo-e1-r100,/homes/neumann/trieu.vy.tran/FederatedLLM/epoch_round_tuning_ffa_high_rounds/tuning-ffa-dolly-tinyllama-homo-e1-r100,epoch_round_tuning_ffa_high_rounds/tuning-ffa-dolly-tinyllama-homo-e1-r100/seed0/10/log.txt,100,True,score log,Complete
ffa,Nonlinear FFA,dolly,Dolly,tinyllama,TinyLlama,homo,Homo,1,100,0,18,29.139588070078776,epoch_round_tuning_ffa_high_rounds/tuning-ffa-dolly-tinyllama-homo-e1-r100,/homes/neumann/trieu.vy.tran/FederatedLLM/epoch_round_tuning_ffa_high_rounds/tuning-ffa-dolly-tinyllama-homo-e1-r100,epoch_round_tuning_ffa_high_rounds/tuning-ffa-dolly-tinyllama-homo-e1-r100/seed0/10/log.txt,100,True,score log,Complete
ffa,Nonlinear FFA,dolly,Dolly,tinyllama,TinyLlama,homo,Homo,1,100,0,19,30.128078810343816,epoch_round_tuning_ffa_high_rounds/tuning-ffa-dolly-tinyllama-homo-e1-r100,/homes/neumann/trieu.vy.tran/FederatedLLM/epoch_round_tuning_ffa_high_rounds/tuning-ffa-dolly-tinyllama-homo-e1-r100,epoch_round_tuning_ffa_high_rounds/tuning-ffa-dolly-tinyllama-homo-e1-r100/seed0/10/log.txt,100,True,score log,Complete
ffa,Nonlinear FFA,dolly,Dolly,tinyllama,TinyLlama,homo,Homo,1,100,0,20,29.557150885704637,epoch_round_tuning_ffa_high_rounds/tuning-ffa-dolly-tinyllama-homo-e1-r100,/homes/neumann/trieu.vy.tran/FederatedLLM/epoch_round_tuning_ffa_high_rounds/tuning-ffa-dolly-tinyllama-homo-e1-r100,epoch_round_tuning_ffa_high_rounds/tuning-ffa-dolly-tinyllama-homo-e1-r100/seed0/10/log.txt,100,True,score log,Complete
ffa,Nonlinear FFA,dolly,Dolly,tinyllama,TinyLlama,homo,Homo,1,100,0,21,28.989548428265486,epoch_round_tuning_ffa_high_rounds/tuning-ffa-dolly-tinyllama-homo-e1-r100,/homes/neumann/trieu.vy.tran/FederatedLLM/epoch_round_tuning_ffa_high_rounds/tuning-ffa-dolly-tinyllama-homo-e1-r100,epoch_round_tuning_ffa_high_rounds/tuning-ffa-dolly-tinyllama-homo-e1-r100/seed0/10/log.txt,100,True,score log,Complete
ffa,Nonlinear FFA,dolly,Dolly,tinyllama,TinyLlama,homo,Homo,1,100,0,22,30.106810482314756,epoch_round_tuning_ffa_high_rounds/tuning-ffa-dolly-tinyllama-homo-e1-r100,/homes/neumann/trieu.vy.tran/FederatedLLM/epoch_round_tuning_ffa_high_rounds/tuning-ffa-dolly-tinyllama-homo-e1-r100,epoch_round_tuning_ffa_high_rounds/tuning-ffa-dolly-tinyllama-homo-e1-r100/seed0/10/log.txt,100,True,score log,Complete
ffa,Nonlinear FFA,dolly,Dolly,tinyllama,TinyLlama,homo,Homo,1,100,0,23,29.34153374701661,epoch_round_tuning_ffa_high_rounds/tuning-ffa-dolly-tinyllama-homo-e1-r100,/homes/neumann/trieu.vy.tran/FederatedLLM/epoch_round_tuning_ffa_high_rounds/tuning-ffa-dolly-tinyllama-homo-e1-r100,epoch_round_tuning_ffa_high_rounds/tuning-ffa-dolly-tinyllama-homo-e1-r100/seed0/10/log.txt,100,True,score log,Complete
ffa,Nonlinear FFA,dolly,Dolly,tinyllama,TinyLlama,homo,Homo,1,100,0,24,31.332687863487223,epoch_round_tuning_ffa_high_rounds/tuning-ffa-dolly-tinyllama-homo-e1-r100,/homes/neumann/trieu.vy.tran/FederatedLLM/epoch_round_tuning_ffa_high_rounds/tuning-ffa-dolly-tinyllama-homo-e1-r100,epoch_round_tuning_ffa_high_rounds/tuning-ffa-dolly-tinyllama-homo-e1-r100/seed0/10/log.txt,100,True,score log,Complete
ffa,Nonlinear FFA,dolly,Dolly,tinyllama,TinyLlama,homo,Homo,1,100,0,25,29.663273079423842,epoch_round_tuning_ffa_high_rounds/tuning-ffa-dolly-tinyllama-homo-e1-r100,/homes/neumann/trieu.vy.tran/FederatedLLM/epoch_round_tuning_ffa_high_rounds/tuning-ffa-dolly-tinyllama-homo-e1-r100,epoch_round_tuning_ffa_high_rounds/tuning-ffa-dolly-tinyllama-homo-e1-r100/seed0/10/log.txt,100,True,score log,Complete
ffa,Nonlinear FFA,dolly,Dolly,tinyllama,TinyLlama,homo,Homo,1,100,0,26,31.034327277366526,epoch_round_tuning_ffa_high_rounds/tuning-ffa-dolly-tinyllama-homo-e1-r100,/homes/neumann/trieu.vy.tran/FederatedLLM/epoch_round_tuning_ffa_high_rounds/tuning-ffa-dolly-tinyllama-homo-e1-r100,epoch_round_tuning_ffa_high_rounds/tuning-ffa-dolly-tinyllama-homo-e1-r100/seed0/10/log.txt,100,True,score log,Complete
ffa,Nonlinear FFA,dolly,Dolly,tinyllama,TinyLlama,homo,Homo,1,100,0,27,30.04924324603821,epoch_round_tuning_ffa_high_rounds/tuning-ffa-dolly-tinyllama-homo-e1-r100,/homes/neumann/trieu.vy.tran/FederatedLLM/epoch_round_tuning_ffa_high_rounds/tuning-ffa-dolly-tinyllama-homo-e1-r100,epoch_round_tuning_ffa_high_rounds/tuning-ffa-dolly-tinyllama-homo-e1-r100/seed0/10/log.txt,100,True,score log,Complete
ffa,Nonlinear FFA,dolly,Dolly,tinyllama,TinyLlama,homo,Homo,1,100,0,28,30.377347756804607,epoch_round_tuning_ffa_high_rounds/tuning-ffa-dolly-tinyllama-homo-e1-r100,/homes/neumann/trieu.vy.tran/FederatedLLM/epoch_round_tuning_ffa_high_rounds/tuning-ffa-dolly-tinyllama-homo-e1-r100,epoch_round_tuning_ffa_high_rounds/tuning-ffa-dolly-tinyllama-homo-e1-r100/seed0/10/log.txt,100,True,score log,Complete
ffa,Nonlinear FFA,dolly,Dolly,tinyllama,TinyLlama,homo,Homo,1,100,0,29,31.006568408612324,epoch_round_tuning_ffa_high_rounds/tuning-ffa-dolly-tinyllama-homo-e1-r100,/homes/neumann/trieu.vy.tran/FederatedLLM/epoch_round_tuning_ffa_high_rounds/tuning-ffa-dolly-tinyllama-homo-e1-r100,epoch_round_tuning_ffa_high_rounds/tuning-ffa-dolly-tinyllama-homo-e1-r100/seed0/10/log.txt,100,True,score log,Complete
ffa,Nonlinear FFA,dolly,Dolly,tinyllama,TinyLlama,homo,Homo,1,100,0,30,31.125980877925468,epoch_round_tuning_ffa_high_rounds/tuning-ffa-dolly-tinyllama-homo-e1-r100,/homes/neumann/trieu.vy.tran/FederatedLLM/epoch_round_tuning_ffa_high_rounds/tuning-ffa-dolly-tinyllama-homo-e1-r100,epoch_round_tuning_ffa_high_rounds/tuning-ffa-dolly-tinyllama-homo-e1-r100/seed0/10/log.txt,100,True,score log,Complete
ffa,Nonlinear FFA,dolly,Dolly,tinyllama,TinyLlama,homo,Homo,1,100,0,31,30.04372022856565,epoch_round_tuning_ffa_high_rounds/tuning-ffa-dolly-tinyllama-homo-e1-r100,/homes/neumann/trieu.vy.tran/FederatedLLM/epoch_round_tuning_ffa_high_rounds/tuning-ffa-dolly-tinyllama-homo-e1-r100,epoch_round_tuning_ffa_high_rounds/tuning-ffa-dolly-tinyllama-homo-e1-r100/seed0/10/log.txt,100,True,score log,Complete
ffa,Nonlinear FFA,dolly,Dolly,tinyllama,TinyLlama,homo,Homo,1,100,0,32,32.42862963973225,epoch_round_tuning_ffa_high_rounds/tuning-ffa-dolly-tinyllama-homo-e1-r100,/homes/neumann/trieu.vy.tran/FederatedLLM/epoch_round_tuning_ffa_high_rounds/tuning-ffa-dolly-tinyllama-homo-e1-r100,epoch_round_tuning_ffa_high_rounds/tuning-ffa-dolly-tinyllama-homo-e1-r100/seed0/10/log.txt,100,True,score log,Complete
ffa,Nonlinear FFA,dolly,Dolly,tinyllama,TinyLlama,homo,Homo,1,100,0,33,29.463073614846213,epoch_round_tuning_ffa_high_rounds/tuning-ffa-dolly-tinyllama-homo-e1-r100,/homes/neumann/trieu.vy.tran/FederatedLLM/epoch_round_tuning_ffa_high_rounds/tuning-ffa-dolly-tinyllama-homo-e1-r100,epoch_round_tuning_ffa_high_rounds/tuning-ffa-dolly-tinyllama-homo-e1-r100/seed0/10/log.txt,100,True,score log,Complete
ffa,Nonlinear FFA,dolly,Dolly,tinyllama,TinyLlama,homo,Homo,1,100,0,34,30.135382968833873,epoch_round_tuning_ffa_high_rounds/tuning-ffa-dolly-tinyllama-homo-e1-r100,/homes/neumann/trieu.vy.tran/FederatedLLM/epoch_round_tuning_ffa_high_rounds/tuning-ffa-dolly-tinyllama-homo-e1-r100,epoch_round_tuning_ffa_high_rounds/tuning-ffa-dolly-tinyllama-homo-e1-r100/seed0/10/log.txt,100,True,score log,Complete
ffa,Nonlinear FFA,dolly,Dolly,tinyllama,TinyLlama,homo,Homo,1,100,0,35,31.271717250464974,epoch_round_tuning_ffa_high_rounds/tuning-ffa-dolly-tinyllama-homo-e1-r100,/homes/neumann/trieu.vy.tran/FederatedLLM/epoch_round_tuning_ffa_high_rounds/tuning-ffa-dolly-tinyllama-homo-e1-r100,epoch_round_tuning_ffa_high_rounds/tuning-ffa-dolly-tinyllama-homo-e1-r100/seed0/10/log.txt,100,True,score log,Complete
ffa,Nonlinear FFA,dolly,Dolly,tinyllama,TinyLlama,homo,Homo,1,100,0,36,31.902232514814838,epoch_round_tuning_ffa_high_rounds/tuning-ffa-dolly-tinyllama-homo-e1-r100,/homes/neumann/trieu.vy.tran/FederatedLLM/epoch_round_tuning_ffa_high_rounds/tuning-ffa-dolly-tinyllama-homo-e1-r100,epoch_round_tuning_ffa_high_rounds/tuning-ffa-dolly-tinyllama-homo-e1-r100/seed0/10/log.txt,100,True,score log,Complete
ffa,Nonlinear FFA,dolly,Dolly,tinyllama,TinyLlama,homo,Homo,1,100,0,37,29.990491912420307,epoch_round_tuning_ffa_high_rounds/tuning-ffa-dolly-tinyllama-homo-e1-r100,/homes/neumann/trieu.vy.tran/FederatedLLM/epoch_round_tuning_ffa_high_rounds/tuning-ffa-dolly-tinyllama-homo-e1-r100,epoch_round_tuning_ffa_high_rounds/tuning-ffa-dolly-tinyllama-homo-e1-r100/seed0/10/log.txt,100,True,score log,Complete
ffa,Nonlinear FFA,dolly,Dolly,tinyllama,TinyLlama,homo,Homo,1,100,0,38,31.050228402617403,epoch_round_tuning_ffa_high_rounds/tuning-ffa-dolly-tinyllama-homo-e1-r100,/homes/neumann/trieu.vy.tran/FederatedLLM/epoch_round_tuning_ffa_high_rounds/tuning-ffa-dolly-tinyllama-homo-e1-r100,epoch_round_tuning_ffa_high_rounds/tuning-ffa-dolly-tinyllama-homo-e1-r100/seed0/10/log.txt,100,True,score log,Complete
ffa,Nonlinear FFA,dolly,Dolly,tinyllama,TinyLlama,homo,Homo,1,100,0,39,29.58417144876041,epoch_round_tuning_ffa_high_rounds/tuning-ffa-dolly-tinyllama-homo-e1-r100,/homes/neumann/trieu.vy.tran/FederatedLLM/epoch_round_tuning_ffa_high_rounds/tuning-ffa-dolly-tinyllama-homo-e1-r100,epoch_round_tuning_ffa_high_rounds/tuning-ffa-dolly-tinyllama-homo-e1-r100/seed0/10/log.txt,100,True,score log,Complete
ffa,Nonlinear FFA,dolly,Dolly,tinyllama,TinyLlama,homo,Homo,1,100,0,40,31.319014477695177,epoch_round_tuning_ffa_high_rounds/tuning-ffa-dolly-tinyllama-homo-e1-r100,/homes/neumann/trieu.vy.tran/FederatedLLM/epoch_round_tuning_ffa_high_rounds/tuning-ffa-dolly-tinyllama-homo-e1-r100,epoch_round_tuning_ffa_high_rounds/tuning-ffa-dolly-tinyllama-homo-e1-r100/seed0/10/log.txt,100,True,score log,Complete
ffa,Nonlinear FFA,dolly,Dolly,tinyllama,TinyLlama,homo,Homo,1,100,0,41,31.06053555851467,epoch_round_tuning_ffa_high_rounds/tuning-ffa-dolly-tinyllama-homo-e1-r100,/homes/neumann/trieu.vy.tran/FederatedLLM/epoch_round_tuning_ffa_high_rounds/tuning-ffa-dolly-tinyllama-homo-e1-r100,epoch_round_tuning_ffa_high_rounds/tuning-ffa-dolly-tinyllama-homo-e1-r100/seed0/10/log.txt,100,True,score log,Complete
ffa,Nonlinear FFA,dolly,Dolly,tinyllama,TinyLlama,homo,Homo,1,100,0,42,30.992117898484604,epoch_round_tuning_ffa_high_rounds/tuning-ffa-dolly-tinyllama-homo-e1-r100,/homes/neumann/trieu.vy.tran/FederatedLLM/epoch_round_tuning_ffa_high_rounds/tuning-ffa-dolly-tinyllama-homo-e1-r100,epoch_round_tuning_ffa_high_rounds/tuning-ffa-dolly-tinyllama-homo-e1-r100/seed0/10/log.txt,100,True,score log,Complete
ffa,Nonlinear FFA,dolly,Dolly,tinyllama,TinyLlama,homo,Homo,1,100,0,43,29.267073456175662,epoch_round_tuning_ffa_high_rounds/tuning-ffa-dolly-tinyllama-homo-e1-r100,/homes/neumann/trieu.vy.tran/FederatedLLM/epoch_round_tuning_ffa_high_rounds/tuning-ffa-dolly-tinyllama-homo-e1-r100,epoch_round_tuning_ffa_high_rounds/tuning-ffa-dolly-tinyllama-homo-e1-r100/seed0/10/log.txt,100,True,score log,Complete
ffa,Nonlinear FFA,dolly,Dolly,tinyllama,TinyLlama,homo,Homo,1,100,0,44,30.264586550748124,epoch_round_tuning_ffa_high_rounds/tuning-ffa-dolly-tinyllama-homo-e1-r100,/homes/neumann/trieu.vy.tran/FederatedLLM/epoch_round_tuning_ffa_high_rounds/tuning-ffa-dolly-tinyllama-homo-e1-r100,epoch_round_tuning_ffa_high_rounds/tuning-ffa-dolly-tinyllama-homo-e1-r100/seed0/10/log.txt,100,True,score log,Complete
ffa,Nonlinear FFA,dolly,Dolly,tinyllama,TinyLlama,homo,Homo,1,100,0,45,28.392186312153143,epoch_round_tuning_ffa_high_rounds/tuning-ffa-dolly-tinyllama-homo-e1-r100,/homes/neumann/trieu.vy.tran/FederatedLLM/epoch_round_tuning_ffa_high_rounds/tuning-ffa-dolly-tinyllama-homo-e1-r100,epoch_round_tuning_ffa_high_rounds/tuning-ffa-dolly-tinyllama-homo-e1-r100/seed0/10/log.txt,100,True,score log,Complete
ffa,Nonlinear FFA,dolly,Dolly,tinyllama,TinyLlama,homo,Homo,1,100,0,46,29.27145984949479,epoch_round_tuning_ffa_high_rounds/tuning-ffa-dolly-tinyllama-homo-e1-r100,/homes/neumann/trieu.vy.tran/FederatedLLM/epoch_round_tuning_ffa_high_rounds/tuning-ffa-dolly-tinyllama-homo-e1-r100,epoch_round_tuning_ffa_high_rounds/tuning-ffa-dolly-tinyllama-homo-e1-r100/seed0/10/log.txt,100,True,score log,Complete
ffa,Nonlinear FFA,dolly,Dolly,tinyllama,TinyLlama,homo,Homo,1,100,0,47,30.444187559300868,epoch_round_tuning_ffa_high_rounds/tuning-ffa-dolly-tinyllama-homo-e1-r100,/homes/neumann/trieu.vy.tran/FederatedLLM/epoch_round_tuning_ffa_high_rounds/tuning-ffa-dolly-tinyllama-homo-e1-r100,epoch_round_tuning_ffa_high_rounds/tuning-ffa-dolly-tinyllama-homo-e1-r100/seed0/10/log.txt,100,True,score log,Complete
ffa,Nonlinear FFA,dolly,Dolly,tinyllama,TinyLlama,homo,Homo,1,100,0,48,29.149150578675396,epoch_round_tuning_ffa_high_rounds/tuning-ffa-dolly-tinyllama-homo-e1-r100,/homes/neumann/trieu.vy.tran/FederatedLLM/epoch_round_tuning_ffa_high_rounds/tuning-ffa-dolly-tinyllama-homo-e1-r100,epoch_round_tuning_ffa_high_rounds/tuning-ffa-dolly-tinyllama-homo-e1-r100/seed0/10/log.txt,100,True,score log,Complete
ffa,Nonlinear FFA,dolly,Dolly,tinyllama,TinyLlama,homo,Homo,1,100,0,49,30.373281795107044,epoch_round_tuning_ffa_high_rounds/tuning-ffa-dolly-tinyllama-homo-e1-r100,/homes/neumann/trieu.vy.tran/FederatedLLM/epoch_round_tuning_ffa_high_rounds/tuning-ffa-dolly-tinyllama-homo-e1-r100,epoch_round_tuning_ffa_high_rounds/tuning-ffa-dolly-tinyllama-homo-e1-r100/seed0/10/log.txt,100,True,score log,Complete
ffa,Nonlinear FFA,dolly,Dolly,tinyllama,TinyLlama,homo,Homo,1,100,0,50,30.004133085327812,epoch_round_tuning_ffa_high_rounds/tuning-ffa-dolly-tinyllama-homo-e1-r100,/homes/neumann/trieu.vy.tran/FederatedLLM/epoch_round_tuning_ffa_high_rounds/tuning-ffa-dolly-tinyllama-homo-e1-r100,epoch_round_tuning_ffa_high_rounds/tuning-ffa-dolly-tinyllama-homo-e1-r100/seed0/10/log.txt,100,True,score log,Complete
ffa,Nonlinear FFA,dolly,Dolly,tinyllama,TinyLlama,homo,Homo,1,100,0,51,30.31037740361167,epoch_round_tuning_ffa_high_rounds/tuning-ffa-dolly-tinyllama-homo-e1-r100,/homes/neumann/trieu.vy.tran/FederatedLLM/epoch_round_tuning_ffa_high_rounds/tuning-ffa-dolly-tinyllama-homo-e1-r100,epoch_round_tuning_ffa_high_rounds/tuning-ffa-dolly-tinyllama-homo-e1-r100/seed0/10/log.txt,100,True,score log,Complete
ffa,Nonlinear FFA,dolly,Dolly,tinyllama,TinyLlama,homo,Homo,1,100,0,52,29.678980084531727,epoch_round_tuning_ffa_high_rounds/tuning-ffa-dolly-tinyllama-homo-e1-r100,/homes/neumann/trieu.vy.tran/FederatedLLM/epoch_round_tuning_ffa_high_rounds/tuning-ffa-dolly-tinyllama-homo-e1-r100,epoch_round_tuning_ffa_high_rounds/tuning-ffa-dolly-tinyllama-homo-e1-r100/seed0/10/log.txt,100,True,score log,Complete
ffa,Nonlinear FFA,dolly,Dolly,tinyllama,TinyLlama,homo,Homo,1,100,0,53,29.582771971766082,epoch_round_tuning_ffa_high_rounds/tuning-ffa-dolly-tinyllama-homo-e1-r100,/homes/neumann/trieu.vy.tran/FederatedLLM/epoch_round_tuning_ffa_high_rounds/tuning-ffa-dolly-tinyllama-homo-e1-r100,epoch_round_tuning_ffa_high_rounds/tuning-ffa-dolly-tinyllama-homo-e1-r100/seed0/10/log.txt,100,True,score log,Complete
ffa,Nonlinear FFA,dolly,Dolly,tinyllama,TinyLlama,homo,Homo,1,100,0,54,29.939807455854694,epoch_round_tuning_ffa_high_rounds/tuning-ffa-dolly-tinyllama-homo-e1-r100,/homes/neumann/trieu.vy.tran/FederatedLLM/epoch_round_tuning_ffa_high_rounds/tuning-ffa-dolly-tinyllama-homo-e1-r100,epoch_round_tuning_ffa_high_rounds/tuning-ffa-dolly-tinyllama-homo-e1-r100/seed0/10/log.txt,100,True,score log,Complete
ffa,Nonlinear FFA,dolly,Dolly,tinyllama,TinyLlama,homo,Homo,1,100,0,55,30.750749518604398,epoch_round_tuning_ffa_high_rounds/tuning-ffa-dolly-tinyllama-homo-e1-r100,/homes/neumann/trieu.vy.tran/FederatedLLM/epoch_round_tuning_ffa_high_rounds/tuning-ffa-dolly-tinyllama-homo-e1-r100,epoch_round_tuning_ffa_high_rounds/tuning-ffa-dolly-tinyllama-homo-e1-r100/seed0/10/log.txt,100,True,score log,Complete
ffa,Nonlinear FFA,dolly,Dolly,tinyllama,TinyLlama,homo,Homo,1,100,0,56,29.993344757079438,epoch_round_tuning_ffa_high_rounds/tuning-ffa-dolly-tinyllama-homo-e1-r100,/homes/neumann/trieu.vy.tran/FederatedLLM/epoch_round_tuning_ffa_high_rounds/tuning-ffa-dolly-tinyllama-homo-e1-r100,epoch_round_tuning_ffa_high_rounds/tuning-ffa-dolly-tinyllama-homo-e1-r100/seed0/10/log.txt,100,True,score log,Complete
ffa,Nonlinear FFA,dolly,Dolly,tinyllama,TinyLlama,homo,Homo,1,100,0,57,29.785678871729825,epoch_round_tuning_ffa_high_rounds/tuning-ffa-dolly-tinyllama-homo-e1-r100,/homes/neumann/trieu.vy.tran/FederatedLLM/epoch_round_tuning_ffa_high_rounds/tuning-ffa-dolly-tinyllama-homo-e1-r100,epoch_round_tuning_ffa_high_rounds/tuning-ffa-dolly-tinyllama-homo-e1-r100/seed0/10/log.txt,100,True,score log,Complete
ffa,Nonlinear FFA,dolly,Dolly,tinyllama,TinyLlama,homo,Homo,1,100,0,58,29.760515497862972,epoch_round_tuning_ffa_high_rounds/tuning-ffa-dolly-tinyllama-homo-e1-r100,/homes/neumann/trieu.vy.tran/FederatedLLM/epoch_round_tuning_ffa_high_rounds/tuning-ffa-dolly-tinyllama-homo-e1-r100,epoch_round_tuning_ffa_high_rounds/tuning-ffa-dolly-tinyllama-homo-e1-r100/seed0/10/log.txt,100,True,score log,Complete
ffa,Nonlinear FFA,dolly,Dolly,tinyllama,TinyLlama,homo,Homo,1,100,0,59,29.392924655146253,epoch_round_tuning_ffa_high_rounds/tuning-ffa-dolly-tinyllama-homo-e1-r100,/homes/neumann/trieu.vy.tran/FederatedLLM/epoch_round_tuning_ffa_high_rounds/tuning-ffa-dolly-tinyllama-homo-e1-r100,epoch_round_tuning_ffa_high_rounds/tuning-ffa-dolly-tinyllama-homo-e1-r100/seed0/10/log.txt,100,True,score log,Complete
ffa,Nonlinear FFA,dolly,Dolly,tinyllama,TinyLlama,homo,Homo,1,100,0,60,29.421662375907353,epoch_round_tuning_ffa_high_rounds/tuning-ffa-dolly-tinyllama-homo-e1-r100,/homes/neumann/trieu.vy.tran/FederatedLLM/epoch_round_tuning_ffa_high_rounds/tuning-ffa-dolly-tinyllama-homo-e1-r100,epoch_round_tuning_ffa_high_rounds/tuning-ffa-dolly-tinyllama-homo-e1-r100/seed0/10/log.txt,100,True,score log,Complete
ffa,Nonlinear FFA,dolly,Dolly,tinyllama,TinyLlama,homo,Homo,1,100,0,61,28.389850570985782,epoch_round_tuning_ffa_high_rounds/tuning-ffa-dolly-tinyllama-homo-e1-r100,/homes/neumann/trieu.vy.tran/FederatedLLM/epoch_round_tuning_ffa_high_rounds/tuning-ffa-dolly-tinyllama-homo-e1-r100,epoch_round_tuning_ffa_high_rounds/tuning-ffa-dolly-tinyllama-homo-e1-r100/seed0/10/log.txt,100,True,score log,Complete
ffa,Nonlinear FFA,dolly,Dolly,tinyllama,TinyLlama,homo,Homo,1,100,0,62,28.804630668255527,epoch_round_tuning_ffa_high_rounds/tuning-ffa-dolly-tinyllama-homo-e1-r100,/homes/neumann/trieu.vy.tran/FederatedLLM/epoch_round_tuning_ffa_high_rounds/tuning-ffa-dolly-tinyllama-homo-e1-r100,epoch_round_tuning_ffa_high_rounds/tuning-ffa-dolly-tinyllama-homo-e1-r100/seed0/10/log.txt,100,True,score log,Complete
ffa,Nonlinear FFA,dolly,Dolly,tinyllama,TinyLlama,homo,Homo,1,100,0,63,27.84513493300474,epoch_round_tuning_ffa_high_rounds/tuning-ffa-dolly-tinyllama-homo-e1-r100,/homes/neumann/trieu.vy.tran/FederatedLLM/epoch_round_tuning_ffa_high_rounds/tuning-ffa-dolly-tinyllama-homo-e1-r100,epoch_round_tuning_ffa_high_rounds/tuning-ffa-dolly-tinyllama-homo-e1-r100/seed0/10/log.txt,100,True,score log,Complete
ffa,Nonlinear FFA,dolly,Dolly,tinyllama,TinyLlama,homo,Homo,1,100,0,64,27.9444524952298,epoch_round_tuning_ffa_high_rounds/tuning-ffa-dolly-tinyllama-homo-e1-r100,/homes/neumann/trieu.vy.tran/FederatedLLM/epoch_round_tuning_ffa_high_rounds/tuning-ffa-dolly-tinyllama-homo-e1-r100,epoch_round_tuning_ffa_high_rounds/tuning-ffa-dolly-tinyllama-homo-e1-r100/seed0/10/log.txt,100,True,score log,Complete
ffa,Nonlinear FFA,dolly,Dolly,tinyllama,TinyLlama,homo,Homo,1,100,0,65,28.323387966464875,epoch_round_tuning_ffa_high_rounds/tuning-ffa-dolly-tinyllama-homo-e1-r100,/homes/neumann/trieu.vy.tran/FederatedLLM/epoch_round_tuning_ffa_high_rounds/tuning-ffa-dolly-tinyllama-homo-e1-r100,epoch_round_tuning_ffa_high_rounds/tuning-ffa-dolly-tinyllama-homo-e1-r100/seed0/10/log.txt,100,True,score log,Complete
ffa,Nonlinear FFA,dolly,Dolly,tinyllama,TinyLlama,homo,Homo,1,100,0,66,26.876846261793187,epoch_round_tuning_ffa_high_rounds/tuning-ffa-dolly-tinyllama-homo-e1-r100,/homes/neumann/trieu.vy.tran/FederatedLLM/epoch_round_tuning_ffa_high_rounds/tuning-ffa-dolly-tinyllama-homo-e1-r100,epoch_round_tuning_ffa_high_rounds/tuning-ffa-dolly-tinyllama-homo-e1-r100/seed0/10/log.txt,100,True,score log,Complete
ffa,Nonlinear FFA,dolly,Dolly,tinyllama,TinyLlama,homo,Homo,1,100,0,67,27.365244090302216,epoch_round_tuning_ffa_high_rounds/tuning-ffa-dolly-tinyllama-homo-e1-r100,/homes/neumann/trieu.vy.tran/FederatedLLM/epoch_round_tuning_ffa_high_rounds/tuning-ffa-dolly-tinyllama-homo-e1-r100,epoch_round_tuning_ffa_high_rounds/tuning-ffa-dolly-tinyllama-homo-e1-r100/seed0/10/log.txt,100,True,score log,Complete
ffa,Nonlinear FFA,dolly,Dolly,tinyllama,TinyLlama,homo,Homo,1,100,0,68,27.52267273962848,epoch_round_tuning_ffa_high_rounds/tuning-ffa-dolly-tinyllama-homo-e1-r100,/homes/neumann/trieu.vy.tran/FederatedLLM/epoch_round_tuning_ffa_high_rounds/tuning-ffa-dolly-tinyllama-homo-e1-r100,epoch_round_tuning_ffa_high_rounds/tuning-ffa-dolly-tinyllama-homo-e1-r100/seed0/10/log.txt,100,True,score log,Complete
ffa,Nonlinear FFA,dolly,Dolly,tinyllama,TinyLlama,homo,Homo,1,100,0,69,29.388267071243018,epoch_round_tuning_ffa_high_rounds/tuning-ffa-dolly-tinyllama-homo-e1-r100,/homes/neumann/trieu.vy.tran/FederatedLLM/epoch_round_tuning_ffa_high_rounds/tuning-ffa-dolly-tinyllama-homo-e1-r100,epoch_round_tuning_ffa_high_rounds/tuning-ffa-dolly-tinyllama-homo-e1-r100/seed0/10/log.txt,100,True,score log,Complete
ffa,Nonlinear FFA,dolly,Dolly,tinyllama,TinyLlama,homo,Homo,1,100,0,70,26.35590890957803,epoch_round_tuning_ffa_high_rounds/tuning-ffa-dolly-tinyllama-homo-e1-r100,/homes/neumann/trieu.vy.tran/FederatedLLM/epoch_round_tuning_ffa_high_rounds/tuning-ffa-dolly-tinyllama-homo-e1-r100,epoch_round_tuning_ffa_high_rounds/tuning-ffa-dolly-tinyllama-homo-e1-r100/seed0/10/log.txt,100,True,score log,Complete
ffa,Nonlinear FFA,dolly,Dolly,tinyllama,TinyLlama,homo,Homo,1,100,0,71,27.082632817668202,epoch_round_tuning_ffa_high_rounds/tuning-ffa-dolly-tinyllama-homo-e1-r100,/homes/neumann/trieu.vy.tran/FederatedLLM/epoch_round_tuning_ffa_high_rounds/tuning-ffa-dolly-tinyllama-homo-e1-r100,epoch_round_tuning_ffa_high_rounds/tuning-ffa-dolly-tinyllama-homo-e1-r100/seed0/10/log.txt,100,True,score log,Complete
ffa,Nonlinear FFA,dolly,Dolly,tinyllama,TinyLlama,homo,Homo,1,100,0,72,26.066139236589,epoch_round_tuning_ffa_high_rounds/tuning-ffa-dolly-tinyllama-homo-e1-r100,/homes/neumann/trieu.vy.tran/FederatedLLM/epoch_round_tuning_ffa_high_rounds/tuning-ffa-dolly-tinyllama-homo-e1-r100,epoch_round_tuning_ffa_high_rounds/tuning-ffa-dolly-tinyllama-homo-e1-r100/seed0/10/log.txt,100,True,score log,Complete
ffa,Nonlinear FFA,dolly,Dolly,tinyllama,TinyLlama,homo,Homo,1,100,0,73,28.301219405946892,epoch_round_tuning_ffa_high_rounds/tuning-ffa-dolly-tinyllama-homo-e1-r100,/homes/neumann/trieu.vy.tran/FederatedLLM/epoch_round_tuning_ffa_high_rounds/tuning-ffa-dolly-tinyllama-homo-e1-r100,epoch_round_tuning_ffa_high_rounds/tuning-ffa-dolly-tinyllama-homo-e1-r100/seed0/10/log.txt,100,True,score log,Complete
ffa,Nonlinear FFA,dolly,Dolly,tinyllama,TinyLlama,homo,Homo,1,100,0,74,27.094174752799493,epoch_round_tuning_ffa_high_rounds/tuning-ffa-dolly-tinyllama-homo-e1-r100,/homes/neumann/trieu.vy.tran/FederatedLLM/epoch_round_tuning_ffa_high_rounds/tuning-ffa-dolly-tinyllama-homo-e1-r100,epoch_round_tuning_ffa_high_rounds/tuning-ffa-dolly-tinyllama-homo-e1-r100/seed0/10/log.txt,100,True,score log,Complete
ffa,Nonlinear FFA,dolly,Dolly,tinyllama,TinyLlama,homo,Homo,1,100,0,75,28.172588374972463,epoch_round_tuning_ffa_high_rounds/tuning-ffa-dolly-tinyllama-homo-e1-r100,/homes/neumann/trieu.vy.tran/FederatedLLM/epoch_round_tuning_ffa_high_rounds/tuning-ffa-dolly-tinyllama-homo-e1-r100,epoch_round_tuning_ffa_high_rounds/tuning-ffa-dolly-tinyllama-homo-e1-r100/seed0/10/log.txt,100,True,score log,Complete
ffa,Nonlinear FFA,dolly,Dolly,tinyllama,TinyLlama,homo,Homo,1,100,0,76,27.40859777432067,epoch_round_tuning_ffa_high_rounds/tuning-ffa-dolly-tinyllama-homo-e1-r100,/homes/neumann/trieu.vy.tran/FederatedLLM/epoch_round_tuning_ffa_high_rounds/tuning-ffa-dolly-tinyllama-homo-e1-r100,epoch_round_tuning_ffa_high_rounds/tuning-ffa-dolly-tinyllama-homo-e1-r100/seed0/10/log.txt,100,True,score log,Complete
ffa,Nonlinear FFA,dolly,Dolly,tinyllama,TinyLlama,homo,Homo,1,100,0,77,26.676020820542828,epoch_round_tuning_ffa_high_rounds/tuning-ffa-dolly-tinyllama-homo-e1-r100,/homes/neumann/trieu.vy.tran/FederatedLLM/epoch_round_tuning_ffa_high_rounds/tuning-ffa-dolly-tinyllama-homo-e1-r100,epoch_round_tuning_ffa_high_rounds/tuning-ffa-dolly-tinyllama-homo-e1-r100/seed0/10/log.txt,100,True,score log,Complete
ffa,Nonlinear FFA,dolly,Dolly,tinyllama,TinyLlama,homo,Homo,1,100,0,78,28.07445611155257,epoch_round_tuning_ffa_high_rounds/tuning-ffa-dolly-tinyllama-homo-e1-r100,/homes/neumann/trieu.vy.tran/FederatedLLM/epoch_round_tuning_ffa_high_rounds/tuning-ffa-dolly-tinyllama-homo-e1-r100,epoch_round_tuning_ffa_high_rounds/tuning-ffa-dolly-tinyllama-homo-e1-r100/seed0/10/log.txt,100,True,score log,Complete
ffa,Nonlinear FFA,dolly,Dolly,tinyllama,TinyLlama,homo,Homo,1,100,0,79,27.018645098634796,epoch_round_tuning_ffa_high_rounds/tuning-ffa-dolly-tinyllama-homo-e1-r100,/homes/neumann/trieu.vy.tran/FederatedLLM/epoch_round_tuning_ffa_high_rounds/tuning-ffa-dolly-tinyllama-homo-e1-r100,epoch_round_tuning_ffa_high_rounds/tuning-ffa-dolly-tinyllama-homo-e1-r100/seed0/10/log.txt,100,True,score log,Complete
ffa,Nonlinear FFA,dolly,Dolly,tinyllama,TinyLlama,homo,Homo,1,100,0,80,26.81053292571795,epoch_round_tuning_ffa_high_rounds/tuning-ffa-dolly-tinyllama-homo-e1-r100,/homes/neumann/trieu.vy.tran/FederatedLLM/epoch_round_tuning_ffa_high_rounds/tuning-ffa-dolly-tinyllama-homo-e1-r100,epoch_round_tuning_ffa_high_rounds/tuning-ffa-dolly-tinyllama-homo-e1-r100/seed0/10/log.txt,100,True,score log,Complete
ffa,Nonlinear FFA,dolly,Dolly,tinyllama,TinyLlama,homo,Homo,1,100,0,81,27.732224205735413,epoch_round_tuning_ffa_high_rounds/tuning-ffa-dolly-tinyllama-homo-e1-r100,/homes/neumann/trieu.vy.tran/FederatedLLM/epoch_round_tuning_ffa_high_rounds/tuning-ffa-dolly-tinyllama-homo-e1-r100,epoch_round_tuning_ffa_high_rounds/tuning-ffa-dolly-tinyllama-homo-e1-r100/seed0/10/log.txt,100,True,score log,Complete
ffa,Nonlinear FFA,dolly,Dolly,tinyllama,TinyLlama,homo,Homo,1,100,0,82,27.539429278273413,epoch_round_tuning_ffa_high_rounds/tuning-ffa-dolly-tinyllama-homo-e1-r100,/homes/neumann/trieu.vy.tran/FederatedLLM/epoch_round_tuning_ffa_high_rounds/tuning-ffa-dolly-tinyllama-homo-e1-r100,epoch_round_tuning_ffa_high_rounds/tuning-ffa-dolly-tinyllama-homo-e1-r100/seed0/10/log.txt,100,True,score log,Complete
ffa,Nonlinear FFA,dolly,Dolly,tinyllama,TinyLlama,homo,Homo,1,100,0,83,27.007960151033206,epoch_round_tuning_ffa_high_rounds/tuning-ffa-dolly-tinyllama-homo-e1-r100,/homes/neumann/trieu.vy.tran/FederatedLLM/epoch_round_tuning_ffa_high_rounds/tuning-ffa-dolly-tinyllama-homo-e1-r100,epoch_round_tuning_ffa_high_rounds/tuning-ffa-dolly-tinyllama-homo-e1-r100/seed0/10/log.txt,100,True,score log,Complete
ffa,Nonlinear FFA,dolly,Dolly,tinyllama,TinyLlama,homo,Homo,1,100,0,84,27.63486761867441,epoch_round_tuning_ffa_high_rounds/tuning-ffa-dolly-tinyllama-homo-e1-r100,/homes/neumann/trieu.vy.tran/FederatedLLM/epoch_round_tuning_ffa_high_rounds/tuning-ffa-dolly-tinyllama-homo-e1-r100,epoch_round_tuning_ffa_high_rounds/tuning-ffa-dolly-tinyllama-homo-e1-r100/seed0/10/log.txt,100,True,score log,Complete
ffa,Nonlinear FFA,dolly,Dolly,tinyllama,TinyLlama,homo,Homo,1,100,0,85,26.132693231142497,epoch_round_tuning_ffa_high_rounds/tuning-ffa-dolly-tinyllama-homo-e1-r100,/homes/neumann/trieu.vy.tran/FederatedLLM/epoch_round_tuning_ffa_high_rounds/tuning-ffa-dolly-tinyllama-homo-e1-r100,epoch_round_tuning_ffa_high_rounds/tuning-ffa-dolly-tinyllama-homo-e1-r100/seed0/10/log.txt,100,True,score log,Complete
ffa,Nonlinear FFA,dolly,Dolly,tinyllama,TinyLlama,homo,Homo,1,100,0,86,25.713701128119475,epoch_round_tuning_ffa_high_rounds/tuning-ffa-dolly-tinyllama-homo-e1-r100,/homes/neumann/trieu.vy.tran/FederatedLLM/epoch_round_tuning_ffa_high_rounds/tuning-ffa-dolly-tinyllama-homo-e1-r100,epoch_round_tuning_ffa_high_rounds/tuning-ffa-dolly-tinyllama-homo-e1-r100/seed0/10/log.txt,100,True,score log,Complete
ffa,Nonlinear FFA,dolly,Dolly,tinyllama,TinyLlama,homo,Homo,1,100,0,87,26.474486687354283,epoch_round_tuning_ffa_high_rounds/tuning-ffa-dolly-tinyllama-homo-e1-r100,/homes/neumann/trieu.vy.tran/FederatedLLM/epoch_round_tuning_ffa_high_rounds/tuning-ffa-dolly-tinyllama-homo-e1-r100,epoch_round_tuning_ffa_high_rounds/tuning-ffa-dolly-tinyllama-homo-e1-r100/seed0/10/log.txt,100,True,score log,Complete
ffa,Nonlinear FFA,dolly,Dolly,tinyllama,TinyLlama,homo,Homo,1,100,0,88,26.989578973121116,epoch_round_tuning_ffa_high_rounds/tuning-ffa-dolly-tinyllama-homo-e1-r100,/homes/neumann/trieu.vy.tran/FederatedLLM/epoch_round_tuning_ffa_high_rounds/tuning-ffa-dolly-tinyllama-homo-e1-r100,epoch_round_tuning_ffa_high_rounds/tuning-ffa-dolly-tinyllama-homo-e1-r100/seed0/10/log.txt,100,True,score log,Complete
ffa,Nonlinear FFA,dolly,Dolly,tinyllama,TinyLlama,homo,Homo,1,100,0,89,26.214843590132542,epoch_round_tuning_ffa_high_rounds/tuning-ffa-dolly-tinyllama-homo-e1-r100,/homes/neumann/trieu.vy.tran/FederatedLLM/epoch_round_tuning_ffa_high_rounds/tuning-ffa-dolly-tinyllama-homo-e1-r100,epoch_round_tuning_ffa_high_rounds/tuning-ffa-dolly-tinyllama-homo-e1-r100/seed0/10/log.txt,100,True,score log,Complete
ffa,Nonlinear FFA,dolly,Dolly,tinyllama,TinyLlama,homo,Homo,1,100,0,90,26.380299928530416,epoch_round_tuning_ffa_high_rounds/tuning-ffa-dolly-tinyllama-homo-e1-r100,/homes/neumann/trieu.vy.tran/FederatedLLM/epoch_round_tuning_ffa_high_rounds/tuning-ffa-dolly-tinyllama-homo-e1-r100,epoch_round_tuning_ffa_high_rounds/tuning-ffa-dolly-tinyllama-homo-e1-r100/seed0/10/log.txt,100,True,score log,Complete
ffa,Nonlinear FFA,dolly,Dolly,tinyllama,TinyLlama,homo,Homo,1,100,0,91,26.640333123502696,epoch_round_tuning_ffa_high_rounds/tuning-ffa-dolly-tinyllama-homo-e1-r100,/homes/neumann/trieu.vy.tran/FederatedLLM/epoch_round_tuning_ffa_high_rounds/tuning-ffa-dolly-tinyllama-homo-e1-r100,epoch_round_tuning_ffa_high_rounds/tuning-ffa-dolly-tinyllama-homo-e1-r100/seed0/10/log.txt,100,True,score log,Complete
ffa,Nonlinear FFA,dolly,Dolly,tinyllama,TinyLlama,homo,Homo,1,100,0,92,28.049101423779092,epoch_round_tuning_ffa_high_rounds/tuning-ffa-dolly-tinyllama-homo-e1-r100,/homes/neumann/trieu.vy.tran/FederatedLLM/epoch_round_tuning_ffa_high_rounds/tuning-ffa-dolly-tinyllama-homo-e1-r100,epoch_round_tuning_ffa_high_rounds/tuning-ffa-dolly-tinyllama-homo-e1-r100/seed0/10/log.txt,100,True,score log,Complete
ffa,Nonlinear FFA,dolly,Dolly,tinyllama,TinyLlama,homo,Homo,1,100,0,93,28.119770095632678,epoch_round_tuning_ffa_high_rounds/tuning-ffa-dolly-tinyllama-homo-e1-r100,/homes/neumann/trieu.vy.tran/FederatedLLM/epoch_round_tuning_ffa_high_rounds/tuning-ffa-dolly-tinyllama-homo-e1-r100,epoch_round_tuning_ffa_high_rounds/tuning-ffa-dolly-tinyllama-homo-e1-r100/seed0/10/log.txt,100,True,score log,Complete
ffa,Nonlinear FFA,dolly,Dolly,tinyllama,TinyLlama,homo,Homo,1,100,0,94,26.833138973278757,epoch_round_tuning_ffa_high_rounds/tuning-ffa-dolly-tinyllama-homo-e1-r100,/homes/neumann/trieu.vy.tran/FederatedLLM/epoch_round_tuning_ffa_high_rounds/tuning-ffa-dolly-tinyllama-homo-e1-r100,epoch_round_tuning_ffa_high_rounds/tuning-ffa-dolly-tinyllama-homo-e1-r100/seed0/10/log.txt,100,True,score log,Complete
ffa,Nonlinear FFA,dolly,Dolly,tinyllama,TinyLlama,homo,Homo,1,100,0,95,28.082266203236824,epoch_round_tuning_ffa_high_rounds/tuning-ffa-dolly-tinyllama-homo-e1-r100,/homes/neumann/trieu.vy.tran/FederatedLLM/epoch_round_tuning_ffa_high_rounds/tuning-ffa-dolly-tinyllama-homo-e1-r100,epoch_round_tuning_ffa_high_rounds/tuning-ffa-dolly-tinyllama-homo-e1-r100/seed0/10/log.txt,100,True,score log,Complete
ffa,Nonlinear FFA,dolly,Dolly,tinyllama,TinyLlama,homo,Homo,1,100,0,96,26.595690583969013,epoch_round_tuning_ffa_high_rounds/tuning-ffa-dolly-tinyllama-homo-e1-r100,/homes/neumann/trieu.vy.tran/FederatedLLM/epoch_round_tuning_ffa_high_rounds/tuning-ffa-dolly-tinyllama-homo-e1-r100,epoch_round_tuning_ffa_high_rounds/tuning-ffa-dolly-tinyllama-homo-e1-r100/seed0/10/log.txt,100,True,score log,Complete
ffa,Nonlinear FFA,dolly,Dolly,tinyllama,TinyLlama,homo,Homo,1,100,0,97,26.14090520301189,epoch_round_tuning_ffa_high_rounds/tuning-ffa-dolly-tinyllama-homo-e1-r100,/homes/neumann/trieu.vy.tran/FederatedLLM/epoch_round_tuning_ffa_high_rounds/tuning-ffa-dolly-tinyllama-homo-e1-r100,epoch_round_tuning_ffa_high_rounds/tuning-ffa-dolly-tinyllama-homo-e1-r100/seed0/10/log.txt,100,True,score log,Complete
ffa,Nonlinear FFA,dolly,Dolly,tinyllama,TinyLlama,homo,Homo,1,100,0,98,27.194245729137563,epoch_round_tuning_ffa_high_rounds/tuning-ffa-dolly-tinyllama-homo-e1-r100,/homes/neumann/trieu.vy.tran/FederatedLLM/epoch_round_tuning_ffa_high_rounds/tuning-ffa-dolly-tinyllama-homo-e1-r100,epoch_round_tuning_ffa_high_rounds/tuning-ffa-dolly-tinyllama-homo-e1-r100/seed0/10/log.txt,100,True,score log,Complete
ffa,Nonlinear FFA,dolly,Dolly,tinyllama,TinyLlama,homo,Homo,1,100,0,99,26.944690136600506,epoch_round_tuning_ffa_high_rounds/tuning-ffa-dolly-tinyllama-homo-e1-r100,/homes/neumann/trieu.vy.tran/FederatedLLM/epoch_round_tuning_ffa_high_rounds/tuning-ffa-dolly-tinyllama-homo-e1-r100,epoch_round_tuning_ffa_high_rounds/tuning-ffa-dolly-tinyllama-homo-e1-r100/seed0/10/log.txt,100,True,score log,Complete
ffa,Nonlinear FFA,dolly,Dolly,tinyllama,TinyLlama,homo,Homo,1,100,0,100,26.932606152208848,epoch_round_tuning_ffa_high_rounds/tuning-ffa-dolly-tinyllama-homo-e1-r100,/homes/neumann/trieu.vy.tran/FederatedLLM/epoch_round_tuning_ffa_high_rounds/tuning-ffa-dolly-tinyllama-homo-e1-r100,epoch_round_tuning_ffa_high_rounds/tuning-ffa-dolly-tinyllama-homo-e1-r100/seed0/10/log.txt,100,True,score log,Complete
ffa,Nonlinear FFA,dolly_stratified,Dolly stratified,tinyllama,TinyLlama,heter,Heter,1,50,0,1,18.954291246250037,epoch_round_tuning_ffa_high_rounds/tuning-ffa-dolly_stratified-tinyllama-heter-e1-r50,/homes/neumann/trieu.vy.tran/FederatedLLM/epoch_round_tuning_ffa_high_rounds/tuning-ffa-dolly_stratified-tinyllama-heter-e1-r50,epoch_round_tuning_ffa_high_rounds/tuning-ffa-dolly_stratified-tinyllama-heter-e1-r50/seed0/10/log.txt,50,True,score log,Complete
ffa,Nonlinear FFA,dolly_stratified,Dolly stratified,tinyllama,TinyLlama,heter,Heter,1,50,0,2,19.971296966150415,epoch_round_tuning_ffa_high_rounds/tuning-ffa-dolly_stratified-tinyllama-heter-e1-r50,/homes/neumann/trieu.vy.tran/FederatedLLM/epoch_round_tuning_ffa_high_rounds/tuning-ffa-dolly_stratified-tinyllama-heter-e1-r50,epoch_round_tuning_ffa_high_rounds/tuning-ffa-dolly_stratified-tinyllama-heter-e1-r50/seed0/10/log.txt,50,True,score log,Complete
ffa,Nonlinear FFA,dolly_stratified,Dolly stratified,tinyllama,TinyLlama,heter,Heter,1,50,0,3,21.8291294377525,epoch_round_tuning_ffa_high_rounds/tuning-ffa-dolly_stratified-tinyllama-heter-e1-r50,/homes/neumann/trieu.vy.tran/FederatedLLM/epoch_round_tuning_ffa_high_rounds/tuning-ffa-dolly_stratified-tinyllama-heter-e1-r50,epoch_round_tuning_ffa_high_rounds/tuning-ffa-dolly_stratified-tinyllama-heter-e1-r50/seed0/10/log.txt,50,True,score log,Complete
ffa,Nonlinear FFA,dolly_stratified,Dolly stratified,tinyllama,TinyLlama,heter,Heter,1,50,0,4,22.742232427581175,epoch_round_tuning_ffa_high_rounds/tuning-ffa-dolly_stratified-tinyllama-heter-e1-r50,/homes/neumann/trieu.vy.tran/FederatedLLM/epoch_round_tuning_ffa_high_rounds/tuning-ffa-dolly_stratified-tinyllama-heter-e1-r50,epoch_round_tuning_ffa_high_rounds/tuning-ffa-dolly_stratified-tinyllama-heter-e1-r50/seed0/10/log.txt,50,True,score log,Complete
ffa,Nonlinear FFA,dolly_stratified,Dolly stratified,tinyllama,TinyLlama,heter,Heter,1,50,0,5,23.15467085779181,epoch_round_tuning_ffa_high_rounds/tuning-ffa-dolly_stratified-tinyllama-heter-e1-r50,/homes/neumann/trieu.vy.tran/FederatedLLM/epoch_round_tuning_ffa_high_rounds/tuning-ffa-dolly_stratified-tinyllama-heter-e1-r50,epoch_round_tuning_ffa_high_rounds/tuning-ffa-dolly_stratified-tinyllama-heter-e1-r50/seed0/10/log.txt,50,True,score log,Complete
ffa,Nonlinear FFA,dolly_stratified,Dolly stratified,tinyllama,TinyLlama,heter,Heter,1,50,0,6,23.954401981160675,epoch_round_tuning_ffa_high_rounds/tuning-ffa-dolly_stratified-tinyllama-heter-e1-r50,/homes/neumann/trieu.vy.tran/FederatedLLM/epoch_round_tuning_ffa_high_rounds/tuning-ffa-dolly_stratified-tinyllama-heter-e1-r50,epoch_round_tuning_ffa_high_rounds/tuning-ffa-dolly_stratified-tinyllama-heter-e1-r50/seed0/10/log.txt,50,True,score log,Complete
ffa,Nonlinear FFA,dolly_stratified,Dolly stratified,tinyllama,TinyLlama,heter,Heter,1,50,0,7,26.042148988040488,epoch_round_tuning_ffa_high_rounds/tuning-ffa-dolly_stratified-tinyllama-heter-e1-r50,/homes/neumann/trieu.vy.tran/FederatedLLM/epoch_round_tuning_ffa_high_rounds/tuning-ffa-dolly_stratified-tinyllama-heter-e1-r50,epoch_round_tuning_ffa_high_rounds/tuning-ffa-dolly_stratified-tinyllama-heter-e1-r50/seed0/10/log.txt,50,True,score log,Complete
ffa,Nonlinear FFA,dolly_stratified,Dolly stratified,tinyllama,TinyLlama,heter,Heter,1,50,0,8,25.0355982433677,epoch_round_tuning_ffa_high_rounds/tuning-ffa-dolly_stratified-tinyllama-heter-e1-r50,/homes/neumann/trieu.vy.tran/FederatedLLM/epoch_round_tuning_ffa_high_rounds/tuning-ffa-dolly_stratified-tinyllama-heter-e1-r50,epoch_round_tuning_ffa_high_rounds/tuning-ffa-dolly_stratified-tinyllama-heter-e1-r50/seed0/10/log.txt,50,True,score log,Complete
ffa,Nonlinear FFA,dolly_stratified,Dolly stratified,tinyllama,TinyLlama,heter,Heter,1,50,0,9,28.716610944547572,epoch_round_tuning_ffa_high_rounds/tuning-ffa-dolly_stratified-tinyllama-heter-e1-r50,/homes/neumann/trieu.vy.tran/FederatedLLM/epoch_round_tuning_ffa_high_rounds/tuning-ffa-dolly_stratified-tinyllama-heter-e1-r50,epoch_round_tuning_ffa_high_rounds/tuning-ffa-dolly_stratified-tinyllama-heter-e1-r50/seed0/10/log.txt,50,True,score log,Complete
ffa,Nonlinear FFA,dolly_stratified,Dolly stratified,tinyllama,TinyLlama,heter,Heter,1,50,0,10,27.64788834064068,epoch_round_tuning_ffa_high_rounds/tuning-ffa-dolly_stratified-tinyllama-heter-e1-r50,/homes/neumann/trieu.vy.tran/FederatedLLM/epoch_round_tuning_ffa_high_rounds/tuning-ffa-dolly_stratified-tinyllama-heter-e1-r50,epoch_round_tuning_ffa_high_rounds/tuning-ffa-dolly_stratified-tinyllama-heter-e1-r50/seed0/10/log.txt,50,True,score log,Complete
ffa,Nonlinear FFA,dolly_stratified,Dolly stratified,tinyllama,TinyLlama,heter,Heter,1,50,0,11,26.232274441882897,epoch_round_tuning_ffa_high_rounds/tuning-ffa-dolly_stratified-tinyllama-heter-e1-r50,/homes/neumann/trieu.vy.tran/FederatedLLM/epoch_round_tuning_ffa_high_rounds/tuning-ffa-dolly_stratified-tinyllama-heter-e1-r50,epoch_round_tuning_ffa_high_rounds/tuning-ffa-dolly_stratified-tinyllama-heter-e1-r50/seed0/10/log.txt,50,True,score log,Complete
ffa,Nonlinear FFA,dolly_stratified,Dolly stratified,tinyllama,TinyLlama,heter,Heter,1,50,0,12,26.742341184320484,epoch_round_tuning_ffa_high_rounds/tuning-ffa-dolly_stratified-tinyllama-heter-e1-r50,/homes/neumann/trieu.vy.tran/FederatedLLM/epoch_round_tuning_ffa_high_rounds/tuning-ffa-dolly_stratified-tinyllama-heter-e1-r50,epoch_round_tuning_ffa_high_rounds/tuning-ffa-dolly_stratified-tinyllama-heter-e1-r50/seed0/10/log.txt,50,True,score log,Complete
ffa,Nonlinear FFA,dolly_stratified,Dolly stratified,tinyllama,TinyLlama,heter,Heter,1,50,0,13,26.923903338596293,epoch_round_tuning_ffa_high_rounds/tuning-ffa-dolly_stratified-tinyllama-heter-e1-r50,/homes/neumann/trieu.vy.tran/FederatedLLM/epoch_round_tuning_ffa_high_rounds/tuning-ffa-dolly_stratified-tinyllama-heter-e1-r50,epoch_round_tuning_ffa_high_rounds/tuning-ffa-dolly_stratified-tinyllama-heter-e1-r50/seed0/10/log.txt,50,True,score log,Complete
ffa,Nonlinear FFA,dolly_stratified,Dolly stratified,tinyllama,TinyLlama,heter,Heter,1,50,0,14,28.365100194742034,epoch_round_tuning_ffa_high_rounds/tuning-ffa-dolly_stratified-tinyllama-heter-e1-r50,/homes/neumann/trieu.vy.tran/FederatedLLM/epoch_round_tuning_ffa_high_rounds/tuning-ffa-dolly_stratified-tinyllama-heter-e1-r50,epoch_round_tuning_ffa_high_rounds/tuning-ffa-dolly_stratified-tinyllama-heter-e1-r50/seed0/10/log.txt,50,True,score log,Complete
ffa,Nonlinear FFA,dolly_stratified,Dolly stratified,tinyllama,TinyLlama,heter,Heter,1,50,0,15,26.590002858742658,epoch_round_tuning_ffa_high_rounds/tuning-ffa-dolly_stratified-tinyllama-heter-e1-r50,/homes/neumann/trieu.vy.tran/FederatedLLM/epoch_round_tuning_ffa_high_rounds/tuning-ffa-dolly_stratified-tinyllama-heter-e1-r50,epoch_round_tuning_ffa_high_rounds/tuning-ffa-dolly_stratified-tinyllama-heter-e1-r50/seed0/10/log.txt,50,True,score log,Complete
ffa,Nonlinear FFA,dolly_stratified,Dolly stratified,tinyllama,TinyLlama,heter,Heter,1,50,0,16,26.22306036343735,epoch_round_tuning_ffa_high_rounds/tuning-ffa-dolly_stratified-tinyllama-heter-e1-r50,/homes/neumann/trieu.vy.tran/FederatedLLM/epoch_round_tuning_ffa_high_rounds/tuning-ffa-dolly_stratified-tinyllama-heter-e1-r50,epoch_round_tuning_ffa_high_rounds/tuning-ffa-dolly_stratified-tinyllama-heter-e1-r50/seed0/10/log.txt,50,True,score log,Complete
ffa,Nonlinear FFA,dolly_stratified,Dolly stratified,tinyllama,TinyLlama,heter,Heter,1,50,0,17,27.549668263713674,epoch_round_tuning_ffa_high_rounds/tuning-ffa-dolly_stratified-tinyllama-heter-e1-r50,/homes/neumann/trieu.vy.tran/FederatedLLM/epoch_round_tuning_ffa_high_rounds/tuning-ffa-dolly_stratified-tinyllama-heter-e1-r50,epoch_round_tuning_ffa_high_rounds/tuning-ffa-dolly_stratified-tinyllama-heter-e1-r50/seed0/10/log.txt,50,True,score log,Complete
ffa,Nonlinear FFA,dolly_stratified,Dolly stratified,tinyllama,TinyLlama,heter,Heter,1,50,0,18,25.85808262494183,epoch_round_tuning_ffa_high_rounds/tuning-ffa-dolly_stratified-tinyllama-heter-e1-r50,/homes/neumann/trieu.vy.tran/FederatedLLM/epoch_round_tuning_ffa_high_rounds/tuning-ffa-dolly_stratified-tinyllama-heter-e1-r50,epoch_round_tuning_ffa_high_rounds/tuning-ffa-dolly_stratified-tinyllama-heter-e1-r50/seed0/10/log.txt,50,True,score log,Complete
ffa,Nonlinear FFA,dolly_stratified,Dolly stratified,tinyllama,TinyLlama,heter,Heter,1,50,0,19,25.70083402715826,epoch_round_tuning_ffa_high_rounds/tuning-ffa-dolly_stratified-tinyllama-heter-e1-r50,/homes/neumann/trieu.vy.tran/FederatedLLM/epoch_round_tuning_ffa_high_rounds/tuning-ffa-dolly_stratified-tinyllama-heter-e1-r50,epoch_round_tuning_ffa_high_rounds/tuning-ffa-dolly_stratified-tinyllama-heter-e1-r50/seed0/10/log.txt,50,True,score log,Complete
ffa,Nonlinear FFA,dolly_stratified,Dolly stratified,tinyllama,TinyLlama,heter,Heter,1,50,0,20,26.452789336421777,epoch_round_tuning_ffa_high_rounds/tuning-ffa-dolly_stratified-tinyllama-heter-e1-r50,/homes/neumann/trieu.vy.tran/FederatedLLM/epoch_round_tuning_ffa_high_rounds/tuning-ffa-dolly_stratified-tinyllama-heter-e1-r50,epoch_round_tuning_ffa_high_rounds/tuning-ffa-dolly_stratified-tinyllama-heter-e1-r50/seed0/10/log.txt,50,True,score log,Complete
ffa,Nonlinear FFA,dolly_stratified,Dolly stratified,tinyllama,TinyLlama,heter,Heter,1,50,0,21,26.231282105592975,epoch_round_tuning_ffa_high_rounds/tuning-ffa-dolly_stratified-tinyllama-heter-e1-r50,/homes/neumann/trieu.vy.tran/FederatedLLM/epoch_round_tuning_ffa_high_rounds/tuning-ffa-dolly_stratified-tinyllama-heter-e1-r50,epoch_round_tuning_ffa_high_rounds/tuning-ffa-dolly_stratified-tinyllama-heter-e1-r50/seed0/10/log.txt,50,True,score log,Complete
ffa,Nonlinear FFA,dolly_stratified,Dolly stratified,tinyllama,TinyLlama,heter,Heter,1,50,0,22,28.08992058929948,epoch_round_tuning_ffa_high_rounds/tuning-ffa-dolly_stratified-tinyllama-heter-e1-r50,/homes/neumann/trieu.vy.tran/FederatedLLM/epoch_round_tuning_ffa_high_rounds/tuning-ffa-dolly_stratified-tinyllama-heter-e1-r50,epoch_round_tuning_ffa_high_rounds/tuning-ffa-dolly_stratified-tinyllama-heter-e1-r50/seed0/10/log.txt,50,True,score log,Complete
ffa,Nonlinear FFA,dolly_stratified,Dolly stratified,tinyllama,TinyLlama,heter,Heter,1,50,0,23,26.960119059811,epoch_round_tuning_ffa_high_rounds/tuning-ffa-dolly_stratified-tinyllama-heter-e1-r50,/homes/neumann/trieu.vy.tran/FederatedLLM/epoch_round_tuning_ffa_high_rounds/tuning-ffa-dolly_stratified-tinyllama-heter-e1-r50,epoch_round_tuning_ffa_high_rounds/tuning-ffa-dolly_stratified-tinyllama-heter-e1-r50/seed0/10/log.txt,50,True,score log,Complete
ffa,Nonlinear FFA,dolly_stratified,Dolly stratified,tinyllama,TinyLlama,heter,Heter,1,50,0,24,27.261464045075666,epoch_round_tuning_ffa_high_rounds/tuning-ffa-dolly_stratified-tinyllama-heter-e1-r50,/homes/neumann/trieu.vy.tran/FederatedLLM/epoch_round_tuning_ffa_high_rounds/tuning-ffa-dolly_stratified-tinyllama-heter-e1-r50,epoch_round_tuning_ffa_high_rounds/tuning-ffa-dolly_stratified-tinyllama-heter-e1-r50/seed0/10/log.txt,50,True,score log,Complete
ffa,Nonlinear FFA,dolly_stratified,Dolly stratified,tinyllama,TinyLlama,heter,Heter,1,50,0,25,27.618108413683817,epoch_round_tuning_ffa_high_rounds/tuning-ffa-dolly_stratified-tinyllama-heter-e1-r50,/homes/neumann/trieu.vy.tran/FederatedLLM/epoch_round_tuning_ffa_high_rounds/tuning-ffa-dolly_stratified-tinyllama-heter-e1-r50,epoch_round_tuning_ffa_high_rounds/tuning-ffa-dolly_stratified-tinyllama-heter-e1-r50/seed0/10/log.txt,50,True,score log,Complete
ffa,Nonlinear FFA,dolly_stratified,Dolly stratified,tinyllama,TinyLlama,heter,Heter,1,50,0,26,27.434085729642234,epoch_round_tuning_ffa_high_rounds/tuning-ffa-dolly_stratified-tinyllama-heter-e1-r50,/homes/neumann/trieu.vy.tran/FederatedLLM/epoch_round_tuning_ffa_high_rounds/tuning-ffa-dolly_stratified-tinyllama-heter-e1-r50,epoch_round_tuning_ffa_high_rounds/tuning-ffa-dolly_stratified-tinyllama-heter-e1-r50/seed0/10/log.txt,50,True,score log,Complete
ffa,Nonlinear FFA,dolly_stratified,Dolly stratified,tinyllama,TinyLlama,heter,Heter,1,50,0,27,28.80958682291584,epoch_round_tuning_ffa_high_rounds/tuning-ffa-dolly_stratified-tinyllama-heter-e1-r50,/homes/neumann/trieu.vy.tran/FederatedLLM/epoch_round_tuning_ffa_high_rounds/tuning-ffa-dolly_stratified-tinyllama-heter-e1-r50,epoch_round_tuning_ffa_high_rounds/tuning-ffa-dolly_stratified-tinyllama-heter-e1-r50/seed0/10/log.txt,50,True,score log,Complete
ffa,Nonlinear FFA,dolly_stratified,Dolly stratified,tinyllama,TinyLlama,heter,Heter,1,50,0,28,28.83475244452567,epoch_round_tuning_ffa_high_rounds/tuning-ffa-dolly_stratified-tinyllama-heter-e1-r50,/homes/neumann/trieu.vy.tran/FederatedLLM/epoch_round_tuning_ffa_high_rounds/tuning-ffa-dolly_stratified-tinyllama-heter-e1-r50,epoch_round_tuning_ffa_high_rounds/tuning-ffa-dolly_stratified-tinyllama-heter-e1-r50/seed0/10/log.txt,50,True,score log,Complete
ffa,Nonlinear FFA,dolly_stratified,Dolly stratified,tinyllama,TinyLlama,heter,Heter,1,50,0,29,29.078744933284113,epoch_round_tuning_ffa_high_rounds/tuning-ffa-dolly_stratified-tinyllama-heter-e1-r50,/homes/neumann/trieu.vy.tran/FederatedLLM/epoch_round_tuning_ffa_high_rounds/tuning-ffa-dolly_stratified-tinyllama-heter-e1-r50,epoch_round_tuning_ffa_high_rounds/tuning-ffa-dolly_stratified-tinyllama-heter-e1-r50/seed0/10/log.txt,50,True,score log,Complete
ffa,Nonlinear FFA,dolly_stratified,Dolly stratified,tinyllama,TinyLlama,heter,Heter,1,50,0,30,28.668384679822527,epoch_round_tuning_ffa_high_rounds/tuning-ffa-dolly_stratified-tinyllama-heter-e1-r50,/homes/neumann/trieu.vy.tran/FederatedLLM/epoch_round_tuning_ffa_high_rounds/tuning-ffa-dolly_stratified-tinyllama-heter-e1-r50,epoch_round_tuning_ffa_high_rounds/tuning-ffa-dolly_stratified-tinyllama-heter-e1-r50/seed0/10/log.txt,50,True,score log,Complete
ffa,Nonlinear FFA,dolly_stratified,Dolly stratified,tinyllama,TinyLlama,heter,Heter,1,50,0,31,27.60271234503295,epoch_round_tuning_ffa_high_rounds/tuning-ffa-dolly_stratified-tinyllama-heter-e1-r50,/homes/neumann/trieu.vy.tran/FederatedLLM/epoch_round_tuning_ffa_high_rounds/tuning-ffa-dolly_stratified-tinyllama-heter-e1-r50,epoch_round_tuning_ffa_high_rounds/tuning-ffa-dolly_stratified-tinyllama-heter-e1-r50/seed0/10/log.txt,50,True,score log,Complete
ffa,Nonlinear FFA,dolly_stratified,Dolly stratified,tinyllama,TinyLlama,heter,Heter,1,50,0,32,28.141453649950627,epoch_round_tuning_ffa_high_rounds/tuning-ffa-dolly_stratified-tinyllama-heter-e1-r50,/homes/neumann/trieu.vy.tran/FederatedLLM/epoch_round_tuning_ffa_high_rounds/tuning-ffa-dolly_stratified-tinyllama-heter-e1-r50,epoch_round_tuning_ffa_high_rounds/tuning-ffa-dolly_stratified-tinyllama-heter-e1-r50/seed0/10/log.txt,50,True,score log,Complete
ffa,Nonlinear FFA,dolly_stratified,Dolly stratified,tinyllama,TinyLlama,heter,Heter,1,50,0,33,28.068074730993974,epoch_round_tuning_ffa_high_rounds/tuning-ffa-dolly_stratified-tinyllama-heter-e1-r50,/homes/neumann/trieu.vy.tran/FederatedLLM/epoch_round_tuning_ffa_high_rounds/tuning-ffa-dolly_stratified-tinyllama-heter-e1-r50,epoch_round_tuning_ffa_high_rounds/tuning-ffa-dolly_stratified-tinyllama-heter-e1-r50/seed0/10/log.txt,50,True,score log,Complete
ffa,Nonlinear FFA,dolly_stratified,Dolly stratified,tinyllama,TinyLlama,heter,Heter,1,50,0,34,28.03698601275959,epoch_round_tuning_ffa_high_rounds/tuning-ffa-dolly_stratified-tinyllama-heter-e1-r50,/homes/neumann/trieu.vy.tran/FederatedLLM/epoch_round_tuning_ffa_high_rounds/tuning-ffa-dolly_stratified-tinyllama-heter-e1-r50,epoch_round_tuning_ffa_high_rounds/tuning-ffa-dolly_stratified-tinyllama-heter-e1-r50/seed0/10/log.txt,50,True,score log,Complete
ffa,Nonlinear FFA,dolly_stratified,Dolly stratified,tinyllama,TinyLlama,heter,Heter,1,50,0,35,28.03689626517366,epoch_round_tuning_ffa_high_rounds/tuning-ffa-dolly_stratified-tinyllama-heter-e1-r50,/homes/neumann/trieu.vy.tran/FederatedLLM/epoch_round_tuning_ffa_high_rounds/tuning-ffa-dolly_stratified-tinyllama-heter-e1-r50,epoch_round_tuning_ffa_high_rounds/tuning-ffa-dolly_stratified-tinyllama-heter-e1-r50/seed0/10/log.txt,50,True,score log,Complete
ffa,Nonlinear FFA,dolly_stratified,Dolly stratified,tinyllama,TinyLlama,heter,Heter,1,50,0,36,28.917968025875446,epoch_round_tuning_ffa_high_rounds/tuning-ffa-dolly_stratified-tinyllama-heter-e1-r50,/homes/neumann/trieu.vy.tran/FederatedLLM/epoch_round_tuning_ffa_high_rounds/tuning-ffa-dolly_stratified-tinyllama-heter-e1-r50,epoch_round_tuning_ffa_high_rounds/tuning-ffa-dolly_stratified-tinyllama-heter-e1-r50/seed0/10/log.txt,50,True,score log,Complete
ffa,Nonlinear FFA,dolly_stratified,Dolly stratified,tinyllama,TinyLlama,heter,Heter,1,50,0,37,25.653012770414318,epoch_round_tuning_ffa_high_rounds/tuning-ffa-dolly_stratified-tinyllama-heter-e1-r50,/homes/neumann/trieu.vy.tran/FederatedLLM/epoch_round_tuning_ffa_high_rounds/tuning-ffa-dolly_stratified-tinyllama-heter-e1-r50,epoch_round_tuning_ffa_high_rounds/tuning-ffa-dolly_stratified-tinyllama-heter-e1-r50/seed0/10/log.txt,50,True,score log,Complete
ffa,Nonlinear FFA,dolly_stratified,Dolly stratified,tinyllama,TinyLlama,heter,Heter,1,50,0,38,28.298126350966534,epoch_round_tuning_ffa_high_rounds/tuning-ffa-dolly_stratified-tinyllama-heter-e1-r50,/homes/neumann/trieu.vy.tran/FederatedLLM/epoch_round_tuning_ffa_high_rounds/tuning-ffa-dolly_stratified-tinyllama-heter-e1-r50,epoch_round_tuning_ffa_high_rounds/tuning-ffa-dolly_stratified-tinyllama-heter-e1-r50/seed0/10/log.txt,50,True,score log,Complete
ffa,Nonlinear FFA,dolly_stratified,Dolly stratified,tinyllama,TinyLlama,heter,Heter,1,50,0,39,28.488835944849928,epoch_round_tuning_ffa_high_rounds/tuning-ffa-dolly_stratified-tinyllama-heter-e1-r50,/homes/neumann/trieu.vy.tran/FederatedLLM/epoch_round_tuning_ffa_high_rounds/tuning-ffa-dolly_stratified-tinyllama-heter-e1-r50,epoch_round_tuning_ffa_high_rounds/tuning-ffa-dolly_stratified-tinyllama-heter-e1-r50/seed0/10/log.txt,50,True,score log,Complete
ffa,Nonlinear FFA,dolly_stratified,Dolly stratified,tinyllama,TinyLlama,heter,Heter,1,50,0,40,28.723853467112537,epoch_round_tuning_ffa_high_rounds/tuning-ffa-dolly_stratified-tinyllama-heter-e1-r50,/homes/neumann/trieu.vy.tran/FederatedLLM/epoch_round_tuning_ffa_high_rounds/tuning-ffa-dolly_stratified-tinyllama-heter-e1-r50,epoch_round_tuning_ffa_high_rounds/tuning-ffa-dolly_stratified-tinyllama-heter-e1-r50/seed0/10/log.txt,50,True,score log,Complete
ffa,Nonlinear FFA,dolly_stratified,Dolly stratified,tinyllama,TinyLlama,heter,Heter,1,50,0,41,27.498963205876404,epoch_round_tuning_ffa_high_rounds/tuning-ffa-dolly_stratified-tinyllama-heter-e1-r50,/homes/neumann/trieu.vy.tran/FederatedLLM/epoch_round_tuning_ffa_high_rounds/tuning-ffa-dolly_stratified-tinyllama-heter-e1-r50,epoch_round_tuning_ffa_high_rounds/tuning-ffa-dolly_stratified-tinyllama-heter-e1-r50/seed0/10/log.txt,50,True,score log,Complete
ffa,Nonlinear FFA,dolly_stratified,Dolly stratified,tinyllama,TinyLlama,heter,Heter,1,50,0,42,28.24202548347991,epoch_round_tuning_ffa_high_rounds/tuning-ffa-dolly_stratified-tinyllama-heter-e1-r50,/homes/neumann/trieu.vy.tran/FederatedLLM/epoch_round_tuning_ffa_high_rounds/tuning-ffa-dolly_stratified-tinyllama-heter-e1-r50,epoch_round_tuning_ffa_high_rounds/tuning-ffa-dolly_stratified-tinyllama-heter-e1-r50/seed0/10/log.txt,50,True,score log,Complete
ffa,Nonlinear FFA,dolly_stratified,Dolly stratified,tinyllama,TinyLlama,heter,Heter,1,50,0,43,28.78667137314635,epoch_round_tuning_ffa_high_rounds/tuning-ffa-dolly_stratified-tinyllama-heter-e1-r50,/homes/neumann/trieu.vy.tran/FederatedLLM/epoch_round_tuning_ffa_high_rounds/tuning-ffa-dolly_stratified-tinyllama-heter-e1-r50,epoch_round_tuning_ffa_high_rounds/tuning-ffa-dolly_stratified-tinyllama-heter-e1-r50/seed0/10/log.txt,50,True,score log,Complete
ffa,Nonlinear FFA,dolly_stratified,Dolly stratified,tinyllama,TinyLlama,heter,Heter,1,50,0,44,27.85082282655634,epoch_round_tuning_ffa_high_rounds/tuning-ffa-dolly_stratified-tinyllama-heter-e1-r50,/homes/neumann/trieu.vy.tran/FederatedLLM/epoch_round_tuning_ffa_high_rounds/tuning-ffa-dolly_stratified-tinyllama-heter-e1-r50,epoch_round_tuning_ffa_high_rounds/tuning-ffa-dolly_stratified-tinyllama-heter-e1-r50/seed0/10/log.txt,50,True,score log,Complete
ffa,Nonlinear FFA,dolly_stratified,Dolly stratified,tinyllama,TinyLlama,heter,Heter,1,50,0,45,28.33224490700685,epoch_round_tuning_ffa_high_rounds/tuning-ffa-dolly_stratified-tinyllama-heter-e1-r50,/homes/neumann/trieu.vy.tran/FederatedLLM/epoch_round_tuning_ffa_high_rounds/tuning-ffa-dolly_stratified-tinyllama-heter-e1-r50,epoch_round_tuning_ffa_high_rounds/tuning-ffa-dolly_stratified-tinyllama-heter-e1-r50/seed0/10/log.txt,50,True,score log,Complete
ffa,Nonlinear FFA,dolly_stratified,Dolly stratified,tinyllama,TinyLlama,heter,Heter,1,50,0,46,28.11474365630246,epoch_round_tuning_ffa_high_rounds/tuning-ffa-dolly_stratified-tinyllama-heter-e1-r50,/homes/neumann/trieu.vy.tran/FederatedLLM/epoch_round_tuning_ffa_high_rounds/tuning-ffa-dolly_stratified-tinyllama-heter-e1-r50,epoch_round_tuning_ffa_high_rounds/tuning-ffa-dolly_stratified-tinyllama-heter-e1-r50/seed0/10/log.txt,50,True,score log,Complete
ffa,Nonlinear FFA,dolly_stratified,Dolly stratified,tinyllama,TinyLlama,heter,Heter,1,50,0,47,27.618321049325335,epoch_round_tuning_ffa_high_rounds/tuning-ffa-dolly_stratified-tinyllama-heter-e1-r50,/homes/neumann/trieu.vy.tran/FederatedLLM/epoch_round_tuning_ffa_high_rounds/tuning-ffa-dolly_stratified-tinyllama-heter-e1-r50,epoch_round_tuning_ffa_high_rounds/tuning-ffa-dolly_stratified-tinyllama-heter-e1-r50/seed0/10/log.txt,50,True,score log,Complete
ffa,Nonlinear FFA,dolly_stratified,Dolly stratified,tinyllama,TinyLlama,heter,Heter,1,50,0,48,28.438156949374342,epoch_round_tuning_ffa_high_rounds/tuning-ffa-dolly_stratified-tinyllama-heter-e1-r50,/homes/neumann/trieu.vy.tran/FederatedLLM/epoch_round_tuning_ffa_high_rounds/tuning-ffa-dolly_stratified-tinyllama-heter-e1-r50,epoch_round_tuning_ffa_high_rounds/tuning-ffa-dolly_stratified-tinyllama-heter-e1-r50/seed0/10/log.txt,50,True,score log,Complete
ffa,Nonlinear FFA,dolly_stratified,Dolly stratified,tinyllama,TinyLlama,heter,Heter,1,50,0,49,28.23225864148362,epoch_round_tuning_ffa_high_rounds/tuning-ffa-dolly_stratified-tinyllama-heter-e1-r50,/homes/neumann/trieu.vy.tran/FederatedLLM/epoch_round_tuning_ffa_high_rounds/tuning-ffa-dolly_stratified-tinyllama-heter-e1-r50,epoch_round_tuning_ffa_high_rounds/tuning-ffa-dolly_stratified-tinyllama-heter-e1-r50/seed0/10/log.txt,50,True,score log,Complete
ffa,Nonlinear FFA,dolly_stratified,Dolly stratified,tinyllama,TinyLlama,heter,Heter,1,50,0,50,28.813028955993513,epoch_round_tuning_ffa_high_rounds/tuning-ffa-dolly_stratified-tinyllama-heter-e1-r50,/homes/neumann/trieu.vy.tran/FederatedLLM/epoch_round_tuning_ffa_high_rounds/tuning-ffa-dolly_stratified-tinyllama-heter-e1-r50,epoch_round_tuning_ffa_high_rounds/tuning-ffa-dolly_stratified-tinyllama-heter-e1-r50/seed0/10/log.txt,50,True,score log,Complete
ffa,Nonlinear FFA,dolly_stratified,Dolly stratified,tinyllama,TinyLlama,heter,Heter,1,100,0,1,18.709991223671267,epoch_round_tuning_ffa_high_rounds/tuning-ffa-dolly_stratified-tinyllama-heter-e1-r100,/homes/neumann/trieu.vy.tran/FederatedLLM/epoch_round_tuning_ffa_high_rounds/tuning-ffa-dolly_stratified-tinyllama-heter-e1-r100,epoch_round_tuning_ffa_high_rounds/tuning-ffa-dolly_stratified-tinyllama-heter-e1-r100/seed0/10/log.txt,100,True,score log,Complete
ffa,Nonlinear FFA,dolly_stratified,Dolly stratified,tinyllama,TinyLlama,heter,Heter,1,100,0,2,19.157031572559312,epoch_round_tuning_ffa_high_rounds/tuning-ffa-dolly_stratified-tinyllama-heter-e1-r100,/homes/neumann/trieu.vy.tran/FederatedLLM/epoch_round_tuning_ffa_high_rounds/tuning-ffa-dolly_stratified-tinyllama-heter-e1-r100,epoch_round_tuning_ffa_high_rounds/tuning-ffa-dolly_stratified-tinyllama-heter-e1-r100/seed0/10/log.txt,100,True,score log,Complete
ffa,Nonlinear FFA,dolly_stratified,Dolly stratified,tinyllama,TinyLlama,heter,Heter,1,100,0,3,21.84473772893205,epoch_round_tuning_ffa_high_rounds/tuning-ffa-dolly_stratified-tinyllama-heter-e1-r100,/homes/neumann/trieu.vy.tran/FederatedLLM/epoch_round_tuning_ffa_high_rounds/tuning-ffa-dolly_stratified-tinyllama-heter-e1-r100,epoch_round_tuning_ffa_high_rounds/tuning-ffa-dolly_stratified-tinyllama-heter-e1-r100/seed0/10/log.txt,100,True,score log,Complete
ffa,Nonlinear FFA,dolly_stratified,Dolly stratified,tinyllama,TinyLlama,heter,Heter,1,100,0,4,23.002678523565244,epoch_round_tuning_ffa_high_rounds/tuning-ffa-dolly_stratified-tinyllama-heter-e1-r100,/homes/neumann/trieu.vy.tran/FederatedLLM/epoch_round_tuning_ffa_high_rounds/tuning-ffa-dolly_stratified-tinyllama-heter-e1-r100,epoch_round_tuning_ffa_high_rounds/tuning-ffa-dolly_stratified-tinyllama-heter-e1-r100/seed0/10/log.txt,100,True,score log,Complete
ffa,Nonlinear FFA,dolly_stratified,Dolly stratified,tinyllama,TinyLlama,heter,Heter,1,100,0,5,23.913772418820137,epoch_round_tuning_ffa_high_rounds/tuning-ffa-dolly_stratified-tinyllama-heter-e1-r100,/homes/neumann/trieu.vy.tran/FederatedLLM/epoch_round_tuning_ffa_high_rounds/tuning-ffa-dolly_stratified-tinyllama-heter-e1-r100,epoch_round_tuning_ffa_high_rounds/tuning-ffa-dolly_stratified-tinyllama-heter-e1-r100/seed0/10/log.txt,100,True,score log,Complete
ffa,Nonlinear FFA,dolly_stratified,Dolly stratified,tinyllama,TinyLlama,heter,Heter,1,100,0,6,25.249564200059293,epoch_round_tuning_ffa_high_rounds/tuning-ffa-dolly_stratified-tinyllama-heter-e1-r100,/homes/neumann/trieu.vy.tran/FederatedLLM/epoch_round_tuning_ffa_high_rounds/tuning-ffa-dolly_stratified-tinyllama-heter-e1-r100,epoch_round_tuning_ffa_high_rounds/tuning-ffa-dolly_stratified-tinyllama-heter-e1-r100/seed0/10/log.txt,100,True,score log,Complete
ffa,Nonlinear FFA,dolly_stratified,Dolly stratified,tinyllama,TinyLlama,heter,Heter,1,100,0,7,24.735167653004,epoch_round_tuning_ffa_high_rounds/tuning-ffa-dolly_stratified-tinyllama-heter-e1-r100,/homes/neumann/trieu.vy.tran/FederatedLLM/epoch_round_tuning_ffa_high_rounds/tuning-ffa-dolly_stratified-tinyllama-heter-e1-r100,epoch_round_tuning_ffa_high_rounds/tuning-ffa-dolly_stratified-tinyllama-heter-e1-r100/seed0/10/log.txt,100,True,score log,Complete
ffa,Nonlinear FFA,dolly_stratified,Dolly stratified,tinyllama,TinyLlama,heter,Heter,1,100,0,8,26.084834245665288,epoch_round_tuning_ffa_high_rounds/tuning-ffa-dolly_stratified-tinyllama-heter-e1-r100,/homes/neumann/trieu.vy.tran/FederatedLLM/epoch_round_tuning_ffa_high_rounds/tuning-ffa-dolly_stratified-tinyllama-heter-e1-r100,epoch_round_tuning_ffa_high_rounds/tuning-ffa-dolly_stratified-tinyllama-heter-e1-r100/seed0/10/log.txt,100,True,score log,Complete
ffa,Nonlinear FFA,dolly_stratified,Dolly stratified,tinyllama,TinyLlama,heter,Heter,1,100,0,9,24.18098494136836,epoch_round_tuning_ffa_high_rounds/tuning-ffa-dolly_stratified-tinyllama-heter-e1-r100,/homes/neumann/trieu.vy.tran/FederatedLLM/epoch_round_tuning_ffa_high_rounds/tuning-ffa-dolly_stratified-tinyllama-heter-e1-r100,epoch_round_tuning_ffa_high_rounds/tuning-ffa-dolly_stratified-tinyllama-heter-e1-r100/seed0/10/log.txt,100,True,score log,Complete
ffa,Nonlinear FFA,dolly_stratified,Dolly stratified,tinyllama,TinyLlama,heter,Heter,1,100,0,10,26.475132967259523,epoch_round_tuning_ffa_high_rounds/tuning-ffa-dolly_stratified-tinyllama-heter-e1-r100,/homes/neumann/trieu.vy.tran/FederatedLLM/epoch_round_tuning_ffa_high_rounds/tuning-ffa-dolly_stratified-tinyllama-heter-e1-r100,epoch_round_tuning_ffa_high_rounds/tuning-ffa-dolly_stratified-tinyllama-heter-e1-r100/seed0/10/log.txt,100,True,score log,Complete
ffa,Nonlinear FFA,dolly_stratified,Dolly stratified,tinyllama,TinyLlama,heter,Heter,1,100,0,11,25.296197562771,epoch_round_tuning_ffa_high_rounds/tuning-ffa-dolly_stratified-tinyllama-heter-e1-r100,/homes/neumann/trieu.vy.tran/FederatedLLM/epoch_round_tuning_ffa_high_rounds/tuning-ffa-dolly_stratified-tinyllama-heter-e1-r100,epoch_round_tuning_ffa_high_rounds/tuning-ffa-dolly_stratified-tinyllama-heter-e1-r100/seed0/10/log.txt,100,True,score log,Complete
ffa,Nonlinear FFA,dolly_stratified,Dolly stratified,tinyllama,TinyLlama,heter,Heter,1,100,0,12,28.137363479948725,epoch_round_tuning_ffa_high_rounds/tuning-ffa-dolly_stratified-tinyllama-heter-e1-r100,/homes/neumann/trieu.vy.tran/FederatedLLM/epoch_round_tuning_ffa_high_rounds/tuning-ffa-dolly_stratified-tinyllama-heter-e1-r100,epoch_round_tuning_ffa_high_rounds/tuning-ffa-dolly_stratified-tinyllama-heter-e1-r100/seed0/10/log.txt,100,True,score log,Complete
ffa,Nonlinear FFA,dolly_stratified,Dolly stratified,tinyllama,TinyLlama,heter,Heter,1,100,0,13,27.33735285653206,epoch_round_tuning_ffa_high_rounds/tuning-ffa-dolly_stratified-tinyllama-heter-e1-r100,/homes/neumann/trieu.vy.tran/FederatedLLM/epoch_round_tuning_ffa_high_rounds/tuning-ffa-dolly_stratified-tinyllama-heter-e1-r100,epoch_round_tuning_ffa_high_rounds/tuning-ffa-dolly_stratified-tinyllama-heter-e1-r100/seed0/10/log.txt,100,True,score log,Complete
ffa,Nonlinear FFA,dolly_stratified,Dolly stratified,tinyllama,TinyLlama,heter,Heter,1,100,0,14,26.208046373397494,epoch_round_tuning_ffa_high_rounds/tuning-ffa-dolly_stratified-tinyllama-heter-e1-r100,/homes/neumann/trieu.vy.tran/FederatedLLM/epoch_round_tuning_ffa_high_rounds/tuning-ffa-dolly_stratified-tinyllama-heter-e1-r100,epoch_round_tuning_ffa_high_rounds/tuning-ffa-dolly_stratified-tinyllama-heter-e1-r100/seed0/10/log.txt,100,True,score log,Complete
ffa,Nonlinear FFA,dolly_stratified,Dolly stratified,tinyllama,TinyLlama,heter,Heter,1,100,0,15,26.872821262544903,epoch_round_tuning_ffa_high_rounds/tuning-ffa-dolly_stratified-tinyllama-heter-e1-r100,/homes/neumann/trieu.vy.tran/FederatedLLM/epoch_round_tuning_ffa_high_rounds/tuning-ffa-dolly_stratified-tinyllama-heter-e1-r100,epoch_round_tuning_ffa_high_rounds/tuning-ffa-dolly_stratified-tinyllama-heter-e1-r100/seed0/10/log.txt,100,True,score log,Complete
ffa,Nonlinear FFA,dolly_stratified,Dolly stratified,tinyllama,TinyLlama,heter,Heter,1,100,0,16,27.550704544231674,epoch_round_tuning_ffa_high_rounds/tuning-ffa-dolly_stratified-tinyllama-heter-e1-r100,/homes/neumann/trieu.vy.tran/FederatedLLM/epoch_round_tuning_ffa_high_rounds/tuning-ffa-dolly_stratified-tinyllama-heter-e1-r100,epoch_round_tuning_ffa_high_rounds/tuning-ffa-dolly_stratified-tinyllama-heter-e1-r100/seed0/10/log.txt,100,True,score log,Complete
ffa,Nonlinear FFA,dolly_stratified,Dolly stratified,tinyllama,TinyLlama,heter,Heter,1,100,0,17,25.90168563563481,epoch_round_tuning_ffa_high_rounds/tuning-ffa-dolly_stratified-tinyllama-heter-e1-r100,/homes/neumann/trieu.vy.tran/FederatedLLM/epoch_round_tuning_ffa_high_rounds/tuning-ffa-dolly_stratified-tinyllama-heter-e1-r100,epoch_round_tuning_ffa_high_rounds/tuning-ffa-dolly_stratified-tinyllama-heter-e1-r100/seed0/10/log.txt,100,True,score log,Complete
ffa,Nonlinear FFA,dolly_stratified,Dolly stratified,tinyllama,TinyLlama,heter,Heter,1,100,0,18,25.458292571500674,epoch_round_tuning_ffa_high_rounds/tuning-ffa-dolly_stratified-tinyllama-heter-e1-r100,/homes/neumann/trieu.vy.tran/FederatedLLM/epoch_round_tuning_ffa_high_rounds/tuning-ffa-dolly_stratified-tinyllama-heter-e1-r100,epoch_round_tuning_ffa_high_rounds/tuning-ffa-dolly_stratified-tinyllama-heter-e1-r100/seed0/10/log.txt,100,True,score log,Complete
ffa,Nonlinear FFA,dolly_stratified,Dolly stratified,tinyllama,TinyLlama,heter,Heter,1,100,0,19,28.406545834197196,epoch_round_tuning_ffa_high_rounds/tuning-ffa-dolly_stratified-tinyllama-heter-e1-r100,/homes/neumann/trieu.vy.tran/FederatedLLM/epoch_round_tuning_ffa_high_rounds/tuning-ffa-dolly_stratified-tinyllama-heter-e1-r100,epoch_round_tuning_ffa_high_rounds/tuning-ffa-dolly_stratified-tinyllama-heter-e1-r100/seed0/10/log.txt,100,True,score log,Complete
ffa,Nonlinear FFA,dolly_stratified,Dolly stratified,tinyllama,TinyLlama,heter,Heter,1,100,0,20,27.49892980835527,epoch_round_tuning_ffa_high_rounds/tuning-ffa-dolly_stratified-tinyllama-heter-e1-r100,/homes/neumann/trieu.vy.tran/FederatedLLM/epoch_round_tuning_ffa_high_rounds/tuning-ffa-dolly_stratified-tinyllama-heter-e1-r100,epoch_round_tuning_ffa_high_rounds/tuning-ffa-dolly_stratified-tinyllama-heter-e1-r100/seed0/10/log.txt,100,True,score log,Complete
ffa,Nonlinear FFA,dolly_stratified,Dolly stratified,tinyllama,TinyLlama,heter,Heter,1,100,0,21,27.37786996591299,epoch_round_tuning_ffa_high_rounds/tuning-ffa-dolly_stratified-tinyllama-heter-e1-r100,/homes/neumann/trieu.vy.tran/FederatedLLM/epoch_round_tuning_ffa_high_rounds/tuning-ffa-dolly_stratified-tinyllama-heter-e1-r100,epoch_round_tuning_ffa_high_rounds/tuning-ffa-dolly_stratified-tinyllama-heter-e1-r100/seed0/10/log.txt,100,True,score log,Complete
ffa,Nonlinear FFA,dolly_stratified,Dolly stratified,tinyllama,TinyLlama,heter,Heter,1,100,0,22,27.51358081024154,epoch_round_tuning_ffa_high_rounds/tuning-ffa-dolly_stratified-tinyllama-heter-e1-r100,/homes/neumann/trieu.vy.tran/FederatedLLM/epoch_round_tuning_ffa_high_rounds/tuning-ffa-dolly_stratified-tinyllama-heter-e1-r100,epoch_round_tuning_ffa_high_rounds/tuning-ffa-dolly_stratified-tinyllama-heter-e1-r100/seed0/10/log.txt,100,True,score log,Complete
ffa,Nonlinear FFA,dolly_stratified,Dolly stratified,tinyllama,TinyLlama,heter,Heter,1,100,0,23,26.759471615976498,epoch_round_tuning_ffa_high_rounds/tuning-ffa-dolly_stratified-tinyllama-heter-e1-r100,/homes/neumann/trieu.vy.tran/FederatedLLM/epoch_round_tuning_ffa_high_rounds/tuning-ffa-dolly_stratified-tinyllama-heter-e1-r100,epoch_round_tuning_ffa_high_rounds/tuning-ffa-dolly_stratified-tinyllama-heter-e1-r100/seed0/10/log.txt,100,True,score log,Complete
ffa,Nonlinear FFA,dolly_stratified,Dolly stratified,tinyllama,TinyLlama,heter,Heter,1,100,0,24,28.18534958460669,epoch_round_tuning_ffa_high_rounds/tuning-ffa-dolly_stratified-tinyllama-heter-e1-r100,/homes/neumann/trieu.vy.tran/FederatedLLM/epoch_round_tuning_ffa_high_rounds/tuning-ffa-dolly_stratified-tinyllama-heter-e1-r100,epoch_round_tuning_ffa_high_rounds/tuning-ffa-dolly_stratified-tinyllama-heter-e1-r100/seed0/10/log.txt,100,True,score log,Complete
ffa,Nonlinear FFA,dolly_stratified,Dolly stratified,tinyllama,TinyLlama,heter,Heter,1,100,0,25,27.514572485149376,epoch_round_tuning_ffa_high_rounds/tuning-ffa-dolly_stratified-tinyllama-heter-e1-r100,/homes/neumann/trieu.vy.tran/FederatedLLM/epoch_round_tuning_ffa_high_rounds/tuning-ffa-dolly_stratified-tinyllama-heter-e1-r100,epoch_round_tuning_ffa_high_rounds/tuning-ffa-dolly_stratified-tinyllama-heter-e1-r100/seed0/10/log.txt,100,True,score log,Complete
ffa,Nonlinear FFA,dolly_stratified,Dolly stratified,tinyllama,TinyLlama,heter,Heter,1,100,0,26,27.05838986112756,epoch_round_tuning_ffa_high_rounds/tuning-ffa-dolly_stratified-tinyllama-heter-e1-r100,/homes/neumann/trieu.vy.tran/FederatedLLM/epoch_round_tuning_ffa_high_rounds/tuning-ffa-dolly_stratified-tinyllama-heter-e1-r100,epoch_round_tuning_ffa_high_rounds/tuning-ffa-dolly_stratified-tinyllama-heter-e1-r100/seed0/10/log.txt,100,True,score log,Complete
ffa,Nonlinear FFA,dolly_stratified,Dolly stratified,tinyllama,TinyLlama,heter,Heter,1,100,0,27,28.463560566601092,epoch_round_tuning_ffa_high_rounds/tuning-ffa-dolly_stratified-tinyllama-heter-e1-r100,/homes/neumann/trieu.vy.tran/FederatedLLM/epoch_round_tuning_ffa_high_rounds/tuning-ffa-dolly_stratified-tinyllama-heter-e1-r100,epoch_round_tuning_ffa_high_rounds/tuning-ffa-dolly_stratified-tinyllama-heter-e1-r100/seed0/10/log.txt,100,True,score log,Complete
ffa,Nonlinear FFA,dolly_stratified,Dolly stratified,tinyllama,TinyLlama,heter,Heter,1,100,0,28,28.345486650998115,epoch_round_tuning_ffa_high_rounds/tuning-ffa-dolly_stratified-tinyllama-heter-e1-r100,/homes/neumann/trieu.vy.tran/FederatedLLM/epoch_round_tuning_ffa_high_rounds/tuning-ffa-dolly_stratified-tinyllama-heter-e1-r100,epoch_round_tuning_ffa_high_rounds/tuning-ffa-dolly_stratified-tinyllama-heter-e1-r100/seed0/10/log.txt,100,True,score log,Complete
ffa,Nonlinear FFA,dolly_stratified,Dolly stratified,tinyllama,TinyLlama,heter,Heter,1,100,0,29,28.32581914968791,epoch_round_tuning_ffa_high_rounds/tuning-ffa-dolly_stratified-tinyllama-heter-e1-r100,/homes/neumann/trieu.vy.tran/FederatedLLM/epoch_round_tuning_ffa_high_rounds/tuning-ffa-dolly_stratified-tinyllama-heter-e1-r100,epoch_round_tuning_ffa_high_rounds/tuning-ffa-dolly_stratified-tinyllama-heter-e1-r100/seed0/10/log.txt,100,True,score log,Complete
ffa,Nonlinear FFA,dolly_stratified,Dolly stratified,tinyllama,TinyLlama,heter,Heter,1,100,0,30,26.36304133813591,epoch_round_tuning_ffa_high_rounds/tuning-ffa-dolly_stratified-tinyllama-heter-e1-r100,/homes/neumann/trieu.vy.tran/FederatedLLM/epoch_round_tuning_ffa_high_rounds/tuning-ffa-dolly_stratified-tinyllama-heter-e1-r100,epoch_round_tuning_ffa_high_rounds/tuning-ffa-dolly_stratified-tinyllama-heter-e1-r100/seed0/10/log.txt,100,True,score log,Complete
ffa,Nonlinear FFA,dolly_stratified,Dolly stratified,tinyllama,TinyLlama,heter,Heter,1,100,0,31,30.931737357169187,epoch_round_tuning_ffa_high_rounds/tuning-ffa-dolly_stratified-tinyllama-heter-e1-r100,/homes/neumann/trieu.vy.tran/FederatedLLM/epoch_round_tuning_ffa_high_rounds/tuning-ffa-dolly_stratified-tinyllama-heter-e1-r100,epoch_round_tuning_ffa_high_rounds/tuning-ffa-dolly_stratified-tinyllama-heter-e1-r100/seed0/10/log.txt,100,True,score log,Complete
ffa,Nonlinear FFA,dolly_stratified,Dolly stratified,tinyllama,TinyLlama,heter,Heter,1,100,0,32,28.36987965349221,epoch_round_tuning_ffa_high_rounds/tuning-ffa-dolly_stratified-tinyllama-heter-e1-r100,/homes/neumann/trieu.vy.tran/FederatedLLM/epoch_round_tuning_ffa_high_rounds/tuning-ffa-dolly_stratified-tinyllama-heter-e1-r100,epoch_round_tuning_ffa_high_rounds/tuning-ffa-dolly_stratified-tinyllama-heter-e1-r100/seed0/10/log.txt,100,True,score log,Complete
ffa,Nonlinear FFA,dolly_stratified,Dolly stratified,tinyllama,TinyLlama,heter,Heter,1,100,0,33,28.624756761335355,epoch_round_tuning_ffa_high_rounds/tuning-ffa-dolly_stratified-tinyllama-heter-e1-r100,/homes/neumann/trieu.vy.tran/FederatedLLM/epoch_round_tuning_ffa_high_rounds/tuning-ffa-dolly_stratified-tinyllama-heter-e1-r100,epoch_round_tuning_ffa_high_rounds/tuning-ffa-dolly_stratified-tinyllama-heter-e1-r100/seed0/10/log.txt,100,True,score log,Complete
ffa,Nonlinear FFA,dolly_stratified,Dolly stratified,tinyllama,TinyLlama,heter,Heter,1,100,0,34,28.576008973679183,epoch_round_tuning_ffa_high_rounds/tuning-ffa-dolly_stratified-tinyllama-heter-e1-r100,/homes/neumann/trieu.vy.tran/FederatedLLM/epoch_round_tuning_ffa_high_rounds/tuning-ffa-dolly_stratified-tinyllama-heter-e1-r100,epoch_round_tuning_ffa_high_rounds/tuning-ffa-dolly_stratified-tinyllama-heter-e1-r100/seed0/10/log.txt,100,True,score log,Complete
ffa,Nonlinear FFA,dolly_stratified,Dolly stratified,tinyllama,TinyLlama,heter,Heter,1,100,0,35,29.010125143819444,epoch_round_tuning_ffa_high_rounds/tuning-ffa-dolly_stratified-tinyllama-heter-e1-r100,/homes/neumann/trieu.vy.tran/FederatedLLM/epoch_round_tuning_ffa_high_rounds/tuning-ffa-dolly_stratified-tinyllama-heter-e1-r100,epoch_round_tuning_ffa_high_rounds/tuning-ffa-dolly_stratified-tinyllama-heter-e1-r100/seed0/10/log.txt,100,True,score log,Complete
ffa,Nonlinear FFA,dolly_stratified,Dolly stratified,tinyllama,TinyLlama,heter,Heter,1,100,0,36,27.950531921479165,epoch_round_tuning_ffa_high_rounds/tuning-ffa-dolly_stratified-tinyllama-heter-e1-r100,/homes/neumann/trieu.vy.tran/FederatedLLM/epoch_round_tuning_ffa_high_rounds/tuning-ffa-dolly_stratified-tinyllama-heter-e1-r100,epoch_round_tuning_ffa_high_rounds/tuning-ffa-dolly_stratified-tinyllama-heter-e1-r100/seed0/10/log.txt,100,True,score log,Complete
ffa,Nonlinear FFA,dolly_stratified,Dolly stratified,tinyllama,TinyLlama,heter,Heter,1,100,0,37,28.242934206965646,epoch_round_tuning_ffa_high_rounds/tuning-ffa-dolly_stratified-tinyllama-heter-e1-r100,/homes/neumann/trieu.vy.tran/FederatedLLM/epoch_round_tuning_ffa_high_rounds/tuning-ffa-dolly_stratified-tinyllama-heter-e1-r100,epoch_round_tuning_ffa_high_rounds/tuning-ffa-dolly_stratified-tinyllama-heter-e1-r100/seed0/10/log.txt,100,True,score log,Complete
ffa,Nonlinear FFA,dolly_stratified,Dolly stratified,tinyllama,TinyLlama,heter,Heter,1,100,0,38,28.20556144324194,epoch_round_tuning_ffa_high_rounds/tuning-ffa-dolly_stratified-tinyllama-heter-e1-r100,/homes/neumann/trieu.vy.tran/FederatedLLM/epoch_round_tuning_ffa_high_rounds/tuning-ffa-dolly_stratified-tinyllama-heter-e1-r100,epoch_round_tuning_ffa_high_rounds/tuning-ffa-dolly_stratified-tinyllama-heter-e1-r100/seed0/10/log.txt,100,True,score log,Complete
ffa,Nonlinear FFA,dolly_stratified,Dolly stratified,tinyllama,TinyLlama,heter,Heter,1,100,0,39,29.015012859127147,epoch_round_tuning_ffa_high_rounds/tuning-ffa-dolly_stratified-tinyllama-heter-e1-r100,/homes/neumann/trieu.vy.tran/FederatedLLM/epoch_round_tuning_ffa_high_rounds/tuning-ffa-dolly_stratified-tinyllama-heter-e1-r100,epoch_round_tuning_ffa_high_rounds/tuning-ffa-dolly_stratified-tinyllama-heter-e1-r100/seed0/10/log.txt,100,True,score log,Complete
ffa,Nonlinear FFA,dolly_stratified,Dolly stratified,tinyllama,TinyLlama,heter,Heter,1,100,0,40,28.707153710384116,epoch_round_tuning_ffa_high_rounds/tuning-ffa-dolly_stratified-tinyllama-heter-e1-r100,/homes/neumann/trieu.vy.tran/FederatedLLM/epoch_round_tuning_ffa_high_rounds/tuning-ffa-dolly_stratified-tinyllama-heter-e1-r100,epoch_round_tuning_ffa_high_rounds/tuning-ffa-dolly_stratified-tinyllama-heter-e1-r100/seed0/10/log.txt,100,True,score log,Complete
ffa,Nonlinear FFA,dolly_stratified,Dolly stratified,tinyllama,TinyLlama,heter,Heter,1,100,0,41,27.379060493324857,epoch_round_tuning_ffa_high_rounds/tuning-ffa-dolly_stratified-tinyllama-heter-e1-r100,/homes/neumann/trieu.vy.tran/FederatedLLM/epoch_round_tuning_ffa_high_rounds/tuning-ffa-dolly_stratified-tinyllama-heter-e1-r100,epoch_round_tuning_ffa_high_rounds/tuning-ffa-dolly_stratified-tinyllama-heter-e1-r100/seed0/10/log.txt,100,True,score log,Complete
ffa,Nonlinear FFA,dolly_stratified,Dolly stratified,tinyllama,TinyLlama,heter,Heter,1,100,0,42,28.3584348000484,epoch_round_tuning_ffa_high_rounds/tuning-ffa-dolly_stratified-tinyllama-heter-e1-r100,/homes/neumann/trieu.vy.tran/FederatedLLM/epoch_round_tuning_ffa_high_rounds/tuning-ffa-dolly_stratified-tinyllama-heter-e1-r100,epoch_round_tuning_ffa_high_rounds/tuning-ffa-dolly_stratified-tinyllama-heter-e1-r100/seed0/10/log.txt,100,True,score log,Complete
ffa,Nonlinear FFA,dolly_stratified,Dolly stratified,tinyllama,TinyLlama,heter,Heter,1,100,0,43,28.244834970845535,epoch_round_tuning_ffa_high_rounds/tuning-ffa-dolly_stratified-tinyllama-heter-e1-r100,/homes/neumann/trieu.vy.tran/FederatedLLM/epoch_round_tuning_ffa_high_rounds/tuning-ffa-dolly_stratified-tinyllama-heter-e1-r100,epoch_round_tuning_ffa_high_rounds/tuning-ffa-dolly_stratified-tinyllama-heter-e1-r100/seed0/10/log.txt,100,True,score log,Complete
ffa,Nonlinear FFA,dolly_stratified,Dolly stratified,tinyllama,TinyLlama,heter,Heter,1,100,0,44,27.468184908080843,epoch_round_tuning_ffa_high_rounds/tuning-ffa-dolly_stratified-tinyllama-heter-e1-r100,/homes/neumann/trieu.vy.tran/FederatedLLM/epoch_round_tuning_ffa_high_rounds/tuning-ffa-dolly_stratified-tinyllama-heter-e1-r100,epoch_round_tuning_ffa_high_rounds/tuning-ffa-dolly_stratified-tinyllama-heter-e1-r100/seed0/10/log.txt,100,True,score log,Complete
ffa,Nonlinear FFA,dolly_stratified,Dolly stratified,tinyllama,TinyLlama,heter,Heter,1,100,0,45,27.757653667456584,epoch_round_tuning_ffa_high_rounds/tuning-ffa-dolly_stratified-tinyllama-heter-e1-r100,/homes/neumann/trieu.vy.tran/FederatedLLM/epoch_round_tuning_ffa_high_rounds/tuning-ffa-dolly_stratified-tinyllama-heter-e1-r100,epoch_round_tuning_ffa_high_rounds/tuning-ffa-dolly_stratified-tinyllama-heter-e1-r100/seed0/10/log.txt,100,True,score log,Complete
ffa,Nonlinear FFA,dolly_stratified,Dolly stratified,tinyllama,TinyLlama,heter,Heter,1,100,0,46,27.052169638268065,epoch_round_tuning_ffa_high_rounds/tuning-ffa-dolly_stratified-tinyllama-heter-e1-r100,/homes/neumann/trieu.vy.tran/FederatedLLM/epoch_round_tuning_ffa_high_rounds/tuning-ffa-dolly_stratified-tinyllama-heter-e1-r100,epoch_round_tuning_ffa_high_rounds/tuning-ffa-dolly_stratified-tinyllama-heter-e1-r100/seed0/10/log.txt,100,True,score log,Complete
ffa,Nonlinear FFA,dolly_stratified,Dolly stratified,tinyllama,TinyLlama,heter,Heter,1,100,0,47,27.3616627856849,epoch_round_tuning_ffa_high_rounds/tuning-ffa-dolly_stratified-tinyllama-heter-e1-r100,/homes/neumann/trieu.vy.tran/FederatedLLM/epoch_round_tuning_ffa_high_rounds/tuning-ffa-dolly_stratified-tinyllama-heter-e1-r100,epoch_round_tuning_ffa_high_rounds/tuning-ffa-dolly_stratified-tinyllama-heter-e1-r100/seed0/10/log.txt,100,True,score log,Complete
ffa,Nonlinear FFA,dolly_stratified,Dolly stratified,tinyllama,TinyLlama,heter,Heter,1,100,0,48,27.349484858083457,epoch_round_tuning_ffa_high_rounds/tuning-ffa-dolly_stratified-tinyllama-heter-e1-r100,/homes/neumann/trieu.vy.tran/FederatedLLM/epoch_round_tuning_ffa_high_rounds/tuning-ffa-dolly_stratified-tinyllama-heter-e1-r100,epoch_round_tuning_ffa_high_rounds/tuning-ffa-dolly_stratified-tinyllama-heter-e1-r100/seed0/10/log.txt,100,True,score log,Complete
ffa,Nonlinear FFA,dolly_stratified,Dolly stratified,tinyllama,TinyLlama,heter,Heter,1,100,0,49,29.48221057299069,epoch_round_tuning_ffa_high_rounds/tuning-ffa-dolly_stratified-tinyllama-heter-e1-r100,/homes/neumann/trieu.vy.tran/FederatedLLM/epoch_round_tuning_ffa_high_rounds/tuning-ffa-dolly_stratified-tinyllama-heter-e1-r100,epoch_round_tuning_ffa_high_rounds/tuning-ffa-dolly_stratified-tinyllama-heter-e1-r100/seed0/10/log.txt,100,True,score log,Complete
ffa,Nonlinear FFA,dolly_stratified,Dolly stratified,tinyllama,TinyLlama,heter,Heter,1,100,0,50,27.324815988919394,epoch_round_tuning_ffa_high_rounds/tuning-ffa-dolly_stratified-tinyllama-heter-e1-r100,/homes/neumann/trieu.vy.tran/FederatedLLM/epoch_round_tuning_ffa_high_rounds/tuning-ffa-dolly_stratified-tinyllama-heter-e1-r100,epoch_round_tuning_ffa_high_rounds/tuning-ffa-dolly_stratified-tinyllama-heter-e1-r100/seed0/10/log.txt,100,True,score log,Complete
ffa,Nonlinear FFA,dolly_stratified,Dolly stratified,tinyllama,TinyLlama,heter,Heter,1,100,0,51,27.867293840101464,epoch_round_tuning_ffa_high_rounds/tuning-ffa-dolly_stratified-tinyllama-heter-e1-r100,/homes/neumann/trieu.vy.tran/FederatedLLM/epoch_round_tuning_ffa_high_rounds/tuning-ffa-dolly_stratified-tinyllama-heter-e1-r100,epoch_round_tuning_ffa_high_rounds/tuning-ffa-dolly_stratified-tinyllama-heter-e1-r100/seed0/10/log.txt,100,True,score log,Complete
ffa,Nonlinear FFA,dolly_stratified,Dolly stratified,tinyllama,TinyLlama,heter,Heter,1,100,0,52,27.562600975459272,epoch_round_tuning_ffa_high_rounds/tuning-ffa-dolly_stratified-tinyllama-heter-e1-r100,/homes/neumann/trieu.vy.tran/FederatedLLM/epoch_round_tuning_ffa_high_rounds/tuning-ffa-dolly_stratified-tinyllama-heter-e1-r100,epoch_round_tuning_ffa_high_rounds/tuning-ffa-dolly_stratified-tinyllama-heter-e1-r100/seed0/10/log.txt,100,True,score log,Complete
ffa,Nonlinear FFA,dolly_stratified,Dolly stratified,tinyllama,TinyLlama,heter,Heter,1,100,0,53,29.134105160632274,epoch_round_tuning_ffa_high_rounds/tuning-ffa-dolly_stratified-tinyllama-heter-e1-r100,/homes/neumann/trieu.vy.tran/FederatedLLM/epoch_round_tuning_ffa_high_rounds/tuning-ffa-dolly_stratified-tinyllama-heter-e1-r100,epoch_round_tuning_ffa_high_rounds/tuning-ffa-dolly_stratified-tinyllama-heter-e1-r100/seed0/10/log.txt,100,True,score log,Complete
ffa,Nonlinear FFA,dolly_stratified,Dolly stratified,tinyllama,TinyLlama,heter,Heter,1,100,0,54,25.864904149520935,epoch_round_tuning_ffa_high_rounds/tuning-ffa-dolly_stratified-tinyllama-heter-e1-r100,/homes/neumann/trieu.vy.tran/FederatedLLM/epoch_round_tuning_ffa_high_rounds/tuning-ffa-dolly_stratified-tinyllama-heter-e1-r100,epoch_round_tuning_ffa_high_rounds/tuning-ffa-dolly_stratified-tinyllama-heter-e1-r100/seed0/10/log.txt,100,True,score log,Complete
ffa,Nonlinear FFA,dolly_stratified,Dolly stratified,tinyllama,TinyLlama,heter,Heter,1,100,0,55,30.144468116178974,epoch_round_tuning_ffa_high_rounds/tuning-ffa-dolly_stratified-tinyllama-heter-e1-r100,/homes/neumann/trieu.vy.tran/FederatedLLM/epoch_round_tuning_ffa_high_rounds/tuning-ffa-dolly_stratified-tinyllama-heter-e1-r100,epoch_round_tuning_ffa_high_rounds/tuning-ffa-dolly_stratified-tinyllama-heter-e1-r100/seed0/10/log.txt,100,True,score log,Complete
ffa,Nonlinear FFA,dolly_stratified,Dolly stratified,tinyllama,TinyLlama,heter,Heter,1,100,0,56,27.246244640594703,epoch_round_tuning_ffa_high_rounds/tuning-ffa-dolly_stratified-tinyllama-heter-e1-r100,/homes/neumann/trieu.vy.tran/FederatedLLM/epoch_round_tuning_ffa_high_rounds/tuning-ffa-dolly_stratified-tinyllama-heter-e1-r100,epoch_round_tuning_ffa_high_rounds/tuning-ffa-dolly_stratified-tinyllama-heter-e1-r100/seed0/10/log.txt,100,True,score log,Complete
ffa,Nonlinear FFA,dolly_stratified,Dolly stratified,tinyllama,TinyLlama,heter,Heter,1,100,0,57,27.601694220346122,epoch_round_tuning_ffa_high_rounds/tuning-ffa-dolly_stratified-tinyllama-heter-e1-r100,/homes/neumann/trieu.vy.tran/FederatedLLM/epoch_round_tuning_ffa_high_rounds/tuning-ffa-dolly_stratified-tinyllama-heter-e1-r100,epoch_round_tuning_ffa_high_rounds/tuning-ffa-dolly_stratified-tinyllama-heter-e1-r100/seed0/10/log.txt,100,True,score log,Complete
ffa,Nonlinear FFA,dolly_stratified,Dolly stratified,tinyllama,TinyLlama,heter,Heter,1,100,0,58,26.878554306147674,epoch_round_tuning_ffa_high_rounds/tuning-ffa-dolly_stratified-tinyllama-heter-e1-r100,/homes/neumann/trieu.vy.tran/FederatedLLM/epoch_round_tuning_ffa_high_rounds/tuning-ffa-dolly_stratified-tinyllama-heter-e1-r100,epoch_round_tuning_ffa_high_rounds/tuning-ffa-dolly_stratified-tinyllama-heter-e1-r100/seed0/10/log.txt,100,True,score log,Complete
ffa,Nonlinear FFA,dolly_stratified,Dolly stratified,tinyllama,TinyLlama,heter,Heter,1,100,0,59,26.92947556567592,epoch_round_tuning_ffa_high_rounds/tuning-ffa-dolly_stratified-tinyllama-heter-e1-r100,/homes/neumann/trieu.vy.tran/FederatedLLM/epoch_round_tuning_ffa_high_rounds/tuning-ffa-dolly_stratified-tinyllama-heter-e1-r100,epoch_round_tuning_ffa_high_rounds/tuning-ffa-dolly_stratified-tinyllama-heter-e1-r100/seed0/10/log.txt,100,True,score log,Complete
ffa,Nonlinear FFA,dolly_stratified,Dolly stratified,tinyllama,TinyLlama,heter,Heter,1,100,0,60,26.788625006637112,epoch_round_tuning_ffa_high_rounds/tuning-ffa-dolly_stratified-tinyllama-heter-e1-r100,/homes/neumann/trieu.vy.tran/FederatedLLM/epoch_round_tuning_ffa_high_rounds/tuning-ffa-dolly_stratified-tinyllama-heter-e1-r100,epoch_round_tuning_ffa_high_rounds/tuning-ffa-dolly_stratified-tinyllama-heter-e1-r100/seed0/10/log.txt,100,True,score log,Complete
ffa,Nonlinear FFA,dolly_stratified,Dolly stratified,tinyllama,TinyLlama,heter,Heter,1,100,0,61,27.831310147964956,epoch_round_tuning_ffa_high_rounds/tuning-ffa-dolly_stratified-tinyllama-heter-e1-r100,/homes/neumann/trieu.vy.tran/FederatedLLM/epoch_round_tuning_ffa_high_rounds/tuning-ffa-dolly_stratified-tinyllama-heter-e1-r100,epoch_round_tuning_ffa_high_rounds/tuning-ffa-dolly_stratified-tinyllama-heter-e1-r100/seed0/10/log.txt,100,True,score log,Complete
ffa,Nonlinear FFA,dolly_stratified,Dolly stratified,tinyllama,TinyLlama,heter,Heter,1,100,0,62,27.81770034453313,epoch_round_tuning_ffa_high_rounds/tuning-ffa-dolly_stratified-tinyllama-heter-e1-r100,/homes/neumann/trieu.vy.tran/FederatedLLM/epoch_round_tuning_ffa_high_rounds/tuning-ffa-dolly_stratified-tinyllama-heter-e1-r100,epoch_round_tuning_ffa_high_rounds/tuning-ffa-dolly_stratified-tinyllama-heter-e1-r100/seed0/10/log.txt,100,True,score log,Complete
ffa,Nonlinear FFA,dolly_stratified,Dolly stratified,tinyllama,TinyLlama,heter,Heter,1,100,0,63,28.044209812059588,epoch_round_tuning_ffa_high_rounds/tuning-ffa-dolly_stratified-tinyllama-heter-e1-r100,/homes/neumann/trieu.vy.tran/FederatedLLM/epoch_round_tuning_ffa_high_rounds/tuning-ffa-dolly_stratified-tinyllama-heter-e1-r100,epoch_round_tuning_ffa_high_rounds/tuning-ffa-dolly_stratified-tinyllama-heter-e1-r100/seed0/10/log.txt,100,True,score log,Complete
ffa,Nonlinear FFA,dolly_stratified,Dolly stratified,tinyllama,TinyLlama,heter,Heter,1,100,0,64,26.487847056733887,epoch_round_tuning_ffa_high_rounds/tuning-ffa-dolly_stratified-tinyllama-heter-e1-r100,/homes/neumann/trieu.vy.tran/FederatedLLM/epoch_round_tuning_ffa_high_rounds/tuning-ffa-dolly_stratified-tinyllama-heter-e1-r100,epoch_round_tuning_ffa_high_rounds/tuning-ffa-dolly_stratified-tinyllama-heter-e1-r100/seed0/10/log.txt,100,True,score log,Complete
ffa,Nonlinear FFA,dolly_stratified,Dolly stratified,tinyllama,TinyLlama,heter,Heter,1,100,0,65,26.031538889410875,epoch_round_tuning_ffa_high_rounds/tuning-ffa-dolly_stratified-tinyllama-heter-e1-r100,/homes/neumann/trieu.vy.tran/FederatedLLM/epoch_round_tuning_ffa_high_rounds/tuning-ffa-dolly_stratified-tinyllama-heter-e1-r100,epoch_round_tuning_ffa_high_rounds/tuning-ffa-dolly_stratified-tinyllama-heter-e1-r100/seed0/10/log.txt,100,True,score log,Complete
ffa,Nonlinear FFA,dolly_stratified,Dolly stratified,tinyllama,TinyLlama,heter,Heter,1,100,0,66,27.89713351252507,epoch_round_tuning_ffa_high_rounds/tuning-ffa-dolly_stratified-tinyllama-heter-e1-r100,/homes/neumann/trieu.vy.tran/FederatedLLM/epoch_round_tuning_ffa_high_rounds/tuning-ffa-dolly_stratified-tinyllama-heter-e1-r100,epoch_round_tuning_ffa_high_rounds/tuning-ffa-dolly_stratified-tinyllama-heter-e1-r100/seed0/10/log.txt,100,True,score log,Complete
ffa,Nonlinear FFA,dolly_stratified,Dolly stratified,tinyllama,TinyLlama,heter,Heter,1,100,0,67,28.309117702379794,epoch_round_tuning_ffa_high_rounds/tuning-ffa-dolly_stratified-tinyllama-heter-e1-r100,/homes/neumann/trieu.vy.tran/FederatedLLM/epoch_round_tuning_ffa_high_rounds/tuning-ffa-dolly_stratified-tinyllama-heter-e1-r100,epoch_round_tuning_ffa_high_rounds/tuning-ffa-dolly_stratified-tinyllama-heter-e1-r100/seed0/10/log.txt,100,True,score log,Complete
ffa,Nonlinear FFA,dolly_stratified,Dolly stratified,tinyllama,TinyLlama,heter,Heter,1,100,0,68,27.051376006079924,epoch_round_tuning_ffa_high_rounds/tuning-ffa-dolly_stratified-tinyllama-heter-e1-r100,/homes/neumann/trieu.vy.tran/FederatedLLM/epoch_round_tuning_ffa_high_rounds/tuning-ffa-dolly_stratified-tinyllama-heter-e1-r100,epoch_round_tuning_ffa_high_rounds/tuning-ffa-dolly_stratified-tinyllama-heter-e1-r100/seed0/10/log.txt,100,True,score log,Complete
ffa,Nonlinear FFA,dolly_stratified,Dolly stratified,tinyllama,TinyLlama,heter,Heter,1,100,0,69,28.822265595028075,epoch_round_tuning_ffa_high_rounds/tuning-ffa-dolly_stratified-tinyllama-heter-e1-r100,/homes/neumann/trieu.vy.tran/FederatedLLM/epoch_round_tuning_ffa_high_rounds/tuning-ffa-dolly_stratified-tinyllama-heter-e1-r100,epoch_round_tuning_ffa_high_rounds/tuning-ffa-dolly_stratified-tinyllama-heter-e1-r100/seed0/10/log.txt,100,True,score log,Complete
ffa,Nonlinear FFA,dolly_stratified,Dolly stratified,tinyllama,TinyLlama,heter,Heter,1,100,0,70,27.99781877073344,epoch_round_tuning_ffa_high_rounds/tuning-ffa-dolly_stratified-tinyllama-heter-e1-r100,/homes/neumann/trieu.vy.tran/FederatedLLM/epoch_round_tuning_ffa_high_rounds/tuning-ffa-dolly_stratified-tinyllama-heter-e1-r100,epoch_round_tuning_ffa_high_rounds/tuning-ffa-dolly_stratified-tinyllama-heter-e1-r100/seed0/10/log.txt,100,True,score log,Complete
ffa,Nonlinear FFA,dolly_stratified,Dolly stratified,tinyllama,TinyLlama,heter,Heter,1,100,0,71,28.218698367160744,epoch_round_tuning_ffa_high_rounds/tuning-ffa-dolly_stratified-tinyllama-heter-e1-r100,/homes/neumann/trieu.vy.tran/FederatedLLM/epoch_round_tuning_ffa_high_rounds/tuning-ffa-dolly_stratified-tinyllama-heter-e1-r100,epoch_round_tuning_ffa_high_rounds/tuning-ffa-dolly_stratified-tinyllama-heter-e1-r100/seed0/10/log.txt,100,True,score log,Complete
ffa,Nonlinear FFA,dolly_stratified,Dolly stratified,tinyllama,TinyLlama,heter,Heter,1,100,0,72,29.11085072897513,epoch_round_tuning_ffa_high_rounds/tuning-ffa-dolly_stratified-tinyllama-heter-e1-r100,/homes/neumann/trieu.vy.tran/FederatedLLM/epoch_round_tuning_ffa_high_rounds/tuning-ffa-dolly_stratified-tinyllama-heter-e1-r100,epoch_round_tuning_ffa_high_rounds/tuning-ffa-dolly_stratified-tinyllama-heter-e1-r100/seed0/10/log.txt,100,True,score log,Complete
ffa,Nonlinear FFA,dolly_stratified,Dolly stratified,tinyllama,TinyLlama,heter,Heter,1,100,0,73,27.26948428146101,epoch_round_tuning_ffa_high_rounds/tuning-ffa-dolly_stratified-tinyllama-heter-e1-r100,/homes/neumann/trieu.vy.tran/FederatedLLM/epoch_round_tuning_ffa_high_rounds/tuning-ffa-dolly_stratified-tinyllama-heter-e1-r100,epoch_round_tuning_ffa_high_rounds/tuning-ffa-dolly_stratified-tinyllama-heter-e1-r100/seed0/10/log.txt,100,True,score log,Complete
ffa,Nonlinear FFA,dolly_stratified,Dolly stratified,tinyllama,TinyLlama,heter,Heter,1,100,0,74,27.168464246271117,epoch_round_tuning_ffa_high_rounds/tuning-ffa-dolly_stratified-tinyllama-heter-e1-r100,/homes/neumann/trieu.vy.tran/FederatedLLM/epoch_round_tuning_ffa_high_rounds/tuning-ffa-dolly_stratified-tinyllama-heter-e1-r100,epoch_round_tuning_ffa_high_rounds/tuning-ffa-dolly_stratified-tinyllama-heter-e1-r100/seed0/10/log.txt,100,True,score log,Complete
ffa,Nonlinear FFA,dolly_stratified,Dolly stratified,tinyllama,TinyLlama,heter,Heter,1,100,0,75,27.657452735652683,epoch_round_tuning_ffa_high_rounds/tuning-ffa-dolly_stratified-tinyllama-heter-e1-r100,/homes/neumann/trieu.vy.tran/FederatedLLM/epoch_round_tuning_ffa_high_rounds/tuning-ffa-dolly_stratified-tinyllama-heter-e1-r100,epoch_round_tuning_ffa_high_rounds/tuning-ffa-dolly_stratified-tinyllama-heter-e1-r100/seed0/10/log.txt,100,True,score log,Complete
ffa,Nonlinear FFA,dolly_stratified,Dolly stratified,tinyllama,TinyLlama,heter,Heter,1,100,0,76,28.15248297393229,epoch_round_tuning_ffa_high_rounds/tuning-ffa-dolly_stratified-tinyllama-heter-e1-r100,/homes/neumann/trieu.vy.tran/FederatedLLM/epoch_round_tuning_ffa_high_rounds/tuning-ffa-dolly_stratified-tinyllama-heter-e1-r100,epoch_round_tuning_ffa_high_rounds/tuning-ffa-dolly_stratified-tinyllama-heter-e1-r100/seed0/10/log.txt,100,True,score log,Complete
ffa,Nonlinear FFA,dolly_stratified,Dolly stratified,tinyllama,TinyLlama,heter,Heter,1,100,0,77,27.963044840154964,epoch_round_tuning_ffa_high_rounds/tuning-ffa-dolly_stratified-tinyllama-heter-e1-r100,/homes/neumann/trieu.vy.tran/FederatedLLM/epoch_round_tuning_ffa_high_rounds/tuning-ffa-dolly_stratified-tinyllama-heter-e1-r100,epoch_round_tuning_ffa_high_rounds/tuning-ffa-dolly_stratified-tinyllama-heter-e1-r100/seed0/10/log.txt,100,True,score log,Complete
ffa,Nonlinear FFA,dolly_stratified,Dolly stratified,tinyllama,TinyLlama,heter,Heter,1,100,0,78,29.171616246796596,epoch_round_tuning_ffa_high_rounds/tuning-ffa-dolly_stratified-tinyllama-heter-e1-r100,/homes/neumann/trieu.vy.tran/FederatedLLM/epoch_round_tuning_ffa_high_rounds/tuning-ffa-dolly_stratified-tinyllama-heter-e1-r100,epoch_round_tuning_ffa_high_rounds/tuning-ffa-dolly_stratified-tinyllama-heter-e1-r100/seed0/10/log.txt,100,True,score log,Complete
ffa,Nonlinear FFA,dolly_stratified,Dolly stratified,tinyllama,TinyLlama,heter,Heter,1,100,0,79,26.24037689260479,epoch_round_tuning_ffa_high_rounds/tuning-ffa-dolly_stratified-tinyllama-heter-e1-r100,/homes/neumann/trieu.vy.tran/FederatedLLM/epoch_round_tuning_ffa_high_rounds/tuning-ffa-dolly_stratified-tinyllama-heter-e1-r100,epoch_round_tuning_ffa_high_rounds/tuning-ffa-dolly_stratified-tinyllama-heter-e1-r100/seed0/10/log.txt,100,True,score log,Complete
ffa,Nonlinear FFA,dolly_stratified,Dolly stratified,tinyllama,TinyLlama,heter,Heter,1,100,0,80,30.08218928232781,epoch_round_tuning_ffa_high_rounds/tuning-ffa-dolly_stratified-tinyllama-heter-e1-r100,/homes/neumann/trieu.vy.tran/FederatedLLM/epoch_round_tuning_ffa_high_rounds/tuning-ffa-dolly_stratified-tinyllama-heter-e1-r100,epoch_round_tuning_ffa_high_rounds/tuning-ffa-dolly_stratified-tinyllama-heter-e1-r100/seed0/10/log.txt,100,True,score log,Complete
ffa,Nonlinear FFA,dolly_stratified,Dolly stratified,tinyllama,TinyLlama,heter,Heter,1,100,0,81,27.9282649847756,epoch_round_tuning_ffa_high_rounds/tuning-ffa-dolly_stratified-tinyllama-heter-e1-r100,/homes/neumann/trieu.vy.tran/FederatedLLM/epoch_round_tuning_ffa_high_rounds/tuning-ffa-dolly_stratified-tinyllama-heter-e1-r100,epoch_round_tuning_ffa_high_rounds/tuning-ffa-dolly_stratified-tinyllama-heter-e1-r100/seed0/10/log.txt,100,True,score log,Complete
ffa,Nonlinear FFA,dolly_stratified,Dolly stratified,tinyllama,TinyLlama,heter,Heter,1,100,0,82,29.01320484848182,epoch_round_tuning_ffa_high_rounds/tuning-ffa-dolly_stratified-tinyllama-heter-e1-r100,/homes/neumann/trieu.vy.tran/FederatedLLM/epoch_round_tuning_ffa_high_rounds/tuning-ffa-dolly_stratified-tinyllama-heter-e1-r100,epoch_round_tuning_ffa_high_rounds/tuning-ffa-dolly_stratified-tinyllama-heter-e1-r100/seed0/10/log.txt,100,True,score log,Complete
ffa,Nonlinear FFA,dolly_stratified,Dolly stratified,tinyllama,TinyLlama,heter,Heter,1,100,0,83,29.448406177745483,epoch_round_tuning_ffa_high_rounds/tuning-ffa-dolly_stratified-tinyllama-heter-e1-r100,/homes/neumann/trieu.vy.tran/FederatedLLM/epoch_round_tuning_ffa_high_rounds/tuning-ffa-dolly_stratified-tinyllama-heter-e1-r100,epoch_round_tuning_ffa_high_rounds/tuning-ffa-dolly_stratified-tinyllama-heter-e1-r100/seed0/10/log.txt,100,True,score log,Complete
ffa,Nonlinear FFA,dolly_stratified,Dolly stratified,tinyllama,TinyLlama,heter,Heter,1,100,0,84,28.352217185449728,epoch_round_tuning_ffa_high_rounds/tuning-ffa-dolly_stratified-tinyllama-heter-e1-r100,/homes/neumann/trieu.vy.tran/FederatedLLM/epoch_round_tuning_ffa_high_rounds/tuning-ffa-dolly_stratified-tinyllama-heter-e1-r100,epoch_round_tuning_ffa_high_rounds/tuning-ffa-dolly_stratified-tinyllama-heter-e1-r100/seed0/10/log.txt,100,True,score log,Complete
ffa,Nonlinear FFA,dolly_stratified,Dolly stratified,tinyllama,TinyLlama,heter,Heter,1,100,0,85,30.549246890234716,epoch_round_tuning_ffa_high_rounds/tuning-ffa-dolly_stratified-tinyllama-heter-e1-r100,/homes/neumann/trieu.vy.tran/FederatedLLM/epoch_round_tuning_ffa_high_rounds/tuning-ffa-dolly_stratified-tinyllama-heter-e1-r100,epoch_round_tuning_ffa_high_rounds/tuning-ffa-dolly_stratified-tinyllama-heter-e1-r100/seed0/10/log.txt,100,True,score log,Complete
ffa,Nonlinear FFA,dolly_stratified,Dolly stratified,tinyllama,TinyLlama,heter,Heter,1,100,0,86,29.51087135187255,epoch_round_tuning_ffa_high_rounds/tuning-ffa-dolly_stratified-tinyllama-heter-e1-r100,/homes/neumann/trieu.vy.tran/FederatedLLM/epoch_round_tuning_ffa_high_rounds/tuning-ffa-dolly_stratified-tinyllama-heter-e1-r100,epoch_round_tuning_ffa_high_rounds/tuning-ffa-dolly_stratified-tinyllama-heter-e1-r100/seed0/10/log.txt,100,True,score log,Complete
ffa,Nonlinear FFA,dolly_stratified,Dolly stratified,tinyllama,TinyLlama,heter,Heter,1,100,0,87,28.40006316806512,epoch_round_tuning_ffa_high_rounds/tuning-ffa-dolly_stratified-tinyllama-heter-e1-r100,/homes/neumann/trieu.vy.tran/FederatedLLM/epoch_round_tuning_ffa_high_rounds/tuning-ffa-dolly_stratified-tinyllama-heter-e1-r100,epoch_round_tuning_ffa_high_rounds/tuning-ffa-dolly_stratified-tinyllama-heter-e1-r100/seed0/10/log.txt,100,True,score log,Complete
ffa,Nonlinear FFA,dolly_stratified,Dolly stratified,tinyllama,TinyLlama,heter,Heter,1,100,0,88,28.570367301322218,epoch_round_tuning_ffa_high_rounds/tuning-ffa-dolly_stratified-tinyllama-heter-e1-r100,/homes/neumann/trieu.vy.tran/FederatedLLM/epoch_round_tuning_ffa_high_rounds/tuning-ffa-dolly_stratified-tinyllama-heter-e1-r100,epoch_round_tuning_ffa_high_rounds/tuning-ffa-dolly_stratified-tinyllama-heter-e1-r100/seed0/10/log.txt,100,True,score log,Complete
ffa,Nonlinear FFA,dolly_stratified,Dolly stratified,tinyllama,TinyLlama,heter,Heter,1,100,0,89,29.360668221483245,epoch_round_tuning_ffa_high_rounds/tuning-ffa-dolly_stratified-tinyllama-heter-e1-r100,/homes/neumann/trieu.vy.tran/FederatedLLM/epoch_round_tuning_ffa_high_rounds/tuning-ffa-dolly_stratified-tinyllama-heter-e1-r100,epoch_round_tuning_ffa_high_rounds/tuning-ffa-dolly_stratified-tinyllama-heter-e1-r100/seed0/10/log.txt,100,True,score log,Complete
ffa,Nonlinear FFA,dolly_stratified,Dolly stratified,tinyllama,TinyLlama,heter,Heter,1,100,0,90,29.210540285891934,epoch_round_tuning_ffa_high_rounds/tuning-ffa-dolly_stratified-tinyllama-heter-e1-r100,/homes/neumann/trieu.vy.tran/FederatedLLM/epoch_round_tuning_ffa_high_rounds/tuning-ffa-dolly_stratified-tinyllama-heter-e1-r100,epoch_round_tuning_ffa_high_rounds/tuning-ffa-dolly_stratified-tinyllama-heter-e1-r100/seed0/10/log.txt,100,True,score log,Complete
ffa,Nonlinear FFA,dolly_stratified,Dolly stratified,tinyllama,TinyLlama,heter,Heter,1,100,0,91,27.683527510419502,epoch_round_tuning_ffa_high_rounds/tuning-ffa-dolly_stratified-tinyllama-heter-e1-r100,/homes/neumann/trieu.vy.tran/FederatedLLM/epoch_round_tuning_ffa_high_rounds/tuning-ffa-dolly_stratified-tinyllama-heter-e1-r100,epoch_round_tuning_ffa_high_rounds/tuning-ffa-dolly_stratified-tinyllama-heter-e1-r100/seed0/10/log.txt,100,True,score log,Complete
ffa,Nonlinear FFA,dolly_stratified,Dolly stratified,tinyllama,TinyLlama,heter,Heter,1,100,0,92,28.48558285130024,epoch_round_tuning_ffa_high_rounds/tuning-ffa-dolly_stratified-tinyllama-heter-e1-r100,/homes/neumann/trieu.vy.tran/FederatedLLM/epoch_round_tuning_ffa_high_rounds/tuning-ffa-dolly_stratified-tinyllama-heter-e1-r100,epoch_round_tuning_ffa_high_rounds/tuning-ffa-dolly_stratified-tinyllama-heter-e1-r100/seed0/10/log.txt,100,True,score log,Complete
ffa,Nonlinear FFA,dolly_stratified,Dolly stratified,tinyllama,TinyLlama,heter,Heter,1,100,0,93,29.033007323170057,epoch_round_tuning_ffa_high_rounds/tuning-ffa-dolly_stratified-tinyllama-heter-e1-r100,/homes/neumann/trieu.vy.tran/FederatedLLM/epoch_round_tuning_ffa_high_rounds/tuning-ffa-dolly_stratified-tinyllama-heter-e1-r100,epoch_round_tuning_ffa_high_rounds/tuning-ffa-dolly_stratified-tinyllama-heter-e1-r100/seed0/10/log.txt,100,True,score log,Complete
ffa,Nonlinear FFA,dolly_stratified,Dolly stratified,tinyllama,TinyLlama,heter,Heter,1,100,0,94,27.759836997541875,epoch_round_tuning_ffa_high_rounds/tuning-ffa-dolly_stratified-tinyllama-heter-e1-r100,/homes/neumann/trieu.vy.tran/FederatedLLM/epoch_round_tuning_ffa_high_rounds/tuning-ffa-dolly_stratified-tinyllama-heter-e1-r100,epoch_round_tuning_ffa_high_rounds/tuning-ffa-dolly_stratified-tinyllama-heter-e1-r100/seed0/10/log.txt,100,True,score log,Complete
ffa,Nonlinear FFA,dolly_stratified,Dolly stratified,tinyllama,TinyLlama,heter,Heter,1,100,0,95,27.922100913110448,epoch_round_tuning_ffa_high_rounds/tuning-ffa-dolly_stratified-tinyllama-heter-e1-r100,/homes/neumann/trieu.vy.tran/FederatedLLM/epoch_round_tuning_ffa_high_rounds/tuning-ffa-dolly_stratified-tinyllama-heter-e1-r100,epoch_round_tuning_ffa_high_rounds/tuning-ffa-dolly_stratified-tinyllama-heter-e1-r100/seed0/10/log.txt,100,True,score log,Complete
ffa,Nonlinear FFA,dolly_stratified,Dolly stratified,tinyllama,TinyLlama,heter,Heter,1,100,0,96,29.11313339596318,epoch_round_tuning_ffa_high_rounds/tuning-ffa-dolly_stratified-tinyllama-heter-e1-r100,/homes/neumann/trieu.vy.tran/FederatedLLM/epoch_round_tuning_ffa_high_rounds/tuning-ffa-dolly_stratified-tinyllama-heter-e1-r100,epoch_round_tuning_ffa_high_rounds/tuning-ffa-dolly_stratified-tinyllama-heter-e1-r100/seed0/10/log.txt,100,True,score log,Complete
ffa,Nonlinear FFA,dolly_stratified,Dolly stratified,tinyllama,TinyLlama,heter,Heter,1,100,0,97,29.25532733422313,epoch_round_tuning_ffa_high_rounds/tuning-ffa-dolly_stratified-tinyllama-heter-e1-r100,/homes/neumann/trieu.vy.tran/FederatedLLM/epoch_round_tuning_ffa_high_rounds/tuning-ffa-dolly_stratified-tinyllama-heter-e1-r100,epoch_round_tuning_ffa_high_rounds/tuning-ffa-dolly_stratified-tinyllama-heter-e1-r100/seed0/10/log.txt,100,True,score log,Complete
ffa,Nonlinear FFA,dolly_stratified,Dolly stratified,tinyllama,TinyLlama,heter,Heter,1,100,0,98,29.42411561053129,epoch_round_tuning_ffa_high_rounds/tuning-ffa-dolly_stratified-tinyllama-heter-e1-r100,/homes/neumann/trieu.vy.tran/FederatedLLM/epoch_round_tuning_ffa_high_rounds/tuning-ffa-dolly_stratified-tinyllama-heter-e1-r100,epoch_round_tuning_ffa_high_rounds/tuning-ffa-dolly_stratified-tinyllama-heter-e1-r100/seed0/10/log.txt,100,True,score log,Complete
ffa,Nonlinear FFA,dolly_stratified,Dolly stratified,tinyllama,TinyLlama,heter,Heter,1,100,0,99,27.05314623857348,epoch_round_tuning_ffa_high_rounds/tuning-ffa-dolly_stratified-tinyllama-heter-e1-r100,/homes/neumann/trieu.vy.tran/FederatedLLM/epoch_round_tuning_ffa_high_rounds/tuning-ffa-dolly_stratified-tinyllama-heter-e1-r100,epoch_round_tuning_ffa_high_rounds/tuning-ffa-dolly_stratified-tinyllama-heter-e1-r100/seed0/10/log.txt,100,True,score log,Complete
ffa,Nonlinear FFA,dolly_stratified,Dolly stratified,tinyllama,TinyLlama,heter,Heter,1,100,0,100,30.164494744360532,epoch_round_tuning_ffa_high_rounds/tuning-ffa-dolly_stratified-tinyllama-heter-e1-r100,/homes/neumann/trieu.vy.tran/FederatedLLM/epoch_round_tuning_ffa_high_rounds/tuning-ffa-dolly_stratified-tinyllama-heter-e1-r100,epoch_round_tuning_ffa_high_rounds/tuning-ffa-dolly_stratified-tinyllama-heter-e1-r100/seed0/10/log.txt,100,True,score log,Complete
ffa,Nonlinear FFA,dolly_stratified,Dolly stratified,tinyllama,TinyLlama,homo,Homo,1,50,0,1,15.208635429818356,epoch_round_tuning_ffa_high_rounds/tuning-ffa-dolly_stratified-tinyllama-homo-e1-r50,/homes/neumann/trieu.vy.tran/FederatedLLM/epoch_round_tuning_ffa_high_rounds/tuning-ffa-dolly_stratified-tinyllama-homo-e1-r50,epoch_round_tuning_ffa_high_rounds/tuning-ffa-dolly_stratified-tinyllama-homo-e1-r50/seed0/10/log.txt,50,True,score log,Complete
ffa,Nonlinear FFA,dolly_stratified,Dolly stratified,tinyllama,TinyLlama,homo,Homo,1,50,0,2,19.880222715204198,epoch_round_tuning_ffa_high_rounds/tuning-ffa-dolly_stratified-tinyllama-homo-e1-r50,/homes/neumann/trieu.vy.tran/FederatedLLM/epoch_round_tuning_ffa_high_rounds/tuning-ffa-dolly_stratified-tinyllama-homo-e1-r50,epoch_round_tuning_ffa_high_rounds/tuning-ffa-dolly_stratified-tinyllama-homo-e1-r50/seed0/10/log.txt,50,True,score log,Complete
ffa,Nonlinear FFA,dolly_stratified,Dolly stratified,tinyllama,TinyLlama,homo,Homo,1,50,0,3,22.703119438335833,epoch_round_tuning_ffa_high_rounds/tuning-ffa-dolly_stratified-tinyllama-homo-e1-r50,/homes/neumann/trieu.vy.tran/FederatedLLM/epoch_round_tuning_ffa_high_rounds/tuning-ffa-dolly_stratified-tinyllama-homo-e1-r50,epoch_round_tuning_ffa_high_rounds/tuning-ffa-dolly_stratified-tinyllama-homo-e1-r50/seed0/10/log.txt,50,True,score log,Complete
ffa,Nonlinear FFA,dolly_stratified,Dolly stratified,tinyllama,TinyLlama,homo,Homo,1,50,0,4,24.993342329316402,epoch_round_tuning_ffa_high_rounds/tuning-ffa-dolly_stratified-tinyllama-homo-e1-r50,/homes/neumann/trieu.vy.tran/FederatedLLM/epoch_round_tuning_ffa_high_rounds/tuning-ffa-dolly_stratified-tinyllama-homo-e1-r50,epoch_round_tuning_ffa_high_rounds/tuning-ffa-dolly_stratified-tinyllama-homo-e1-r50/seed0/10/log.txt,50,True,score log,Complete
ffa,Nonlinear FFA,dolly_stratified,Dolly stratified,tinyllama,TinyLlama,homo,Homo,1,50,0,5,27.332494791423223,epoch_round_tuning_ffa_high_rounds/tuning-ffa-dolly_stratified-tinyllama-homo-e1-r50,/homes/neumann/trieu.vy.tran/FederatedLLM/epoch_round_tuning_ffa_high_rounds/tuning-ffa-dolly_stratified-tinyllama-homo-e1-r50,epoch_round_tuning_ffa_high_rounds/tuning-ffa-dolly_stratified-tinyllama-homo-e1-r50/seed0/10/log.txt,50,True,score log,Complete
ffa,Nonlinear FFA,dolly_stratified,Dolly stratified,tinyllama,TinyLlama,homo,Homo,1,50,0,6,28.567124917626828,epoch_round_tuning_ffa_high_rounds/tuning-ffa-dolly_stratified-tinyllama-homo-e1-r50,/homes/neumann/trieu.vy.tran/FederatedLLM/epoch_round_tuning_ffa_high_rounds/tuning-ffa-dolly_stratified-tinyllama-homo-e1-r50,epoch_round_tuning_ffa_high_rounds/tuning-ffa-dolly_stratified-tinyllama-homo-e1-r50/seed0/10/log.txt,50,True,score log,Complete
ffa,Nonlinear FFA,dolly_stratified,Dolly stratified,tinyllama,TinyLlama,homo,Homo,1,50,0,7,28.742376734969195,epoch_round_tuning_ffa_high_rounds/tuning-ffa-dolly_stratified-tinyllama-homo-e1-r50,/homes/neumann/trieu.vy.tran/FederatedLLM/epoch_round_tuning_ffa_high_rounds/tuning-ffa-dolly_stratified-tinyllama-homo-e1-r50,epoch_round_tuning_ffa_high_rounds/tuning-ffa-dolly_stratified-tinyllama-homo-e1-r50/seed0/10/log.txt,50,True,score log,Complete
ffa,Nonlinear FFA,dolly_stratified,Dolly stratified,tinyllama,TinyLlama,homo,Homo,1,50,0,8,28.210611132603997,epoch_round_tuning_ffa_high_rounds/tuning-ffa-dolly_stratified-tinyllama-homo-e1-r50,/homes/neumann/trieu.vy.tran/FederatedLLM/epoch_round_tuning_ffa_high_rounds/tuning-ffa-dolly_stratified-tinyllama-homo-e1-r50,epoch_round_tuning_ffa_high_rounds/tuning-ffa-dolly_stratified-tinyllama-homo-e1-r50/seed0/10/log.txt,50,True,score log,Complete
ffa,Nonlinear FFA,dolly_stratified,Dolly stratified,tinyllama,TinyLlama,homo,Homo,1,50,0,9,28.505094079803683,epoch_round_tuning_ffa_high_rounds/tuning-ffa-dolly_stratified-tinyllama-homo-e1-r50,/homes/neumann/trieu.vy.tran/FederatedLLM/epoch_round_tuning_ffa_high_rounds/tuning-ffa-dolly_stratified-tinyllama-homo-e1-r50,epoch_round_tuning_ffa_high_rounds/tuning-ffa-dolly_stratified-tinyllama-homo-e1-r50/seed0/10/log.txt,50,True,score log,Complete
ffa,Nonlinear FFA,dolly_stratified,Dolly stratified,tinyllama,TinyLlama,homo,Homo,1,50,0,10,27.017467198866534,epoch_round_tuning_ffa_high_rounds/tuning-ffa-dolly_stratified-tinyllama-homo-e1-r50,/homes/neumann/trieu.vy.tran/FederatedLLM/epoch_round_tuning_ffa_high_rounds/tuning-ffa-dolly_stratified-tinyllama-homo-e1-r50,epoch_round_tuning_ffa_high_rounds/tuning-ffa-dolly_stratified-tinyllama-homo-e1-r50/seed0/10/log.txt,50,True,score log,Complete
ffa,Nonlinear FFA,dolly_stratified,Dolly stratified,tinyllama,TinyLlama,homo,Homo,1,50,0,11,28.542384722752836,epoch_round_tuning_ffa_high_rounds/tuning-ffa-dolly_stratified-tinyllama-homo-e1-r50,/homes/neumann/trieu.vy.tran/FederatedLLM/epoch_round_tuning_ffa_high_rounds/tuning-ffa-dolly_stratified-tinyllama-homo-e1-r50,epoch_round_tuning_ffa_high_rounds/tuning-ffa-dolly_stratified-tinyllama-homo-e1-r50/seed0/10/log.txt,50,True,score log,Complete
ffa,Nonlinear FFA,dolly_stratified,Dolly stratified,tinyllama,TinyLlama,homo,Homo,1,50,0,12,28.503977416695257,epoch_round_tuning_ffa_high_rounds/tuning-ffa-dolly_stratified-tinyllama-homo-e1-r50,/homes/neumann/trieu.vy.tran/FederatedLLM/epoch_round_tuning_ffa_high_rounds/tuning-ffa-dolly_stratified-tinyllama-homo-e1-r50,epoch_round_tuning_ffa_high_rounds/tuning-ffa-dolly_stratified-tinyllama-homo-e1-r50/seed0/10/log.txt,50,True,score log,Complete
ffa,Nonlinear FFA,dolly_stratified,Dolly stratified,tinyllama,TinyLlama,homo,Homo,1,50,0,13,28.418984414174126,epoch_round_tuning_ffa_high_rounds/tuning-ffa-dolly_stratified-tinyllama-homo-e1-r50,/homes/neumann/trieu.vy.tran/FederatedLLM/epoch_round_tuning_ffa_high_rounds/tuning-ffa-dolly_stratified-tinyllama-homo-e1-r50,epoch_round_tuning_ffa_high_rounds/tuning-ffa-dolly_stratified-tinyllama-homo-e1-r50/seed0/10/log.txt,50,True,score log,Complete
ffa,Nonlinear FFA,dolly_stratified,Dolly stratified,tinyllama,TinyLlama,homo,Homo,1,50,0,14,28.480763214602366,epoch_round_tuning_ffa_high_rounds/tuning-ffa-dolly_stratified-tinyllama-homo-e1-r50,/homes/neumann/trieu.vy.tran/FederatedLLM/epoch_round_tuning_ffa_high_rounds/tuning-ffa-dolly_stratified-tinyllama-homo-e1-r50,epoch_round_tuning_ffa_high_rounds/tuning-ffa-dolly_stratified-tinyllama-homo-e1-r50/seed0/10/log.txt,50,True,score log,Complete
ffa,Nonlinear FFA,dolly_stratified,Dolly stratified,tinyllama,TinyLlama,homo,Homo,1,50,0,15,27.639162112666316,epoch_round_tuning_ffa_high_rounds/tuning-ffa-dolly_stratified-tinyllama-homo-e1-r50,/homes/neumann/trieu.vy.tran/FederatedLLM/epoch_round_tuning_ffa_high_rounds/tuning-ffa-dolly_stratified-tinyllama-homo-e1-r50,epoch_round_tuning_ffa_high_rounds/tuning-ffa-dolly_stratified-tinyllama-homo-e1-r50/seed0/10/log.txt,50,True,score log,Complete
ffa,Nonlinear FFA,dolly_stratified,Dolly stratified,tinyllama,TinyLlama,homo,Homo,1,50,0,16,27.796611503978706,epoch_round_tuning_ffa_high_rounds/tuning-ffa-dolly_stratified-tinyllama-homo-e1-r50,/homes/neumann/trieu.vy.tran/FederatedLLM/epoch_round_tuning_ffa_high_rounds/tuning-ffa-dolly_stratified-tinyllama-homo-e1-r50,epoch_round_tuning_ffa_high_rounds/tuning-ffa-dolly_stratified-tinyllama-homo-e1-r50/seed0/10/log.txt,50,True,score log,Complete
ffa,Nonlinear FFA,dolly_stratified,Dolly stratified,tinyllama,TinyLlama,homo,Homo,1,50,0,17,27.89164366470425,epoch_round_tuning_ffa_high_rounds/tuning-ffa-dolly_stratified-tinyllama-homo-e1-r50,/homes/neumann/trieu.vy.tran/FederatedLLM/epoch_round_tuning_ffa_high_rounds/tuning-ffa-dolly_stratified-tinyllama-homo-e1-r50,epoch_round_tuning_ffa_high_rounds/tuning-ffa-dolly_stratified-tinyllama-homo-e1-r50/seed0/10/log.txt,50,True,score log,Complete
ffa,Nonlinear FFA,dolly_stratified,Dolly stratified,tinyllama,TinyLlama,homo,Homo,1,50,0,18,29.442851913675565,epoch_round_tuning_ffa_high_rounds/tuning-ffa-dolly_stratified-tinyllama-homo-e1-r50,/homes/neumann/trieu.vy.tran/FederatedLLM/epoch_round_tuning_ffa_high_rounds/tuning-ffa-dolly_stratified-tinyllama-homo-e1-r50,epoch_round_tuning_ffa_high_rounds/tuning-ffa-dolly_stratified-tinyllama-homo-e1-r50/seed0/10/log.txt,50,True,score log,Complete
ffa,Nonlinear FFA,dolly_stratified,Dolly stratified,tinyllama,TinyLlama,homo,Homo,1,50,0,19,28.89701134071733,epoch_round_tuning_ffa_high_rounds/tuning-ffa-dolly_stratified-tinyllama-homo-e1-r50,/homes/neumann/trieu.vy.tran/FederatedLLM/epoch_round_tuning_ffa_high_rounds/tuning-ffa-dolly_stratified-tinyllama-homo-e1-r50,epoch_round_tuning_ffa_high_rounds/tuning-ffa-dolly_stratified-tinyllama-homo-e1-r50/seed0/10/log.txt,50,True,score log,Complete
ffa,Nonlinear FFA,dolly_stratified,Dolly stratified,tinyllama,TinyLlama,homo,Homo,1,50,0,20,28.091354482692672,epoch_round_tuning_ffa_high_rounds/tuning-ffa-dolly_stratified-tinyllama-homo-e1-r50,/homes/neumann/trieu.vy.tran/FederatedLLM/epoch_round_tuning_ffa_high_rounds/tuning-ffa-dolly_stratified-tinyllama-homo-e1-r50,epoch_round_tuning_ffa_high_rounds/tuning-ffa-dolly_stratified-tinyllama-homo-e1-r50/seed0/10/log.txt,50,True,score log,Complete
ffa,Nonlinear FFA,dolly_stratified,Dolly stratified,tinyllama,TinyLlama,homo,Homo,1,50,0,21,28.685953141871117,epoch_round_tuning_ffa_high_rounds/tuning-ffa-dolly_stratified-tinyllama-homo-e1-r50,/homes/neumann/trieu.vy.tran/FederatedLLM/epoch_round_tuning_ffa_high_rounds/tuning-ffa-dolly_stratified-tinyllama-homo-e1-r50,epoch_round_tuning_ffa_high_rounds/tuning-ffa-dolly_stratified-tinyllama-homo-e1-r50/seed0/10/log.txt,50,True,score log,Complete
ffa,Nonlinear FFA,dolly_stratified,Dolly stratified,tinyllama,TinyLlama,homo,Homo,1,50,0,22,29.9971555187453,epoch_round_tuning_ffa_high_rounds/tuning-ffa-dolly_stratified-tinyllama-homo-e1-r50,/homes/neumann/trieu.vy.tran/FederatedLLM/epoch_round_tuning_ffa_high_rounds/tuning-ffa-dolly_stratified-tinyllama-homo-e1-r50,epoch_round_tuning_ffa_high_rounds/tuning-ffa-dolly_stratified-tinyllama-homo-e1-r50/seed0/10/log.txt,50,True,score log,Complete
ffa,Nonlinear FFA,dolly_stratified,Dolly stratified,tinyllama,TinyLlama,homo,Homo,1,50,0,23,28.070181971436085,epoch_round_tuning_ffa_high_rounds/tuning-ffa-dolly_stratified-tinyllama-homo-e1-r50,/homes/neumann/trieu.vy.tran/FederatedLLM/epoch_round_tuning_ffa_high_rounds/tuning-ffa-dolly_stratified-tinyllama-homo-e1-r50,epoch_round_tuning_ffa_high_rounds/tuning-ffa-dolly_stratified-tinyllama-homo-e1-r50/seed0/10/log.txt,50,True,score log,Complete
ffa,Nonlinear FFA,dolly_stratified,Dolly stratified,tinyllama,TinyLlama,homo,Homo,1,50,0,24,29.360138394865444,epoch_round_tuning_ffa_high_rounds/tuning-ffa-dolly_stratified-tinyllama-homo-e1-r50,/homes/neumann/trieu.vy.tran/FederatedLLM/epoch_round_tuning_ffa_high_rounds/tuning-ffa-dolly_stratified-tinyllama-homo-e1-r50,epoch_round_tuning_ffa_high_rounds/tuning-ffa-dolly_stratified-tinyllama-homo-e1-r50/seed0/10/log.txt,50,True,score log,Complete
ffa,Nonlinear FFA,dolly_stratified,Dolly stratified,tinyllama,TinyLlama,homo,Homo,1,50,0,25,29.00355275747183,epoch_round_tuning_ffa_high_rounds/tuning-ffa-dolly_stratified-tinyllama-homo-e1-r50,/homes/neumann/trieu.vy.tran/FederatedLLM/epoch_round_tuning_ffa_high_rounds/tuning-ffa-dolly_stratified-tinyllama-homo-e1-r50,epoch_round_tuning_ffa_high_rounds/tuning-ffa-dolly_stratified-tinyllama-homo-e1-r50/seed0/10/log.txt,50,True,score log,Complete
ffa,Nonlinear FFA,dolly_stratified,Dolly stratified,tinyllama,TinyLlama,homo,Homo,1,50,0,26,28.080123796520912,epoch_round_tuning_ffa_high_rounds/tuning-ffa-dolly_stratified-tinyllama-homo-e1-r50,/homes/neumann/trieu.vy.tran/FederatedLLM/epoch_round_tuning_ffa_high_rounds/tuning-ffa-dolly_stratified-tinyllama-homo-e1-r50,epoch_round_tuning_ffa_high_rounds/tuning-ffa-dolly_stratified-tinyllama-homo-e1-r50/seed0/10/log.txt,50,True,score log,Complete
ffa,Nonlinear FFA,dolly_stratified,Dolly stratified,tinyllama,TinyLlama,homo,Homo,1,50,0,27,30.62848073751786,epoch_round_tuning_ffa_high_rounds/tuning-ffa-dolly_stratified-tinyllama-homo-e1-r50,/homes/neumann/trieu.vy.tran/FederatedLLM/epoch_round_tuning_ffa_high_rounds/tuning-ffa-dolly_stratified-tinyllama-homo-e1-r50,epoch_round_tuning_ffa_high_rounds/tuning-ffa-dolly_stratified-tinyllama-homo-e1-r50/seed0/10/log.txt,50,True,score log,Complete
ffa,Nonlinear FFA,dolly_stratified,Dolly stratified,tinyllama,TinyLlama,homo,Homo,1,50,0,28,29.38407835219481,epoch_round_tuning_ffa_high_rounds/tuning-ffa-dolly_stratified-tinyllama-homo-e1-r50,/homes/neumann/trieu.vy.tran/FederatedLLM/epoch_round_tuning_ffa_high_rounds/tuning-ffa-dolly_stratified-tinyllama-homo-e1-r50,epoch_round_tuning_ffa_high_rounds/tuning-ffa-dolly_stratified-tinyllama-homo-e1-r50/seed0/10/log.txt,50,True,score log,Complete
ffa,Nonlinear FFA,dolly_stratified,Dolly stratified,tinyllama,TinyLlama,homo,Homo,1,50,0,29,30.53393055301228,epoch_round_tuning_ffa_high_rounds/tuning-ffa-dolly_stratified-tinyllama-homo-e1-r50,/homes/neumann/trieu.vy.tran/FederatedLLM/epoch_round_tuning_ffa_high_rounds/tuning-ffa-dolly_stratified-tinyllama-homo-e1-r50,epoch_round_tuning_ffa_high_rounds/tuning-ffa-dolly_stratified-tinyllama-homo-e1-r50/seed0/10/log.txt,50,True,score log,Complete
ffa,Nonlinear FFA,dolly_stratified,Dolly stratified,tinyllama,TinyLlama,homo,Homo,1,50,0,30,29.13294272373094,epoch_round_tuning_ffa_high_rounds/tuning-ffa-dolly_stratified-tinyllama-homo-e1-r50,/homes/neumann/trieu.vy.tran/FederatedLLM/epoch_round_tuning_ffa_high_rounds/tuning-ffa-dolly_stratified-tinyllama-homo-e1-r50,epoch_round_tuning_ffa_high_rounds/tuning-ffa-dolly_stratified-tinyllama-homo-e1-r50/seed0/10/log.txt,50,True,score log,Complete
ffa,Nonlinear FFA,dolly_stratified,Dolly stratified,tinyllama,TinyLlama,homo,Homo,1,50,0,31,29.863684445170062,epoch_round_tuning_ffa_high_rounds/tuning-ffa-dolly_stratified-tinyllama-homo-e1-r50,/homes/neumann/trieu.vy.tran/FederatedLLM/epoch_round_tuning_ffa_high_rounds/tuning-ffa-dolly_stratified-tinyllama-homo-e1-r50,epoch_round_tuning_ffa_high_rounds/tuning-ffa-dolly_stratified-tinyllama-homo-e1-r50/seed0/10/log.txt,50,True,score log,Complete
ffa,Nonlinear FFA,dolly_stratified,Dolly stratified,tinyllama,TinyLlama,homo,Homo,1,50,0,32,29.52082761874572,epoch_round_tuning_ffa_high_rounds/tuning-ffa-dolly_stratified-tinyllama-homo-e1-r50,/homes/neumann/trieu.vy.tran/FederatedLLM/epoch_round_tuning_ffa_high_rounds/tuning-ffa-dolly_stratified-tinyllama-homo-e1-r50,epoch_round_tuning_ffa_high_rounds/tuning-ffa-dolly_stratified-tinyllama-homo-e1-r50/seed0/10/log.txt,50,True,score log,Complete
ffa,Nonlinear FFA,dolly_stratified,Dolly stratified,tinyllama,TinyLlama,homo,Homo,1,50,0,33,28.568214363149373,epoch_round_tuning_ffa_high_rounds/tuning-ffa-dolly_stratified-tinyllama-homo-e1-r50,/homes/neumann/trieu.vy.tran/FederatedLLM/epoch_round_tuning_ffa_high_rounds/tuning-ffa-dolly_stratified-tinyllama-homo-e1-r50,epoch_round_tuning_ffa_high_rounds/tuning-ffa-dolly_stratified-tinyllama-homo-e1-r50/seed0/10/log.txt,50,True,score log,Complete
ffa,Nonlinear FFA,dolly_stratified,Dolly stratified,tinyllama,TinyLlama,homo,Homo,1,50,0,34,29.295185334179113,epoch_round_tuning_ffa_high_rounds/tuning-ffa-dolly_stratified-tinyllama-homo-e1-r50,/homes/neumann/trieu.vy.tran/FederatedLLM/epoch_round_tuning_ffa_high_rounds/tuning-ffa-dolly_stratified-tinyllama-homo-e1-r50,epoch_round_tuning_ffa_high_rounds/tuning-ffa-dolly_stratified-tinyllama-homo-e1-r50/seed0/10/log.txt,50,True,score log,Complete
ffa,Nonlinear FFA,dolly_stratified,Dolly stratified,tinyllama,TinyLlama,homo,Homo,1,50,0,35,29.692577229169338,epoch_round_tuning_ffa_high_rounds/tuning-ffa-dolly_stratified-tinyllama-homo-e1-r50,/homes/neumann/trieu.vy.tran/FederatedLLM/epoch_round_tuning_ffa_high_rounds/tuning-ffa-dolly_stratified-tinyllama-homo-e1-r50,epoch_round_tuning_ffa_high_rounds/tuning-ffa-dolly_stratified-tinyllama-homo-e1-r50/seed0/10/log.txt,50,True,score log,Complete
ffa,Nonlinear FFA,dolly_stratified,Dolly stratified,tinyllama,TinyLlama,homo,Homo,1,50,0,36,27.849447020433875,epoch_round_tuning_ffa_high_rounds/tuning-ffa-dolly_stratified-tinyllama-homo-e1-r50,/homes/neumann/trieu.vy.tran/FederatedLLM/epoch_round_tuning_ffa_high_rounds/tuning-ffa-dolly_stratified-tinyllama-homo-e1-r50,epoch_round_tuning_ffa_high_rounds/tuning-ffa-dolly_stratified-tinyllama-homo-e1-r50/seed0/10/log.txt,50,True,score log,Complete
ffa,Nonlinear FFA,dolly_stratified,Dolly stratified,tinyllama,TinyLlama,homo,Homo,1,50,0,37,29.295648425645226,epoch_round_tuning_ffa_high_rounds/tuning-ffa-dolly_stratified-tinyllama-homo-e1-r50,/homes/neumann/trieu.vy.tran/FederatedLLM/epoch_round_tuning_ffa_high_rounds/tuning-ffa-dolly_stratified-tinyllama-homo-e1-r50,epoch_round_tuning_ffa_high_rounds/tuning-ffa-dolly_stratified-tinyllama-homo-e1-r50/seed0/10/log.txt,50,True,score log,Complete
ffa,Nonlinear FFA,dolly_stratified,Dolly stratified,tinyllama,TinyLlama,homo,Homo,1,50,0,38,29.2270542336966,epoch_round_tuning_ffa_high_rounds/tuning-ffa-dolly_stratified-tinyllama-homo-e1-r50,/homes/neumann/trieu.vy.tran/FederatedLLM/epoch_round_tuning_ffa_high_rounds/tuning-ffa-dolly_stratified-tinyllama-homo-e1-r50,epoch_round_tuning_ffa_high_rounds/tuning-ffa-dolly_stratified-tinyllama-homo-e1-r50/seed0/10/log.txt,50,True,score log,Complete
ffa,Nonlinear FFA,dolly_stratified,Dolly stratified,tinyllama,TinyLlama,homo,Homo,1,50,0,39,30.64172761012463,epoch_round_tuning_ffa_high_rounds/tuning-ffa-dolly_stratified-tinyllama-homo-e1-r50,/homes/neumann/trieu.vy.tran/FederatedLLM/epoch_round_tuning_ffa_high_rounds/tuning-ffa-dolly_stratified-tinyllama-homo-e1-r50,epoch_round_tuning_ffa_high_rounds/tuning-ffa-dolly_stratified-tinyllama-homo-e1-r50/seed0/10/log.txt,50,True,score log,Complete
ffa,Nonlinear FFA,dolly_stratified,Dolly stratified,tinyllama,TinyLlama,homo,Homo,1,50,0,40,30.558574482119834,epoch_round_tuning_ffa_high_rounds/tuning-ffa-dolly_stratified-tinyllama-homo-e1-r50,/homes/neumann/trieu.vy.tran/FederatedLLM/epoch_round_tuning_ffa_high_rounds/tuning-ffa-dolly_stratified-tinyllama-homo-e1-r50,epoch_round_tuning_ffa_high_rounds/tuning-ffa-dolly_stratified-tinyllama-homo-e1-r50/seed0/10/log.txt,50,True,score log,Complete
ffa,Nonlinear FFA,dolly_stratified,Dolly stratified,tinyllama,TinyLlama,homo,Homo,1,50,0,41,29.263959233161092,epoch_round_tuning_ffa_high_rounds/tuning-ffa-dolly_stratified-tinyllama-homo-e1-r50,/homes/neumann/trieu.vy.tran/FederatedLLM/epoch_round_tuning_ffa_high_rounds/tuning-ffa-dolly_stratified-tinyllama-homo-e1-r50,epoch_round_tuning_ffa_high_rounds/tuning-ffa-dolly_stratified-tinyllama-homo-e1-r50/seed0/10/log.txt,50,True,score log,Complete
ffa,Nonlinear FFA,dolly_stratified,Dolly stratified,tinyllama,TinyLlama,homo,Homo,1,50,0,42,29.40568144591122,epoch_round_tuning_ffa_high_rounds/tuning-ffa-dolly_stratified-tinyllama-homo-e1-r50,/homes/neumann/trieu.vy.tran/FederatedLLM/epoch_round_tuning_ffa_high_rounds/tuning-ffa-dolly_stratified-tinyllama-homo-e1-r50,epoch_round_tuning_ffa_high_rounds/tuning-ffa-dolly_stratified-tinyllama-homo-e1-r50/seed0/10/log.txt,50,True,score log,Complete
ffa,Nonlinear FFA,dolly_stratified,Dolly stratified,tinyllama,TinyLlama,homo,Homo,1,50,0,43,27.918968361602793,epoch_round_tuning_ffa_high_rounds/tuning-ffa-dolly_stratified-tinyllama-homo-e1-r50,/homes/neumann/trieu.vy.tran/FederatedLLM/epoch_round_tuning_ffa_high_rounds/tuning-ffa-dolly_stratified-tinyllama-homo-e1-r50,epoch_round_tuning_ffa_high_rounds/tuning-ffa-dolly_stratified-tinyllama-homo-e1-r50/seed0/10/log.txt,50,True,score log,Complete
ffa,Nonlinear FFA,dolly_stratified,Dolly stratified,tinyllama,TinyLlama,homo,Homo,1,50,0,44,28.248029661139775,epoch_round_tuning_ffa_high_rounds/tuning-ffa-dolly_stratified-tinyllama-homo-e1-r50,/homes/neumann/trieu.vy.tran/FederatedLLM/epoch_round_tuning_ffa_high_rounds/tuning-ffa-dolly_stratified-tinyllama-homo-e1-r50,epoch_round_tuning_ffa_high_rounds/tuning-ffa-dolly_stratified-tinyllama-homo-e1-r50/seed0/10/log.txt,50,True,score log,Complete
ffa,Nonlinear FFA,dolly_stratified,Dolly stratified,tinyllama,TinyLlama,homo,Homo,1,50,0,45,28.575549761768066,epoch_round_tuning_ffa_high_rounds/tuning-ffa-dolly_stratified-tinyllama-homo-e1-r50,/homes/neumann/trieu.vy.tran/FederatedLLM/epoch_round_tuning_ffa_high_rounds/tuning-ffa-dolly_stratified-tinyllama-homo-e1-r50,epoch_round_tuning_ffa_high_rounds/tuning-ffa-dolly_stratified-tinyllama-homo-e1-r50/seed0/10/log.txt,50,True,score log,Complete
ffa,Nonlinear FFA,dolly_stratified,Dolly stratified,tinyllama,TinyLlama,homo,Homo,1,50,0,46,29.0769230132431,epoch_round_tuning_ffa_high_rounds/tuning-ffa-dolly_stratified-tinyllama-homo-e1-r50,/homes/neumann/trieu.vy.tran/FederatedLLM/epoch_round_tuning_ffa_high_rounds/tuning-ffa-dolly_stratified-tinyllama-homo-e1-r50,epoch_round_tuning_ffa_high_rounds/tuning-ffa-dolly_stratified-tinyllama-homo-e1-r50/seed0/10/log.txt,50,True,score log,Complete
ffa,Nonlinear FFA,dolly_stratified,Dolly stratified,tinyllama,TinyLlama,homo,Homo,1,50,0,47,28.099711337176903,epoch_round_tuning_ffa_high_rounds/tuning-ffa-dolly_stratified-tinyllama-homo-e1-r50,/homes/neumann/trieu.vy.tran/FederatedLLM/epoch_round_tuning_ffa_high_rounds/tuning-ffa-dolly_stratified-tinyllama-homo-e1-r50,epoch_round_tuning_ffa_high_rounds/tuning-ffa-dolly_stratified-tinyllama-homo-e1-r50/seed0/10/log.txt,50,True,score log,Complete
ffa,Nonlinear FFA,dolly_stratified,Dolly stratified,tinyllama,TinyLlama,homo,Homo,1,50,0,48,29.45326256835133,epoch_round_tuning_ffa_high_rounds/tuning-ffa-dolly_stratified-tinyllama-homo-e1-r50,/homes/neumann/trieu.vy.tran/FederatedLLM/epoch_round_tuning_ffa_high_rounds/tuning-ffa-dolly_stratified-tinyllama-homo-e1-r50,epoch_round_tuning_ffa_high_rounds/tuning-ffa-dolly_stratified-tinyllama-homo-e1-r50/seed0/10/log.txt,50,True,score log,Complete
ffa,Nonlinear FFA,dolly_stratified,Dolly stratified,tinyllama,TinyLlama,homo,Homo,1,50,0,49,28.45053905382877,epoch_round_tuning_ffa_high_rounds/tuning-ffa-dolly_stratified-tinyllama-homo-e1-r50,/homes/neumann/trieu.vy.tran/FederatedLLM/epoch_round_tuning_ffa_high_rounds/tuning-ffa-dolly_stratified-tinyllama-homo-e1-r50,epoch_round_tuning_ffa_high_rounds/tuning-ffa-dolly_stratified-tinyllama-homo-e1-r50/seed0/10/log.txt,50,True,score log,Complete
ffa,Nonlinear FFA,dolly_stratified,Dolly stratified,tinyllama,TinyLlama,homo,Homo,1,50,0,50,28.992167682149738,epoch_round_tuning_ffa_high_rounds/tuning-ffa-dolly_stratified-tinyllama-homo-e1-r50,/homes/neumann/trieu.vy.tran/FederatedLLM/epoch_round_tuning_ffa_high_rounds/tuning-ffa-dolly_stratified-tinyllama-homo-e1-r50,epoch_round_tuning_ffa_high_rounds/tuning-ffa-dolly_stratified-tinyllama-homo-e1-r50/seed0/10/log.txt,50,True,score log,Complete
ffa,Nonlinear FFA,dolly_stratified,Dolly stratified,tinyllama,TinyLlama,homo,Homo,1,100,0,1,16.958419063507304,epoch_round_tuning_ffa_high_rounds/tuning-ffa-dolly_stratified-tinyllama-homo-e1-r100,/homes/neumann/trieu.vy.tran/FederatedLLM/epoch_round_tuning_ffa_high_rounds/tuning-ffa-dolly_stratified-tinyllama-homo-e1-r100,epoch_round_tuning_ffa_high_rounds/tuning-ffa-dolly_stratified-tinyllama-homo-e1-r100/seed0/10/log.txt,100,True,score log,Complete
ffa,Nonlinear FFA,dolly_stratified,Dolly stratified,tinyllama,TinyLlama,homo,Homo,1,100,0,2,19.266260976257733,epoch_round_tuning_ffa_high_rounds/tuning-ffa-dolly_stratified-tinyllama-homo-e1-r100,/homes/neumann/trieu.vy.tran/FederatedLLM/epoch_round_tuning_ffa_high_rounds/tuning-ffa-dolly_stratified-tinyllama-homo-e1-r100,epoch_round_tuning_ffa_high_rounds/tuning-ffa-dolly_stratified-tinyllama-homo-e1-r100/seed0/10/log.txt,100,True,score log,Complete
ffa,Nonlinear FFA,dolly_stratified,Dolly stratified,tinyllama,TinyLlama,homo,Homo,1,100,0,3,22.410375958894253,epoch_round_tuning_ffa_high_rounds/tuning-ffa-dolly_stratified-tinyllama-homo-e1-r100,/homes/neumann/trieu.vy.tran/FederatedLLM/epoch_round_tuning_ffa_high_rounds/tuning-ffa-dolly_stratified-tinyllama-homo-e1-r100,epoch_round_tuning_ffa_high_rounds/tuning-ffa-dolly_stratified-tinyllama-homo-e1-r100/seed0/10/log.txt,100,True,score log,Complete
ffa,Nonlinear FFA,dolly_stratified,Dolly stratified,tinyllama,TinyLlama,homo,Homo,1,100,0,4,25.695358348602554,epoch_round_tuning_ffa_high_rounds/tuning-ffa-dolly_stratified-tinyllama-homo-e1-r100,/homes/neumann/trieu.vy.tran/FederatedLLM/epoch_round_tuning_ffa_high_rounds/tuning-ffa-dolly_stratified-tinyllama-homo-e1-r100,epoch_round_tuning_ffa_high_rounds/tuning-ffa-dolly_stratified-tinyllama-homo-e1-r100/seed0/10/log.txt,100,True,score log,Complete
ffa,Nonlinear FFA,dolly_stratified,Dolly stratified,tinyllama,TinyLlama,homo,Homo,1,100,0,5,29.329751664339103,epoch_round_tuning_ffa_high_rounds/tuning-ffa-dolly_stratified-tinyllama-homo-e1-r100,/homes/neumann/trieu.vy.tran/FederatedLLM/epoch_round_tuning_ffa_high_rounds/tuning-ffa-dolly_stratified-tinyllama-homo-e1-r100,epoch_round_tuning_ffa_high_rounds/tuning-ffa-dolly_stratified-tinyllama-homo-e1-r100/seed0/10/log.txt,100,True,score log,Complete
ffa,Nonlinear FFA,dolly_stratified,Dolly stratified,tinyllama,TinyLlama,homo,Homo,1,100,0,6,27.295056299792048,epoch_round_tuning_ffa_high_rounds/tuning-ffa-dolly_stratified-tinyllama-homo-e1-r100,/homes/neumann/trieu.vy.tran/FederatedLLM/epoch_round_tuning_ffa_high_rounds/tuning-ffa-dolly_stratified-tinyllama-homo-e1-r100,epoch_round_tuning_ffa_high_rounds/tuning-ffa-dolly_stratified-tinyllama-homo-e1-r100/seed0/10/log.txt,100,True,score log,Complete
ffa,Nonlinear FFA,dolly_stratified,Dolly stratified,tinyllama,TinyLlama,homo,Homo,1,100,0,7,28.777672597143688,epoch_round_tuning_ffa_high_rounds/tuning-ffa-dolly_stratified-tinyllama-homo-e1-r100,/homes/neumann/trieu.vy.tran/FederatedLLM/epoch_round_tuning_ffa_high_rounds/tuning-ffa-dolly_stratified-tinyllama-homo-e1-r100,epoch_round_tuning_ffa_high_rounds/tuning-ffa-dolly_stratified-tinyllama-homo-e1-r100/seed0/10/log.txt,100,True,score log,Complete
ffa,Nonlinear FFA,dolly_stratified,Dolly stratified,tinyllama,TinyLlama,homo,Homo,1,100,0,8,28.33423881307321,epoch_round_tuning_ffa_high_rounds/tuning-ffa-dolly_stratified-tinyllama-homo-e1-r100,/homes/neumann/trieu.vy.tran/FederatedLLM/epoch_round_tuning_ffa_high_rounds/tuning-ffa-dolly_stratified-tinyllama-homo-e1-r100,epoch_round_tuning_ffa_high_rounds/tuning-ffa-dolly_stratified-tinyllama-homo-e1-r100/seed0/10/log.txt,100,True,score log,Complete
ffa,Nonlinear FFA,dolly_stratified,Dolly stratified,tinyllama,TinyLlama,homo,Homo,1,100,0,9,27.580465930617375,epoch_round_tuning_ffa_high_rounds/tuning-ffa-dolly_stratified-tinyllama-homo-e1-r100,/homes/neumann/trieu.vy.tran/FederatedLLM/epoch_round_tuning_ffa_high_rounds/tuning-ffa-dolly_stratified-tinyllama-homo-e1-r100,epoch_round_tuning_ffa_high_rounds/tuning-ffa-dolly_stratified-tinyllama-homo-e1-r100/seed0/10/log.txt,100,True,score log,Complete
ffa,Nonlinear FFA,dolly_stratified,Dolly stratified,tinyllama,TinyLlama,homo,Homo,1,100,0,10,28.164522961169318,epoch_round_tuning_ffa_high_rounds/tuning-ffa-dolly_stratified-tinyllama-homo-e1-r100,/homes/neumann/trieu.vy.tran/FederatedLLM/epoch_round_tuning_ffa_high_rounds/tuning-ffa-dolly_stratified-tinyllama-homo-e1-r100,epoch_round_tuning_ffa_high_rounds/tuning-ffa-dolly_stratified-tinyllama-homo-e1-r100/seed0/10/log.txt,100,True,score log,Complete
ffa,Nonlinear FFA,dolly_stratified,Dolly stratified,tinyllama,TinyLlama,homo,Homo,1,100,0,11,28.31797231847688,epoch_round_tuning_ffa_high_rounds/tuning-ffa-dolly_stratified-tinyllama-homo-e1-r100,/homes/neumann/trieu.vy.tran/FederatedLLM/epoch_round_tuning_ffa_high_rounds/tuning-ffa-dolly_stratified-tinyllama-homo-e1-r100,epoch_round_tuning_ffa_high_rounds/tuning-ffa-dolly_stratified-tinyllama-homo-e1-r100/seed0/10/log.txt,100,True,score log,Complete
ffa,Nonlinear FFA,dolly_stratified,Dolly stratified,tinyllama,TinyLlama,homo,Homo,1,100,0,12,27.946928861291116,epoch_round_tuning_ffa_high_rounds/tuning-ffa-dolly_stratified-tinyllama-homo-e1-r100,/homes/neumann/trieu.vy.tran/FederatedLLM/epoch_round_tuning_ffa_high_rounds/tuning-ffa-dolly_stratified-tinyllama-homo-e1-r100,epoch_round_tuning_ffa_high_rounds/tuning-ffa-dolly_stratified-tinyllama-homo-e1-r100/seed0/10/log.txt,100,True,score log,Complete
ffa,Nonlinear FFA,dolly_stratified,Dolly stratified,tinyllama,TinyLlama,homo,Homo,1,100,0,13,27.483390468023916,epoch_round_tuning_ffa_high_rounds/tuning-ffa-dolly_stratified-tinyllama-homo-e1-r100,/homes/neumann/trieu.vy.tran/FederatedLLM/epoch_round_tuning_ffa_high_rounds/tuning-ffa-dolly_stratified-tinyllama-homo-e1-r100,epoch_round_tuning_ffa_high_rounds/tuning-ffa-dolly_stratified-tinyllama-homo-e1-r100/seed0/10/log.txt,100,True,score log,Complete
ffa,Nonlinear FFA,dolly_stratified,Dolly stratified,tinyllama,TinyLlama,homo,Homo,1,100,0,14,28.676131362842828,epoch_round_tuning_ffa_high_rounds/tuning-ffa-dolly_stratified-tinyllama-homo-e1-r100,/homes/neumann/trieu.vy.tran/FederatedLLM/epoch_round_tuning_ffa_high_rounds/tuning-ffa-dolly_stratified-tinyllama-homo-e1-r100,epoch_round_tuning_ffa_high_rounds/tuning-ffa-dolly_stratified-tinyllama-homo-e1-r100/seed0/10/log.txt,100,True,score log,Complete
ffa,Nonlinear FFA,dolly_stratified,Dolly stratified,tinyllama,TinyLlama,homo,Homo,1,100,0,15,29.00730852729529,epoch_round_tuning_ffa_high_rounds/tuning-ffa-dolly_stratified-tinyllama-homo-e1-r100,/homes/neumann/trieu.vy.tran/FederatedLLM/epoch_round_tuning_ffa_high_rounds/tuning-ffa-dolly_stratified-tinyllama-homo-e1-r100,epoch_round_tuning_ffa_high_rounds/tuning-ffa-dolly_stratified-tinyllama-homo-e1-r100/seed0/10/log.txt,100,True,score log,Complete
ffa,Nonlinear FFA,dolly_stratified,Dolly stratified,tinyllama,TinyLlama,homo,Homo,1,100,0,16,28.54959185003193,epoch_round_tuning_ffa_high_rounds/tuning-ffa-dolly_stratified-tinyllama-homo-e1-r100,/homes/neumann/trieu.vy.tran/FederatedLLM/epoch_round_tuning_ffa_high_rounds/tuning-ffa-dolly_stratified-tinyllama-homo-e1-r100,epoch_round_tuning_ffa_high_rounds/tuning-ffa-dolly_stratified-tinyllama-homo-e1-r100/seed0/10/log.txt,100,True,score log,Complete
ffa,Nonlinear FFA,dolly_stratified,Dolly stratified,tinyllama,TinyLlama,homo,Homo,1,100,0,17,28.058887252706672,epoch_round_tuning_ffa_high_rounds/tuning-ffa-dolly_stratified-tinyllama-homo-e1-r100,/homes/neumann/trieu.vy.tran/FederatedLLM/epoch_round_tuning_ffa_high_rounds/tuning-ffa-dolly_stratified-tinyllama-homo-e1-r100,epoch_round_tuning_ffa_high_rounds/tuning-ffa-dolly_stratified-tinyllama-homo-e1-r100/seed0/10/log.txt,100,True,score log,Complete
ffa,Nonlinear FFA,dolly_stratified,Dolly stratified,tinyllama,TinyLlama,homo,Homo,1,100,0,18,30.01736489937827,epoch_round_tuning_ffa_high_rounds/tuning-ffa-dolly_stratified-tinyllama-homo-e1-r100,/homes/neumann/trieu.vy.tran/FederatedLLM/epoch_round_tuning_ffa_high_rounds/tuning-ffa-dolly_stratified-tinyllama-homo-e1-r100,epoch_round_tuning_ffa_high_rounds/tuning-ffa-dolly_stratified-tinyllama-homo-e1-r100/seed0/10/log.txt,100,True,score log,Complete
ffa,Nonlinear FFA,dolly_stratified,Dolly stratified,tinyllama,TinyLlama,homo,Homo,1,100,0,19,28.986045902743474,epoch_round_tuning_ffa_high_rounds/tuning-ffa-dolly_stratified-tinyllama-homo-e1-r100,/homes/neumann/trieu.vy.tran/FederatedLLM/epoch_round_tuning_ffa_high_rounds/tuning-ffa-dolly_stratified-tinyllama-homo-e1-r100,epoch_round_tuning_ffa_high_rounds/tuning-ffa-dolly_stratified-tinyllama-homo-e1-r100/seed0/10/log.txt,100,True,score log,Complete
ffa,Nonlinear FFA,dolly_stratified,Dolly stratified,tinyllama,TinyLlama,homo,Homo,1,100,0,20,29.569304980898387,epoch_round_tuning_ffa_high_rounds/tuning-ffa-dolly_stratified-tinyllama-homo-e1-r100,/homes/neumann/trieu.vy.tran/FederatedLLM/epoch_round_tuning_ffa_high_rounds/tuning-ffa-dolly_stratified-tinyllama-homo-e1-r100,epoch_round_tuning_ffa_high_rounds/tuning-ffa-dolly_stratified-tinyllama-homo-e1-r100/seed0/10/log.txt,100,True,score log,Complete
ffa,Nonlinear FFA,dolly_stratified,Dolly stratified,tinyllama,TinyLlama,homo,Homo,1,100,0,21,28.609960691855076,epoch_round_tuning_ffa_high_rounds/tuning-ffa-dolly_stratified-tinyllama-homo-e1-r100,/homes/neumann/trieu.vy.tran/FederatedLLM/epoch_round_tuning_ffa_high_rounds/tuning-ffa-dolly_stratified-tinyllama-homo-e1-r100,epoch_round_tuning_ffa_high_rounds/tuning-ffa-dolly_stratified-tinyllama-homo-e1-r100/seed0/10/log.txt,100,True,score log,Complete
ffa,Nonlinear FFA,dolly_stratified,Dolly stratified,tinyllama,TinyLlama,homo,Homo,1,100,0,22,29.307692225843656,epoch_round_tuning_ffa_high_rounds/tuning-ffa-dolly_stratified-tinyllama-homo-e1-r100,/homes/neumann/trieu.vy.tran/FederatedLLM/epoch_round_tuning_ffa_high_rounds/tuning-ffa-dolly_stratified-tinyllama-homo-e1-r100,epoch_round_tuning_ffa_high_rounds/tuning-ffa-dolly_stratified-tinyllama-homo-e1-r100/seed0/10/log.txt,100,True,score log,Complete
ffa,Nonlinear FFA,dolly_stratified,Dolly stratified,tinyllama,TinyLlama,homo,Homo,1,100,0,23,29.04245463365826,epoch_round_tuning_ffa_high_rounds/tuning-ffa-dolly_stratified-tinyllama-homo-e1-r100,/homes/neumann/trieu.vy.tran/FederatedLLM/epoch_round_tuning_ffa_high_rounds/tuning-ffa-dolly_stratified-tinyllama-homo-e1-r100,epoch_round_tuning_ffa_high_rounds/tuning-ffa-dolly_stratified-tinyllama-homo-e1-r100/seed0/10/log.txt,100,True,score log,Complete
ffa,Nonlinear FFA,dolly_stratified,Dolly stratified,tinyllama,TinyLlama,homo,Homo,1,100,0,24,28.29010595384184,epoch_round_tuning_ffa_high_rounds/tuning-ffa-dolly_stratified-tinyllama-homo-e1-r100,/homes/neumann/trieu.vy.tran/FederatedLLM/epoch_round_tuning_ffa_high_rounds/tuning-ffa-dolly_stratified-tinyllama-homo-e1-r100,epoch_round_tuning_ffa_high_rounds/tuning-ffa-dolly_stratified-tinyllama-homo-e1-r100/seed0/10/log.txt,100,True,score log,Complete
ffa,Nonlinear FFA,dolly_stratified,Dolly stratified,tinyllama,TinyLlama,homo,Homo,1,100,0,25,28.32213133461509,epoch_round_tuning_ffa_high_rounds/tuning-ffa-dolly_stratified-tinyllama-homo-e1-r100,/homes/neumann/trieu.vy.tran/FederatedLLM/epoch_round_tuning_ffa_high_rounds/tuning-ffa-dolly_stratified-tinyllama-homo-e1-r100,epoch_round_tuning_ffa_high_rounds/tuning-ffa-dolly_stratified-tinyllama-homo-e1-r100/seed0/10/log.txt,100,True,score log,Complete
ffa,Nonlinear FFA,dolly_stratified,Dolly stratified,tinyllama,TinyLlama,homo,Homo,1,100,0,26,28.9013410360918,epoch_round_tuning_ffa_high_rounds/tuning-ffa-dolly_stratified-tinyllama-homo-e1-r100,/homes/neumann/trieu.vy.tran/FederatedLLM/epoch_round_tuning_ffa_high_rounds/tuning-ffa-dolly_stratified-tinyllama-homo-e1-r100,epoch_round_tuning_ffa_high_rounds/tuning-ffa-dolly_stratified-tinyllama-homo-e1-r100/seed0/10/log.txt,100,True,score log,Complete
ffa,Nonlinear FFA,dolly_stratified,Dolly stratified,tinyllama,TinyLlama,homo,Homo,1,100,0,27,30.269678772785326,epoch_round_tuning_ffa_high_rounds/tuning-ffa-dolly_stratified-tinyllama-homo-e1-r100,/homes/neumann/trieu.vy.tran/FederatedLLM/epoch_round_tuning_ffa_high_rounds/tuning-ffa-dolly_stratified-tinyllama-homo-e1-r100,epoch_round_tuning_ffa_high_rounds/tuning-ffa-dolly_stratified-tinyllama-homo-e1-r100/seed0/10/log.txt,100,True,score log,Complete
ffa,Nonlinear FFA,dolly_stratified,Dolly stratified,tinyllama,TinyLlama,homo,Homo,1,100,0,28,30.17499919430806,epoch_round_tuning_ffa_high_rounds/tuning-ffa-dolly_stratified-tinyllama-homo-e1-r100,/homes/neumann/trieu.vy.tran/FederatedLLM/epoch_round_tuning_ffa_high_rounds/tuning-ffa-dolly_stratified-tinyllama-homo-e1-r100,epoch_round_tuning_ffa_high_rounds/tuning-ffa-dolly_stratified-tinyllama-homo-e1-r100/seed0/10/log.txt,100,True,score log,Complete
ffa,Nonlinear FFA,dolly_stratified,Dolly stratified,tinyllama,TinyLlama,homo,Homo,1,100,0,29,30.085032377085398,epoch_round_tuning_ffa_high_rounds/tuning-ffa-dolly_stratified-tinyllama-homo-e1-r100,/homes/neumann/trieu.vy.tran/FederatedLLM/epoch_round_tuning_ffa_high_rounds/tuning-ffa-dolly_stratified-tinyllama-homo-e1-r100,epoch_round_tuning_ffa_high_rounds/tuning-ffa-dolly_stratified-tinyllama-homo-e1-r100/seed0/10/log.txt,100,True,score log,Complete
ffa,Nonlinear FFA,dolly_stratified,Dolly stratified,tinyllama,TinyLlama,homo,Homo,1,100,0,30,29.971358578528566,epoch_round_tuning_ffa_high_rounds/tuning-ffa-dolly_stratified-tinyllama-homo-e1-r100,/homes/neumann/trieu.vy.tran/FederatedLLM/epoch_round_tuning_ffa_high_rounds/tuning-ffa-dolly_stratified-tinyllama-homo-e1-r100,epoch_round_tuning_ffa_high_rounds/tuning-ffa-dolly_stratified-tinyllama-homo-e1-r100/seed0/10/log.txt,100,True,score log,Complete
ffa,Nonlinear FFA,dolly_stratified,Dolly stratified,tinyllama,TinyLlama,homo,Homo,1,100,0,31,28.735214071843494,epoch_round_tuning_ffa_high_rounds/tuning-ffa-dolly_stratified-tinyllama-homo-e1-r100,/homes/neumann/trieu.vy.tran/FederatedLLM/epoch_round_tuning_ffa_high_rounds/tuning-ffa-dolly_stratified-tinyllama-homo-e1-r100,epoch_round_tuning_ffa_high_rounds/tuning-ffa-dolly_stratified-tinyllama-homo-e1-r100/seed0/10/log.txt,100,True,score log,Complete
ffa,Nonlinear FFA,dolly_stratified,Dolly stratified,tinyllama,TinyLlama,homo,Homo,1,100,0,32,28.665020714144333,epoch_round_tuning_ffa_high_rounds/tuning-ffa-dolly_stratified-tinyllama-homo-e1-r100,/homes/neumann/trieu.vy.tran/FederatedLLM/epoch_round_tuning_ffa_high_rounds/tuning-ffa-dolly_stratified-tinyllama-homo-e1-r100,epoch_round_tuning_ffa_high_rounds/tuning-ffa-dolly_stratified-tinyllama-homo-e1-r100/seed0/10/log.txt,100,True,score log,Complete
ffa,Nonlinear FFA,dolly_stratified,Dolly stratified,tinyllama,TinyLlama,homo,Homo,1,100,0,33,29.315342068671363,epoch_round_tuning_ffa_high_rounds/tuning-ffa-dolly_stratified-tinyllama-homo-e1-r100,/homes/neumann/trieu.vy.tran/FederatedLLM/epoch_round_tuning_ffa_high_rounds/tuning-ffa-dolly_stratified-tinyllama-homo-e1-r100,epoch_round_tuning_ffa_high_rounds/tuning-ffa-dolly_stratified-tinyllama-homo-e1-r100/seed0/10/log.txt,100,True,score log,Complete
ffa,Nonlinear FFA,dolly_stratified,Dolly stratified,tinyllama,TinyLlama,homo,Homo,1,100,0,34,29.74200837121581,epoch_round_tuning_ffa_high_rounds/tuning-ffa-dolly_stratified-tinyllama-homo-e1-r100,/homes/neumann/trieu.vy.tran/FederatedLLM/epoch_round_tuning_ffa_high_rounds/tuning-ffa-dolly_stratified-tinyllama-homo-e1-r100,epoch_round_tuning_ffa_high_rounds/tuning-ffa-dolly_stratified-tinyllama-homo-e1-r100/seed0/10/log.txt,100,True,score log,Complete
ffa,Nonlinear FFA,dolly_stratified,Dolly stratified,tinyllama,TinyLlama,homo,Homo,1,100,0,35,29.19098901941882,epoch_round_tuning_ffa_high_rounds/tuning-ffa-dolly_stratified-tinyllama-homo-e1-r100,/homes/neumann/trieu.vy.tran/FederatedLLM/epoch_round_tuning_ffa_high_rounds/tuning-ffa-dolly_stratified-tinyllama-homo-e1-r100,epoch_round_tuning_ffa_high_rounds/tuning-ffa-dolly_stratified-tinyllama-homo-e1-r100/seed0/10/log.txt,100,True,score log,Complete
ffa,Nonlinear FFA,dolly_stratified,Dolly stratified,tinyllama,TinyLlama,homo,Homo,1,100,0,36,28.61154430085442,epoch_round_tuning_ffa_high_rounds/tuning-ffa-dolly_stratified-tinyllama-homo-e1-r100,/homes/neumann/trieu.vy.tran/FederatedLLM/epoch_round_tuning_ffa_high_rounds/tuning-ffa-dolly_stratified-tinyllama-homo-e1-r100,epoch_round_tuning_ffa_high_rounds/tuning-ffa-dolly_stratified-tinyllama-homo-e1-r100/seed0/10/log.txt,100,True,score log,Complete
ffa,Nonlinear FFA,dolly_stratified,Dolly stratified,tinyllama,TinyLlama,homo,Homo,1,100,0,37,27.388640103692286,epoch_round_tuning_ffa_high_rounds/tuning-ffa-dolly_stratified-tinyllama-homo-e1-r100,/homes/neumann/trieu.vy.tran/FederatedLLM/epoch_round_tuning_ffa_high_rounds/tuning-ffa-dolly_stratified-tinyllama-homo-e1-r100,epoch_round_tuning_ffa_high_rounds/tuning-ffa-dolly_stratified-tinyllama-homo-e1-r100/seed0/10/log.txt,100,True,score log,Complete
ffa,Nonlinear FFA,dolly_stratified,Dolly stratified,tinyllama,TinyLlama,homo,Homo,1,100,0,38,30.28745206445645,epoch_round_tuning_ffa_high_rounds/tuning-ffa-dolly_stratified-tinyllama-homo-e1-r100,/homes/neumann/trieu.vy.tran/FederatedLLM/epoch_round_tuning_ffa_high_rounds/tuning-ffa-dolly_stratified-tinyllama-homo-e1-r100,epoch_round_tuning_ffa_high_rounds/tuning-ffa-dolly_stratified-tinyllama-homo-e1-r100/seed0/10/log.txt,100,True,score log,Complete
ffa,Nonlinear FFA,dolly_stratified,Dolly stratified,tinyllama,TinyLlama,homo,Homo,1,100,0,39,28.994400034477902,epoch_round_tuning_ffa_high_rounds/tuning-ffa-dolly_stratified-tinyllama-homo-e1-r100,/homes/neumann/trieu.vy.tran/FederatedLLM/epoch_round_tuning_ffa_high_rounds/tuning-ffa-dolly_stratified-tinyllama-homo-e1-r100,epoch_round_tuning_ffa_high_rounds/tuning-ffa-dolly_stratified-tinyllama-homo-e1-r100/seed0/10/log.txt,100,True,score log,Complete
ffa,Nonlinear FFA,dolly_stratified,Dolly stratified,tinyllama,TinyLlama,homo,Homo,1,100,0,40,29.303533339724908,epoch_round_tuning_ffa_high_rounds/tuning-ffa-dolly_stratified-tinyllama-homo-e1-r100,/homes/neumann/trieu.vy.tran/FederatedLLM/epoch_round_tuning_ffa_high_rounds/tuning-ffa-dolly_stratified-tinyllama-homo-e1-r100,epoch_round_tuning_ffa_high_rounds/tuning-ffa-dolly_stratified-tinyllama-homo-e1-r100/seed0/10/log.txt,100,True,score log,Complete
ffa,Nonlinear FFA,dolly_stratified,Dolly stratified,tinyllama,TinyLlama,homo,Homo,1,100,0,41,29.45291226814668,epoch_round_tuning_ffa_high_rounds/tuning-ffa-dolly_stratified-tinyllama-homo-e1-r100,/homes/neumann/trieu.vy.tran/FederatedLLM/epoch_round_tuning_ffa_high_rounds/tuning-ffa-dolly_stratified-tinyllama-homo-e1-r100,epoch_round_tuning_ffa_high_rounds/tuning-ffa-dolly_stratified-tinyllama-homo-e1-r100/seed0/10/log.txt,100,True,score log,Complete
ffa,Nonlinear FFA,dolly_stratified,Dolly stratified,tinyllama,TinyLlama,homo,Homo,1,100,0,42,28.321810191016862,epoch_round_tuning_ffa_high_rounds/tuning-ffa-dolly_stratified-tinyllama-homo-e1-r100,/homes/neumann/trieu.vy.tran/FederatedLLM/epoch_round_tuning_ffa_high_rounds/tuning-ffa-dolly_stratified-tinyllama-homo-e1-r100,epoch_round_tuning_ffa_high_rounds/tuning-ffa-dolly_stratified-tinyllama-homo-e1-r100/seed0/10/log.txt,100,True,score log,Complete
ffa,Nonlinear FFA,dolly_stratified,Dolly stratified,tinyllama,TinyLlama,homo,Homo,1,100,0,43,28.445423973051437,epoch_round_tuning_ffa_high_rounds/tuning-ffa-dolly_stratified-tinyllama-homo-e1-r100,/homes/neumann/trieu.vy.tran/FederatedLLM/epoch_round_tuning_ffa_high_rounds/tuning-ffa-dolly_stratified-tinyllama-homo-e1-r100,epoch_round_tuning_ffa_high_rounds/tuning-ffa-dolly_stratified-tinyllama-homo-e1-r100/seed0/10/log.txt,100,True,score log,Complete
ffa,Nonlinear FFA,dolly_stratified,Dolly stratified,tinyllama,TinyLlama,homo,Homo,1,100,0,44,29.36843591833981,epoch_round_tuning_ffa_high_rounds/tuning-ffa-dolly_stratified-tinyllama-homo-e1-r100,/homes/neumann/trieu.vy.tran/FederatedLLM/epoch_round_tuning_ffa_high_rounds/tuning-ffa-dolly_stratified-tinyllama-homo-e1-r100,epoch_round_tuning_ffa_high_rounds/tuning-ffa-dolly_stratified-tinyllama-homo-e1-r100/seed0/10/log.txt,100,True,score log,Complete
ffa,Nonlinear FFA,dolly_stratified,Dolly stratified,tinyllama,TinyLlama,homo,Homo,1,100,0,45,28.06485865024733,epoch_round_tuning_ffa_high_rounds/tuning-ffa-dolly_stratified-tinyllama-homo-e1-r100,/homes/neumann/trieu.vy.tran/FederatedLLM/epoch_round_tuning_ffa_high_rounds/tuning-ffa-dolly_stratified-tinyllama-homo-e1-r100,epoch_round_tuning_ffa_high_rounds/tuning-ffa-dolly_stratified-tinyllama-homo-e1-r100/seed0/10/log.txt,100,True,score log,Complete
ffa,Nonlinear FFA,dolly_stratified,Dolly stratified,tinyllama,TinyLlama,homo,Homo,1,100,0,46,29.404533475237876,epoch_round_tuning_ffa_high_rounds/tuning-ffa-dolly_stratified-tinyllama-homo-e1-r100,/homes/neumann/trieu.vy.tran/FederatedLLM/epoch_round_tuning_ffa_high_rounds/tuning-ffa-dolly_stratified-tinyllama-homo-e1-r100,epoch_round_tuning_ffa_high_rounds/tuning-ffa-dolly_stratified-tinyllama-homo-e1-r100/seed0/10/log.txt,100,True,score log,Complete
ffa,Nonlinear FFA,dolly_stratified,Dolly stratified,tinyllama,TinyLlama,homo,Homo,1,100,0,47,27.926212727416466,epoch_round_tuning_ffa_high_rounds/tuning-ffa-dolly_stratified-tinyllama-homo-e1-r100,/homes/neumann/trieu.vy.tran/FederatedLLM/epoch_round_tuning_ffa_high_rounds/tuning-ffa-dolly_stratified-tinyllama-homo-e1-r100,epoch_round_tuning_ffa_high_rounds/tuning-ffa-dolly_stratified-tinyllama-homo-e1-r100/seed0/10/log.txt,100,True,score log,Complete
ffa,Nonlinear FFA,dolly_stratified,Dolly stratified,tinyllama,TinyLlama,homo,Homo,1,100,0,48,28.973625813178312,epoch_round_tuning_ffa_high_rounds/tuning-ffa-dolly_stratified-tinyllama-homo-e1-r100,/homes/neumann/trieu.vy.tran/FederatedLLM/epoch_round_tuning_ffa_high_rounds/tuning-ffa-dolly_stratified-tinyllama-homo-e1-r100,epoch_round_tuning_ffa_high_rounds/tuning-ffa-dolly_stratified-tinyllama-homo-e1-r100/seed0/10/log.txt,100,True,score log,Complete
ffa,Nonlinear FFA,dolly_stratified,Dolly stratified,tinyllama,TinyLlama,homo,Homo,1,100,0,49,28.57435861591594,epoch_round_tuning_ffa_high_rounds/tuning-ffa-dolly_stratified-tinyllama-homo-e1-r100,/homes/neumann/trieu.vy.tran/FederatedLLM/epoch_round_tuning_ffa_high_rounds/tuning-ffa-dolly_stratified-tinyllama-homo-e1-r100,epoch_round_tuning_ffa_high_rounds/tuning-ffa-dolly_stratified-tinyllama-homo-e1-r100/seed0/10/log.txt,100,True,score log,Complete
ffa,Nonlinear FFA,dolly_stratified,Dolly stratified,tinyllama,TinyLlama,homo,Homo,1,100,0,50,28.73503550635497,epoch_round_tuning_ffa_high_rounds/tuning-ffa-dolly_stratified-tinyllama-homo-e1-r100,/homes/neumann/trieu.vy.tran/FederatedLLM/epoch_round_tuning_ffa_high_rounds/tuning-ffa-dolly_stratified-tinyllama-homo-e1-r100,epoch_round_tuning_ffa_high_rounds/tuning-ffa-dolly_stratified-tinyllama-homo-e1-r100/seed0/10/log.txt,100,True,score log,Complete
ffa,Nonlinear FFA,dolly_stratified,Dolly stratified,tinyllama,TinyLlama,homo,Homo,1,100,0,51,28.082117813634515,epoch_round_tuning_ffa_high_rounds/tuning-ffa-dolly_stratified-tinyllama-homo-e1-r100,/homes/neumann/trieu.vy.tran/FederatedLLM/epoch_round_tuning_ffa_high_rounds/tuning-ffa-dolly_stratified-tinyllama-homo-e1-r100,epoch_round_tuning_ffa_high_rounds/tuning-ffa-dolly_stratified-tinyllama-homo-e1-r100/seed0/10/log.txt,100,True,score log,Complete
ffa,Nonlinear FFA,dolly_stratified,Dolly stratified,tinyllama,TinyLlama,homo,Homo,1,100,0,52,29.08152726671555,epoch_round_tuning_ffa_high_rounds/tuning-ffa-dolly_stratified-tinyllama-homo-e1-r100,/homes/neumann/trieu.vy.tran/FederatedLLM/epoch_round_tuning_ffa_high_rounds/tuning-ffa-dolly_stratified-tinyllama-homo-e1-r100,epoch_round_tuning_ffa_high_rounds/tuning-ffa-dolly_stratified-tinyllama-homo-e1-r100/seed0/10/log.txt,100,True,score log,Complete
ffa,Nonlinear FFA,dolly_stratified,Dolly stratified,tinyllama,TinyLlama,homo,Homo,1,100,0,53,27.758402855323318,epoch_round_tuning_ffa_high_rounds/tuning-ffa-dolly_stratified-tinyllama-homo-e1-r100,/homes/neumann/trieu.vy.tran/FederatedLLM/epoch_round_tuning_ffa_high_rounds/tuning-ffa-dolly_stratified-tinyllama-homo-e1-r100,epoch_round_tuning_ffa_high_rounds/tuning-ffa-dolly_stratified-tinyllama-homo-e1-r100/seed0/10/log.txt,100,True,score log,Complete
ffa,Nonlinear FFA,dolly_stratified,Dolly stratified,tinyllama,TinyLlama,homo,Homo,1,100,0,54,28.554238429266267,epoch_round_tuning_ffa_high_rounds/tuning-ffa-dolly_stratified-tinyllama-homo-e1-r100,/homes/neumann/trieu.vy.tran/FederatedLLM/epoch_round_tuning_ffa_high_rounds/tuning-ffa-dolly_stratified-tinyllama-homo-e1-r100,epoch_round_tuning_ffa_high_rounds/tuning-ffa-dolly_stratified-tinyllama-homo-e1-r100/seed0/10/log.txt,100,True,score log,Complete
ffa,Nonlinear FFA,dolly_stratified,Dolly stratified,tinyllama,TinyLlama,homo,Homo,1,100,0,55,28.46534533214901,epoch_round_tuning_ffa_high_rounds/tuning-ffa-dolly_stratified-tinyllama-homo-e1-r100,/homes/neumann/trieu.vy.tran/FederatedLLM/epoch_round_tuning_ffa_high_rounds/tuning-ffa-dolly_stratified-tinyllama-homo-e1-r100,epoch_round_tuning_ffa_high_rounds/tuning-ffa-dolly_stratified-tinyllama-homo-e1-r100/seed0/10/log.txt,100,True,score log,Complete
ffa,Nonlinear FFA,dolly_stratified,Dolly stratified,tinyllama,TinyLlama,homo,Homo,1,100,0,56,27.914318582586596,epoch_round_tuning_ffa_high_rounds/tuning-ffa-dolly_stratified-tinyllama-homo-e1-r100,/homes/neumann/trieu.vy.tran/FederatedLLM/epoch_round_tuning_ffa_high_rounds/tuning-ffa-dolly_stratified-tinyllama-homo-e1-r100,epoch_round_tuning_ffa_high_rounds/tuning-ffa-dolly_stratified-tinyllama-homo-e1-r100/seed0/10/log.txt,100,True,score log,Complete
ffa,Nonlinear FFA,dolly_stratified,Dolly stratified,tinyllama,TinyLlama,homo,Homo,1,100,0,57,27.618165560785577,epoch_round_tuning_ffa_high_rounds/tuning-ffa-dolly_stratified-tinyllama-homo-e1-r100,/homes/neumann/trieu.vy.tran/FederatedLLM/epoch_round_tuning_ffa_high_rounds/tuning-ffa-dolly_stratified-tinyllama-homo-e1-r100,epoch_round_tuning_ffa_high_rounds/tuning-ffa-dolly_stratified-tinyllama-homo-e1-r100/seed0/10/log.txt,100,True,score log,Complete
ffa,Nonlinear FFA,dolly_stratified,Dolly stratified,tinyllama,TinyLlama,homo,Homo,1,100,0,58,28.5139193456656,epoch_round_tuning_ffa_high_rounds/tuning-ffa-dolly_stratified-tinyllama-homo-e1-r100,/homes/neumann/trieu.vy.tran/FederatedLLM/epoch_round_tuning_ffa_high_rounds/tuning-ffa-dolly_stratified-tinyllama-homo-e1-r100,epoch_round_tuning_ffa_high_rounds/tuning-ffa-dolly_stratified-tinyllama-homo-e1-r100/seed0/10/log.txt,100,True,score log,Complete
ffa,Nonlinear FFA,dolly_stratified,Dolly stratified,tinyllama,TinyLlama,homo,Homo,1,100,0,59,28.878951503967958,epoch_round_tuning_ffa_high_rounds/tuning-ffa-dolly_stratified-tinyllama-homo-e1-r100,/homes/neumann/trieu.vy.tran/FederatedLLM/epoch_round_tuning_ffa_high_rounds/tuning-ffa-dolly_stratified-tinyllama-homo-e1-r100,epoch_round_tuning_ffa_high_rounds/tuning-ffa-dolly_stratified-tinyllama-homo-e1-r100/seed0/10/log.txt,100,True,score log,Complete
ffa,Nonlinear FFA,dolly_stratified,Dolly stratified,tinyllama,TinyLlama,homo,Homo,1,100,0,60,27.913668874959697,epoch_round_tuning_ffa_high_rounds/tuning-ffa-dolly_stratified-tinyllama-homo-e1-r100,/homes/neumann/trieu.vy.tran/FederatedLLM/epoch_round_tuning_ffa_high_rounds/tuning-ffa-dolly_stratified-tinyllama-homo-e1-r100,epoch_round_tuning_ffa_high_rounds/tuning-ffa-dolly_stratified-tinyllama-homo-e1-r100/seed0/10/log.txt,100,True,score log,Complete
ffa,Nonlinear FFA,dolly_stratified,Dolly stratified,tinyllama,TinyLlama,homo,Homo,1,100,0,61,28.04722731123383,epoch_round_tuning_ffa_high_rounds/tuning-ffa-dolly_stratified-tinyllama-homo-e1-r100,/homes/neumann/trieu.vy.tran/FederatedLLM/epoch_round_tuning_ffa_high_rounds/tuning-ffa-dolly_stratified-tinyllama-homo-e1-r100,epoch_round_tuning_ffa_high_rounds/tuning-ffa-dolly_stratified-tinyllama-homo-e1-r100/seed0/10/log.txt,100,True,score log,Complete
ffa,Nonlinear FFA,dolly_stratified,Dolly stratified,tinyllama,TinyLlama,homo,Homo,1,100,0,62,29.09936245121849,epoch_round_tuning_ffa_high_rounds/tuning-ffa-dolly_stratified-tinyllama-homo-e1-r100,/homes/neumann/trieu.vy.tran/FederatedLLM/epoch_round_tuning_ffa_high_rounds/tuning-ffa-dolly_stratified-tinyllama-homo-e1-r100,epoch_round_tuning_ffa_high_rounds/tuning-ffa-dolly_stratified-tinyllama-homo-e1-r100/seed0/10/log.txt,100,True,score log,Complete
ffa,Nonlinear FFA,dolly_stratified,Dolly stratified,tinyllama,TinyLlama,homo,Homo,1,100,0,63,27.978911526541168,epoch_round_tuning_ffa_high_rounds/tuning-ffa-dolly_stratified-tinyllama-homo-e1-r100,/homes/neumann/trieu.vy.tran/FederatedLLM/epoch_round_tuning_ffa_high_rounds/tuning-ffa-dolly_stratified-tinyllama-homo-e1-r100,epoch_round_tuning_ffa_high_rounds/tuning-ffa-dolly_stratified-tinyllama-homo-e1-r100/seed0/10/log.txt,100,True,score log,Complete
ffa,Nonlinear FFA,dolly_stratified,Dolly stratified,tinyllama,TinyLlama,homo,Homo,1,100,0,64,26.769097068329728,epoch_round_tuning_ffa_high_rounds/tuning-ffa-dolly_stratified-tinyllama-homo-e1-r100,/homes/neumann/trieu.vy.tran/FederatedLLM/epoch_round_tuning_ffa_high_rounds/tuning-ffa-dolly_stratified-tinyllama-homo-e1-r100,epoch_round_tuning_ffa_high_rounds/tuning-ffa-dolly_stratified-tinyllama-homo-e1-r100/seed0/10/log.txt,100,True,score log,Complete
ffa,Nonlinear FFA,dolly_stratified,Dolly stratified,tinyllama,TinyLlama,homo,Homo,1,100,0,65,27.60254411001066,epoch_round_tuning_ffa_high_rounds/tuning-ffa-dolly_stratified-tinyllama-homo-e1-r100,/homes/neumann/trieu.vy.tran/FederatedLLM/epoch_round_tuning_ffa_high_rounds/tuning-ffa-dolly_stratified-tinyllama-homo-e1-r100,epoch_round_tuning_ffa_high_rounds/tuning-ffa-dolly_stratified-tinyllama-homo-e1-r100/seed0/10/log.txt,100,True,score log,Complete
ffa,Nonlinear FFA,dolly_stratified,Dolly stratified,tinyllama,TinyLlama,homo,Homo,1,100,0,66,29.07840044012958,epoch_round_tuning_ffa_high_rounds/tuning-ffa-dolly_stratified-tinyllama-homo-e1-r100,/homes/neumann/trieu.vy.tran/FederatedLLM/epoch_round_tuning_ffa_high_rounds/tuning-ffa-dolly_stratified-tinyllama-homo-e1-r100,epoch_round_tuning_ffa_high_rounds/tuning-ffa-dolly_stratified-tinyllama-homo-e1-r100/seed0/10/log.txt,100,True,score log,Complete
ffa,Nonlinear FFA,dolly_stratified,Dolly stratified,tinyllama,TinyLlama,homo,Homo,1,100,0,67,26.70834250807711,epoch_round_tuning_ffa_high_rounds/tuning-ffa-dolly_stratified-tinyllama-homo-e1-r100,/homes/neumann/trieu.vy.tran/FederatedLLM/epoch_round_tuning_ffa_high_rounds/tuning-ffa-dolly_stratified-tinyllama-homo-e1-r100,epoch_round_tuning_ffa_high_rounds/tuning-ffa-dolly_stratified-tinyllama-homo-e1-r100/seed0/10/log.txt,100,True,score log,Complete
ffa,Nonlinear FFA,dolly_stratified,Dolly stratified,tinyllama,TinyLlama,homo,Homo,1,100,0,68,29.085260525476787,epoch_round_tuning_ffa_high_rounds/tuning-ffa-dolly_stratified-tinyllama-homo-e1-r100,/homes/neumann/trieu.vy.tran/FederatedLLM/epoch_round_tuning_ffa_high_rounds/tuning-ffa-dolly_stratified-tinyllama-homo-e1-r100,epoch_round_tuning_ffa_high_rounds/tuning-ffa-dolly_stratified-tinyllama-homo-e1-r100/seed0/10/log.txt,100,True,score log,Complete
ffa,Nonlinear FFA,dolly_stratified,Dolly stratified,tinyllama,TinyLlama,homo,Homo,1,100,0,69,28.470821245539412,epoch_round_tuning_ffa_high_rounds/tuning-ffa-dolly_stratified-tinyllama-homo-e1-r100,/homes/neumann/trieu.vy.tran/FederatedLLM/epoch_round_tuning_ffa_high_rounds/tuning-ffa-dolly_stratified-tinyllama-homo-e1-r100,epoch_round_tuning_ffa_high_rounds/tuning-ffa-dolly_stratified-tinyllama-homo-e1-r100/seed0/10/log.txt,100,True,score log,Complete
ffa,Nonlinear FFA,dolly_stratified,Dolly stratified,tinyllama,TinyLlama,homo,Homo,1,100,0,70,28.560664255314823,epoch_round_tuning_ffa_high_rounds/tuning-ffa-dolly_stratified-tinyllama-homo-e1-r100,/homes/neumann/trieu.vy.tran/FederatedLLM/epoch_round_tuning_ffa_high_rounds/tuning-ffa-dolly_stratified-tinyllama-homo-e1-r100,epoch_round_tuning_ffa_high_rounds/tuning-ffa-dolly_stratified-tinyllama-homo-e1-r100/seed0/10/log.txt,100,True,score log,Complete
ffa,Nonlinear FFA,dolly_stratified,Dolly stratified,tinyllama,TinyLlama,homo,Homo,1,100,0,71,28.237164027816913,epoch_round_tuning_ffa_high_rounds/tuning-ffa-dolly_stratified-tinyllama-homo-e1-r100,/homes/neumann/trieu.vy.tran/FederatedLLM/epoch_round_tuning_ffa_high_rounds/tuning-ffa-dolly_stratified-tinyllama-homo-e1-r100,epoch_round_tuning_ffa_high_rounds/tuning-ffa-dolly_stratified-tinyllama-homo-e1-r100/seed0/10/log.txt,100,True,score log,Complete
ffa,Nonlinear FFA,dolly_stratified,Dolly stratified,tinyllama,TinyLlama,homo,Homo,1,100,0,72,27.918346273847046,epoch_round_tuning_ffa_high_rounds/tuning-ffa-dolly_stratified-tinyllama-homo-e1-r100,/homes/neumann/trieu.vy.tran/FederatedLLM/epoch_round_tuning_ffa_high_rounds/tuning-ffa-dolly_stratified-tinyllama-homo-e1-r100,epoch_round_tuning_ffa_high_rounds/tuning-ffa-dolly_stratified-tinyllama-homo-e1-r100/seed0/10/log.txt,100,True,score log,Complete
ffa,Nonlinear FFA,dolly_stratified,Dolly stratified,tinyllama,TinyLlama,homo,Homo,1,100,0,73,28.222234418544257,epoch_round_tuning_ffa_high_rounds/tuning-ffa-dolly_stratified-tinyllama-homo-e1-r100,/homes/neumann/trieu.vy.tran/FederatedLLM/epoch_round_tuning_ffa_high_rounds/tuning-ffa-dolly_stratified-tinyllama-homo-e1-r100,epoch_round_tuning_ffa_high_rounds/tuning-ffa-dolly_stratified-tinyllama-homo-e1-r100/seed0/10/log.txt,100,True,score log,Complete
ffa,Nonlinear FFA,dolly_stratified,Dolly stratified,tinyllama,TinyLlama,homo,Homo,1,100,0,74,29.408531979418264,epoch_round_tuning_ffa_high_rounds/tuning-ffa-dolly_stratified-tinyllama-homo-e1-r100,/homes/neumann/trieu.vy.tran/FederatedLLM/epoch_round_tuning_ffa_high_rounds/tuning-ffa-dolly_stratified-tinyllama-homo-e1-r100,epoch_round_tuning_ffa_high_rounds/tuning-ffa-dolly_stratified-tinyllama-homo-e1-r100/seed0/10/log.txt,100,True,score log,Complete
ffa,Nonlinear FFA,dolly_stratified,Dolly stratified,tinyllama,TinyLlama,homo,Homo,1,100,0,75,29.079714133877125,epoch_round_tuning_ffa_high_rounds/tuning-ffa-dolly_stratified-tinyllama-homo-e1-r100,/homes/neumann/trieu.vy.tran/FederatedLLM/epoch_round_tuning_ffa_high_rounds/tuning-ffa-dolly_stratified-tinyllama-homo-e1-r100,epoch_round_tuning_ffa_high_rounds/tuning-ffa-dolly_stratified-tinyllama-homo-e1-r100/seed0/10/log.txt,100,True,score log,Complete
ffa,Nonlinear FFA,dolly_stratified,Dolly stratified,tinyllama,TinyLlama,homo,Homo,1,100,0,76,28.763370813257637,epoch_round_tuning_ffa_high_rounds/tuning-ffa-dolly_stratified-tinyllama-homo-e1-r100,/homes/neumann/trieu.vy.tran/FederatedLLM/epoch_round_tuning_ffa_high_rounds/tuning-ffa-dolly_stratified-tinyllama-homo-e1-r100,epoch_round_tuning_ffa_high_rounds/tuning-ffa-dolly_stratified-tinyllama-homo-e1-r100/seed0/10/log.txt,100,True,score log,Complete
ffa,Nonlinear FFA,dolly_stratified,Dolly stratified,tinyllama,TinyLlama,homo,Homo,1,100,0,77,31.502021914958334,epoch_round_tuning_ffa_high_rounds/tuning-ffa-dolly_stratified-tinyllama-homo-e1-r100,/homes/neumann/trieu.vy.tran/FederatedLLM/epoch_round_tuning_ffa_high_rounds/tuning-ffa-dolly_stratified-tinyllama-homo-e1-r100,epoch_round_tuning_ffa_high_rounds/tuning-ffa-dolly_stratified-tinyllama-homo-e1-r100/seed0/10/log.txt,100,True,score log,Complete
ffa,Nonlinear FFA,dolly_stratified,Dolly stratified,tinyllama,TinyLlama,homo,Homo,1,100,0,78,28.445685536911743,epoch_round_tuning_ffa_high_rounds/tuning-ffa-dolly_stratified-tinyllama-homo-e1-r100,/homes/neumann/trieu.vy.tran/FederatedLLM/epoch_round_tuning_ffa_high_rounds/tuning-ffa-dolly_stratified-tinyllama-homo-e1-r100,epoch_round_tuning_ffa_high_rounds/tuning-ffa-dolly_stratified-tinyllama-homo-e1-r100/seed0/10/log.txt,100,True,score log,Complete
ffa,Nonlinear FFA,dolly_stratified,Dolly stratified,tinyllama,TinyLlama,homo,Homo,1,100,0,79,28.86518873346778,epoch_round_tuning_ffa_high_rounds/tuning-ffa-dolly_stratified-tinyllama-homo-e1-r100,/homes/neumann/trieu.vy.tran/FederatedLLM/epoch_round_tuning_ffa_high_rounds/tuning-ffa-dolly_stratified-tinyllama-homo-e1-r100,epoch_round_tuning_ffa_high_rounds/tuning-ffa-dolly_stratified-tinyllama-homo-e1-r100/seed0/10/log.txt,100,True,score log,Complete
ffa,Nonlinear FFA,dolly_stratified,Dolly stratified,tinyllama,TinyLlama,homo,Homo,1,100,0,80,29.127642155241716,epoch_round_tuning_ffa_high_rounds/tuning-ffa-dolly_stratified-tinyllama-homo-e1-r100,/homes/neumann/trieu.vy.tran/FederatedLLM/epoch_round_tuning_ffa_high_rounds/tuning-ffa-dolly_stratified-tinyllama-homo-e1-r100,epoch_round_tuning_ffa_high_rounds/tuning-ffa-dolly_stratified-tinyllama-homo-e1-r100/seed0/10/log.txt,100,True,score log,Complete
ffa,Nonlinear FFA,dolly_stratified,Dolly stratified,tinyllama,TinyLlama,homo,Homo,1,100,0,81,27.851753942225542,epoch_round_tuning_ffa_high_rounds/tuning-ffa-dolly_stratified-tinyllama-homo-e1-r100,/homes/neumann/trieu.vy.tran/FederatedLLM/epoch_round_tuning_ffa_high_rounds/tuning-ffa-dolly_stratified-tinyllama-homo-e1-r100,epoch_round_tuning_ffa_high_rounds/tuning-ffa-dolly_stratified-tinyllama-homo-e1-r100/seed0/10/log.txt,100,True,score log,Complete
ffa,Nonlinear FFA,dolly_stratified,Dolly stratified,tinyllama,TinyLlama,homo,Homo,1,100,0,82,29.23397694445466,epoch_round_tuning_ffa_high_rounds/tuning-ffa-dolly_stratified-tinyllama-homo-e1-r100,/homes/neumann/trieu.vy.tran/FederatedLLM/epoch_round_tuning_ffa_high_rounds/tuning-ffa-dolly_stratified-tinyllama-homo-e1-r100,epoch_round_tuning_ffa_high_rounds/tuning-ffa-dolly_stratified-tinyllama-homo-e1-r100/seed0/10/log.txt,100,True,score log,Complete
ffa,Nonlinear FFA,dolly_stratified,Dolly stratified,tinyllama,TinyLlama,homo,Homo,1,100,0,83,26.926192919481863,epoch_round_tuning_ffa_high_rounds/tuning-ffa-dolly_stratified-tinyllama-homo-e1-r100,/homes/neumann/trieu.vy.tran/FederatedLLM/epoch_round_tuning_ffa_high_rounds/tuning-ffa-dolly_stratified-tinyllama-homo-e1-r100,epoch_round_tuning_ffa_high_rounds/tuning-ffa-dolly_stratified-tinyllama-homo-e1-r100/seed0/10/log.txt,100,True,score log,Complete
ffa,Nonlinear FFA,dolly_stratified,Dolly stratified,tinyllama,TinyLlama,homo,Homo,1,100,0,84,28.573313256503237,epoch_round_tuning_ffa_high_rounds/tuning-ffa-dolly_stratified-tinyllama-homo-e1-r100,/homes/neumann/trieu.vy.tran/FederatedLLM/epoch_round_tuning_ffa_high_rounds/tuning-ffa-dolly_stratified-tinyllama-homo-e1-r100,epoch_round_tuning_ffa_high_rounds/tuning-ffa-dolly_stratified-tinyllama-homo-e1-r100/seed0/10/log.txt,100,True,score log,Complete
ffa,Nonlinear FFA,dolly_stratified,Dolly stratified,tinyllama,TinyLlama,homo,Homo,1,100,0,85,28.93704793716329,epoch_round_tuning_ffa_high_rounds/tuning-ffa-dolly_stratified-tinyllama-homo-e1-r100,/homes/neumann/trieu.vy.tran/FederatedLLM/epoch_round_tuning_ffa_high_rounds/tuning-ffa-dolly_stratified-tinyllama-homo-e1-r100,epoch_round_tuning_ffa_high_rounds/tuning-ffa-dolly_stratified-tinyllama-homo-e1-r100/seed0/10/log.txt,100,True,score log,Complete
ffa,Nonlinear FFA,dolly_stratified,Dolly stratified,tinyllama,TinyLlama,homo,Homo,1,100,0,86,28.60487047054228,epoch_round_tuning_ffa_high_rounds/tuning-ffa-dolly_stratified-tinyllama-homo-e1-r100,/homes/neumann/trieu.vy.tran/FederatedLLM/epoch_round_tuning_ffa_high_rounds/tuning-ffa-dolly_stratified-tinyllama-homo-e1-r100,epoch_round_tuning_ffa_high_rounds/tuning-ffa-dolly_stratified-tinyllama-homo-e1-r100/seed0/10/log.txt,100,True,score log,Complete
ffa,Nonlinear FFA,dolly_stratified,Dolly stratified,tinyllama,TinyLlama,homo,Homo,1,100,0,87,28.779183263182784,epoch_round_tuning_ffa_high_rounds/tuning-ffa-dolly_stratified-tinyllama-homo-e1-r100,/homes/neumann/trieu.vy.tran/FederatedLLM/epoch_round_tuning_ffa_high_rounds/tuning-ffa-dolly_stratified-tinyllama-homo-e1-r100,epoch_round_tuning_ffa_high_rounds/tuning-ffa-dolly_stratified-tinyllama-homo-e1-r100/seed0/10/log.txt,100,True,score log,Complete
ffa,Nonlinear FFA,dolly_stratified,Dolly stratified,tinyllama,TinyLlama,homo,Homo,1,100,0,88,28.80024415009183,epoch_round_tuning_ffa_high_rounds/tuning-ffa-dolly_stratified-tinyllama-homo-e1-r100,/homes/neumann/trieu.vy.tran/FederatedLLM/epoch_round_tuning_ffa_high_rounds/tuning-ffa-dolly_stratified-tinyllama-homo-e1-r100,epoch_round_tuning_ffa_high_rounds/tuning-ffa-dolly_stratified-tinyllama-homo-e1-r100/seed0/10/log.txt,100,True,score log,Complete
ffa,Nonlinear FFA,dolly_stratified,Dolly stratified,tinyllama,TinyLlama,homo,Homo,1,100,0,89,27.23738404119655,epoch_round_tuning_ffa_high_rounds/tuning-ffa-dolly_stratified-tinyllama-homo-e1-r100,/homes/neumann/trieu.vy.tran/FederatedLLM/epoch_round_tuning_ffa_high_rounds/tuning-ffa-dolly_stratified-tinyllama-homo-e1-r100,epoch_round_tuning_ffa_high_rounds/tuning-ffa-dolly_stratified-tinyllama-homo-e1-r100/seed0/10/log.txt,100,True,score log,Complete
ffa,Nonlinear FFA,dolly_stratified,Dolly stratified,tinyllama,TinyLlama,homo,Homo,1,100,0,90,28.439097774802914,epoch_round_tuning_ffa_high_rounds/tuning-ffa-dolly_stratified-tinyllama-homo-e1-r100,/homes/neumann/trieu.vy.tran/FederatedLLM/epoch_round_tuning_ffa_high_rounds/tuning-ffa-dolly_stratified-tinyllama-homo-e1-r100,epoch_round_tuning_ffa_high_rounds/tuning-ffa-dolly_stratified-tinyllama-homo-e1-r100/seed0/10/log.txt,100,True,score log,Complete
ffa,Nonlinear FFA,dolly_stratified,Dolly stratified,tinyllama,TinyLlama,homo,Homo,1,100,0,91,30.055933342270436,epoch_round_tuning_ffa_high_rounds/tuning-ffa-dolly_stratified-tinyllama-homo-e1-r100,/homes/neumann/trieu.vy.tran/FederatedLLM/epoch_round_tuning_ffa_high_rounds/tuning-ffa-dolly_stratified-tinyllama-homo-e1-r100,epoch_round_tuning_ffa_high_rounds/tuning-ffa-dolly_stratified-tinyllama-homo-e1-r100/seed0/10/log.txt,100,True,score log,Complete
ffa,Nonlinear FFA,dolly_stratified,Dolly stratified,tinyllama,TinyLlama,homo,Homo,1,100,0,92,28.460834969764697,epoch_round_tuning_ffa_high_rounds/tuning-ffa-dolly_stratified-tinyllama-homo-e1-r100,/homes/neumann/trieu.vy.tran/FederatedLLM/epoch_round_tuning_ffa_high_rounds/tuning-ffa-dolly_stratified-tinyllama-homo-e1-r100,epoch_round_tuning_ffa_high_rounds/tuning-ffa-dolly_stratified-tinyllama-homo-e1-r100/seed0/10/log.txt,100,True,score log,Complete
ffa,Nonlinear FFA,dolly_stratified,Dolly stratified,tinyllama,TinyLlama,homo,Homo,1,100,0,93,28.685369382155972,epoch_round_tuning_ffa_high_rounds/tuning-ffa-dolly_stratified-tinyllama-homo-e1-r100,/homes/neumann/trieu.vy.tran/FederatedLLM/epoch_round_tuning_ffa_high_rounds/tuning-ffa-dolly_stratified-tinyllama-homo-e1-r100,epoch_round_tuning_ffa_high_rounds/tuning-ffa-dolly_stratified-tinyllama-homo-e1-r100/seed0/10/log.txt,100,True,score log,Complete
ffa,Nonlinear FFA,dolly_stratified,Dolly stratified,tinyllama,TinyLlama,homo,Homo,1,100,0,94,27.788117709954125,epoch_round_tuning_ffa_high_rounds/tuning-ffa-dolly_stratified-tinyllama-homo-e1-r100,/homes/neumann/trieu.vy.tran/FederatedLLM/epoch_round_tuning_ffa_high_rounds/tuning-ffa-dolly_stratified-tinyllama-homo-e1-r100,epoch_round_tuning_ffa_high_rounds/tuning-ffa-dolly_stratified-tinyllama-homo-e1-r100/seed0/10/log.txt,100,True,score log,Complete
ffa,Nonlinear FFA,dolly_stratified,Dolly stratified,tinyllama,TinyLlama,homo,Homo,1,100,0,95,26.36002910806833,epoch_round_tuning_ffa_high_rounds/tuning-ffa-dolly_stratified-tinyllama-homo-e1-r100,/homes/neumann/trieu.vy.tran/FederatedLLM/epoch_round_tuning_ffa_high_rounds/tuning-ffa-dolly_stratified-tinyllama-homo-e1-r100,epoch_round_tuning_ffa_high_rounds/tuning-ffa-dolly_stratified-tinyllama-homo-e1-r100/seed0/10/log.txt,100,True,score log,Complete
ffa,Nonlinear FFA,dolly_stratified,Dolly stratified,tinyllama,TinyLlama,homo,Homo,1,100,0,96,27.328054110817586,epoch_round_tuning_ffa_high_rounds/tuning-ffa-dolly_stratified-tinyllama-homo-e1-r100,/homes/neumann/trieu.vy.tran/FederatedLLM/epoch_round_tuning_ffa_high_rounds/tuning-ffa-dolly_stratified-tinyllama-homo-e1-r100,epoch_round_tuning_ffa_high_rounds/tuning-ffa-dolly_stratified-tinyllama-homo-e1-r100/seed0/10/log.txt,100,True,score log,Complete
ffa,Nonlinear FFA,dolly_stratified,Dolly stratified,tinyllama,TinyLlama,homo,Homo,1,100,0,97,28.29289810144935,epoch_round_tuning_ffa_high_rounds/tuning-ffa-dolly_stratified-tinyllama-homo-e1-r100,/homes/neumann/trieu.vy.tran/FederatedLLM/epoch_round_tuning_ffa_high_rounds/tuning-ffa-dolly_stratified-tinyllama-homo-e1-r100,epoch_round_tuning_ffa_high_rounds/tuning-ffa-dolly_stratified-tinyllama-homo-e1-r100/seed0/10/log.txt,100,True,score log,Complete
ffa,Nonlinear FFA,dolly_stratified,Dolly stratified,tinyllama,TinyLlama,homo,Homo,1,100,0,98,28.13897937971249,epoch_round_tuning_ffa_high_rounds/tuning-ffa-dolly_stratified-tinyllama-homo-e1-r100,/homes/neumann/trieu.vy.tran/FederatedLLM/epoch_round_tuning_ffa_high_rounds/tuning-ffa-dolly_stratified-tinyllama-homo-e1-r100,epoch_round_tuning_ffa_high_rounds/tuning-ffa-dolly_stratified-tinyllama-homo-e1-r100/seed0/10/log.txt,100,True,score log,Complete
ffa,Nonlinear FFA,dolly_stratified,Dolly stratified,tinyllama,TinyLlama,homo,Homo,1,100,0,99,27.798567743057372,epoch_round_tuning_ffa_high_rounds/tuning-ffa-dolly_stratified-tinyllama-homo-e1-r100,/homes/neumann/trieu.vy.tran/FederatedLLM/epoch_round_tuning_ffa_high_rounds/tuning-ffa-dolly_stratified-tinyllama-homo-e1-r100,epoch_round_tuning_ffa_high_rounds/tuning-ffa-dolly_stratified-tinyllama-homo-e1-r100/seed0/10/log.txt,100,True,score log,Complete
ffa,Nonlinear FFA,dolly_stratified,Dolly stratified,tinyllama,TinyLlama,homo,Homo,1,100,0,100,27.333761070186092,epoch_round_tuning_ffa_high_rounds/tuning-ffa-dolly_stratified-tinyllama-homo-e1-r100,/homes/neumann/trieu.vy.tran/FederatedLLM/epoch_round_tuning_ffa_high_rounds/tuning-ffa-dolly_stratified-tinyllama-homo-e1-r100,epoch_round_tuning_ffa_high_rounds/tuning-ffa-dolly_stratified-tinyllama-homo-e1-r100/seed0/10/log.txt,100,True,score log,Complete
ffa,Nonlinear FFA,wiz,Wizard,tinyllama,TinyLlama,heter,Heter,1,50,0,1,26.069440681509548,epoch_round_tuning_ffa_high_rounds/tuning-ffa-wiz-tinyllama-heter-e1-r50,/homes/neumann/trieu.vy.tran/FederatedLLM/epoch_round_tuning_ffa_high_rounds/tuning-ffa-wiz-tinyllama-heter-e1-r50,epoch_round_tuning_ffa_high_rounds/tuning-ffa-wiz-tinyllama-heter-e1-r50/seed0/10/log.txt,50,True,score log,Complete
ffa,Nonlinear FFA,wiz,Wizard,tinyllama,TinyLlama,heter,Heter,1,50,0,2,28.862932122477364,epoch_round_tuning_ffa_high_rounds/tuning-ffa-wiz-tinyllama-heter-e1-r50,/homes/neumann/trieu.vy.tran/FederatedLLM/epoch_round_tuning_ffa_high_rounds/tuning-ffa-wiz-tinyllama-heter-e1-r50,epoch_round_tuning_ffa_high_rounds/tuning-ffa-wiz-tinyllama-heter-e1-r50/seed0/10/log.txt,50,True,score log,Complete
ffa,Nonlinear FFA,wiz,Wizard,tinyllama,TinyLlama,heter,Heter,1,50,0,3,29.232140341731437,epoch_round_tuning_ffa_high_rounds/tuning-ffa-wiz-tinyllama-heter-e1-r50,/homes/neumann/trieu.vy.tran/FederatedLLM/epoch_round_tuning_ffa_high_rounds/tuning-ffa-wiz-tinyllama-heter-e1-r50,epoch_round_tuning_ffa_high_rounds/tuning-ffa-wiz-tinyllama-heter-e1-r50/seed0/10/log.txt,50,True,score log,Complete
ffa,Nonlinear FFA,wiz,Wizard,tinyllama,TinyLlama,heter,Heter,1,50,0,4,30.27875047781284,epoch_round_tuning_ffa_high_rounds/tuning-ffa-wiz-tinyllama-heter-e1-r50,/homes/neumann/trieu.vy.tran/FederatedLLM/epoch_round_tuning_ffa_high_rounds/tuning-ffa-wiz-tinyllama-heter-e1-r50,epoch_round_tuning_ffa_high_rounds/tuning-ffa-wiz-tinyllama-heter-e1-r50/seed0/10/log.txt,50,True,score log,Complete
ffa,Nonlinear FFA,wiz,Wizard,tinyllama,TinyLlama,heter,Heter,1,50,0,5,30.423504821964432,epoch_round_tuning_ffa_high_rounds/tuning-ffa-wiz-tinyllama-heter-e1-r50,/homes/neumann/trieu.vy.tran/FederatedLLM/epoch_round_tuning_ffa_high_rounds/tuning-ffa-wiz-tinyllama-heter-e1-r50,epoch_round_tuning_ffa_high_rounds/tuning-ffa-wiz-tinyllama-heter-e1-r50/seed0/10/log.txt,50,True,score log,Complete
ffa,Nonlinear FFA,wiz,Wizard,tinyllama,TinyLlama,heter,Heter,1,50,0,6,34.1621839698249,epoch_round_tuning_ffa_high_rounds/tuning-ffa-wiz-tinyllama-heter-e1-r50,/homes/neumann/trieu.vy.tran/FederatedLLM/epoch_round_tuning_ffa_high_rounds/tuning-ffa-wiz-tinyllama-heter-e1-r50,epoch_round_tuning_ffa_high_rounds/tuning-ffa-wiz-tinyllama-heter-e1-r50/seed0/10/log.txt,50,True,score log,Complete
ffa,Nonlinear FFA,wiz,Wizard,tinyllama,TinyLlama,heter,Heter,1,50,0,7,32.34654341787515,epoch_round_tuning_ffa_high_rounds/tuning-ffa-wiz-tinyllama-heter-e1-r50,/homes/neumann/trieu.vy.tran/FederatedLLM/epoch_round_tuning_ffa_high_rounds/tuning-ffa-wiz-tinyllama-heter-e1-r50,epoch_round_tuning_ffa_high_rounds/tuning-ffa-wiz-tinyllama-heter-e1-r50/seed0/10/log.txt,50,True,score log,Complete
ffa,Nonlinear FFA,wiz,Wizard,tinyllama,TinyLlama,heter,Heter,1,50,0,8,32.01819827443456,epoch_round_tuning_ffa_high_rounds/tuning-ffa-wiz-tinyllama-heter-e1-r50,/homes/neumann/trieu.vy.tran/FederatedLLM/epoch_round_tuning_ffa_high_rounds/tuning-ffa-wiz-tinyllama-heter-e1-r50,epoch_round_tuning_ffa_high_rounds/tuning-ffa-wiz-tinyllama-heter-e1-r50/seed0/10/log.txt,50,True,score log,Complete
ffa,Nonlinear FFA,wiz,Wizard,tinyllama,TinyLlama,heter,Heter,1,50,0,9,32.113025923894746,epoch_round_tuning_ffa_high_rounds/tuning-ffa-wiz-tinyllama-heter-e1-r50,/homes/neumann/trieu.vy.tran/FederatedLLM/epoch_round_tuning_ffa_high_rounds/tuning-ffa-wiz-tinyllama-heter-e1-r50,epoch_round_tuning_ffa_high_rounds/tuning-ffa-wiz-tinyllama-heter-e1-r50/seed0/10/log.txt,50,True,score log,Complete
ffa,Nonlinear FFA,wiz,Wizard,tinyllama,TinyLlama,heter,Heter,1,50,0,10,31.18920543869051,epoch_round_tuning_ffa_high_rounds/tuning-ffa-wiz-tinyllama-heter-e1-r50,/homes/neumann/trieu.vy.tran/FederatedLLM/epoch_round_tuning_ffa_high_rounds/tuning-ffa-wiz-tinyllama-heter-e1-r50,epoch_round_tuning_ffa_high_rounds/tuning-ffa-wiz-tinyllama-heter-e1-r50/seed0/10/log.txt,50,True,score log,Complete
ffa,Nonlinear FFA,wiz,Wizard,tinyllama,TinyLlama,heter,Heter,1,50,0,11,32.82832261615711,epoch_round_tuning_ffa_high_rounds/tuning-ffa-wiz-tinyllama-heter-e1-r50,/homes/neumann/trieu.vy.tran/FederatedLLM/epoch_round_tuning_ffa_high_rounds/tuning-ffa-wiz-tinyllama-heter-e1-r50,epoch_round_tuning_ffa_high_rounds/tuning-ffa-wiz-tinyllama-heter-e1-r50/seed0/10/log.txt,50,True,score log,Complete
ffa,Nonlinear FFA,wiz,Wizard,tinyllama,TinyLlama,heter,Heter,1,50,0,12,31.62615597934234,epoch_round_tuning_ffa_high_rounds/tuning-ffa-wiz-tinyllama-heter-e1-r50,/homes/neumann/trieu.vy.tran/FederatedLLM/epoch_round_tuning_ffa_high_rounds/tuning-ffa-wiz-tinyllama-heter-e1-r50,epoch_round_tuning_ffa_high_rounds/tuning-ffa-wiz-tinyllama-heter-e1-r50/seed0/10/log.txt,50,True,score log,Complete
ffa,Nonlinear FFA,wiz,Wizard,tinyllama,TinyLlama,heter,Heter,1,50,0,13,32.499109135748526,epoch_round_tuning_ffa_high_rounds/tuning-ffa-wiz-tinyllama-heter-e1-r50,/homes/neumann/trieu.vy.tran/FederatedLLM/epoch_round_tuning_ffa_high_rounds/tuning-ffa-wiz-tinyllama-heter-e1-r50,epoch_round_tuning_ffa_high_rounds/tuning-ffa-wiz-tinyllama-heter-e1-r50/seed0/10/log.txt,50,True,score log,Complete
ffa,Nonlinear FFA,wiz,Wizard,tinyllama,TinyLlama,heter,Heter,1,50,0,14,30.596638030639756,epoch_round_tuning_ffa_high_rounds/tuning-ffa-wiz-tinyllama-heter-e1-r50,/homes/neumann/trieu.vy.tran/FederatedLLM/epoch_round_tuning_ffa_high_rounds/tuning-ffa-wiz-tinyllama-heter-e1-r50,epoch_round_tuning_ffa_high_rounds/tuning-ffa-wiz-tinyllama-heter-e1-r50/seed0/10/log.txt,50,True,score log,Complete
ffa,Nonlinear FFA,wiz,Wizard,tinyllama,TinyLlama,heter,Heter,1,50,0,15,31.342251525994786,epoch_round_tuning_ffa_high_rounds/tuning-ffa-wiz-tinyllama-heter-e1-r50,/homes/neumann/trieu.vy.tran/FederatedLLM/epoch_round_tuning_ffa_high_rounds/tuning-ffa-wiz-tinyllama-heter-e1-r50,epoch_round_tuning_ffa_high_rounds/tuning-ffa-wiz-tinyllama-heter-e1-r50/seed0/10/log.txt,50,True,score log,Complete
ffa,Nonlinear FFA,wiz,Wizard,tinyllama,TinyLlama,heter,Heter,1,50,0,16,30.41989909825531,epoch_round_tuning_ffa_high_rounds/tuning-ffa-wiz-tinyllama-heter-e1-r50,/homes/neumann/trieu.vy.tran/FederatedLLM/epoch_round_tuning_ffa_high_rounds/tuning-ffa-wiz-tinyllama-heter-e1-r50,epoch_round_tuning_ffa_high_rounds/tuning-ffa-wiz-tinyllama-heter-e1-r50/seed0/10/log.txt,50,True,score log,Complete
ffa,Nonlinear FFA,wiz,Wizard,tinyllama,TinyLlama,heter,Heter,1,50,0,17,30.50786729214268,epoch_round_tuning_ffa_high_rounds/tuning-ffa-wiz-tinyllama-heter-e1-r50,/homes/neumann/trieu.vy.tran/FederatedLLM/epoch_round_tuning_ffa_high_rounds/tuning-ffa-wiz-tinyllama-heter-e1-r50,epoch_round_tuning_ffa_high_rounds/tuning-ffa-wiz-tinyllama-heter-e1-r50/seed0/10/log.txt,50,True,score log,Complete
ffa,Nonlinear FFA,wiz,Wizard,tinyllama,TinyLlama,heter,Heter,1,50,0,18,31.258592275733616,epoch_round_tuning_ffa_high_rounds/tuning-ffa-wiz-tinyllama-heter-e1-r50,/homes/neumann/trieu.vy.tran/FederatedLLM/epoch_round_tuning_ffa_high_rounds/tuning-ffa-wiz-tinyllama-heter-e1-r50,epoch_round_tuning_ffa_high_rounds/tuning-ffa-wiz-tinyllama-heter-e1-r50/seed0/10/log.txt,50,True,score log,Complete
ffa,Nonlinear FFA,wiz,Wizard,tinyllama,TinyLlama,heter,Heter,1,50,0,19,30.288539634656324,epoch_round_tuning_ffa_high_rounds/tuning-ffa-wiz-tinyllama-heter-e1-r50,/homes/neumann/trieu.vy.tran/FederatedLLM/epoch_round_tuning_ffa_high_rounds/tuning-ffa-wiz-tinyllama-heter-e1-r50,epoch_round_tuning_ffa_high_rounds/tuning-ffa-wiz-tinyllama-heter-e1-r50/seed0/10/log.txt,50,True,score log,Complete
ffa,Nonlinear FFA,wiz,Wizard,tinyllama,TinyLlama,heter,Heter,1,50,0,20,30.938260087196124,epoch_round_tuning_ffa_high_rounds/tuning-ffa-wiz-tinyllama-heter-e1-r50,/homes/neumann/trieu.vy.tran/FederatedLLM/epoch_round_tuning_ffa_high_rounds/tuning-ffa-wiz-tinyllama-heter-e1-r50,epoch_round_tuning_ffa_high_rounds/tuning-ffa-wiz-tinyllama-heter-e1-r50/seed0/10/log.txt,50,True,score log,Complete
ffa,Nonlinear FFA,wiz,Wizard,tinyllama,TinyLlama,heter,Heter,1,50,0,21,30.231399036411993,epoch_round_tuning_ffa_high_rounds/tuning-ffa-wiz-tinyllama-heter-e1-r50,/homes/neumann/trieu.vy.tran/FederatedLLM/epoch_round_tuning_ffa_high_rounds/tuning-ffa-wiz-tinyllama-heter-e1-r50,epoch_round_tuning_ffa_high_rounds/tuning-ffa-wiz-tinyllama-heter-e1-r50/seed0/10/log.txt,50,True,score log,Complete
ffa,Nonlinear FFA,wiz,Wizard,tinyllama,TinyLlama,heter,Heter,1,50,0,22,29.561793282839744,epoch_round_tuning_ffa_high_rounds/tuning-ffa-wiz-tinyllama-heter-e1-r50,/homes/neumann/trieu.vy.tran/FederatedLLM/epoch_round_tuning_ffa_high_rounds/tuning-ffa-wiz-tinyllama-heter-e1-r50,epoch_round_tuning_ffa_high_rounds/tuning-ffa-wiz-tinyllama-heter-e1-r50/seed0/10/log.txt,50,True,score log,Complete
ffa,Nonlinear FFA,wiz,Wizard,tinyllama,TinyLlama,heter,Heter,1,50,0,23,30.256793714298336,epoch_round_tuning_ffa_high_rounds/tuning-ffa-wiz-tinyllama-heter-e1-r50,/homes/neumann/trieu.vy.tran/FederatedLLM/epoch_round_tuning_ffa_high_rounds/tuning-ffa-wiz-tinyllama-heter-e1-r50,epoch_round_tuning_ffa_high_rounds/tuning-ffa-wiz-tinyllama-heter-e1-r50/seed0/10/log.txt,50,True,score log,Complete
ffa,Nonlinear FFA,wiz,Wizard,tinyllama,TinyLlama,heter,Heter,1,50,0,24,30.54742673234767,epoch_round_tuning_ffa_high_rounds/tuning-ffa-wiz-tinyllama-heter-e1-r50,/homes/neumann/trieu.vy.tran/FederatedLLM/epoch_round_tuning_ffa_high_rounds/tuning-ffa-wiz-tinyllama-heter-e1-r50,epoch_round_tuning_ffa_high_rounds/tuning-ffa-wiz-tinyllama-heter-e1-r50/seed0/10/log.txt,50,True,score log,Complete
ffa,Nonlinear FFA,wiz,Wizard,tinyllama,TinyLlama,heter,Heter,1,50,0,25,29.433933568356252,epoch_round_tuning_ffa_high_rounds/tuning-ffa-wiz-tinyllama-heter-e1-r50,/homes/neumann/trieu.vy.tran/FederatedLLM/epoch_round_tuning_ffa_high_rounds/tuning-ffa-wiz-tinyllama-heter-e1-r50,epoch_round_tuning_ffa_high_rounds/tuning-ffa-wiz-tinyllama-heter-e1-r50/seed0/10/log.txt,50,True,score log,Complete
ffa,Nonlinear FFA,wiz,Wizard,tinyllama,TinyLlama,heter,Heter,1,50,0,26,30.057388271786067,epoch_round_tuning_ffa_high_rounds/tuning-ffa-wiz-tinyllama-heter-e1-r50,/homes/neumann/trieu.vy.tran/FederatedLLM/epoch_round_tuning_ffa_high_rounds/tuning-ffa-wiz-tinyllama-heter-e1-r50,epoch_round_tuning_ffa_high_rounds/tuning-ffa-wiz-tinyllama-heter-e1-r50/seed0/10/log.txt,50,True,score log,Complete
ffa,Nonlinear FFA,wiz,Wizard,tinyllama,TinyLlama,heter,Heter,1,50,0,27,30.806545174237073,epoch_round_tuning_ffa_high_rounds/tuning-ffa-wiz-tinyllama-heter-e1-r50,/homes/neumann/trieu.vy.tran/FederatedLLM/epoch_round_tuning_ffa_high_rounds/tuning-ffa-wiz-tinyllama-heter-e1-r50,epoch_round_tuning_ffa_high_rounds/tuning-ffa-wiz-tinyllama-heter-e1-r50/seed0/10/log.txt,50,True,score log,Complete
ffa,Nonlinear FFA,wiz,Wizard,tinyllama,TinyLlama,heter,Heter,1,50,0,28,30.67501054730743,epoch_round_tuning_ffa_high_rounds/tuning-ffa-wiz-tinyllama-heter-e1-r50,/homes/neumann/trieu.vy.tran/FederatedLLM/epoch_round_tuning_ffa_high_rounds/tuning-ffa-wiz-tinyllama-heter-e1-r50,epoch_round_tuning_ffa_high_rounds/tuning-ffa-wiz-tinyllama-heter-e1-r50/seed0/10/log.txt,50,True,score log,Complete
ffa,Nonlinear FFA,wiz,Wizard,tinyllama,TinyLlama,heter,Heter,1,50,0,29,31.127762105196368,epoch_round_tuning_ffa_high_rounds/tuning-ffa-wiz-tinyllama-heter-e1-r50,/homes/neumann/trieu.vy.tran/FederatedLLM/epoch_round_tuning_ffa_high_rounds/tuning-ffa-wiz-tinyllama-heter-e1-r50,epoch_round_tuning_ffa_high_rounds/tuning-ffa-wiz-tinyllama-heter-e1-r50/seed0/10/log.txt,50,True,score log,Complete
ffa,Nonlinear FFA,wiz,Wizard,tinyllama,TinyLlama,heter,Heter,1,50,0,30,31.86184520288381,epoch_round_tuning_ffa_high_rounds/tuning-ffa-wiz-tinyllama-heter-e1-r50,/homes/neumann/trieu.vy.tran/FederatedLLM/epoch_round_tuning_ffa_high_rounds/tuning-ffa-wiz-tinyllama-heter-e1-r50,epoch_round_tuning_ffa_high_rounds/tuning-ffa-wiz-tinyllama-heter-e1-r50/seed0/10/log.txt,50,True,score log,Complete
ffa,Nonlinear FFA,wiz,Wizard,tinyllama,TinyLlama,heter,Heter,1,50,0,31,30.746473556883274,epoch_round_tuning_ffa_high_rounds/tuning-ffa-wiz-tinyllama-heter-e1-r50,/homes/neumann/trieu.vy.tran/FederatedLLM/epoch_round_tuning_ffa_high_rounds/tuning-ffa-wiz-tinyllama-heter-e1-r50,epoch_round_tuning_ffa_high_rounds/tuning-ffa-wiz-tinyllama-heter-e1-r50/seed0/10/log.txt,50,True,score log,Complete
ffa,Nonlinear FFA,wiz,Wizard,tinyllama,TinyLlama,heter,Heter,1,50,0,32,30.18779197815195,epoch_round_tuning_ffa_high_rounds/tuning-ffa-wiz-tinyllama-heter-e1-r50,/homes/neumann/trieu.vy.tran/FederatedLLM/epoch_round_tuning_ffa_high_rounds/tuning-ffa-wiz-tinyllama-heter-e1-r50,epoch_round_tuning_ffa_high_rounds/tuning-ffa-wiz-tinyllama-heter-e1-r50/seed0/10/log.txt,50,True,score log,Complete
ffa,Nonlinear FFA,wiz,Wizard,tinyllama,TinyLlama,heter,Heter,1,50,0,33,30.36046808534677,epoch_round_tuning_ffa_high_rounds/tuning-ffa-wiz-tinyllama-heter-e1-r50,/homes/neumann/trieu.vy.tran/FederatedLLM/epoch_round_tuning_ffa_high_rounds/tuning-ffa-wiz-tinyllama-heter-e1-r50,epoch_round_tuning_ffa_high_rounds/tuning-ffa-wiz-tinyllama-heter-e1-r50/seed0/10/log.txt,50,True,score log,Complete
ffa,Nonlinear FFA,wiz,Wizard,tinyllama,TinyLlama,heter,Heter,1,50,0,34,30.320236467800616,epoch_round_tuning_ffa_high_rounds/tuning-ffa-wiz-tinyllama-heter-e1-r50,/homes/neumann/trieu.vy.tran/FederatedLLM/epoch_round_tuning_ffa_high_rounds/tuning-ffa-wiz-tinyllama-heter-e1-r50,epoch_round_tuning_ffa_high_rounds/tuning-ffa-wiz-tinyllama-heter-e1-r50/seed0/10/log.txt,50,True,score log,Complete
ffa,Nonlinear FFA,wiz,Wizard,tinyllama,TinyLlama,heter,Heter,1,50,0,35,30.26928914310709,epoch_round_tuning_ffa_high_rounds/tuning-ffa-wiz-tinyllama-heter-e1-r50,/homes/neumann/trieu.vy.tran/FederatedLLM/epoch_round_tuning_ffa_high_rounds/tuning-ffa-wiz-tinyllama-heter-e1-r50,epoch_round_tuning_ffa_high_rounds/tuning-ffa-wiz-tinyllama-heter-e1-r50/seed0/10/log.txt,50,True,score log,Complete
ffa,Nonlinear FFA,wiz,Wizard,tinyllama,TinyLlama,heter,Heter,1,50,0,36,30.114434562795516,epoch_round_tuning_ffa_high_rounds/tuning-ffa-wiz-tinyllama-heter-e1-r50,/homes/neumann/trieu.vy.tran/FederatedLLM/epoch_round_tuning_ffa_high_rounds/tuning-ffa-wiz-tinyllama-heter-e1-r50,epoch_round_tuning_ffa_high_rounds/tuning-ffa-wiz-tinyllama-heter-e1-r50/seed0/10/log.txt,50,True,score log,Complete
ffa,Nonlinear FFA,wiz,Wizard,tinyllama,TinyLlama,heter,Heter,1,50,0,37,32.660422855797435,epoch_round_tuning_ffa_high_rounds/tuning-ffa-wiz-tinyllama-heter-e1-r50,/homes/neumann/trieu.vy.tran/FederatedLLM/epoch_round_tuning_ffa_high_rounds/tuning-ffa-wiz-tinyllama-heter-e1-r50,epoch_round_tuning_ffa_high_rounds/tuning-ffa-wiz-tinyllama-heter-e1-r50/seed0/10/log.txt,50,True,score log,Complete
ffa,Nonlinear FFA,wiz,Wizard,tinyllama,TinyLlama,heter,Heter,1,50,0,38,32.072678120240376,epoch_round_tuning_ffa_high_rounds/tuning-ffa-wiz-tinyllama-heter-e1-r50,/homes/neumann/trieu.vy.tran/FederatedLLM/epoch_round_tuning_ffa_high_rounds/tuning-ffa-wiz-tinyllama-heter-e1-r50,epoch_round_tuning_ffa_high_rounds/tuning-ffa-wiz-tinyllama-heter-e1-r50/seed0/10/log.txt,50,True,score log,Complete
ffa,Nonlinear FFA,wiz,Wizard,tinyllama,TinyLlama,heter,Heter,1,50,0,39,30.784140729334386,epoch_round_tuning_ffa_high_rounds/tuning-ffa-wiz-tinyllama-heter-e1-r50,/homes/neumann/trieu.vy.tran/FederatedLLM/epoch_round_tuning_ffa_high_rounds/tuning-ffa-wiz-tinyllama-heter-e1-r50,epoch_round_tuning_ffa_high_rounds/tuning-ffa-wiz-tinyllama-heter-e1-r50/seed0/10/log.txt,50,True,score log,Complete
ffa,Nonlinear FFA,wiz,Wizard,tinyllama,TinyLlama,heter,Heter,1,50,0,40,31.112260563409883,epoch_round_tuning_ffa_high_rounds/tuning-ffa-wiz-tinyllama-heter-e1-r50,/homes/neumann/trieu.vy.tran/FederatedLLM/epoch_round_tuning_ffa_high_rounds/tuning-ffa-wiz-tinyllama-heter-e1-r50,epoch_round_tuning_ffa_high_rounds/tuning-ffa-wiz-tinyllama-heter-e1-r50/seed0/10/log.txt,50,True,score log,Complete
ffa,Nonlinear FFA,wiz,Wizard,tinyllama,TinyLlama,heter,Heter,1,50,0,41,29.628923858908408,epoch_round_tuning_ffa_high_rounds/tuning-ffa-wiz-tinyllama-heter-e1-r50,/homes/neumann/trieu.vy.tran/FederatedLLM/epoch_round_tuning_ffa_high_rounds/tuning-ffa-wiz-tinyllama-heter-e1-r50,epoch_round_tuning_ffa_high_rounds/tuning-ffa-wiz-tinyllama-heter-e1-r50/seed0/10/log.txt,50,True,score log,Complete
ffa,Nonlinear FFA,wiz,Wizard,tinyllama,TinyLlama,heter,Heter,1,50,0,42,32.139585755343205,epoch_round_tuning_ffa_high_rounds/tuning-ffa-wiz-tinyllama-heter-e1-r50,/homes/neumann/trieu.vy.tran/FederatedLLM/epoch_round_tuning_ffa_high_rounds/tuning-ffa-wiz-tinyllama-heter-e1-r50,epoch_round_tuning_ffa_high_rounds/tuning-ffa-wiz-tinyllama-heter-e1-r50/seed0/10/log.txt,50,True,score log,Complete
ffa,Nonlinear FFA,wiz,Wizard,tinyllama,TinyLlama,heter,Heter,1,50,0,43,31.827471005277037,epoch_round_tuning_ffa_high_rounds/tuning-ffa-wiz-tinyllama-heter-e1-r50,/homes/neumann/trieu.vy.tran/FederatedLLM/epoch_round_tuning_ffa_high_rounds/tuning-ffa-wiz-tinyllama-heter-e1-r50,epoch_round_tuning_ffa_high_rounds/tuning-ffa-wiz-tinyllama-heter-e1-r50/seed0/10/log.txt,50,True,score log,Complete
ffa,Nonlinear FFA,wiz,Wizard,tinyllama,TinyLlama,heter,Heter,1,50,0,44,30.29287140342987,epoch_round_tuning_ffa_high_rounds/tuning-ffa-wiz-tinyllama-heter-e1-r50,/homes/neumann/trieu.vy.tran/FederatedLLM/epoch_round_tuning_ffa_high_rounds/tuning-ffa-wiz-tinyllama-heter-e1-r50,epoch_round_tuning_ffa_high_rounds/tuning-ffa-wiz-tinyllama-heter-e1-r50/seed0/10/log.txt,50,True,score log,Complete
ffa,Nonlinear FFA,wiz,Wizard,tinyllama,TinyLlama,heter,Heter,1,50,0,45,31.343482518089445,epoch_round_tuning_ffa_high_rounds/tuning-ffa-wiz-tinyllama-heter-e1-r50,/homes/neumann/trieu.vy.tran/FederatedLLM/epoch_round_tuning_ffa_high_rounds/tuning-ffa-wiz-tinyllama-heter-e1-r50,epoch_round_tuning_ffa_high_rounds/tuning-ffa-wiz-tinyllama-heter-e1-r50/seed0/10/log.txt,50,True,score log,Complete
ffa,Nonlinear FFA,wiz,Wizard,tinyllama,TinyLlama,heter,Heter,1,50,0,46,30.331241102944727,epoch_round_tuning_ffa_high_rounds/tuning-ffa-wiz-tinyllama-heter-e1-r50,/homes/neumann/trieu.vy.tran/FederatedLLM/epoch_round_tuning_ffa_high_rounds/tuning-ffa-wiz-tinyllama-heter-e1-r50,epoch_round_tuning_ffa_high_rounds/tuning-ffa-wiz-tinyllama-heter-e1-r50/seed0/10/log.txt,50,True,score log,Complete
ffa,Nonlinear FFA,wiz,Wizard,tinyllama,TinyLlama,heter,Heter,1,50,0,47,30.987043896181472,epoch_round_tuning_ffa_high_rounds/tuning-ffa-wiz-tinyllama-heter-e1-r50,/homes/neumann/trieu.vy.tran/FederatedLLM/epoch_round_tuning_ffa_high_rounds/tuning-ffa-wiz-tinyllama-heter-e1-r50,epoch_round_tuning_ffa_high_rounds/tuning-ffa-wiz-tinyllama-heter-e1-r50/seed0/10/log.txt,50,True,score log,Complete
ffa,Nonlinear FFA,wiz,Wizard,tinyllama,TinyLlama,heter,Heter,1,50,0,48,31.768265166473586,epoch_round_tuning_ffa_high_rounds/tuning-ffa-wiz-tinyllama-heter-e1-r50,/homes/neumann/trieu.vy.tran/FederatedLLM/epoch_round_tuning_ffa_high_rounds/tuning-ffa-wiz-tinyllama-heter-e1-r50,epoch_round_tuning_ffa_high_rounds/tuning-ffa-wiz-tinyllama-heter-e1-r50/seed0/10/log.txt,50,True,score log,Complete
ffa,Nonlinear FFA,wiz,Wizard,tinyllama,TinyLlama,heter,Heter,1,50,0,49,30.377010059714323,epoch_round_tuning_ffa_high_rounds/tuning-ffa-wiz-tinyllama-heter-e1-r50,/homes/neumann/trieu.vy.tran/FederatedLLM/epoch_round_tuning_ffa_high_rounds/tuning-ffa-wiz-tinyllama-heter-e1-r50,epoch_round_tuning_ffa_high_rounds/tuning-ffa-wiz-tinyllama-heter-e1-r50/seed0/10/log.txt,50,True,score log,Complete
ffa,Nonlinear FFA,wiz,Wizard,tinyllama,TinyLlama,heter,Heter,1,50,0,50,32.09092028339832,epoch_round_tuning_ffa_high_rounds/tuning-ffa-wiz-tinyllama-heter-e1-r50,/homes/neumann/trieu.vy.tran/FederatedLLM/epoch_round_tuning_ffa_high_rounds/tuning-ffa-wiz-tinyllama-heter-e1-r50,epoch_round_tuning_ffa_high_rounds/tuning-ffa-wiz-tinyllama-heter-e1-r50/seed0/10/log.txt,50,True,score log,Complete
ffa,Nonlinear FFA,wiz_stratified,Wizard stratified,tinyllama,TinyLlama,heter,Heter,1,50,0,1,27.391729180438833,epoch_round_tuning_ffa_high_rounds/tuning-ffa-wiz_stratified-tinyllama-heter-e1-r50,/homes/neumann/trieu.vy.tran/FederatedLLM/epoch_round_tuning_ffa_high_rounds/tuning-ffa-wiz_stratified-tinyllama-heter-e1-r50,epoch_round_tuning_ffa_high_rounds/tuning-ffa-wiz_stratified-tinyllama-heter-e1-r50/seed0/10/log.txt,50,True,score log,Complete
ffa,Nonlinear FFA,wiz_stratified,Wizard stratified,tinyllama,TinyLlama,heter,Heter,1,50,0,2,28.51459276723269,epoch_round_tuning_ffa_high_rounds/tuning-ffa-wiz_stratified-tinyllama-heter-e1-r50,/homes/neumann/trieu.vy.tran/FederatedLLM/epoch_round_tuning_ffa_high_rounds/tuning-ffa-wiz_stratified-tinyllama-heter-e1-r50,epoch_round_tuning_ffa_high_rounds/tuning-ffa-wiz_stratified-tinyllama-heter-e1-r50/seed0/10/log.txt,50,True,score log,Complete
ffa,Nonlinear FFA,wiz_stratified,Wizard stratified,tinyllama,TinyLlama,heter,Heter,1,50,0,3,29.963899813336127,epoch_round_tuning_ffa_high_rounds/tuning-ffa-wiz_stratified-tinyllama-heter-e1-r50,/homes/neumann/trieu.vy.tran/FederatedLLM/epoch_round_tuning_ffa_high_rounds/tuning-ffa-wiz_stratified-tinyllama-heter-e1-r50,epoch_round_tuning_ffa_high_rounds/tuning-ffa-wiz_stratified-tinyllama-heter-e1-r50/seed0/10/log.txt,50,True,score log,Complete
ffa,Nonlinear FFA,wiz_stratified,Wizard stratified,tinyllama,TinyLlama,heter,Heter,1,50,0,4,30.344637241378287,epoch_round_tuning_ffa_high_rounds/tuning-ffa-wiz_stratified-tinyllama-heter-e1-r50,/homes/neumann/trieu.vy.tran/FederatedLLM/epoch_round_tuning_ffa_high_rounds/tuning-ffa-wiz_stratified-tinyllama-heter-e1-r50,epoch_round_tuning_ffa_high_rounds/tuning-ffa-wiz_stratified-tinyllama-heter-e1-r50/seed0/10/log.txt,50,True,score log,Complete
ffa,Nonlinear FFA,wiz_stratified,Wizard stratified,tinyllama,TinyLlama,heter,Heter,1,50,0,5,32.045746892358736,epoch_round_tuning_ffa_high_rounds/tuning-ffa-wiz_stratified-tinyllama-heter-e1-r50,/homes/neumann/trieu.vy.tran/FederatedLLM/epoch_round_tuning_ffa_high_rounds/tuning-ffa-wiz_stratified-tinyllama-heter-e1-r50,epoch_round_tuning_ffa_high_rounds/tuning-ffa-wiz_stratified-tinyllama-heter-e1-r50/seed0/10/log.txt,50,True,score log,Complete
ffa,Nonlinear FFA,wiz_stratified,Wizard stratified,tinyllama,TinyLlama,heter,Heter,1,50,0,6,33.09257040679389,epoch_round_tuning_ffa_high_rounds/tuning-ffa-wiz_stratified-tinyllama-heter-e1-r50,/homes/neumann/trieu.vy.tran/FederatedLLM/epoch_round_tuning_ffa_high_rounds/tuning-ffa-wiz_stratified-tinyllama-heter-e1-r50,epoch_round_tuning_ffa_high_rounds/tuning-ffa-wiz_stratified-tinyllama-heter-e1-r50/seed0/10/log.txt,50,True,score log,Complete
ffa,Nonlinear FFA,wiz_stratified,Wizard stratified,tinyllama,TinyLlama,heter,Heter,1,50,0,7,32.89380731395949,epoch_round_tuning_ffa_high_rounds/tuning-ffa-wiz_stratified-tinyllama-heter-e1-r50,/homes/neumann/trieu.vy.tran/FederatedLLM/epoch_round_tuning_ffa_high_rounds/tuning-ffa-wiz_stratified-tinyllama-heter-e1-r50,epoch_round_tuning_ffa_high_rounds/tuning-ffa-wiz_stratified-tinyllama-heter-e1-r50/seed0/10/log.txt,50,True,score log,Complete
ffa,Nonlinear FFA,wiz_stratified,Wizard stratified,tinyllama,TinyLlama,heter,Heter,1,50,0,8,32.66321155374047,epoch_round_tuning_ffa_high_rounds/tuning-ffa-wiz_stratified-tinyllama-heter-e1-r50,/homes/neumann/trieu.vy.tran/FederatedLLM/epoch_round_tuning_ffa_high_rounds/tuning-ffa-wiz_stratified-tinyllama-heter-e1-r50,epoch_round_tuning_ffa_high_rounds/tuning-ffa-wiz_stratified-tinyllama-heter-e1-r50/seed0/10/log.txt,50,True,score log,Complete
ffa,Nonlinear FFA,wiz_stratified,Wizard stratified,tinyllama,TinyLlama,heter,Heter,1,50,0,9,33.37603290179484,epoch_round_tuning_ffa_high_rounds/tuning-ffa-wiz_stratified-tinyllama-heter-e1-r50,/homes/neumann/trieu.vy.tran/FederatedLLM/epoch_round_tuning_ffa_high_rounds/tuning-ffa-wiz_stratified-tinyllama-heter-e1-r50,epoch_round_tuning_ffa_high_rounds/tuning-ffa-wiz_stratified-tinyllama-heter-e1-r50/seed0/10/log.txt,50,True,score log,Complete
ffa,Nonlinear FFA,wiz_stratified,Wizard stratified,tinyllama,TinyLlama,heter,Heter,1,50,0,10,32.88811469357359,epoch_round_tuning_ffa_high_rounds/tuning-ffa-wiz_stratified-tinyllama-heter-e1-r50,/homes/neumann/trieu.vy.tran/FederatedLLM/epoch_round_tuning_ffa_high_rounds/tuning-ffa-wiz_stratified-tinyllama-heter-e1-r50,epoch_round_tuning_ffa_high_rounds/tuning-ffa-wiz_stratified-tinyllama-heter-e1-r50/seed0/10/log.txt,50,True,score log,Complete
ffa,Nonlinear FFA,wiz_stratified,Wizard stratified,tinyllama,TinyLlama,heter,Heter,1,50,0,11,32.794965361062225,epoch_round_tuning_ffa_high_rounds/tuning-ffa-wiz_stratified-tinyllama-heter-e1-r50,/homes/neumann/trieu.vy.tran/FederatedLLM/epoch_round_tuning_ffa_high_rounds/tuning-ffa-wiz_stratified-tinyllama-heter-e1-r50,epoch_round_tuning_ffa_high_rounds/tuning-ffa-wiz_stratified-tinyllama-heter-e1-r50/seed0/10/log.txt,50,True,score log,Complete
ffa,Nonlinear FFA,wiz_stratified,Wizard stratified,tinyllama,TinyLlama,heter,Heter,1,50,0,12,32.98223167703245,epoch_round_tuning_ffa_high_rounds/tuning-ffa-wiz_stratified-tinyllama-heter-e1-r50,/homes/neumann/trieu.vy.tran/FederatedLLM/epoch_round_tuning_ffa_high_rounds/tuning-ffa-wiz_stratified-tinyllama-heter-e1-r50,epoch_round_tuning_ffa_high_rounds/tuning-ffa-wiz_stratified-tinyllama-heter-e1-r50/seed0/10/log.txt,50,True,score log,Complete
ffa,Nonlinear FFA,wiz_stratified,Wizard stratified,tinyllama,TinyLlama,heter,Heter,1,50,0,13,30.788793491838863,epoch_round_tuning_ffa_high_rounds/tuning-ffa-wiz_stratified-tinyllama-heter-e1-r50,/homes/neumann/trieu.vy.tran/FederatedLLM/epoch_round_tuning_ffa_high_rounds/tuning-ffa-wiz_stratified-tinyllama-heter-e1-r50,epoch_round_tuning_ffa_high_rounds/tuning-ffa-wiz_stratified-tinyllama-heter-e1-r50/seed0/10/log.txt,50,True,score log,Complete
ffa,Nonlinear FFA,wiz_stratified,Wizard stratified,tinyllama,TinyLlama,heter,Heter,1,50,0,14,30.311496434660107,epoch_round_tuning_ffa_high_rounds/tuning-ffa-wiz_stratified-tinyllama-heter-e1-r50,/homes/neumann/trieu.vy.tran/FederatedLLM/epoch_round_tuning_ffa_high_rounds/tuning-ffa-wiz_stratified-tinyllama-heter-e1-r50,epoch_round_tuning_ffa_high_rounds/tuning-ffa-wiz_stratified-tinyllama-heter-e1-r50/seed0/10/log.txt,50,True,score log,Complete
ffa,Nonlinear FFA,wiz_stratified,Wizard stratified,tinyllama,TinyLlama,heter,Heter,1,50,0,15,31.141513129698144,epoch_round_tuning_ffa_high_rounds/tuning-ffa-wiz_stratified-tinyllama-heter-e1-r50,/homes/neumann/trieu.vy.tran/FederatedLLM/epoch_round_tuning_ffa_high_rounds/tuning-ffa-wiz_stratified-tinyllama-heter-e1-r50,epoch_round_tuning_ffa_high_rounds/tuning-ffa-wiz_stratified-tinyllama-heter-e1-r50/seed0/10/log.txt,50,True,score log,Complete
ffa,Nonlinear FFA,wiz_stratified,Wizard stratified,tinyllama,TinyLlama,heter,Heter,1,50,0,16,31.654706495461195,epoch_round_tuning_ffa_high_rounds/tuning-ffa-wiz_stratified-tinyllama-heter-e1-r50,/homes/neumann/trieu.vy.tran/FederatedLLM/epoch_round_tuning_ffa_high_rounds/tuning-ffa-wiz_stratified-tinyllama-heter-e1-r50,epoch_round_tuning_ffa_high_rounds/tuning-ffa-wiz_stratified-tinyllama-heter-e1-r50/seed0/10/log.txt,50,True,score log,Complete
ffa,Nonlinear FFA,wiz_stratified,Wizard stratified,tinyllama,TinyLlama,heter,Heter,1,50,0,17,31.20746798135816,epoch_round_tuning_ffa_high_rounds/tuning-ffa-wiz_stratified-tinyllama-heter-e1-r50,/homes/neumann/trieu.vy.tran/FederatedLLM/epoch_round_tuning_ffa_high_rounds/tuning-ffa-wiz_stratified-tinyllama-heter-e1-r50,epoch_round_tuning_ffa_high_rounds/tuning-ffa-wiz_stratified-tinyllama-heter-e1-r50/seed0/10/log.txt,50,True,score log,Complete
ffa,Nonlinear FFA,wiz_stratified,Wizard stratified,tinyllama,TinyLlama,heter,Heter,1,50,0,18,30.698273083712074,epoch_round_tuning_ffa_high_rounds/tuning-ffa-wiz_stratified-tinyllama-heter-e1-r50,/homes/neumann/trieu.vy.tran/FederatedLLM/epoch_round_tuning_ffa_high_rounds/tuning-ffa-wiz_stratified-tinyllama-heter-e1-r50,epoch_round_tuning_ffa_high_rounds/tuning-ffa-wiz_stratified-tinyllama-heter-e1-r50/seed0/10/log.txt,50,True,score log,Complete
ffa,Nonlinear FFA,wiz_stratified,Wizard stratified,tinyllama,TinyLlama,heter,Heter,1,50,0,19,28.698588328450427,epoch_round_tuning_ffa_high_rounds/tuning-ffa-wiz_stratified-tinyllama-heter-e1-r50,/homes/neumann/trieu.vy.tran/FederatedLLM/epoch_round_tuning_ffa_high_rounds/tuning-ffa-wiz_stratified-tinyllama-heter-e1-r50,epoch_round_tuning_ffa_high_rounds/tuning-ffa-wiz_stratified-tinyllama-heter-e1-r50/seed0/10/log.txt,50,True,score log,Complete
ffa,Nonlinear FFA,wiz_stratified,Wizard stratified,tinyllama,TinyLlama,heter,Heter,1,50,0,20,29.763980493387347,epoch_round_tuning_ffa_high_rounds/tuning-ffa-wiz_stratified-tinyllama-heter-e1-r50,/homes/neumann/trieu.vy.tran/FederatedLLM/epoch_round_tuning_ffa_high_rounds/tuning-ffa-wiz_stratified-tinyllama-heter-e1-r50,epoch_round_tuning_ffa_high_rounds/tuning-ffa-wiz_stratified-tinyllama-heter-e1-r50/seed0/10/log.txt,50,True,score log,Complete
ffa,Nonlinear FFA,wiz_stratified,Wizard stratified,tinyllama,TinyLlama,heter,Heter,1,50,0,21,29.79594250033375,epoch_round_tuning_ffa_high_rounds/tuning-ffa-wiz_stratified-tinyllama-heter-e1-r50,/homes/neumann/trieu.vy.tran/FederatedLLM/epoch_round_tuning_ffa_high_rounds/tuning-ffa-wiz_stratified-tinyllama-heter-e1-r50,epoch_round_tuning_ffa_high_rounds/tuning-ffa-wiz_stratified-tinyllama-heter-e1-r50/seed0/10/log.txt,50,True,score log,Complete
ffa,Nonlinear FFA,wiz_stratified,Wizard stratified,tinyllama,TinyLlama,heter,Heter,1,50,0,22,28.651148329772358,epoch_round_tuning_ffa_high_rounds/tuning-ffa-wiz_stratified-tinyllama-heter-e1-r50,/homes/neumann/trieu.vy.tran/FederatedLLM/epoch_round_tuning_ffa_high_rounds/tuning-ffa-wiz_stratified-tinyllama-heter-e1-r50,epoch_round_tuning_ffa_high_rounds/tuning-ffa-wiz_stratified-tinyllama-heter-e1-r50/seed0/10/log.txt,50,True,score log,Complete
ffa,Nonlinear FFA,wiz_stratified,Wizard stratified,tinyllama,TinyLlama,heter,Heter,1,50,0,23,29.672135018243225,epoch_round_tuning_ffa_high_rounds/tuning-ffa-wiz_stratified-tinyllama-heter-e1-r50,/homes/neumann/trieu.vy.tran/FederatedLLM/epoch_round_tuning_ffa_high_rounds/tuning-ffa-wiz_stratified-tinyllama-heter-e1-r50,epoch_round_tuning_ffa_high_rounds/tuning-ffa-wiz_stratified-tinyllama-heter-e1-r50/seed0/10/log.txt,50,True,score log,Complete
ffa,Nonlinear FFA,wiz_stratified,Wizard stratified,tinyllama,TinyLlama,heter,Heter,1,50,0,24,29.331704783783607,epoch_round_tuning_ffa_high_rounds/tuning-ffa-wiz_stratified-tinyllama-heter-e1-r50,/homes/neumann/trieu.vy.tran/FederatedLLM/epoch_round_tuning_ffa_high_rounds/tuning-ffa-wiz_stratified-tinyllama-heter-e1-r50,epoch_round_tuning_ffa_high_rounds/tuning-ffa-wiz_stratified-tinyllama-heter-e1-r50/seed0/10/log.txt,50,True,score log,Complete
ffa,Nonlinear FFA,wiz_stratified,Wizard stratified,tinyllama,TinyLlama,heter,Heter,1,50,0,25,30.324319648655152,epoch_round_tuning_ffa_high_rounds/tuning-ffa-wiz_stratified-tinyllama-heter-e1-r50,/homes/neumann/trieu.vy.tran/FederatedLLM/epoch_round_tuning_ffa_high_rounds/tuning-ffa-wiz_stratified-tinyllama-heter-e1-r50,epoch_round_tuning_ffa_high_rounds/tuning-ffa-wiz_stratified-tinyllama-heter-e1-r50/seed0/10/log.txt,50,True,score log,Complete
ffa,Nonlinear FFA,wiz_stratified,Wizard stratified,tinyllama,TinyLlama,heter,Heter,1,50,0,26,29.87718570515358,epoch_round_tuning_ffa_high_rounds/tuning-ffa-wiz_stratified-tinyllama-heter-e1-r50,/homes/neumann/trieu.vy.tran/FederatedLLM/epoch_round_tuning_ffa_high_rounds/tuning-ffa-wiz_stratified-tinyllama-heter-e1-r50,epoch_round_tuning_ffa_high_rounds/tuning-ffa-wiz_stratified-tinyllama-heter-e1-r50/seed0/10/log.txt,50,True,score log,Complete
ffa,Nonlinear FFA,wiz_stratified,Wizard stratified,tinyllama,TinyLlama,heter,Heter,1,50,0,27,29.570520552489928,epoch_round_tuning_ffa_high_rounds/tuning-ffa-wiz_stratified-tinyllama-heter-e1-r50,/homes/neumann/trieu.vy.tran/FederatedLLM/epoch_round_tuning_ffa_high_rounds/tuning-ffa-wiz_stratified-tinyllama-heter-e1-r50,epoch_round_tuning_ffa_high_rounds/tuning-ffa-wiz_stratified-tinyllama-heter-e1-r50/seed0/10/log.txt,50,True,score log,Complete
ffa,Nonlinear FFA,wiz_stratified,Wizard stratified,tinyllama,TinyLlama,heter,Heter,1,50,0,28,28.46465444156484,epoch_round_tuning_ffa_high_rounds/tuning-ffa-wiz_stratified-tinyllama-heter-e1-r50,/homes/neumann/trieu.vy.tran/FederatedLLM/epoch_round_tuning_ffa_high_rounds/tuning-ffa-wiz_stratified-tinyllama-heter-e1-r50,epoch_round_tuning_ffa_high_rounds/tuning-ffa-wiz_stratified-tinyllama-heter-e1-r50/seed0/10/log.txt,50,True,score log,Complete
ffa,Nonlinear FFA,wiz_stratified,Wizard stratified,tinyllama,TinyLlama,heter,Heter,1,50,0,29,31.59926650480069,epoch_round_tuning_ffa_high_rounds/tuning-ffa-wiz_stratified-tinyllama-heter-e1-r50,/homes/neumann/trieu.vy.tran/FederatedLLM/epoch_round_tuning_ffa_high_rounds/tuning-ffa-wiz_stratified-tinyllama-heter-e1-r50,epoch_round_tuning_ffa_high_rounds/tuning-ffa-wiz_stratified-tinyllama-heter-e1-r50/seed0/10/log.txt,50,True,score log,Complete
ffa,Nonlinear FFA,wiz_stratified,Wizard stratified,tinyllama,TinyLlama,heter,Heter,1,50,0,30,29.579498765148266,epoch_round_tuning_ffa_high_rounds/tuning-ffa-wiz_stratified-tinyllama-heter-e1-r50,/homes/neumann/trieu.vy.tran/FederatedLLM/epoch_round_tuning_ffa_high_rounds/tuning-ffa-wiz_stratified-tinyllama-heter-e1-r50,epoch_round_tuning_ffa_high_rounds/tuning-ffa-wiz_stratified-tinyllama-heter-e1-r50/seed0/10/log.txt,50,True,score log,Complete
ffa,Nonlinear FFA,wiz_stratified,Wizard stratified,tinyllama,TinyLlama,heter,Heter,1,50,0,31,30.278402830446886,epoch_round_tuning_ffa_high_rounds/tuning-ffa-wiz_stratified-tinyllama-heter-e1-r50,/homes/neumann/trieu.vy.tran/FederatedLLM/epoch_round_tuning_ffa_high_rounds/tuning-ffa-wiz_stratified-tinyllama-heter-e1-r50,epoch_round_tuning_ffa_high_rounds/tuning-ffa-wiz_stratified-tinyllama-heter-e1-r50/seed0/10/log.txt,50,True,score log,Complete
ffa,Nonlinear FFA,wiz_stratified,Wizard stratified,tinyllama,TinyLlama,heter,Heter,1,50,0,32,28.760184737063298,epoch_round_tuning_ffa_high_rounds/tuning-ffa-wiz_stratified-tinyllama-heter-e1-r50,/homes/neumann/trieu.vy.tran/FederatedLLM/epoch_round_tuning_ffa_high_rounds/tuning-ffa-wiz_stratified-tinyllama-heter-e1-r50,epoch_round_tuning_ffa_high_rounds/tuning-ffa-wiz_stratified-tinyllama-heter-e1-r50/seed0/10/log.txt,50,True,score log,Complete
ffa,Nonlinear FFA,wiz_stratified,Wizard stratified,tinyllama,TinyLlama,heter,Heter,1,50,0,33,29.681589233651216,epoch_round_tuning_ffa_high_rounds/tuning-ffa-wiz_stratified-tinyllama-heter-e1-r50,/homes/neumann/trieu.vy.tran/FederatedLLM/epoch_round_tuning_ffa_high_rounds/tuning-ffa-wiz_stratified-tinyllama-heter-e1-r50,epoch_round_tuning_ffa_high_rounds/tuning-ffa-wiz_stratified-tinyllama-heter-e1-r50/seed0/10/log.txt,50,True,score log,Complete
ffa,Nonlinear FFA,wiz_stratified,Wizard stratified,tinyllama,TinyLlama,heter,Heter,1,50,0,34,30.8463667190916,epoch_round_tuning_ffa_high_rounds/tuning-ffa-wiz_stratified-tinyllama-heter-e1-r50,/homes/neumann/trieu.vy.tran/FederatedLLM/epoch_round_tuning_ffa_high_rounds/tuning-ffa-wiz_stratified-tinyllama-heter-e1-r50,epoch_round_tuning_ffa_high_rounds/tuning-ffa-wiz_stratified-tinyllama-heter-e1-r50/seed0/10/log.txt,50,True,score log,Complete
ffa,Nonlinear FFA,wiz_stratified,Wizard stratified,tinyllama,TinyLlama,heter,Heter,1,50,0,35,30.83037018915095,epoch_round_tuning_ffa_high_rounds/tuning-ffa-wiz_stratified-tinyllama-heter-e1-r50,/homes/neumann/trieu.vy.tran/FederatedLLM/epoch_round_tuning_ffa_high_rounds/tuning-ffa-wiz_stratified-tinyllama-heter-e1-r50,epoch_round_tuning_ffa_high_rounds/tuning-ffa-wiz_stratified-tinyllama-heter-e1-r50/seed0/10/log.txt,50,True,score log,Complete
ffa,Nonlinear FFA,wiz_stratified,Wizard stratified,tinyllama,TinyLlama,heter,Heter,1,50,0,36,30.285205771501627,epoch_round_tuning_ffa_high_rounds/tuning-ffa-wiz_stratified-tinyllama-heter-e1-r50,/homes/neumann/trieu.vy.tran/FederatedLLM/epoch_round_tuning_ffa_high_rounds/tuning-ffa-wiz_stratified-tinyllama-heter-e1-r50,epoch_round_tuning_ffa_high_rounds/tuning-ffa-wiz_stratified-tinyllama-heter-e1-r50/seed0/10/log.txt,50,True,score log,Complete
ffa,Nonlinear FFA,wiz_stratified,Wizard stratified,tinyllama,TinyLlama,heter,Heter,1,50,0,37,30.866727612223844,epoch_round_tuning_ffa_high_rounds/tuning-ffa-wiz_stratified-tinyllama-heter-e1-r50,/homes/neumann/trieu.vy.tran/FederatedLLM/epoch_round_tuning_ffa_high_rounds/tuning-ffa-wiz_stratified-tinyllama-heter-e1-r50,epoch_round_tuning_ffa_high_rounds/tuning-ffa-wiz_stratified-tinyllama-heter-e1-r50/seed0/10/log.txt,50,True,score log,Complete
ffa,Nonlinear FFA,wiz_stratified,Wizard stratified,tinyllama,TinyLlama,heter,Heter,1,50,0,38,30.961675259533006,epoch_round_tuning_ffa_high_rounds/tuning-ffa-wiz_stratified-tinyllama-heter-e1-r50,/homes/neumann/trieu.vy.tran/FederatedLLM/epoch_round_tuning_ffa_high_rounds/tuning-ffa-wiz_stratified-tinyllama-heter-e1-r50,epoch_round_tuning_ffa_high_rounds/tuning-ffa-wiz_stratified-tinyllama-heter-e1-r50/seed0/10/log.txt,50,True,score log,Complete
ffa,Nonlinear FFA,wiz_stratified,Wizard stratified,tinyllama,TinyLlama,heter,Heter,1,50,0,39,29.04293095331131,epoch_round_tuning_ffa_high_rounds/tuning-ffa-wiz_stratified-tinyllama-heter-e1-r50,/homes/neumann/trieu.vy.tran/FederatedLLM/epoch_round_tuning_ffa_high_rounds/tuning-ffa-wiz_stratified-tinyllama-heter-e1-r50,epoch_round_tuning_ffa_high_rounds/tuning-ffa-wiz_stratified-tinyllama-heter-e1-r50/seed0/10/log.txt,50,True,score log,Complete
ffa,Nonlinear FFA,wiz_stratified,Wizard stratified,tinyllama,TinyLlama,heter,Heter,1,50,0,40,30.40117056824945,epoch_round_tuning_ffa_high_rounds/tuning-ffa-wiz_stratified-tinyllama-heter-e1-r50,/homes/neumann/trieu.vy.tran/FederatedLLM/epoch_round_tuning_ffa_high_rounds/tuning-ffa-wiz_stratified-tinyllama-heter-e1-r50,epoch_round_tuning_ffa_high_rounds/tuning-ffa-wiz_stratified-tinyllama-heter-e1-r50/seed0/10/log.txt,50,True,score log,Complete
ffa,Nonlinear FFA,wiz_stratified,Wizard stratified,tinyllama,TinyLlama,heter,Heter,1,50,0,41,30.741306055904282,epoch_round_tuning_ffa_high_rounds/tuning-ffa-wiz_stratified-tinyllama-heter-e1-r50,/homes/neumann/trieu.vy.tran/FederatedLLM/epoch_round_tuning_ffa_high_rounds/tuning-ffa-wiz_stratified-tinyllama-heter-e1-r50,epoch_round_tuning_ffa_high_rounds/tuning-ffa-wiz_stratified-tinyllama-heter-e1-r50/seed0/10/log.txt,50,True,score log,Complete
ffa,Nonlinear FFA,wiz_stratified,Wizard stratified,tinyllama,TinyLlama,heter,Heter,1,50,0,42,29.89961737543892,epoch_round_tuning_ffa_high_rounds/tuning-ffa-wiz_stratified-tinyllama-heter-e1-r50,/homes/neumann/trieu.vy.tran/FederatedLLM/epoch_round_tuning_ffa_high_rounds/tuning-ffa-wiz_stratified-tinyllama-heter-e1-r50,epoch_round_tuning_ffa_high_rounds/tuning-ffa-wiz_stratified-tinyllama-heter-e1-r50/seed0/10/log.txt,50,True,score log,Complete
ffa,Nonlinear FFA,wiz_stratified,Wizard stratified,tinyllama,TinyLlama,heter,Heter,1,50,0,43,30.249619414722908,epoch_round_tuning_ffa_high_rounds/tuning-ffa-wiz_stratified-tinyllama-heter-e1-r50,/homes/neumann/trieu.vy.tran/FederatedLLM/epoch_round_tuning_ffa_high_rounds/tuning-ffa-wiz_stratified-tinyllama-heter-e1-r50,epoch_round_tuning_ffa_high_rounds/tuning-ffa-wiz_stratified-tinyllama-heter-e1-r50/seed0/10/log.txt,50,True,score log,Complete
ffa,Nonlinear FFA,wiz_stratified,Wizard stratified,tinyllama,TinyLlama,heter,Heter,1,50,0,44,29.83630002306159,epoch_round_tuning_ffa_high_rounds/tuning-ffa-wiz_stratified-tinyllama-heter-e1-r50,/homes/neumann/trieu.vy.tran/FederatedLLM/epoch_round_tuning_ffa_high_rounds/tuning-ffa-wiz_stratified-tinyllama-heter-e1-r50,epoch_round_tuning_ffa_high_rounds/tuning-ffa-wiz_stratified-tinyllama-heter-e1-r50/seed0/10/log.txt,50,True,score log,Complete
ffa,Nonlinear FFA,wiz_stratified,Wizard stratified,tinyllama,TinyLlama,heter,Heter,1,50,0,45,31.906231336562445,epoch_round_tuning_ffa_high_rounds/tuning-ffa-wiz_stratified-tinyllama-heter-e1-r50,/homes/neumann/trieu.vy.tran/FederatedLLM/epoch_round_tuning_ffa_high_rounds/tuning-ffa-wiz_stratified-tinyllama-heter-e1-r50,epoch_round_tuning_ffa_high_rounds/tuning-ffa-wiz_stratified-tinyllama-heter-e1-r50/seed0/10/log.txt,50,True,score log,Complete
ffa,Nonlinear FFA,wiz_stratified,Wizard stratified,tinyllama,TinyLlama,heter,Heter,1,50,0,46,29.671960123639167,epoch_round_tuning_ffa_high_rounds/tuning-ffa-wiz_stratified-tinyllama-heter-e1-r50,/homes/neumann/trieu.vy.tran/FederatedLLM/epoch_round_tuning_ffa_high_rounds/tuning-ffa-wiz_stratified-tinyllama-heter-e1-r50,epoch_round_tuning_ffa_high_rounds/tuning-ffa-wiz_stratified-tinyllama-heter-e1-r50/seed0/10/log.txt,50,True,score log,Complete
ffa,Nonlinear FFA,wiz_stratified,Wizard stratified,tinyllama,TinyLlama,heter,Heter,1,50,0,47,31.091811884015343,epoch_round_tuning_ffa_high_rounds/tuning-ffa-wiz_stratified-tinyllama-heter-e1-r50,/homes/neumann/trieu.vy.tran/FederatedLLM/epoch_round_tuning_ffa_high_rounds/tuning-ffa-wiz_stratified-tinyllama-heter-e1-r50,epoch_round_tuning_ffa_high_rounds/tuning-ffa-wiz_stratified-tinyllama-heter-e1-r50/seed0/10/log.txt,50,True,score log,Complete
ffa,Nonlinear FFA,wiz_stratified,Wizard stratified,tinyllama,TinyLlama,heter,Heter,1,50,0,48,30.823060487858978,epoch_round_tuning_ffa_high_rounds/tuning-ffa-wiz_stratified-tinyllama-heter-e1-r50,/homes/neumann/trieu.vy.tran/FederatedLLM/epoch_round_tuning_ffa_high_rounds/tuning-ffa-wiz_stratified-tinyllama-heter-e1-r50,epoch_round_tuning_ffa_high_rounds/tuning-ffa-wiz_stratified-tinyllama-heter-e1-r50/seed0/10/log.txt,50,True,score log,Complete
ffa,Nonlinear FFA,wiz_stratified,Wizard stratified,tinyllama,TinyLlama,heter,Heter,1,50,0,49,29.864668044981414,epoch_round_tuning_ffa_high_rounds/tuning-ffa-wiz_stratified-tinyllama-heter-e1-r50,/homes/neumann/trieu.vy.tran/FederatedLLM/epoch_round_tuning_ffa_high_rounds/tuning-ffa-wiz_stratified-tinyllama-heter-e1-r50,epoch_round_tuning_ffa_high_rounds/tuning-ffa-wiz_stratified-tinyllama-heter-e1-r50/seed0/10/log.txt,50,True,score log,Complete
ffa,Nonlinear FFA,wiz_stratified,Wizard stratified,tinyllama,TinyLlama,heter,Heter,1,50,0,50,30.210027731869644,epoch_round_tuning_ffa_high_rounds/tuning-ffa-wiz_stratified-tinyllama-heter-e1-r50,/homes/neumann/trieu.vy.tran/FederatedLLM/epoch_round_tuning_ffa_high_rounds/tuning-ffa-wiz_stratified-tinyllama-heter-e1-r50,epoch_round_tuning_ffa_high_rounds/tuning-ffa-wiz_stratified-tinyllama-heter-e1-r50/seed0/10/log.txt,50,True,score log,Complete
ffa,Nonlinear FFA,wiz_stratified,Wizard stratified,tinyllama,TinyLlama,homo,Homo,1,50,0,1,29.0369879341391,epoch_round_tuning_ffa_high_rounds/tuning-ffa-wiz_stratified-tinyllama-homo-e1-r50,/homes/neumann/trieu.vy.tran/FederatedLLM/epoch_round_tuning_ffa_high_rounds/tuning-ffa-wiz_stratified-tinyllama-homo-e1-r50,epoch_round_tuning_ffa_high_rounds/tuning-ffa-wiz_stratified-tinyllama-homo-e1-r50/seed0/10/log.txt,50,True,score log,Complete
ffa,Nonlinear FFA,wiz_stratified,Wizard stratified,tinyllama,TinyLlama,homo,Homo,1,50,0,2,30.98651730077761,epoch_round_tuning_ffa_high_rounds/tuning-ffa-wiz_stratified-tinyllama-homo-e1-r50,/homes/neumann/trieu.vy.tran/FederatedLLM/epoch_round_tuning_ffa_high_rounds/tuning-ffa-wiz_stratified-tinyllama-homo-e1-r50,epoch_round_tuning_ffa_high_rounds/tuning-ffa-wiz_stratified-tinyllama-homo-e1-r50/seed0/10/log.txt,50,True,score log,Complete
ffa,Nonlinear FFA,wiz_stratified,Wizard stratified,tinyllama,TinyLlama,homo,Homo,1,50,0,3,31.625251004324788,epoch_round_tuning_ffa_high_rounds/tuning-ffa-wiz_stratified-tinyllama-homo-e1-r50,/homes/neumann/trieu.vy.tran/FederatedLLM/epoch_round_tuning_ffa_high_rounds/tuning-ffa-wiz_stratified-tinyllama-homo-e1-r50,epoch_round_tuning_ffa_high_rounds/tuning-ffa-wiz_stratified-tinyllama-homo-e1-r50/seed0/10/log.txt,50,True,score log,Complete
ffa,Nonlinear FFA,wiz_stratified,Wizard stratified,tinyllama,TinyLlama,homo,Homo,1,50,0,4,31.423847382805132,epoch_round_tuning_ffa_high_rounds/tuning-ffa-wiz_stratified-tinyllama-homo-e1-r50,/homes/neumann/trieu.vy.tran/FederatedLLM/epoch_round_tuning_ffa_high_rounds/tuning-ffa-wiz_stratified-tinyllama-homo-e1-r50,epoch_round_tuning_ffa_high_rounds/tuning-ffa-wiz_stratified-tinyllama-homo-e1-r50/seed0/10/log.txt,50,True,score log,Complete
ffa,Nonlinear FFA,wiz_stratified,Wizard stratified,tinyllama,TinyLlama,homo,Homo,1,50,0,5,31.46555505254176,epoch_round_tuning_ffa_high_rounds/tuning-ffa-wiz_stratified-tinyllama-homo-e1-r50,/homes/neumann/trieu.vy.tran/FederatedLLM/epoch_round_tuning_ffa_high_rounds/tuning-ffa-wiz_stratified-tinyllama-homo-e1-r50,epoch_round_tuning_ffa_high_rounds/tuning-ffa-wiz_stratified-tinyllama-homo-e1-r50/seed0/10/log.txt,50,True,score log,Complete
ffa,Nonlinear FFA,wiz_stratified,Wizard stratified,tinyllama,TinyLlama,homo,Homo,1,50,0,6,31.402470623767627,epoch_round_tuning_ffa_high_rounds/tuning-ffa-wiz_stratified-tinyllama-homo-e1-r50,/homes/neumann/trieu.vy.tran/FederatedLLM/epoch_round_tuning_ffa_high_rounds/tuning-ffa-wiz_stratified-tinyllama-homo-e1-r50,epoch_round_tuning_ffa_high_rounds/tuning-ffa-wiz_stratified-tinyllama-homo-e1-r50/seed0/10/log.txt,50,True,score log,Complete
ffa,Nonlinear FFA,wiz_stratified,Wizard stratified,tinyllama,TinyLlama,homo,Homo,1,50,0,7,30.38248043226335,epoch_round_tuning_ffa_high_rounds/tuning-ffa-wiz_stratified-tinyllama-homo-e1-r50,/homes/neumann/trieu.vy.tran/FederatedLLM/epoch_round_tuning_ffa_high_rounds/tuning-ffa-wiz_stratified-tinyllama-homo-e1-r50,epoch_round_tuning_ffa_high_rounds/tuning-ffa-wiz_stratified-tinyllama-homo-e1-r50/seed0/10/log.txt,50,True,score log,Complete
ffa,Nonlinear FFA,wiz_stratified,Wizard stratified,tinyllama,TinyLlama,homo,Homo,1,50,0,8,30.78386685846912,epoch_round_tuning_ffa_high_rounds/tuning-ffa-wiz_stratified-tinyllama-homo-e1-r50,/homes/neumann/trieu.vy.tran/FederatedLLM/epoch_round_tuning_ffa_high_rounds/tuning-ffa-wiz_stratified-tinyllama-homo-e1-r50,epoch_round_tuning_ffa_high_rounds/tuning-ffa-wiz_stratified-tinyllama-homo-e1-r50/seed0/10/log.txt,50,True,score log,Complete
ffa,Nonlinear FFA,wiz_stratified,Wizard stratified,tinyllama,TinyLlama,homo,Homo,1,50,0,9,30.171364318484507,epoch_round_tuning_ffa_high_rounds/tuning-ffa-wiz_stratified-tinyllama-homo-e1-r50,/homes/neumann/trieu.vy.tran/FederatedLLM/epoch_round_tuning_ffa_high_rounds/tuning-ffa-wiz_stratified-tinyllama-homo-e1-r50,epoch_round_tuning_ffa_high_rounds/tuning-ffa-wiz_stratified-tinyllama-homo-e1-r50/seed0/10/log.txt,50,True,score log,Complete
ffa,Nonlinear FFA,wiz_stratified,Wizard stratified,tinyllama,TinyLlama,homo,Homo,1,50,0,10,28.73263252280749,epoch_round_tuning_ffa_high_rounds/tuning-ffa-wiz_stratified-tinyllama-homo-e1-r50,/homes/neumann/trieu.vy.tran/FederatedLLM/epoch_round_tuning_ffa_high_rounds/tuning-ffa-wiz_stratified-tinyllama-homo-e1-r50,epoch_round_tuning_ffa_high_rounds/tuning-ffa-wiz_stratified-tinyllama-homo-e1-r50/seed0/10/log.txt,50,True,score log,Complete
ffa,Nonlinear FFA,wiz_stratified,Wizard stratified,tinyllama,TinyLlama,homo,Homo,1,50,0,11,28.640618397112394,epoch_round_tuning_ffa_high_rounds/tuning-ffa-wiz_stratified-tinyllama-homo-e1-r50,/homes/neumann/trieu.vy.tran/FederatedLLM/epoch_round_tuning_ffa_high_rounds/tuning-ffa-wiz_stratified-tinyllama-homo-e1-r50,epoch_round_tuning_ffa_high_rounds/tuning-ffa-wiz_stratified-tinyllama-homo-e1-r50/seed0/10/log.txt,50,True,score log,Complete
ffa,Nonlinear FFA,wiz_stratified,Wizard stratified,tinyllama,TinyLlama,homo,Homo,1,50,0,12,28.840179590034314,epoch_round_tuning_ffa_high_rounds/tuning-ffa-wiz_stratified-tinyllama-homo-e1-r50,/homes/neumann/trieu.vy.tran/FederatedLLM/epoch_round_tuning_ffa_high_rounds/tuning-ffa-wiz_stratified-tinyllama-homo-e1-r50,epoch_round_tuning_ffa_high_rounds/tuning-ffa-wiz_stratified-tinyllama-homo-e1-r50/seed0/10/log.txt,50,True,score log,Complete
ffa,Nonlinear FFA,wiz_stratified,Wizard stratified,tinyllama,TinyLlama,homo,Homo,1,50,0,13,30.4411876128929,epoch_round_tuning_ffa_high_rounds/tuning-ffa-wiz_stratified-tinyllama-homo-e1-r50,/homes/neumann/trieu.vy.tran/FederatedLLM/epoch_round_tuning_ffa_high_rounds/tuning-ffa-wiz_stratified-tinyllama-homo-e1-r50,epoch_round_tuning_ffa_high_rounds/tuning-ffa-wiz_stratified-tinyllama-homo-e1-r50/seed0/10/log.txt,50,True,score log,Complete
ffa,Nonlinear FFA,wiz_stratified,Wizard stratified,tinyllama,TinyLlama,homo,Homo,1,50,0,14,30.41568146766675,epoch_round_tuning_ffa_high_rounds/tuning-ffa-wiz_stratified-tinyllama-homo-e1-r50,/homes/neumann/trieu.vy.tran/FederatedLLM/epoch_round_tuning_ffa_high_rounds/tuning-ffa-wiz_stratified-tinyllama-homo-e1-r50,epoch_round_tuning_ffa_high_rounds/tuning-ffa-wiz_stratified-tinyllama-homo-e1-r50/seed0/10/log.txt,50,True,score log,Complete
ffa,Nonlinear FFA,wiz_stratified,Wizard stratified,tinyllama,TinyLlama,homo,Homo,1,50,0,15,28.955006006737456,epoch_round_tuning_ffa_high_rounds/tuning-ffa-wiz_stratified-tinyllama-homo-e1-r50,/homes/neumann/trieu.vy.tran/FederatedLLM/epoch_round_tuning_ffa_high_rounds/tuning-ffa-wiz_stratified-tinyllama-homo-e1-r50,epoch_round_tuning_ffa_high_rounds/tuning-ffa-wiz_stratified-tinyllama-homo-e1-r50/seed0/10/log.txt,50,True,score log,Complete
ffa,Nonlinear FFA,wiz_stratified,Wizard stratified,tinyllama,TinyLlama,homo,Homo,1,50,0,16,28.20725200603426,epoch_round_tuning_ffa_high_rounds/tuning-ffa-wiz_stratified-tinyllama-homo-e1-r50,/homes/neumann/trieu.vy.tran/FederatedLLM/epoch_round_tuning_ffa_high_rounds/tuning-ffa-wiz_stratified-tinyllama-homo-e1-r50,epoch_round_tuning_ffa_high_rounds/tuning-ffa-wiz_stratified-tinyllama-homo-e1-r50/seed0/10/log.txt,50,True,score log,Complete
ffa,Nonlinear FFA,wiz_stratified,Wizard stratified,tinyllama,TinyLlama,homo,Homo,1,50,0,17,29.261663173510605,epoch_round_tuning_ffa_high_rounds/tuning-ffa-wiz_stratified-tinyllama-homo-e1-r50,/homes/neumann/trieu.vy.tran/FederatedLLM/epoch_round_tuning_ffa_high_rounds/tuning-ffa-wiz_stratified-tinyllama-homo-e1-r50,epoch_round_tuning_ffa_high_rounds/tuning-ffa-wiz_stratified-tinyllama-homo-e1-r50/seed0/10/log.txt,50,True,score log,Complete
ffa,Nonlinear FFA,wiz_stratified,Wizard stratified,tinyllama,TinyLlama,homo,Homo,1,50,0,18,28.561449721728028,epoch_round_tuning_ffa_high_rounds/tuning-ffa-wiz_stratified-tinyllama-homo-e1-r50,/homes/neumann/trieu.vy.tran/FederatedLLM/epoch_round_tuning_ffa_high_rounds/tuning-ffa-wiz_stratified-tinyllama-homo-e1-r50,epoch_round_tuning_ffa_high_rounds/tuning-ffa-wiz_stratified-tinyllama-homo-e1-r50/seed0/10/log.txt,50,True,score log,Complete
ffa,Nonlinear FFA,wiz_stratified,Wizard stratified,tinyllama,TinyLlama,homo,Homo,1,50,0,19,28.520822921238203,epoch_round_tuning_ffa_high_rounds/tuning-ffa-wiz_stratified-tinyllama-homo-e1-r50,/homes/neumann/trieu.vy.tran/FederatedLLM/epoch_round_tuning_ffa_high_rounds/tuning-ffa-wiz_stratified-tinyllama-homo-e1-r50,epoch_round_tuning_ffa_high_rounds/tuning-ffa-wiz_stratified-tinyllama-homo-e1-r50/seed0/10/log.txt,50,True,score log,Complete
ffa,Nonlinear FFA,wiz_stratified,Wizard stratified,tinyllama,TinyLlama,homo,Homo,1,50,0,20,28.964239473258242,epoch_round_tuning_ffa_high_rounds/tuning-ffa-wiz_stratified-tinyllama-homo-e1-r50,/homes/neumann/trieu.vy.tran/FederatedLLM/epoch_round_tuning_ffa_high_rounds/tuning-ffa-wiz_stratified-tinyllama-homo-e1-r50,epoch_round_tuning_ffa_high_rounds/tuning-ffa-wiz_stratified-tinyllama-homo-e1-r50/seed0/10/log.txt,50,True,score log,Complete
ffa,Nonlinear FFA,wiz_stratified,Wizard stratified,tinyllama,TinyLlama,homo,Homo,1,50,0,21,28.575495062506683,epoch_round_tuning_ffa_high_rounds/tuning-ffa-wiz_stratified-tinyllama-homo-e1-r50,/homes/neumann/trieu.vy.tran/FederatedLLM/epoch_round_tuning_ffa_high_rounds/tuning-ffa-wiz_stratified-tinyllama-homo-e1-r50,epoch_round_tuning_ffa_high_rounds/tuning-ffa-wiz_stratified-tinyllama-homo-e1-r50/seed0/10/log.txt,50,True,score log,Complete
ffa,Nonlinear FFA,wiz_stratified,Wizard stratified,tinyllama,TinyLlama,homo,Homo,1,50,0,22,29.196702402397946,epoch_round_tuning_ffa_high_rounds/tuning-ffa-wiz_stratified-tinyllama-homo-e1-r50,/homes/neumann/trieu.vy.tran/FederatedLLM/epoch_round_tuning_ffa_high_rounds/tuning-ffa-wiz_stratified-tinyllama-homo-e1-r50,epoch_round_tuning_ffa_high_rounds/tuning-ffa-wiz_stratified-tinyllama-homo-e1-r50/seed0/10/log.txt,50,True,score log,Complete
ffa,Nonlinear FFA,wiz_stratified,Wizard stratified,tinyllama,TinyLlama,homo,Homo,1,50,0,23,28.382868662760313,epoch_round_tuning_ffa_high_rounds/tuning-ffa-wiz_stratified-tinyllama-homo-e1-r50,/homes/neumann/trieu.vy.tran/FederatedLLM/epoch_round_tuning_ffa_high_rounds/tuning-ffa-wiz_stratified-tinyllama-homo-e1-r50,epoch_round_tuning_ffa_high_rounds/tuning-ffa-wiz_stratified-tinyllama-homo-e1-r50/seed0/10/log.txt,50,True,score log,Complete
ffa,Nonlinear FFA,wiz_stratified,Wizard stratified,tinyllama,TinyLlama,homo,Homo,1,50,0,24,28.369737094980312,epoch_round_tuning_ffa_high_rounds/tuning-ffa-wiz_stratified-tinyllama-homo-e1-r50,/homes/neumann/trieu.vy.tran/FederatedLLM/epoch_round_tuning_ffa_high_rounds/tuning-ffa-wiz_stratified-tinyllama-homo-e1-r50,epoch_round_tuning_ffa_high_rounds/tuning-ffa-wiz_stratified-tinyllama-homo-e1-r50/seed0/10/log.txt,50,True,score log,Complete
ffa,Nonlinear FFA,wiz_stratified,Wizard stratified,tinyllama,TinyLlama,homo,Homo,1,50,0,25,28.563565431034476,epoch_round_tuning_ffa_high_rounds/tuning-ffa-wiz_stratified-tinyllama-homo-e1-r50,/homes/neumann/trieu.vy.tran/FederatedLLM/epoch_round_tuning_ffa_high_rounds/tuning-ffa-wiz_stratified-tinyllama-homo-e1-r50,epoch_round_tuning_ffa_high_rounds/tuning-ffa-wiz_stratified-tinyllama-homo-e1-r50/seed0/10/log.txt,50,True,score log,Complete
ffa,Nonlinear FFA,wiz_stratified,Wizard stratified,tinyllama,TinyLlama,homo,Homo,1,50,0,26,27.929720437557258,epoch_round_tuning_ffa_high_rounds/tuning-ffa-wiz_stratified-tinyllama-homo-e1-r50,/homes/neumann/trieu.vy.tran/FederatedLLM/epoch_round_tuning_ffa_high_rounds/tuning-ffa-wiz_stratified-tinyllama-homo-e1-r50,epoch_round_tuning_ffa_high_rounds/tuning-ffa-wiz_stratified-tinyllama-homo-e1-r50/seed0/10/log.txt,50,True,score log,Complete
ffa,Nonlinear FFA,wiz_stratified,Wizard stratified,tinyllama,TinyLlama,homo,Homo,1,50,0,27,27.32257677365591,epoch_round_tuning_ffa_high_rounds/tuning-ffa-wiz_stratified-tinyllama-homo-e1-r50,/homes/neumann/trieu.vy.tran/FederatedLLM/epoch_round_tuning_ffa_high_rounds/tuning-ffa-wiz_stratified-tinyllama-homo-e1-r50,epoch_round_tuning_ffa_high_rounds/tuning-ffa-wiz_stratified-tinyllama-homo-e1-r50/seed0/10/log.txt,50,True,score log,Complete
ffa,Nonlinear FFA,wiz_stratified,Wizard stratified,tinyllama,TinyLlama,homo,Homo,1,50,0,28,28.862526026614947,epoch_round_tuning_ffa_high_rounds/tuning-ffa-wiz_stratified-tinyllama-homo-e1-r50,/homes/neumann/trieu.vy.tran/FederatedLLM/epoch_round_tuning_ffa_high_rounds/tuning-ffa-wiz_stratified-tinyllama-homo-e1-r50,epoch_round_tuning_ffa_high_rounds/tuning-ffa-wiz_stratified-tinyllama-homo-e1-r50/seed0/10/log.txt,50,True,score log,Complete
ffa,Nonlinear FFA,wiz_stratified,Wizard stratified,tinyllama,TinyLlama,homo,Homo,1,50,0,29,27.502584935647455,epoch_round_tuning_ffa_high_rounds/tuning-ffa-wiz_stratified-tinyllama-homo-e1-r50,/homes/neumann/trieu.vy.tran/FederatedLLM/epoch_round_tuning_ffa_high_rounds/tuning-ffa-wiz_stratified-tinyllama-homo-e1-r50,epoch_round_tuning_ffa_high_rounds/tuning-ffa-wiz_stratified-tinyllama-homo-e1-r50/seed0/10/log.txt,50,True,score log,Complete
ffa,Nonlinear FFA,wiz_stratified,Wizard stratified,tinyllama,TinyLlama,homo,Homo,1,50,0,30,26.91701463861685,epoch_round_tuning_ffa_high_rounds/tuning-ffa-wiz_stratified-tinyllama-homo-e1-r50,/homes/neumann/trieu.vy.tran/FederatedLLM/epoch_round_tuning_ffa_high_rounds/tuning-ffa-wiz_stratified-tinyllama-homo-e1-r50,epoch_round_tuning_ffa_high_rounds/tuning-ffa-wiz_stratified-tinyllama-homo-e1-r50/seed0/10/log.txt,50,True,score log,Complete
ffa,Nonlinear FFA,wiz_stratified,Wizard stratified,tinyllama,TinyLlama,homo,Homo,1,50,0,31,28.4327726923507,epoch_round_tuning_ffa_high_rounds/tuning-ffa-wiz_stratified-tinyllama-homo-e1-r50,/homes/neumann/trieu.vy.tran/FederatedLLM/epoch_round_tuning_ffa_high_rounds/tuning-ffa-wiz_stratified-tinyllama-homo-e1-r50,epoch_round_tuning_ffa_high_rounds/tuning-ffa-wiz_stratified-tinyllama-homo-e1-r50/seed0/10/log.txt,50,True,score log,Complete
ffa,Nonlinear FFA,wiz_stratified,Wizard stratified,tinyllama,TinyLlama,homo,Homo,1,50,0,32,27.60619429867196,epoch_round_tuning_ffa_high_rounds/tuning-ffa-wiz_stratified-tinyllama-homo-e1-r50,/homes/neumann/trieu.vy.tran/FederatedLLM/epoch_round_tuning_ffa_high_rounds/tuning-ffa-wiz_stratified-tinyllama-homo-e1-r50,epoch_round_tuning_ffa_high_rounds/tuning-ffa-wiz_stratified-tinyllama-homo-e1-r50/seed0/10/log.txt,50,True,score log,Complete
ffa,Nonlinear FFA,wiz_stratified,Wizard stratified,tinyllama,TinyLlama,homo,Homo,1,50,0,33,25.523032110403893,epoch_round_tuning_ffa_high_rounds/tuning-ffa-wiz_stratified-tinyllama-homo-e1-r50,/homes/neumann/trieu.vy.tran/FederatedLLM/epoch_round_tuning_ffa_high_rounds/tuning-ffa-wiz_stratified-tinyllama-homo-e1-r50,epoch_round_tuning_ffa_high_rounds/tuning-ffa-wiz_stratified-tinyllama-homo-e1-r50/seed0/10/log.txt,50,True,score log,Complete
ffa,Nonlinear FFA,wiz_stratified,Wizard stratified,tinyllama,TinyLlama,homo,Homo,1,50,0,34,27.999123422199556,epoch_round_tuning_ffa_high_rounds/tuning-ffa-wiz_stratified-tinyllama-homo-e1-r50,/homes/neumann/trieu.vy.tran/FederatedLLM/epoch_round_tuning_ffa_high_rounds/tuning-ffa-wiz_stratified-tinyllama-homo-e1-r50,epoch_round_tuning_ffa_high_rounds/tuning-ffa-wiz_stratified-tinyllama-homo-e1-r50/seed0/10/log.txt,50,True,score log,Complete
ffa,Nonlinear FFA,wiz_stratified,Wizard stratified,tinyllama,TinyLlama,homo,Homo,1,50,0,35,27.413536416712493,epoch_round_tuning_ffa_high_rounds/tuning-ffa-wiz_stratified-tinyllama-homo-e1-r50,/homes/neumann/trieu.vy.tran/FederatedLLM/epoch_round_tuning_ffa_high_rounds/tuning-ffa-wiz_stratified-tinyllama-homo-e1-r50,epoch_round_tuning_ffa_high_rounds/tuning-ffa-wiz_stratified-tinyllama-homo-e1-r50/seed0/10/log.txt,50,True,score log,Complete
ffa,Nonlinear FFA,wiz_stratified,Wizard stratified,tinyllama,TinyLlama,homo,Homo,1,50,0,36,26.800779143164682,epoch_round_tuning_ffa_high_rounds/tuning-ffa-wiz_stratified-tinyllama-homo-e1-r50,/homes/neumann/trieu.vy.tran/FederatedLLM/epoch_round_tuning_ffa_high_rounds/tuning-ffa-wiz_stratified-tinyllama-homo-e1-r50,epoch_round_tuning_ffa_high_rounds/tuning-ffa-wiz_stratified-tinyllama-homo-e1-r50/seed0/10/log.txt,50,True,score log,Complete
ffa,Nonlinear FFA,wiz_stratified,Wizard stratified,tinyllama,TinyLlama,homo,Homo,1,50,0,37,28.106582821054417,epoch_round_tuning_ffa_high_rounds/tuning-ffa-wiz_stratified-tinyllama-homo-e1-r50,/homes/neumann/trieu.vy.tran/FederatedLLM/epoch_round_tuning_ffa_high_rounds/tuning-ffa-wiz_stratified-tinyllama-homo-e1-r50,epoch_round_tuning_ffa_high_rounds/tuning-ffa-wiz_stratified-tinyllama-homo-e1-r50/seed0/10/log.txt,50,True,score log,Complete
ffa,Nonlinear FFA,wiz_stratified,Wizard stratified,tinyllama,TinyLlama,homo,Homo,1,50,0,38,27.949609809655087,epoch_round_tuning_ffa_high_rounds/tuning-ffa-wiz_stratified-tinyllama-homo-e1-r50,/homes/neumann/trieu.vy.tran/FederatedLLM/epoch_round_tuning_ffa_high_rounds/tuning-ffa-wiz_stratified-tinyllama-homo-e1-r50,epoch_round_tuning_ffa_high_rounds/tuning-ffa-wiz_stratified-tinyllama-homo-e1-r50/seed0/10/log.txt,50,True,score log,Complete
ffa,Nonlinear FFA,wiz_stratified,Wizard stratified,tinyllama,TinyLlama,homo,Homo,1,50,0,39,29.00685105299214,epoch_round_tuning_ffa_high_rounds/tuning-ffa-wiz_stratified-tinyllama-homo-e1-r50,/homes/neumann/trieu.vy.tran/FederatedLLM/epoch_round_tuning_ffa_high_rounds/tuning-ffa-wiz_stratified-tinyllama-homo-e1-r50,epoch_round_tuning_ffa_high_rounds/tuning-ffa-wiz_stratified-tinyllama-homo-e1-r50/seed0/10/log.txt,50,True,score log,Complete
ffa,Nonlinear FFA,wiz_stratified,Wizard stratified,tinyllama,TinyLlama,homo,Homo,1,50,0,40,28.899597569961806,epoch_round_tuning_ffa_high_rounds/tuning-ffa-wiz_stratified-tinyllama-homo-e1-r50,/homes/neumann/trieu.vy.tran/FederatedLLM/epoch_round_tuning_ffa_high_rounds/tuning-ffa-wiz_stratified-tinyllama-homo-e1-r50,epoch_round_tuning_ffa_high_rounds/tuning-ffa-wiz_stratified-tinyllama-homo-e1-r50/seed0/10/log.txt,50,True,score log,Complete
ffa,Nonlinear FFA,wiz_stratified,Wizard stratified,tinyllama,TinyLlama,homo,Homo,1,50,0,41,29.43726269150746,epoch_round_tuning_ffa_high_rounds/tuning-ffa-wiz_stratified-tinyllama-homo-e1-r50,/homes/neumann/trieu.vy.tran/FederatedLLM/epoch_round_tuning_ffa_high_rounds/tuning-ffa-wiz_stratified-tinyllama-homo-e1-r50,epoch_round_tuning_ffa_high_rounds/tuning-ffa-wiz_stratified-tinyllama-homo-e1-r50/seed0/10/log.txt,50,True,score log,Complete
ffa,Nonlinear FFA,wiz_stratified,Wizard stratified,tinyllama,TinyLlama,homo,Homo,1,50,0,42,28.088135850974727,epoch_round_tuning_ffa_high_rounds/tuning-ffa-wiz_stratified-tinyllama-homo-e1-r50,/homes/neumann/trieu.vy.tran/FederatedLLM/epoch_round_tuning_ffa_high_rounds/tuning-ffa-wiz_stratified-tinyllama-homo-e1-r50,epoch_round_tuning_ffa_high_rounds/tuning-ffa-wiz_stratified-tinyllama-homo-e1-r50/seed0/10/log.txt,50,True,score log,Complete
ffa,Nonlinear FFA,wiz_stratified,Wizard stratified,tinyllama,TinyLlama,homo,Homo,1,50,0,43,29.425404685688367,epoch_round_tuning_ffa_high_rounds/tuning-ffa-wiz_stratified-tinyllama-homo-e1-r50,/homes/neumann/trieu.vy.tran/FederatedLLM/epoch_round_tuning_ffa_high_rounds/tuning-ffa-wiz_stratified-tinyllama-homo-e1-r50,epoch_round_tuning_ffa_high_rounds/tuning-ffa-wiz_stratified-tinyllama-homo-e1-r50/seed0/10/log.txt,50,True,score log,Complete
ffa,Nonlinear FFA,wiz_stratified,Wizard stratified,tinyllama,TinyLlama,homo,Homo,1,50,0,44,29.05235638349265,epoch_round_tuning_ffa_high_rounds/tuning-ffa-wiz_stratified-tinyllama-homo-e1-r50,/homes/neumann/trieu.vy.tran/FederatedLLM/epoch_round_tuning_ffa_high_rounds/tuning-ffa-wiz_stratified-tinyllama-homo-e1-r50,epoch_round_tuning_ffa_high_rounds/tuning-ffa-wiz_stratified-tinyllama-homo-e1-r50/seed0/10/log.txt,50,True,score log,Complete
ffa,Nonlinear FFA,wiz_stratified,Wizard stratified,tinyllama,TinyLlama,homo,Homo,1,50,0,45,29.32874640789856,epoch_round_tuning_ffa_high_rounds/tuning-ffa-wiz_stratified-tinyllama-homo-e1-r50,/homes/neumann/trieu.vy.tran/FederatedLLM/epoch_round_tuning_ffa_high_rounds/tuning-ffa-wiz_stratified-tinyllama-homo-e1-r50,epoch_round_tuning_ffa_high_rounds/tuning-ffa-wiz_stratified-tinyllama-homo-e1-r50/seed0/10/log.txt,50,True,score log,Complete
ffa,Nonlinear FFA,wiz_stratified,Wizard stratified,tinyllama,TinyLlama,homo,Homo,1,50,0,46,27.87285005894405,epoch_round_tuning_ffa_high_rounds/tuning-ffa-wiz_stratified-tinyllama-homo-e1-r50,/homes/neumann/trieu.vy.tran/FederatedLLM/epoch_round_tuning_ffa_high_rounds/tuning-ffa-wiz_stratified-tinyllama-homo-e1-r50,epoch_round_tuning_ffa_high_rounds/tuning-ffa-wiz_stratified-tinyllama-homo-e1-r50/seed0/10/log.txt,50,True,score log,Complete
ffa,Nonlinear FFA,wiz_stratified,Wizard stratified,tinyllama,TinyLlama,homo,Homo,1,50,0,47,29.64231088778954,epoch_round_tuning_ffa_high_rounds/tuning-ffa-wiz_stratified-tinyllama-homo-e1-r50,/homes/neumann/trieu.vy.tran/FederatedLLM/epoch_round_tuning_ffa_high_rounds/tuning-ffa-wiz_stratified-tinyllama-homo-e1-r50,epoch_round_tuning_ffa_high_rounds/tuning-ffa-wiz_stratified-tinyllama-homo-e1-r50/seed0/10/log.txt,50,True,score log,Complete
ffa,Nonlinear FFA,wiz_stratified,Wizard stratified,tinyllama,TinyLlama,homo,Homo,1,50,0,48,28.641577797362665,epoch_round_tuning_ffa_high_rounds/tuning-ffa-wiz_stratified-tinyllama-homo-e1-r50,/homes/neumann/trieu.vy.tran/FederatedLLM/epoch_round_tuning_ffa_high_rounds/tuning-ffa-wiz_stratified-tinyllama-homo-e1-r50,epoch_round_tuning_ffa_high_rounds/tuning-ffa-wiz_stratified-tinyllama-homo-e1-r50/seed0/10/log.txt,50,True,score log,Complete
ffa,Nonlinear FFA,wiz_stratified,Wizard stratified,tinyllama,TinyLlama,homo,Homo,1,50,0,49,28.86190648760386,epoch_round_tuning_ffa_high_rounds/tuning-ffa-wiz_stratified-tinyllama-homo-e1-r50,/homes/neumann/trieu.vy.tran/FederatedLLM/epoch_round_tuning_ffa_high_rounds/tuning-ffa-wiz_stratified-tinyllama-homo-e1-r50,epoch_round_tuning_ffa_high_rounds/tuning-ffa-wiz_stratified-tinyllama-homo-e1-r50/seed0/10/log.txt,50,True,score log,Complete
ffa,Nonlinear FFA,wiz_stratified,Wizard stratified,tinyllama,TinyLlama,homo,Homo,1,50,0,50,30.073818372807143,epoch_round_tuning_ffa_high_rounds/tuning-ffa-wiz_stratified-tinyllama-homo-e1-r50,/homes/neumann/trieu.vy.tran/FederatedLLM/epoch_round_tuning_ffa_high_rounds/tuning-ffa-wiz_stratified-tinyllama-homo-e1-r50,epoch_round_tuning_ffa_high_rounds/tuning-ffa-wiz_stratified-tinyllama-homo-e1-r50/seed0/10/log.txt,50,True,score log,Complete
ffa,Nonlinear FFA,wiz,Wizard,tinyllama,TinyLlama,heter,Heter,1,100,0,1,27.128647654623183,epoch_round_tuning_ffa_high_rounds/tuning-ffa-wiz-tinyllama-heter-e1-r100,/homes/neumann/trieu.vy.tran/FederatedLLM/epoch_round_tuning_ffa_high_rounds/tuning-ffa-wiz-tinyllama-heter-e1-r100,logs/epoch_round_tuning_23591_12.out,50,False,slurm stdout,Live partial
ffa,Nonlinear FFA,wiz,Wizard,tinyllama,TinyLlama,heter,Heter,1,100,0,2,28.906659425703662,epoch_round_tuning_ffa_high_rounds/tuning-ffa-wiz-tinyllama-heter-e1-r100,/homes/neumann/trieu.vy.tran/FederatedLLM/epoch_round_tuning_ffa_high_rounds/tuning-ffa-wiz-tinyllama-heter-e1-r100,logs/epoch_round_tuning_23591_12.out,50,False,slurm stdout,Live partial
ffa,Nonlinear FFA,wiz,Wizard,tinyllama,TinyLlama,heter,Heter,1,100,0,3,28.98638600376062,epoch_round_tuning_ffa_high_rounds/tuning-ffa-wiz-tinyllama-heter-e1-r100,/homes/neumann/trieu.vy.tran/FederatedLLM/epoch_round_tuning_ffa_high_rounds/tuning-ffa-wiz-tinyllama-heter-e1-r100,logs/epoch_round_tuning_23591_12.out,50,False,slurm stdout,Live partial
ffa,Nonlinear FFA,wiz,Wizard,tinyllama,TinyLlama,heter,Heter,1,100,0,4,29.715498463292324,epoch_round_tuning_ffa_high_rounds/tuning-ffa-wiz-tinyllama-heter-e1-r100,/homes/neumann/trieu.vy.tran/FederatedLLM/epoch_round_tuning_ffa_high_rounds/tuning-ffa-wiz-tinyllama-heter-e1-r100,logs/epoch_round_tuning_23591_12.out,50,False,slurm stdout,Live partial
ffa,Nonlinear FFA,wiz,Wizard,tinyllama,TinyLlama,heter,Heter,1,100,0,5,32.41225501810537,epoch_round_tuning_ffa_high_rounds/tuning-ffa-wiz-tinyllama-heter-e1-r100,/homes/neumann/trieu.vy.tran/FederatedLLM/epoch_round_tuning_ffa_high_rounds/tuning-ffa-wiz-tinyllama-heter-e1-r100,logs/epoch_round_tuning_23591_12.out,50,False,slurm stdout,Live partial
ffa,Nonlinear FFA,wiz,Wizard,tinyllama,TinyLlama,heter,Heter,1,100,0,6,32.38398881389388,epoch_round_tuning_ffa_high_rounds/tuning-ffa-wiz-tinyllama-heter-e1-r100,/homes/neumann/trieu.vy.tran/FederatedLLM/epoch_round_tuning_ffa_high_rounds/tuning-ffa-wiz-tinyllama-heter-e1-r100,logs/epoch_round_tuning_23591_12.out,50,False,slurm stdout,Live partial
ffa,Nonlinear FFA,wiz,Wizard,tinyllama,TinyLlama,heter,Heter,1,100,0,7,32.725678437732704,epoch_round_tuning_ffa_high_rounds/tuning-ffa-wiz-tinyllama-heter-e1-r100,/homes/neumann/trieu.vy.tran/FederatedLLM/epoch_round_tuning_ffa_high_rounds/tuning-ffa-wiz-tinyllama-heter-e1-r100,logs/epoch_round_tuning_23591_12.out,50,False,slurm stdout,Live partial
ffa,Nonlinear FFA,wiz,Wizard,tinyllama,TinyLlama,heter,Heter,1,100,0,8,32.5557441267137,epoch_round_tuning_ffa_high_rounds/tuning-ffa-wiz-tinyllama-heter-e1-r100,/homes/neumann/trieu.vy.tran/FederatedLLM/epoch_round_tuning_ffa_high_rounds/tuning-ffa-wiz-tinyllama-heter-e1-r100,logs/epoch_round_tuning_23591_12.out,50,False,slurm stdout,Live partial
ffa,Nonlinear FFA,wiz,Wizard,tinyllama,TinyLlama,heter,Heter,1,100,0,9,32.168449480768466,epoch_round_tuning_ffa_high_rounds/tuning-ffa-wiz-tinyllama-heter-e1-r100,/homes/neumann/trieu.vy.tran/FederatedLLM/epoch_round_tuning_ffa_high_rounds/tuning-ffa-wiz-tinyllama-heter-e1-r100,logs/epoch_round_tuning_23591_12.out,50,False,slurm stdout,Live partial
ffa,Nonlinear FFA,wiz,Wizard,tinyllama,TinyLlama,heter,Heter,1,100,0,10,32.57831809430145,epoch_round_tuning_ffa_high_rounds/tuning-ffa-wiz-tinyllama-heter-e1-r100,/homes/neumann/trieu.vy.tran/FederatedLLM/epoch_round_tuning_ffa_high_rounds/tuning-ffa-wiz-tinyllama-heter-e1-r100,logs/epoch_round_tuning_23591_12.out,50,False,slurm stdout,Live partial
ffa,Nonlinear FFA,wiz,Wizard,tinyllama,TinyLlama,heter,Heter,1,100,0,11,34.31045711462905,epoch_round_tuning_ffa_high_rounds/tuning-ffa-wiz-tinyllama-heter-e1-r100,/homes/neumann/trieu.vy.tran/FederatedLLM/epoch_round_tuning_ffa_high_rounds/tuning-ffa-wiz-tinyllama-heter-e1-r100,logs/epoch_round_tuning_23591_12.out,50,False,slurm stdout,Live partial
ffa,Nonlinear FFA,wiz,Wizard,tinyllama,TinyLlama,heter,Heter,1,100,0,12,32.857803084667395,epoch_round_tuning_ffa_high_rounds/tuning-ffa-wiz-tinyllama-heter-e1-r100,/homes/neumann/trieu.vy.tran/FederatedLLM/epoch_round_tuning_ffa_high_rounds/tuning-ffa-wiz-tinyllama-heter-e1-r100,logs/epoch_round_tuning_23591_12.out,50,False,slurm stdout,Live partial
ffa,Nonlinear FFA,wiz,Wizard,tinyllama,TinyLlama,heter,Heter,1,100,0,13,31.2966251685096,epoch_round_tuning_ffa_high_rounds/tuning-ffa-wiz-tinyllama-heter-e1-r100,/homes/neumann/trieu.vy.tran/FederatedLLM/epoch_round_tuning_ffa_high_rounds/tuning-ffa-wiz-tinyllama-heter-e1-r100,logs/epoch_round_tuning_23591_12.out,50,False,slurm stdout,Live partial
ffa,Nonlinear FFA,wiz,Wizard,tinyllama,TinyLlama,heter,Heter,1,100,0,14,31.783524573510753,epoch_round_tuning_ffa_high_rounds/tuning-ffa-wiz-tinyllama-heter-e1-r100,/homes/neumann/trieu.vy.tran/FederatedLLM/epoch_round_tuning_ffa_high_rounds/tuning-ffa-wiz-tinyllama-heter-e1-r100,logs/epoch_round_tuning_23591_12.out,50,False,slurm stdout,Live partial
ffa,Nonlinear FFA,wiz,Wizard,tinyllama,TinyLlama,heter,Heter,1,100,0,15,30.48487500986891,epoch_round_tuning_ffa_high_rounds/tuning-ffa-wiz-tinyllama-heter-e1-r100,/homes/neumann/trieu.vy.tran/FederatedLLM/epoch_round_tuning_ffa_high_rounds/tuning-ffa-wiz-tinyllama-heter-e1-r100,logs/epoch_round_tuning_23591_12.out,50,False,slurm stdout,Live partial
ffa,Nonlinear FFA,wiz,Wizard,tinyllama,TinyLlama,heter,Heter,1,100,0,16,31.871169171856057,epoch_round_tuning_ffa_high_rounds/tuning-ffa-wiz-tinyllama-heter-e1-r100,/homes/neumann/trieu.vy.tran/FederatedLLM/epoch_round_tuning_ffa_high_rounds/tuning-ffa-wiz-tinyllama-heter-e1-r100,logs/epoch_round_tuning_23591_12.out,50,False,slurm stdout,Live partial
ffa,Nonlinear FFA,wiz,Wizard,tinyllama,TinyLlama,heter,Heter,1,100,0,17,30.567666706056336,epoch_round_tuning_ffa_high_rounds/tuning-ffa-wiz-tinyllama-heter-e1-r100,/homes/neumann/trieu.vy.tran/FederatedLLM/epoch_round_tuning_ffa_high_rounds/tuning-ffa-wiz-tinyllama-heter-e1-r100,logs/epoch_round_tuning_23591_12.out,50,False,slurm stdout,Live partial
ffa,Nonlinear FFA,wiz,Wizard,tinyllama,TinyLlama,heter,Heter,1,100,0,18,31.237914152020185,epoch_round_tuning_ffa_high_rounds/tuning-ffa-wiz-tinyllama-heter-e1-r100,/homes/neumann/trieu.vy.tran/FederatedLLM/epoch_round_tuning_ffa_high_rounds/tuning-ffa-wiz-tinyllama-heter-e1-r100,logs/epoch_round_tuning_23591_12.out,50,False,slurm stdout,Live partial
ffa,Nonlinear FFA,wiz,Wizard,tinyllama,TinyLlama,heter,Heter,1,100,0,19,30.40920776985918,epoch_round_tuning_ffa_high_rounds/tuning-ffa-wiz-tinyllama-heter-e1-r100,/homes/neumann/trieu.vy.tran/FederatedLLM/epoch_round_tuning_ffa_high_rounds/tuning-ffa-wiz-tinyllama-heter-e1-r100,logs/epoch_round_tuning_23591_12.out,50,False,slurm stdout,Live partial
ffa,Nonlinear FFA,wiz,Wizard,tinyllama,TinyLlama,heter,Heter,1,100,0,20,30.019117392441828,epoch_round_tuning_ffa_high_rounds/tuning-ffa-wiz-tinyllama-heter-e1-r100,/homes/neumann/trieu.vy.tran/FederatedLLM/epoch_round_tuning_ffa_high_rounds/tuning-ffa-wiz-tinyllama-heter-e1-r100,logs/epoch_round_tuning_23591_12.out,50,False,slurm stdout,Live partial
ffa,Nonlinear FFA,wiz,Wizard,tinyllama,TinyLlama,heter,Heter,1,100,0,21,30.791705174312323,epoch_round_tuning_ffa_high_rounds/tuning-ffa-wiz-tinyllama-heter-e1-r100,/homes/neumann/trieu.vy.tran/FederatedLLM/epoch_round_tuning_ffa_high_rounds/tuning-ffa-wiz-tinyllama-heter-e1-r100,logs/epoch_round_tuning_23591_12.out,50,False,slurm stdout,Live partial
ffa,Nonlinear FFA,wiz,Wizard,tinyllama,TinyLlama,heter,Heter,1,100,0,22,29.300558664606562,epoch_round_tuning_ffa_high_rounds/tuning-ffa-wiz-tinyllama-heter-e1-r100,/homes/neumann/trieu.vy.tran/FederatedLLM/epoch_round_tuning_ffa_high_rounds/tuning-ffa-wiz-tinyllama-heter-e1-r100,logs/epoch_round_tuning_23591_12.out,50,False,slurm stdout,Live partial
ffa,Nonlinear FFA,wiz,Wizard,tinyllama,TinyLlama,heter,Heter,1,100,0,23,29.70290372539255,epoch_round_tuning_ffa_high_rounds/tuning-ffa-wiz-tinyllama-heter-e1-r100,/homes/neumann/trieu.vy.tran/FederatedLLM/epoch_round_tuning_ffa_high_rounds/tuning-ffa-wiz-tinyllama-heter-e1-r100,logs/epoch_round_tuning_23591_12.out,50,False,slurm stdout,Live partial
ffa,Nonlinear FFA,wiz,Wizard,tinyllama,TinyLlama,heter,Heter,1,100,0,24,29.638372135322044,epoch_round_tuning_ffa_high_rounds/tuning-ffa-wiz-tinyllama-heter-e1-r100,/homes/neumann/trieu.vy.tran/FederatedLLM/epoch_round_tuning_ffa_high_rounds/tuning-ffa-wiz-tinyllama-heter-e1-r100,logs/epoch_round_tuning_23591_12.out,50,False,slurm stdout,Live partial
ffa,Nonlinear FFA,wiz,Wizard,tinyllama,TinyLlama,heter,Heter,1,100,0,25,30.339666607042297,epoch_round_tuning_ffa_high_rounds/tuning-ffa-wiz-tinyllama-heter-e1-r100,/homes/neumann/trieu.vy.tran/FederatedLLM/epoch_round_tuning_ffa_high_rounds/tuning-ffa-wiz-tinyllama-heter-e1-r100,logs/epoch_round_tuning_23591_12.out,50,False,slurm stdout,Live partial
ffa,Nonlinear FFA,wiz,Wizard,tinyllama,TinyLlama,heter,Heter,1,100,0,26,30.238080478493025,epoch_round_tuning_ffa_high_rounds/tuning-ffa-wiz-tinyllama-heter-e1-r100,/homes/neumann/trieu.vy.tran/FederatedLLM/epoch_round_tuning_ffa_high_rounds/tuning-ffa-wiz-tinyllama-heter-e1-r100,logs/epoch_round_tuning_23591_12.out,50,False,slurm stdout,Live partial
ffa,Nonlinear FFA,wiz,Wizard,tinyllama,TinyLlama,heter,Heter,1,100,0,27,30.20127067956231,epoch_round_tuning_ffa_high_rounds/tuning-ffa-wiz-tinyllama-heter-e1-r100,/homes/neumann/trieu.vy.tran/FederatedLLM/epoch_round_tuning_ffa_high_rounds/tuning-ffa-wiz-tinyllama-heter-e1-r100,logs/epoch_round_tuning_23591_12.out,50,False,slurm stdout,Live partial
ffa,Nonlinear FFA,wiz,Wizard,tinyllama,TinyLlama,heter,Heter,1,100,0,28,29.940553648262224,epoch_round_tuning_ffa_high_rounds/tuning-ffa-wiz-tinyllama-heter-e1-r100,/homes/neumann/trieu.vy.tran/FederatedLLM/epoch_round_tuning_ffa_high_rounds/tuning-ffa-wiz-tinyllama-heter-e1-r100,logs/epoch_round_tuning_23591_12.out,50,False,slurm stdout,Live partial
ffa,Nonlinear FFA,wiz,Wizard,tinyllama,TinyLlama,heter,Heter,1,100,0,29,29.025607186337197,epoch_round_tuning_ffa_high_rounds/tuning-ffa-wiz-tinyllama-heter-e1-r100,/homes/neumann/trieu.vy.tran/FederatedLLM/epoch_round_tuning_ffa_high_rounds/tuning-ffa-wiz-tinyllama-heter-e1-r100,logs/epoch_round_tuning_23591_12.out,50,False,slurm stdout,Live partial
ffa,Nonlinear FFA,wiz,Wizard,tinyllama,TinyLlama,heter,Heter,1,100,0,30,30.925988740158456,epoch_round_tuning_ffa_high_rounds/tuning-ffa-wiz-tinyllama-heter-e1-r100,/homes/neumann/trieu.vy.tran/FederatedLLM/epoch_round_tuning_ffa_high_rounds/tuning-ffa-wiz-tinyllama-heter-e1-r100,logs/epoch_round_tuning_23591_12.out,50,False,slurm stdout,Live partial
ffa,Nonlinear FFA,wiz,Wizard,tinyllama,TinyLlama,heter,Heter,1,100,0,31,30.98303849482342,epoch_round_tuning_ffa_high_rounds/tuning-ffa-wiz-tinyllama-heter-e1-r100,/homes/neumann/trieu.vy.tran/FederatedLLM/epoch_round_tuning_ffa_high_rounds/tuning-ffa-wiz-tinyllama-heter-e1-r100,logs/epoch_round_tuning_23591_12.out,50,False,slurm stdout,Live partial
ffa,Nonlinear FFA,wiz,Wizard,tinyllama,TinyLlama,heter,Heter,1,100,0,32,29.38067389132411,epoch_round_tuning_ffa_high_rounds/tuning-ffa-wiz-tinyllama-heter-e1-r100,/homes/neumann/trieu.vy.tran/FederatedLLM/epoch_round_tuning_ffa_high_rounds/tuning-ffa-wiz-tinyllama-heter-e1-r100,logs/epoch_round_tuning_23591_12.out,50,False,slurm stdout,Live partial
ffa,Nonlinear FFA,wiz,Wizard,tinyllama,TinyLlama,heter,Heter,1,100,0,33,30.734623575801766,epoch_round_tuning_ffa_high_rounds/tuning-ffa-wiz-tinyllama-heter-e1-r100,/homes/neumann/trieu.vy.tran/FederatedLLM/epoch_round_tuning_ffa_high_rounds/tuning-ffa-wiz-tinyllama-heter-e1-r100,logs/epoch_round_tuning_23591_12.out,50,False,slurm stdout,Live partial
ffa,Nonlinear FFA,wiz,Wizard,tinyllama,TinyLlama,heter,Heter,1,100,0,34,31.255339446320452,epoch_round_tuning_ffa_high_rounds/tuning-ffa-wiz-tinyllama-heter-e1-r100,/homes/neumann/trieu.vy.tran/FederatedLLM/epoch_round_tuning_ffa_high_rounds/tuning-ffa-wiz-tinyllama-heter-e1-r100,logs/epoch_round_tuning_23591_12.out,50,False,slurm stdout,Live partial
ffa,Nonlinear FFA,wiz,Wizard,tinyllama,TinyLlama,heter,Heter,1,100,0,35,31.39565449543723,epoch_round_tuning_ffa_high_rounds/tuning-ffa-wiz-tinyllama-heter-e1-r100,/homes/neumann/trieu.vy.tran/FederatedLLM/epoch_round_tuning_ffa_high_rounds/tuning-ffa-wiz-tinyllama-heter-e1-r100,logs/epoch_round_tuning_23591_12.out,50,False,slurm stdout,Live partial
ffa,Nonlinear FFA,wiz,Wizard,tinyllama,TinyLlama,heter,Heter,1,100,0,36,31.447303044812664,epoch_round_tuning_ffa_high_rounds/tuning-ffa-wiz-tinyllama-heter-e1-r100,/homes/neumann/trieu.vy.tran/FederatedLLM/epoch_round_tuning_ffa_high_rounds/tuning-ffa-wiz-tinyllama-heter-e1-r100,logs/epoch_round_tuning_23591_12.out,50,False,slurm stdout,Live partial
ffa,Nonlinear FFA,wiz,Wizard,tinyllama,TinyLlama,heter,Heter,1,100,0,37,32.233846448953265,epoch_round_tuning_ffa_high_rounds/tuning-ffa-wiz-tinyllama-heter-e1-r100,/homes/neumann/trieu.vy.tran/FederatedLLM/epoch_round_tuning_ffa_high_rounds/tuning-ffa-wiz-tinyllama-heter-e1-r100,logs/epoch_round_tuning_23591_12.out,50,False,slurm stdout,Live partial
ffa,Nonlinear FFA,wiz,Wizard,tinyllama,TinyLlama,heter,Heter,1,100,0,38,31.62776798175549,epoch_round_tuning_ffa_high_rounds/tuning-ffa-wiz-tinyllama-heter-e1-r100,/homes/neumann/trieu.vy.tran/FederatedLLM/epoch_round_tuning_ffa_high_rounds/tuning-ffa-wiz-tinyllama-heter-e1-r100,logs/epoch_round_tuning_23591_12.out,50,False,slurm stdout,Live partial
ffa,Nonlinear FFA,wiz,Wizard,tinyllama,TinyLlama,heter,Heter,1,100,0,39,31.533804358504376,epoch_round_tuning_ffa_high_rounds/tuning-ffa-wiz-tinyllama-heter-e1-r100,/homes/neumann/trieu.vy.tran/FederatedLLM/epoch_round_tuning_ffa_high_rounds/tuning-ffa-wiz-tinyllama-heter-e1-r100,logs/epoch_round_tuning_23591_12.out,50,False,slurm stdout,Live partial
ffa,Nonlinear FFA,wiz,Wizard,tinyllama,TinyLlama,heter,Heter,1,100,0,40,31.78264269601112,epoch_round_tuning_ffa_high_rounds/tuning-ffa-wiz-tinyllama-heter-e1-r100,/homes/neumann/trieu.vy.tran/FederatedLLM/epoch_round_tuning_ffa_high_rounds/tuning-ffa-wiz-tinyllama-heter-e1-r100,logs/epoch_round_tuning_23591_12.out,50,False,slurm stdout,Live partial
ffa,Nonlinear FFA,wiz,Wizard,tinyllama,TinyLlama,heter,Heter,1,100,0,41,31.3089406645727,epoch_round_tuning_ffa_high_rounds/tuning-ffa-wiz-tinyllama-heter-e1-r100,/homes/neumann/trieu.vy.tran/FederatedLLM/epoch_round_tuning_ffa_high_rounds/tuning-ffa-wiz-tinyllama-heter-e1-r100,logs/epoch_round_tuning_23591_12.out,50,False,slurm stdout,Live partial
ffa,Nonlinear FFA,wiz,Wizard,tinyllama,TinyLlama,heter,Heter,1,100,0,42,31.86492080299003,epoch_round_tuning_ffa_high_rounds/tuning-ffa-wiz-tinyllama-heter-e1-r100,/homes/neumann/trieu.vy.tran/FederatedLLM/epoch_round_tuning_ffa_high_rounds/tuning-ffa-wiz-tinyllama-heter-e1-r100,logs/epoch_round_tuning_23591_12.out,50,False,slurm stdout,Live partial
ffa,Nonlinear FFA,wiz,Wizard,tinyllama,TinyLlama,heter,Heter,1,100,0,43,31.555176166911636,epoch_round_tuning_ffa_high_rounds/tuning-ffa-wiz-tinyllama-heter-e1-r100,/homes/neumann/trieu.vy.tran/FederatedLLM/epoch_round_tuning_ffa_high_rounds/tuning-ffa-wiz-tinyllama-heter-e1-r100,logs/epoch_round_tuning_23591_12.out,50,False,slurm stdout,Live partial
ffa,Nonlinear FFA,wiz,Wizard,tinyllama,TinyLlama,heter,Heter,1,100,0,44,31.908965374293434,epoch_round_tuning_ffa_high_rounds/tuning-ffa-wiz-tinyllama-heter-e1-r100,/homes/neumann/trieu.vy.tran/FederatedLLM/epoch_round_tuning_ffa_high_rounds/tuning-ffa-wiz-tinyllama-heter-e1-r100,logs/epoch_round_tuning_23591_12.out,50,False,slurm stdout,Live partial
ffa,Nonlinear FFA,wiz,Wizard,tinyllama,TinyLlama,heter,Heter,1,100,0,45,32.10372994362692,epoch_round_tuning_ffa_high_rounds/tuning-ffa-wiz-tinyllama-heter-e1-r100,/homes/neumann/trieu.vy.tran/FederatedLLM/epoch_round_tuning_ffa_high_rounds/tuning-ffa-wiz-tinyllama-heter-e1-r100,logs/epoch_round_tuning_23591_12.out,50,False,slurm stdout,Live partial
ffa,Nonlinear FFA,wiz,Wizard,tinyllama,TinyLlama,heter,Heter,1,100,0,46,31.66585132351905,epoch_round_tuning_ffa_high_rounds/tuning-ffa-wiz-tinyllama-heter-e1-r100,/homes/neumann/trieu.vy.tran/FederatedLLM/epoch_round_tuning_ffa_high_rounds/tuning-ffa-wiz-tinyllama-heter-e1-r100,logs/epoch_round_tuning_23591_12.out,50,False,slurm stdout,Live partial
ffa,Nonlinear FFA,wiz,Wizard,tinyllama,TinyLlama,heter,Heter,1,100,0,47,31.8871727927567,epoch_round_tuning_ffa_high_rounds/tuning-ffa-wiz-tinyllama-heter-e1-r100,/homes/neumann/trieu.vy.tran/FederatedLLM/epoch_round_tuning_ffa_high_rounds/tuning-ffa-wiz-tinyllama-heter-e1-r100,logs/epoch_round_tuning_23591_12.out,50,False,slurm stdout,Live partial
ffa,Nonlinear FFA,wiz,Wizard,tinyllama,TinyLlama,heter,Heter,1,100,0,48,31.41390894516277,epoch_round_tuning_ffa_high_rounds/tuning-ffa-wiz-tinyllama-heter-e1-r100,/homes/neumann/trieu.vy.tran/FederatedLLM/epoch_round_tuning_ffa_high_rounds/tuning-ffa-wiz-tinyllama-heter-e1-r100,logs/epoch_round_tuning_23591_12.out,50,False,slurm stdout,Live partial
ffa,Nonlinear FFA,wiz,Wizard,tinyllama,TinyLlama,heter,Heter,1,100,0,49,31.894934350076547,epoch_round_tuning_ffa_high_rounds/tuning-ffa-wiz-tinyllama-heter-e1-r100,/homes/neumann/trieu.vy.tran/FederatedLLM/epoch_round_tuning_ffa_high_rounds/tuning-ffa-wiz-tinyllama-heter-e1-r100,logs/epoch_round_tuning_23591_12.out,50,False,slurm stdout,Live partial
ffa,Nonlinear FFA,wiz,Wizard,tinyllama,TinyLlama,heter,Heter,1,100,0,50,32.271416913820374,epoch_round_tuning_ffa_high_rounds/tuning-ffa-wiz-tinyllama-heter-e1-r100,/homes/neumann/trieu.vy.tran/FederatedLLM/epoch_round_tuning_ffa_high_rounds/tuning-ffa-wiz-tinyllama-heter-e1-r100,logs/epoch_round_tuning_23591_12.out,50,False,slurm stdout,Live partial
ffa,Nonlinear FFA,wiz,Wizard,tinyllama,TinyLlama,homo,Homo,1,100,0,1,26.092797582258548,epoch_round_tuning_ffa_high_rounds/tuning-ffa-wiz-tinyllama-homo-e1-r100,/homes/neumann/trieu.vy.tran/FederatedLLM/epoch_round_tuning_ffa_high_rounds/tuning-ffa-wiz-tinyllama-homo-e1-r100,logs/epoch_round_tuning_23591_10.out,51,False,slurm stdout,Live partial
ffa,Nonlinear FFA,wiz,Wizard,tinyllama,TinyLlama,homo,Homo,1,50,0,1,27.678520883524648,epoch_round_tuning_ffa_high_rounds/tuning-ffa-wiz-tinyllama-homo-e1-r50,/homes/neumann/trieu.vy.tran/FederatedLLM/epoch_round_tuning_ffa_high_rounds/tuning-ffa-wiz-tinyllama-homo-e1-r50,logs/epoch_round_tuning_23591_9.out,49,False,slurm stdout,Live partial
ffa,Nonlinear FFA,wiz,Wizard,tinyllama,TinyLlama,homo,Homo,1,100,0,2,29.585854068692726,epoch_round_tuning_ffa_high_rounds/tuning-ffa-wiz-tinyllama-homo-e1-r100,/homes/neumann/trieu.vy.tran/FederatedLLM/epoch_round_tuning_ffa_high_rounds/tuning-ffa-wiz-tinyllama-homo-e1-r100,logs/epoch_round_tuning_23591_10.out,51,False,slurm stdout,Live partial
ffa,Nonlinear FFA,wiz,Wizard,tinyllama,TinyLlama,homo,Homo,1,50,0,2,30.672618806640894,epoch_round_tuning_ffa_high_rounds/tuning-ffa-wiz-tinyllama-homo-e1-r50,/homes/neumann/trieu.vy.tran/FederatedLLM/epoch_round_tuning_ffa_high_rounds/tuning-ffa-wiz-tinyllama-homo-e1-r50,logs/epoch_round_tuning_23591_9.out,49,False,slurm stdout,Live partial
ffa,Nonlinear FFA,wiz,Wizard,tinyllama,TinyLlama,homo,Homo,1,100,0,3,30.441002421179107,epoch_round_tuning_ffa_high_rounds/tuning-ffa-wiz-tinyllama-homo-e1-r100,/homes/neumann/trieu.vy.tran/FederatedLLM/epoch_round_tuning_ffa_high_rounds/tuning-ffa-wiz-tinyllama-homo-e1-r100,logs/epoch_round_tuning_23591_10.out,51,False,slurm stdout,Live partial
ffa,Nonlinear FFA,wiz,Wizard,tinyllama,TinyLlama,homo,Homo,1,50,0,3,29.754917559879868,epoch_round_tuning_ffa_high_rounds/tuning-ffa-wiz-tinyllama-homo-e1-r50,/homes/neumann/trieu.vy.tran/FederatedLLM/epoch_round_tuning_ffa_high_rounds/tuning-ffa-wiz-tinyllama-homo-e1-r50,logs/epoch_round_tuning_23591_9.out,49,False,slurm stdout,Live partial
ffa,Nonlinear FFA,wiz,Wizard,tinyllama,TinyLlama,homo,Homo,1,100,0,4,31.153621209786138,epoch_round_tuning_ffa_high_rounds/tuning-ffa-wiz-tinyllama-homo-e1-r100,/homes/neumann/trieu.vy.tran/FederatedLLM/epoch_round_tuning_ffa_high_rounds/tuning-ffa-wiz-tinyllama-homo-e1-r100,logs/epoch_round_tuning_23591_10.out,51,False,slurm stdout,Live partial
ffa,Nonlinear FFA,wiz,Wizard,tinyllama,TinyLlama,homo,Homo,1,50,0,4,30.394904561095554,epoch_round_tuning_ffa_high_rounds/tuning-ffa-wiz-tinyllama-homo-e1-r50,/homes/neumann/trieu.vy.tran/FederatedLLM/epoch_round_tuning_ffa_high_rounds/tuning-ffa-wiz-tinyllama-homo-e1-r50,logs/epoch_round_tuning_23591_9.out,49,False,slurm stdout,Live partial
ffa,Nonlinear FFA,wiz,Wizard,tinyllama,TinyLlama,homo,Homo,1,100,0,5,30.12088600561691,epoch_round_tuning_ffa_high_rounds/tuning-ffa-wiz-tinyllama-homo-e1-r100,/homes/neumann/trieu.vy.tran/FederatedLLM/epoch_round_tuning_ffa_high_rounds/tuning-ffa-wiz-tinyllama-homo-e1-r100,logs/epoch_round_tuning_23591_10.out,51,False,slurm stdout,Live partial
ffa,Nonlinear FFA,wiz,Wizard,tinyllama,TinyLlama,homo,Homo,1,50,0,5,29.72833794404524,epoch_round_tuning_ffa_high_rounds/tuning-ffa-wiz-tinyllama-homo-e1-r50,/homes/neumann/trieu.vy.tran/FederatedLLM/epoch_round_tuning_ffa_high_rounds/tuning-ffa-wiz-tinyllama-homo-e1-r50,logs/epoch_round_tuning_23591_9.out,49,False,slurm stdout,Live partial
ffa,Nonlinear FFA,wiz,Wizard,tinyllama,TinyLlama,homo,Homo,1,100,0,6,29.601332250283228,epoch_round_tuning_ffa_high_rounds/tuning-ffa-wiz-tinyllama-homo-e1-r100,/homes/neumann/trieu.vy.tran/FederatedLLM/epoch_round_tuning_ffa_high_rounds/tuning-ffa-wiz-tinyllama-homo-e1-r100,logs/epoch_round_tuning_23591_10.out,51,False,slurm stdout,Live partial
ffa,Nonlinear FFA,wiz,Wizard,tinyllama,TinyLlama,homo,Homo,1,50,0,6,31.42502719770458,epoch_round_tuning_ffa_high_rounds/tuning-ffa-wiz-tinyllama-homo-e1-r50,/homes/neumann/trieu.vy.tran/FederatedLLM/epoch_round_tuning_ffa_high_rounds/tuning-ffa-wiz-tinyllama-homo-e1-r50,logs/epoch_round_tuning_23591_9.out,49,False,slurm stdout,Live partial
ffa,Nonlinear FFA,wiz,Wizard,tinyllama,TinyLlama,homo,Homo,1,100,0,7,30.596416368064872,epoch_round_tuning_ffa_high_rounds/tuning-ffa-wiz-tinyllama-homo-e1-r100,/homes/neumann/trieu.vy.tran/FederatedLLM/epoch_round_tuning_ffa_high_rounds/tuning-ffa-wiz-tinyllama-homo-e1-r100,logs/epoch_round_tuning_23591_10.out,51,False,slurm stdout,Live partial
ffa,Nonlinear FFA,wiz,Wizard,tinyllama,TinyLlama,homo,Homo,1,50,0,7,29.933616554140492,epoch_round_tuning_ffa_high_rounds/tuning-ffa-wiz-tinyllama-homo-e1-r50,/homes/neumann/trieu.vy.tran/FederatedLLM/epoch_round_tuning_ffa_high_rounds/tuning-ffa-wiz-tinyllama-homo-e1-r50,logs/epoch_round_tuning_23591_9.out,49,False,slurm stdout,Live partial
ffa,Nonlinear FFA,wiz,Wizard,tinyllama,TinyLlama,homo,Homo,1,100,0,8,30.472250724602024,epoch_round_tuning_ffa_high_rounds/tuning-ffa-wiz-tinyllama-homo-e1-r100,/homes/neumann/trieu.vy.tran/FederatedLLM/epoch_round_tuning_ffa_high_rounds/tuning-ffa-wiz-tinyllama-homo-e1-r100,logs/epoch_round_tuning_23591_10.out,51,False,slurm stdout,Live partial
ffa,Nonlinear FFA,wiz,Wizard,tinyllama,TinyLlama,homo,Homo,1,50,0,8,30.43483849044496,epoch_round_tuning_ffa_high_rounds/tuning-ffa-wiz-tinyllama-homo-e1-r50,/homes/neumann/trieu.vy.tran/FederatedLLM/epoch_round_tuning_ffa_high_rounds/tuning-ffa-wiz-tinyllama-homo-e1-r50,logs/epoch_round_tuning_23591_9.out,49,False,slurm stdout,Live partial
ffa,Nonlinear FFA,wiz,Wizard,tinyllama,TinyLlama,homo,Homo,1,100,0,9,30.421720471087234,epoch_round_tuning_ffa_high_rounds/tuning-ffa-wiz-tinyllama-homo-e1-r100,/homes/neumann/trieu.vy.tran/FederatedLLM/epoch_round_tuning_ffa_high_rounds/tuning-ffa-wiz-tinyllama-homo-e1-r100,logs/epoch_round_tuning_23591_10.out,51,False,slurm stdout,Live partial
ffa,Nonlinear FFA,wiz,Wizard,tinyllama,TinyLlama,homo,Homo,1,50,0,9,29.081601501629244,epoch_round_tuning_ffa_high_rounds/tuning-ffa-wiz-tinyllama-homo-e1-r50,/homes/neumann/trieu.vy.tran/FederatedLLM/epoch_round_tuning_ffa_high_rounds/tuning-ffa-wiz-tinyllama-homo-e1-r50,logs/epoch_round_tuning_23591_9.out,49,False,slurm stdout,Live partial
ffa,Nonlinear FFA,wiz,Wizard,tinyllama,TinyLlama,homo,Homo,1,100,0,10,30.085285328614088,epoch_round_tuning_ffa_high_rounds/tuning-ffa-wiz-tinyllama-homo-e1-r100,/homes/neumann/trieu.vy.tran/FederatedLLM/epoch_round_tuning_ffa_high_rounds/tuning-ffa-wiz-tinyllama-homo-e1-r100,logs/epoch_round_tuning_23591_10.out,51,False,slurm stdout,Live partial
ffa,Nonlinear FFA,wiz,Wizard,tinyllama,TinyLlama,homo,Homo,1,50,0,10,31.22204078825294,epoch_round_tuning_ffa_high_rounds/tuning-ffa-wiz-tinyllama-homo-e1-r50,/homes/neumann/trieu.vy.tran/FederatedLLM/epoch_round_tuning_ffa_high_rounds/tuning-ffa-wiz-tinyllama-homo-e1-r50,logs/epoch_round_tuning_23591_9.out,49,False,slurm stdout,Live partial
ffa,Nonlinear FFA,wiz,Wizard,tinyllama,TinyLlama,homo,Homo,1,100,0,11,31.029697448407774,epoch_round_tuning_ffa_high_rounds/tuning-ffa-wiz-tinyllama-homo-e1-r100,/homes/neumann/trieu.vy.tran/FederatedLLM/epoch_round_tuning_ffa_high_rounds/tuning-ffa-wiz-tinyllama-homo-e1-r100,logs/epoch_round_tuning_23591_10.out,51,False,slurm stdout,Live partial
ffa,Nonlinear FFA,wiz,Wizard,tinyllama,TinyLlama,homo,Homo,1,50,0,11,30.947387048978054,epoch_round_tuning_ffa_high_rounds/tuning-ffa-wiz-tinyllama-homo-e1-r50,/homes/neumann/trieu.vy.tran/FederatedLLM/epoch_round_tuning_ffa_high_rounds/tuning-ffa-wiz-tinyllama-homo-e1-r50,logs/epoch_round_tuning_23591_9.out,49,False,slurm stdout,Live partial
ffa,Nonlinear FFA,wiz,Wizard,tinyllama,TinyLlama,homo,Homo,1,100,0,12,30.380231318632546,epoch_round_tuning_ffa_high_rounds/tuning-ffa-wiz-tinyllama-homo-e1-r100,/homes/neumann/trieu.vy.tran/FederatedLLM/epoch_round_tuning_ffa_high_rounds/tuning-ffa-wiz-tinyllama-homo-e1-r100,logs/epoch_round_tuning_23591_10.out,51,False,slurm stdout,Live partial
ffa,Nonlinear FFA,wiz,Wizard,tinyllama,TinyLlama,homo,Homo,1,50,0,12,30.661918293882596,epoch_round_tuning_ffa_high_rounds/tuning-ffa-wiz-tinyllama-homo-e1-r50,/homes/neumann/trieu.vy.tran/FederatedLLM/epoch_round_tuning_ffa_high_rounds/tuning-ffa-wiz-tinyllama-homo-e1-r50,logs/epoch_round_tuning_23591_9.out,49,False,slurm stdout,Live partial
ffa,Nonlinear FFA,wiz,Wizard,tinyllama,TinyLlama,homo,Homo,1,100,0,13,30.01427543499157,epoch_round_tuning_ffa_high_rounds/tuning-ffa-wiz-tinyllama-homo-e1-r100,/homes/neumann/trieu.vy.tran/FederatedLLM/epoch_round_tuning_ffa_high_rounds/tuning-ffa-wiz-tinyllama-homo-e1-r100,logs/epoch_round_tuning_23591_10.out,51,False,slurm stdout,Live partial
ffa,Nonlinear FFA,wiz,Wizard,tinyllama,TinyLlama,homo,Homo,1,50,0,13,29.657764595947107,epoch_round_tuning_ffa_high_rounds/tuning-ffa-wiz-tinyllama-homo-e1-r50,/homes/neumann/trieu.vy.tran/FederatedLLM/epoch_round_tuning_ffa_high_rounds/tuning-ffa-wiz-tinyllama-homo-e1-r50,logs/epoch_round_tuning_23591_9.out,49,False,slurm stdout,Live partial
ffa,Nonlinear FFA,wiz,Wizard,tinyllama,TinyLlama,homo,Homo,1,100,0,14,30.42331563100687,epoch_round_tuning_ffa_high_rounds/tuning-ffa-wiz-tinyllama-homo-e1-r100,/homes/neumann/trieu.vy.tran/FederatedLLM/epoch_round_tuning_ffa_high_rounds/tuning-ffa-wiz-tinyllama-homo-e1-r100,logs/epoch_round_tuning_23591_10.out,51,False,slurm stdout,Live partial
ffa,Nonlinear FFA,wiz,Wizard,tinyllama,TinyLlama,homo,Homo,1,50,0,14,31.757244972559885,epoch_round_tuning_ffa_high_rounds/tuning-ffa-wiz-tinyllama-homo-e1-r50,/homes/neumann/trieu.vy.tran/FederatedLLM/epoch_round_tuning_ffa_high_rounds/tuning-ffa-wiz-tinyllama-homo-e1-r50,logs/epoch_round_tuning_23591_9.out,49,False,slurm stdout,Live partial
ffa,Nonlinear FFA,wiz,Wizard,tinyllama,TinyLlama,homo,Homo,1,100,0,15,29.764651503052384,epoch_round_tuning_ffa_high_rounds/tuning-ffa-wiz-tinyllama-homo-e1-r100,/homes/neumann/trieu.vy.tran/FederatedLLM/epoch_round_tuning_ffa_high_rounds/tuning-ffa-wiz-tinyllama-homo-e1-r100,logs/epoch_round_tuning_23591_10.out,51,False,slurm stdout,Live partial
ffa,Nonlinear FFA,wiz,Wizard,tinyllama,TinyLlama,homo,Homo,1,50,0,15,30.112538018618558,epoch_round_tuning_ffa_high_rounds/tuning-ffa-wiz-tinyllama-homo-e1-r50,/homes/neumann/trieu.vy.tran/FederatedLLM/epoch_round_tuning_ffa_high_rounds/tuning-ffa-wiz-tinyllama-homo-e1-r50,logs/epoch_round_tuning_23591_9.out,49,False,slurm stdout,Live partial
ffa,Nonlinear FFA,wiz,Wizard,tinyllama,TinyLlama,homo,Homo,1,100,0,16,31.397453353741188,epoch_round_tuning_ffa_high_rounds/tuning-ffa-wiz-tinyllama-homo-e1-r100,/homes/neumann/trieu.vy.tran/FederatedLLM/epoch_round_tuning_ffa_high_rounds/tuning-ffa-wiz-tinyllama-homo-e1-r100,logs/epoch_round_tuning_23591_10.out,51,False,slurm stdout,Live partial
ffa,Nonlinear FFA,wiz,Wizard,tinyllama,TinyLlama,homo,Homo,1,50,0,16,30.835395539108994,epoch_round_tuning_ffa_high_rounds/tuning-ffa-wiz-tinyllama-homo-e1-r50,/homes/neumann/trieu.vy.tran/FederatedLLM/epoch_round_tuning_ffa_high_rounds/tuning-ffa-wiz-tinyllama-homo-e1-r50,logs/epoch_round_tuning_23591_9.out,49,False,slurm stdout,Live partial
ffa,Nonlinear FFA,wiz,Wizard,tinyllama,TinyLlama,homo,Homo,1,100,0,17,31.0746925873731,epoch_round_tuning_ffa_high_rounds/tuning-ffa-wiz-tinyllama-homo-e1-r100,/homes/neumann/trieu.vy.tran/FederatedLLM/epoch_round_tuning_ffa_high_rounds/tuning-ffa-wiz-tinyllama-homo-e1-r100,logs/epoch_round_tuning_23591_10.out,51,False,slurm stdout,Live partial
ffa,Nonlinear FFA,wiz,Wizard,tinyllama,TinyLlama,homo,Homo,1,50,0,17,29.995132417698535,epoch_round_tuning_ffa_high_rounds/tuning-ffa-wiz-tinyllama-homo-e1-r50,/homes/neumann/trieu.vy.tran/FederatedLLM/epoch_round_tuning_ffa_high_rounds/tuning-ffa-wiz-tinyllama-homo-e1-r50,logs/epoch_round_tuning_23591_9.out,49,False,slurm stdout,Live partial
ffa,Nonlinear FFA,wiz,Wizard,tinyllama,TinyLlama,homo,Homo,1,100,0,18,29.593309887450868,epoch_round_tuning_ffa_high_rounds/tuning-ffa-wiz-tinyllama-homo-e1-r100,/homes/neumann/trieu.vy.tran/FederatedLLM/epoch_round_tuning_ffa_high_rounds/tuning-ffa-wiz-tinyllama-homo-e1-r100,logs/epoch_round_tuning_23591_10.out,51,False,slurm stdout,Live partial
ffa,Nonlinear FFA,wiz,Wizard,tinyllama,TinyLlama,homo,Homo,1,50,0,18,29.947218166914034,epoch_round_tuning_ffa_high_rounds/tuning-ffa-wiz-tinyllama-homo-e1-r50,/homes/neumann/trieu.vy.tran/FederatedLLM/epoch_round_tuning_ffa_high_rounds/tuning-ffa-wiz-tinyllama-homo-e1-r50,logs/epoch_round_tuning_23591_9.out,49,False,slurm stdout,Live partial
ffa,Nonlinear FFA,wiz,Wizard,tinyllama,TinyLlama,homo,Homo,1,100,0,19,29.600397231725083,epoch_round_tuning_ffa_high_rounds/tuning-ffa-wiz-tinyllama-homo-e1-r100,/homes/neumann/trieu.vy.tran/FederatedLLM/epoch_round_tuning_ffa_high_rounds/tuning-ffa-wiz-tinyllama-homo-e1-r100,logs/epoch_round_tuning_23591_10.out,51,False,slurm stdout,Live partial
ffa,Nonlinear FFA,wiz,Wizard,tinyllama,TinyLlama,homo,Homo,1,50,0,19,29.25593968688688,epoch_round_tuning_ffa_high_rounds/tuning-ffa-wiz-tinyllama-homo-e1-r50,/homes/neumann/trieu.vy.tran/FederatedLLM/epoch_round_tuning_ffa_high_rounds/tuning-ffa-wiz-tinyllama-homo-e1-r50,logs/epoch_round_tuning_23591_9.out,49,False,slurm stdout,Live partial
ffa,Nonlinear FFA,wiz,Wizard,tinyllama,TinyLlama,homo,Homo,1,100,0,20,28.555435067169366,epoch_round_tuning_ffa_high_rounds/tuning-ffa-wiz-tinyllama-homo-e1-r100,/homes/neumann/trieu.vy.tran/FederatedLLM/epoch_round_tuning_ffa_high_rounds/tuning-ffa-wiz-tinyllama-homo-e1-r100,logs/epoch_round_tuning_23591_10.out,51,False,slurm stdout,Live partial
ffa,Nonlinear FFA,wiz,Wizard,tinyllama,TinyLlama,homo,Homo,1,50,0,20,29.532193813816367,epoch_round_tuning_ffa_high_rounds/tuning-ffa-wiz-tinyllama-homo-e1-r50,/homes/neumann/trieu.vy.tran/FederatedLLM/epoch_round_tuning_ffa_high_rounds/tuning-ffa-wiz-tinyllama-homo-e1-r50,logs/epoch_round_tuning_23591_9.out,49,False,slurm stdout,Live partial
ffa,Nonlinear FFA,wiz,Wizard,tinyllama,TinyLlama,homo,Homo,1,100,0,21,30.235036431543232,epoch_round_tuning_ffa_high_rounds/tuning-ffa-wiz-tinyllama-homo-e1-r100,/homes/neumann/trieu.vy.tran/FederatedLLM/epoch_round_tuning_ffa_high_rounds/tuning-ffa-wiz-tinyllama-homo-e1-r100,logs/epoch_round_tuning_23591_10.out,51,False,slurm stdout,Live partial
ffa,Nonlinear FFA,wiz,Wizard,tinyllama,TinyLlama,homo,Homo,1,50,0,21,28.432612701763006,epoch_round_tuning_ffa_high_rounds/tuning-ffa-wiz-tinyllama-homo-e1-r50,/homes/neumann/trieu.vy.tran/FederatedLLM/epoch_round_tuning_ffa_high_rounds/tuning-ffa-wiz-tinyllama-homo-e1-r50,logs/epoch_round_tuning_23591_9.out,49,False,slurm stdout,Live partial
ffa,Nonlinear FFA,wiz,Wizard,tinyllama,TinyLlama,homo,Homo,1,100,0,22,28.40744043182716,epoch_round_tuning_ffa_high_rounds/tuning-ffa-wiz-tinyllama-homo-e1-r100,/homes/neumann/trieu.vy.tran/FederatedLLM/epoch_round_tuning_ffa_high_rounds/tuning-ffa-wiz-tinyllama-homo-e1-r100,logs/epoch_round_tuning_23591_10.out,51,False,slurm stdout,Live partial
ffa,Nonlinear FFA,wiz,Wizard,tinyllama,TinyLlama,homo,Homo,1,50,0,22,30.258366010182275,epoch_round_tuning_ffa_high_rounds/tuning-ffa-wiz-tinyllama-homo-e1-r50,/homes/neumann/trieu.vy.tran/FederatedLLM/epoch_round_tuning_ffa_high_rounds/tuning-ffa-wiz-tinyllama-homo-e1-r50,logs/epoch_round_tuning_23591_9.out,49,False,slurm stdout,Live partial
ffa,Nonlinear FFA,wiz,Wizard,tinyllama,TinyLlama,homo,Homo,1,100,0,23,29.246910508175123,epoch_round_tuning_ffa_high_rounds/tuning-ffa-wiz-tinyllama-homo-e1-r100,/homes/neumann/trieu.vy.tran/FederatedLLM/epoch_round_tuning_ffa_high_rounds/tuning-ffa-wiz-tinyllama-homo-e1-r100,logs/epoch_round_tuning_23591_10.out,51,False,slurm stdout,Live partial
ffa,Nonlinear FFA,wiz,Wizard,tinyllama,TinyLlama,homo,Homo,1,50,0,23,28.834016114310675,epoch_round_tuning_ffa_high_rounds/tuning-ffa-wiz-tinyllama-homo-e1-r50,/homes/neumann/trieu.vy.tran/FederatedLLM/epoch_round_tuning_ffa_high_rounds/tuning-ffa-wiz-tinyllama-homo-e1-r50,logs/epoch_round_tuning_23591_9.out,49,False,slurm stdout,Live partial
ffa,Nonlinear FFA,wiz,Wizard,tinyllama,TinyLlama,homo,Homo,1,100,0,24,29.775179912683818,epoch_round_tuning_ffa_high_rounds/tuning-ffa-wiz-tinyllama-homo-e1-r100,/homes/neumann/trieu.vy.tran/FederatedLLM/epoch_round_tuning_ffa_high_rounds/tuning-ffa-wiz-tinyllama-homo-e1-r100,logs/epoch_round_tuning_23591_10.out,51,False,slurm stdout,Live partial
ffa,Nonlinear FFA,wiz,Wizard,tinyllama,TinyLlama,homo,Homo,1,50,0,24,29.258224822857564,epoch_round_tuning_ffa_high_rounds/tuning-ffa-wiz-tinyllama-homo-e1-r50,/homes/neumann/trieu.vy.tran/FederatedLLM/epoch_round_tuning_ffa_high_rounds/tuning-ffa-wiz-tinyllama-homo-e1-r50,logs/epoch_round_tuning_23591_9.out,49,False,slurm stdout,Live partial
ffa,Nonlinear FFA,wiz,Wizard,tinyllama,TinyLlama,homo,Homo,1,100,0,25,30.006017009639297,epoch_round_tuning_ffa_high_rounds/tuning-ffa-wiz-tinyllama-homo-e1-r100,/homes/neumann/trieu.vy.tran/FederatedLLM/epoch_round_tuning_ffa_high_rounds/tuning-ffa-wiz-tinyllama-homo-e1-r100,logs/epoch_round_tuning_23591_10.out,51,False,slurm stdout,Live partial
ffa,Nonlinear FFA,wiz,Wizard,tinyllama,TinyLlama,homo,Homo,1,50,0,25,29.824607831622618,epoch_round_tuning_ffa_high_rounds/tuning-ffa-wiz-tinyllama-homo-e1-r50,/homes/neumann/trieu.vy.tran/FederatedLLM/epoch_round_tuning_ffa_high_rounds/tuning-ffa-wiz-tinyllama-homo-e1-r50,logs/epoch_round_tuning_23591_9.out,49,False,slurm stdout,Live partial
ffa,Nonlinear FFA,wiz,Wizard,tinyllama,TinyLlama,homo,Homo,1,100,0,26,30.79848882216984,epoch_round_tuning_ffa_high_rounds/tuning-ffa-wiz-tinyllama-homo-e1-r100,/homes/neumann/trieu.vy.tran/FederatedLLM/epoch_round_tuning_ffa_high_rounds/tuning-ffa-wiz-tinyllama-homo-e1-r100,logs/epoch_round_tuning_23591_10.out,51,False,slurm stdout,Live partial
ffa,Nonlinear FFA,wiz,Wizard,tinyllama,TinyLlama,homo,Homo,1,50,0,26,31.33870088115523,epoch_round_tuning_ffa_high_rounds/tuning-ffa-wiz-tinyllama-homo-e1-r50,/homes/neumann/trieu.vy.tran/FederatedLLM/epoch_round_tuning_ffa_high_rounds/tuning-ffa-wiz-tinyllama-homo-e1-r50,logs/epoch_round_tuning_23591_9.out,49,False,slurm stdout,Live partial
ffa,Nonlinear FFA,wiz,Wizard,tinyllama,TinyLlama,homo,Homo,1,100,0,27,29.65522921724543,epoch_round_tuning_ffa_high_rounds/tuning-ffa-wiz-tinyllama-homo-e1-r100,/homes/neumann/trieu.vy.tran/FederatedLLM/epoch_round_tuning_ffa_high_rounds/tuning-ffa-wiz-tinyllama-homo-e1-r100,logs/epoch_round_tuning_23591_10.out,51,False,slurm stdout,Live partial
ffa,Nonlinear FFA,wiz,Wizard,tinyllama,TinyLlama,homo,Homo,1,50,0,27,29.473855578614355,epoch_round_tuning_ffa_high_rounds/tuning-ffa-wiz-tinyllama-homo-e1-r50,/homes/neumann/trieu.vy.tran/FederatedLLM/epoch_round_tuning_ffa_high_rounds/tuning-ffa-wiz-tinyllama-homo-e1-r50,logs/epoch_round_tuning_23591_9.out,49,False,slurm stdout,Live partial
ffa,Nonlinear FFA,wiz,Wizard,tinyllama,TinyLlama,homo,Homo,1,100,0,28,29.697450597238976,epoch_round_tuning_ffa_high_rounds/tuning-ffa-wiz-tinyllama-homo-e1-r100,/homes/neumann/trieu.vy.tran/FederatedLLM/epoch_round_tuning_ffa_high_rounds/tuning-ffa-wiz-tinyllama-homo-e1-r100,logs/epoch_round_tuning_23591_10.out,51,False,slurm stdout,Live partial
ffa,Nonlinear FFA,wiz,Wizard,tinyllama,TinyLlama,homo,Homo,1,50,0,28,27.711497946588903,epoch_round_tuning_ffa_high_rounds/tuning-ffa-wiz-tinyllama-homo-e1-r50,/homes/neumann/trieu.vy.tran/FederatedLLM/epoch_round_tuning_ffa_high_rounds/tuning-ffa-wiz-tinyllama-homo-e1-r50,logs/epoch_round_tuning_23591_9.out,49,False,slurm stdout,Live partial
ffa,Nonlinear FFA,wiz,Wizard,tinyllama,TinyLlama,homo,Homo,1,100,0,29,29.887765313211233,epoch_round_tuning_ffa_high_rounds/tuning-ffa-wiz-tinyllama-homo-e1-r100,/homes/neumann/trieu.vy.tran/FederatedLLM/epoch_round_tuning_ffa_high_rounds/tuning-ffa-wiz-tinyllama-homo-e1-r100,logs/epoch_round_tuning_23591_10.out,51,False,slurm stdout,Live partial
ffa,Nonlinear FFA,wiz,Wizard,tinyllama,TinyLlama,homo,Homo,1,50,0,29,29.68290825040258,epoch_round_tuning_ffa_high_rounds/tuning-ffa-wiz-tinyllama-homo-e1-r50,/homes/neumann/trieu.vy.tran/FederatedLLM/epoch_round_tuning_ffa_high_rounds/tuning-ffa-wiz-tinyllama-homo-e1-r50,logs/epoch_round_tuning_23591_9.out,49,False,slurm stdout,Live partial
ffa,Nonlinear FFA,wiz,Wizard,tinyllama,TinyLlama,homo,Homo,1,100,0,30,29.480597406146376,epoch_round_tuning_ffa_high_rounds/tuning-ffa-wiz-tinyllama-homo-e1-r100,/homes/neumann/trieu.vy.tran/FederatedLLM/epoch_round_tuning_ffa_high_rounds/tuning-ffa-wiz-tinyllama-homo-e1-r100,logs/epoch_round_tuning_23591_10.out,51,False,slurm stdout,Live partial
ffa,Nonlinear FFA,wiz,Wizard,tinyllama,TinyLlama,homo,Homo,1,50,0,30,29.36931115467712,epoch_round_tuning_ffa_high_rounds/tuning-ffa-wiz-tinyllama-homo-e1-r50,/homes/neumann/trieu.vy.tran/FederatedLLM/epoch_round_tuning_ffa_high_rounds/tuning-ffa-wiz-tinyllama-homo-e1-r50,logs/epoch_round_tuning_23591_9.out,49,False,slurm stdout,Live partial
ffa,Nonlinear FFA,wiz,Wizard,tinyllama,TinyLlama,homo,Homo,1,100,0,31,29.743736644892294,epoch_round_tuning_ffa_high_rounds/tuning-ffa-wiz-tinyllama-homo-e1-r100,/homes/neumann/trieu.vy.tran/FederatedLLM/epoch_round_tuning_ffa_high_rounds/tuning-ffa-wiz-tinyllama-homo-e1-r100,logs/epoch_round_tuning_23591_10.out,51,False,slurm stdout,Live partial
ffa,Nonlinear FFA,wiz,Wizard,tinyllama,TinyLlama,homo,Homo,1,50,0,31,28.943993389739823,epoch_round_tuning_ffa_high_rounds/tuning-ffa-wiz-tinyllama-homo-e1-r50,/homes/neumann/trieu.vy.tran/FederatedLLM/epoch_round_tuning_ffa_high_rounds/tuning-ffa-wiz-tinyllama-homo-e1-r50,logs/epoch_round_tuning_23591_9.out,49,False,slurm stdout,Live partial
ffa,Nonlinear FFA,wiz,Wizard,tinyllama,TinyLlama,homo,Homo,1,100,0,32,30.531432971213075,epoch_round_tuning_ffa_high_rounds/tuning-ffa-wiz-tinyllama-homo-e1-r100,/homes/neumann/trieu.vy.tran/FederatedLLM/epoch_round_tuning_ffa_high_rounds/tuning-ffa-wiz-tinyllama-homo-e1-r100,logs/epoch_round_tuning_23591_10.out,51,False,slurm stdout,Live partial
ffa,Nonlinear FFA,wiz,Wizard,tinyllama,TinyLlama,homo,Homo,1,50,0,32,28.97780274159584,epoch_round_tuning_ffa_high_rounds/tuning-ffa-wiz-tinyllama-homo-e1-r50,/homes/neumann/trieu.vy.tran/FederatedLLM/epoch_round_tuning_ffa_high_rounds/tuning-ffa-wiz-tinyllama-homo-e1-r50,logs/epoch_round_tuning_23591_9.out,49,False,slurm stdout,Live partial
ffa,Nonlinear FFA,wiz,Wizard,tinyllama,TinyLlama,homo,Homo,1,100,0,33,29.37819915378143,epoch_round_tuning_ffa_high_rounds/tuning-ffa-wiz-tinyllama-homo-e1-r100,/homes/neumann/trieu.vy.tran/FederatedLLM/epoch_round_tuning_ffa_high_rounds/tuning-ffa-wiz-tinyllama-homo-e1-r100,logs/epoch_round_tuning_23591_10.out,51,False,slurm stdout,Live partial
ffa,Nonlinear FFA,wiz,Wizard,tinyllama,TinyLlama,homo,Homo,1,50,0,33,30.515386854848852,epoch_round_tuning_ffa_high_rounds/tuning-ffa-wiz-tinyllama-homo-e1-r50,/homes/neumann/trieu.vy.tran/FederatedLLM/epoch_round_tuning_ffa_high_rounds/tuning-ffa-wiz-tinyllama-homo-e1-r50,logs/epoch_round_tuning_23591_9.out,49,False,slurm stdout,Live partial
ffa,Nonlinear FFA,wiz,Wizard,tinyllama,TinyLlama,homo,Homo,1,100,0,34,30.06752878854739,epoch_round_tuning_ffa_high_rounds/tuning-ffa-wiz-tinyllama-homo-e1-r100,/homes/neumann/trieu.vy.tran/FederatedLLM/epoch_round_tuning_ffa_high_rounds/tuning-ffa-wiz-tinyllama-homo-e1-r100,logs/epoch_round_tuning_23591_10.out,51,False,slurm stdout,Live partial
ffa,Nonlinear FFA,wiz,Wizard,tinyllama,TinyLlama,homo,Homo,1,50,0,34,29.05260827272879,epoch_round_tuning_ffa_high_rounds/tuning-ffa-wiz-tinyllama-homo-e1-r50,/homes/neumann/trieu.vy.tran/FederatedLLM/epoch_round_tuning_ffa_high_rounds/tuning-ffa-wiz-tinyllama-homo-e1-r50,logs/epoch_round_tuning_23591_9.out,49,False,slurm stdout,Live partial
ffa,Nonlinear FFA,wiz,Wizard,tinyllama,TinyLlama,homo,Homo,1,100,0,35,29.15239770671793,epoch_round_tuning_ffa_high_rounds/tuning-ffa-wiz-tinyllama-homo-e1-r100,/homes/neumann/trieu.vy.tran/FederatedLLM/epoch_round_tuning_ffa_high_rounds/tuning-ffa-wiz-tinyllama-homo-e1-r100,logs/epoch_round_tuning_23591_10.out,51,False,slurm stdout,Live partial
ffa,Nonlinear FFA,wiz,Wizard,tinyllama,TinyLlama,homo,Homo,1,50,0,35,29.788460909345154,epoch_round_tuning_ffa_high_rounds/tuning-ffa-wiz-tinyllama-homo-e1-r50,/homes/neumann/trieu.vy.tran/FederatedLLM/epoch_round_tuning_ffa_high_rounds/tuning-ffa-wiz-tinyllama-homo-e1-r50,logs/epoch_round_tuning_23591_9.out,49,False,slurm stdout,Live partial
ffa,Nonlinear FFA,wiz,Wizard,tinyllama,TinyLlama,homo,Homo,1,100,0,36,28.842876729123436,epoch_round_tuning_ffa_high_rounds/tuning-ffa-wiz-tinyllama-homo-e1-r100,/homes/neumann/trieu.vy.tran/FederatedLLM/epoch_round_tuning_ffa_high_rounds/tuning-ffa-wiz-tinyllama-homo-e1-r100,logs/epoch_round_tuning_23591_10.out,51,False,slurm stdout,Live partial
ffa,Nonlinear FFA,wiz,Wizard,tinyllama,TinyLlama,homo,Homo,1,50,0,36,29.277450704377188,epoch_round_tuning_ffa_high_rounds/tuning-ffa-wiz-tinyllama-homo-e1-r50,/homes/neumann/trieu.vy.tran/FederatedLLM/epoch_round_tuning_ffa_high_rounds/tuning-ffa-wiz-tinyllama-homo-e1-r50,logs/epoch_round_tuning_23591_9.out,49,False,slurm stdout,Live partial
ffa,Nonlinear FFA,wiz,Wizard,tinyllama,TinyLlama,homo,Homo,1,100,0,37,29.067900302965537,epoch_round_tuning_ffa_high_rounds/tuning-ffa-wiz-tinyllama-homo-e1-r100,/homes/neumann/trieu.vy.tran/FederatedLLM/epoch_round_tuning_ffa_high_rounds/tuning-ffa-wiz-tinyllama-homo-e1-r100,logs/epoch_round_tuning_23591_10.out,51,False,slurm stdout,Live partial
ffa,Nonlinear FFA,wiz,Wizard,tinyllama,TinyLlama,homo,Homo,1,50,0,37,29.90019021786765,epoch_round_tuning_ffa_high_rounds/tuning-ffa-wiz-tinyllama-homo-e1-r50,/homes/neumann/trieu.vy.tran/FederatedLLM/epoch_round_tuning_ffa_high_rounds/tuning-ffa-wiz-tinyllama-homo-e1-r50,logs/epoch_round_tuning_23591_9.out,49,False,slurm stdout,Live partial
ffa,Nonlinear FFA,wiz,Wizard,tinyllama,TinyLlama,homo,Homo,1,100,0,38,28.167075199518422,epoch_round_tuning_ffa_high_rounds/tuning-ffa-wiz-tinyllama-homo-e1-r100,/homes/neumann/trieu.vy.tran/FederatedLLM/epoch_round_tuning_ffa_high_rounds/tuning-ffa-wiz-tinyllama-homo-e1-r100,logs/epoch_round_tuning_23591_10.out,51,False,slurm stdout,Live partial
ffa,Nonlinear FFA,wiz,Wizard,tinyllama,TinyLlama,homo,Homo,1,50,0,38,29.400918646346764,epoch_round_tuning_ffa_high_rounds/tuning-ffa-wiz-tinyllama-homo-e1-r50,/homes/neumann/trieu.vy.tran/FederatedLLM/epoch_round_tuning_ffa_high_rounds/tuning-ffa-wiz-tinyllama-homo-e1-r50,logs/epoch_round_tuning_23591_9.out,49,False,slurm stdout,Live partial
ffa,Nonlinear FFA,wiz,Wizard,tinyllama,TinyLlama,homo,Homo,1,100,0,39,28.796338202840268,epoch_round_tuning_ffa_high_rounds/tuning-ffa-wiz-tinyllama-homo-e1-r100,/homes/neumann/trieu.vy.tran/FederatedLLM/epoch_round_tuning_ffa_high_rounds/tuning-ffa-wiz-tinyllama-homo-e1-r100,logs/epoch_round_tuning_23591_10.out,51,False,slurm stdout,Live partial
ffa,Nonlinear FFA,wiz,Wizard,tinyllama,TinyLlama,homo,Homo,1,50,0,39,28.43404658990544,epoch_round_tuning_ffa_high_rounds/tuning-ffa-wiz-tinyllama-homo-e1-r50,/homes/neumann/trieu.vy.tran/FederatedLLM/epoch_round_tuning_ffa_high_rounds/tuning-ffa-wiz-tinyllama-homo-e1-r50,logs/epoch_round_tuning_23591_9.out,49,False,slurm stdout,Live partial
ffa,Nonlinear FFA,wiz,Wizard,tinyllama,TinyLlama,homo,Homo,1,100,0,40,29.945766875425043,epoch_round_tuning_ffa_high_rounds/tuning-ffa-wiz-tinyllama-homo-e1-r100,/homes/neumann/trieu.vy.tran/FederatedLLM/epoch_round_tuning_ffa_high_rounds/tuning-ffa-wiz-tinyllama-homo-e1-r100,logs/epoch_round_tuning_23591_10.out,51,False,slurm stdout,Live partial
ffa,Nonlinear FFA,wiz,Wizard,tinyllama,TinyLlama,homo,Homo,1,50,0,40,28.890012763567345,epoch_round_tuning_ffa_high_rounds/tuning-ffa-wiz-tinyllama-homo-e1-r50,/homes/neumann/trieu.vy.tran/FederatedLLM/epoch_round_tuning_ffa_high_rounds/tuning-ffa-wiz-tinyllama-homo-e1-r50,logs/epoch_round_tuning_23591_9.out,49,False,slurm stdout,Live partial
ffa,Nonlinear FFA,wiz,Wizard,tinyllama,TinyLlama,homo,Homo,1,100,0,41,28.628814399239733,epoch_round_tuning_ffa_high_rounds/tuning-ffa-wiz-tinyllama-homo-e1-r100,/homes/neumann/trieu.vy.tran/FederatedLLM/epoch_round_tuning_ffa_high_rounds/tuning-ffa-wiz-tinyllama-homo-e1-r100,logs/epoch_round_tuning_23591_10.out,51,False,slurm stdout,Live partial
ffa,Nonlinear FFA,wiz,Wizard,tinyllama,TinyLlama,homo,Homo,1,50,0,41,29.681678711017724,epoch_round_tuning_ffa_high_rounds/tuning-ffa-wiz-tinyllama-homo-e1-r50,/homes/neumann/trieu.vy.tran/FederatedLLM/epoch_round_tuning_ffa_high_rounds/tuning-ffa-wiz-tinyllama-homo-e1-r50,logs/epoch_round_tuning_23591_9.out,49,False,slurm stdout,Live partial
ffa,Nonlinear FFA,wiz,Wizard,tinyllama,TinyLlama,homo,Homo,1,100,0,42,27.6955601739727,epoch_round_tuning_ffa_high_rounds/tuning-ffa-wiz-tinyllama-homo-e1-r100,/homes/neumann/trieu.vy.tran/FederatedLLM/epoch_round_tuning_ffa_high_rounds/tuning-ffa-wiz-tinyllama-homo-e1-r100,logs/epoch_round_tuning_23591_10.out,51,False,slurm stdout,Live partial
ffa,Nonlinear FFA,wiz,Wizard,tinyllama,TinyLlama,homo,Homo,1,50,0,42,29.581338699358383,epoch_round_tuning_ffa_high_rounds/tuning-ffa-wiz-tinyllama-homo-e1-r50,/homes/neumann/trieu.vy.tran/FederatedLLM/epoch_round_tuning_ffa_high_rounds/tuning-ffa-wiz-tinyllama-homo-e1-r50,logs/epoch_round_tuning_23591_9.out,49,False,slurm stdout,Live partial
ffa,Nonlinear FFA,wiz,Wizard,tinyllama,TinyLlama,homo,Homo,1,100,0,43,29.394029483663033,epoch_round_tuning_ffa_high_rounds/tuning-ffa-wiz-tinyllama-homo-e1-r100,/homes/neumann/trieu.vy.tran/FederatedLLM/epoch_round_tuning_ffa_high_rounds/tuning-ffa-wiz-tinyllama-homo-e1-r100,logs/epoch_round_tuning_23591_10.out,51,False,slurm stdout,Live partial
ffa,Nonlinear FFA,wiz,Wizard,tinyllama,TinyLlama,homo,Homo,1,50,0,43,29.164464399149548,epoch_round_tuning_ffa_high_rounds/tuning-ffa-wiz-tinyllama-homo-e1-r50,/homes/neumann/trieu.vy.tran/FederatedLLM/epoch_round_tuning_ffa_high_rounds/tuning-ffa-wiz-tinyllama-homo-e1-r50,logs/epoch_round_tuning_23591_9.out,49,False,slurm stdout,Live partial
ffa,Nonlinear FFA,wiz,Wizard,tinyllama,TinyLlama,homo,Homo,1,100,0,44,28.9960268147291,epoch_round_tuning_ffa_high_rounds/tuning-ffa-wiz-tinyllama-homo-e1-r100,/homes/neumann/trieu.vy.tran/FederatedLLM/epoch_round_tuning_ffa_high_rounds/tuning-ffa-wiz-tinyllama-homo-e1-r100,logs/epoch_round_tuning_23591_10.out,51,False,slurm stdout,Live partial
ffa,Nonlinear FFA,wiz,Wizard,tinyllama,TinyLlama,homo,Homo,1,50,0,44,30.232130201387903,epoch_round_tuning_ffa_high_rounds/tuning-ffa-wiz-tinyllama-homo-e1-r50,/homes/neumann/trieu.vy.tran/FederatedLLM/epoch_round_tuning_ffa_high_rounds/tuning-ffa-wiz-tinyllama-homo-e1-r50,logs/epoch_round_tuning_23591_9.out,49,False,slurm stdout,Live partial
ffa,Nonlinear FFA,wiz,Wizard,tinyllama,TinyLlama,homo,Homo,1,100,0,45,28.238158746997044,epoch_round_tuning_ffa_high_rounds/tuning-ffa-wiz-tinyllama-homo-e1-r100,/homes/neumann/trieu.vy.tran/FederatedLLM/epoch_round_tuning_ffa_high_rounds/tuning-ffa-wiz-tinyllama-homo-e1-r100,logs/epoch_round_tuning_23591_10.out,51,False,slurm stdout,Live partial
ffa,Nonlinear FFA,wiz,Wizard,tinyllama,TinyLlama,homo,Homo,1,50,0,45,29.28569483282304,epoch_round_tuning_ffa_high_rounds/tuning-ffa-wiz-tinyllama-homo-e1-r50,/homes/neumann/trieu.vy.tran/FederatedLLM/epoch_round_tuning_ffa_high_rounds/tuning-ffa-wiz-tinyllama-homo-e1-r50,logs/epoch_round_tuning_23591_9.out,49,False,slurm stdout,Live partial
ffa,Nonlinear FFA,wiz,Wizard,tinyllama,TinyLlama,homo,Homo,1,100,0,46,30.07240014374075,epoch_round_tuning_ffa_high_rounds/tuning-ffa-wiz-tinyllama-homo-e1-r100,/homes/neumann/trieu.vy.tran/FederatedLLM/epoch_round_tuning_ffa_high_rounds/tuning-ffa-wiz-tinyllama-homo-e1-r100,logs/epoch_round_tuning_23591_10.out,51,False,slurm stdout,Live partial
ffa,Nonlinear FFA,wiz,Wizard,tinyllama,TinyLlama,homo,Homo,1,50,0,46,29.642405550424943,epoch_round_tuning_ffa_high_rounds/tuning-ffa-wiz-tinyllama-homo-e1-r50,/homes/neumann/trieu.vy.tran/FederatedLLM/epoch_round_tuning_ffa_high_rounds/tuning-ffa-wiz-tinyllama-homo-e1-r50,logs/epoch_round_tuning_23591_9.out,49,False,slurm stdout,Live partial
ffa,Nonlinear FFA,wiz,Wizard,tinyllama,TinyLlama,homo,Homo,1,100,0,47,28.953903933849105,epoch_round_tuning_ffa_high_rounds/tuning-ffa-wiz-tinyllama-homo-e1-r100,/homes/neumann/trieu.vy.tran/FederatedLLM/epoch_round_tuning_ffa_high_rounds/tuning-ffa-wiz-tinyllama-homo-e1-r100,logs/epoch_round_tuning_23591_10.out,51,False,slurm stdout,Live partial
ffa,Nonlinear FFA,wiz,Wizard,tinyllama,TinyLlama,homo,Homo,1,50,0,47,28.896107063582445,epoch_round_tuning_ffa_high_rounds/tuning-ffa-wiz-tinyllama-homo-e1-r50,/homes/neumann/trieu.vy.tran/FederatedLLM/epoch_round_tuning_ffa_high_rounds/tuning-ffa-wiz-tinyllama-homo-e1-r50,logs/epoch_round_tuning_23591_9.out,49,False,slurm stdout,Live partial
ffa,Nonlinear FFA,wiz,Wizard,tinyllama,TinyLlama,homo,Homo,1,100,0,48,29.069064805461192,epoch_round_tuning_ffa_high_rounds/tuning-ffa-wiz-tinyllama-homo-e1-r100,/homes/neumann/trieu.vy.tran/FederatedLLM/epoch_round_tuning_ffa_high_rounds/tuning-ffa-wiz-tinyllama-homo-e1-r100,logs/epoch_round_tuning_23591_10.out,51,False,slurm stdout,Live partial
ffa,Nonlinear FFA,wiz,Wizard,tinyllama,TinyLlama,homo,Homo,1,50,0,48,28.274876269188525,epoch_round_tuning_ffa_high_rounds/tuning-ffa-wiz-tinyllama-homo-e1-r50,/homes/neumann/trieu.vy.tran/FederatedLLM/epoch_round_tuning_ffa_high_rounds/tuning-ffa-wiz-tinyllama-homo-e1-r50,logs/epoch_round_tuning_23591_9.out,49,False,slurm stdout,Live partial
ffa,Nonlinear FFA,wiz,Wizard,tinyllama,TinyLlama,homo,Homo,1,100,0,49,28.418943156402428,epoch_round_tuning_ffa_high_rounds/tuning-ffa-wiz-tinyllama-homo-e1-r100,/homes/neumann/trieu.vy.tran/FederatedLLM/epoch_round_tuning_ffa_high_rounds/tuning-ffa-wiz-tinyllama-homo-e1-r100,logs/epoch_round_tuning_23591_10.out,51,False,slurm stdout,Live partial
ffa,Nonlinear FFA,wiz,Wizard,tinyllama,TinyLlama,homo,Homo,1,50,0,49,28.627894790980324,epoch_round_tuning_ffa_high_rounds/tuning-ffa-wiz-tinyllama-homo-e1-r50,/homes/neumann/trieu.vy.tran/FederatedLLM/epoch_round_tuning_ffa_high_rounds/tuning-ffa-wiz-tinyllama-homo-e1-r50,logs/epoch_round_tuning_23591_9.out,49,False,slurm stdout,Live partial
ffa,Nonlinear FFA,wiz,Wizard,tinyllama,TinyLlama,homo,Homo,1,100,0,50,28.50607501605343,epoch_round_tuning_ffa_high_rounds/tuning-ffa-wiz-tinyllama-homo-e1-r100,/homes/neumann/trieu.vy.tran/FederatedLLM/epoch_round_tuning_ffa_high_rounds/tuning-ffa-wiz-tinyllama-homo-e1-r100,logs/epoch_round_tuning_23591_10.out,51,False,slurm stdout,Live partial
ffa,Nonlinear FFA,wiz,Wizard,tinyllama,TinyLlama,homo,Homo,1,100,0,51,28.615218531242892,epoch_round_tuning_ffa_high_rounds/tuning-ffa-wiz-tinyllama-homo-e1-r100,/homes/neumann/trieu.vy.tran/FederatedLLM/epoch_round_tuning_ffa_high_rounds/tuning-ffa-wiz-tinyllama-homo-e1-r100,logs/epoch_round_tuning_23591_10.out,51,False,slurm stdout,Live partial
ffa,Nonlinear FFA,wiz_stratified,Wizard stratified,tinyllama,TinyLlama,heter,Heter,1,100,0,1,28.769710366035252,epoch_round_tuning_ffa_high_rounds/tuning-ffa-wiz_stratified-tinyllama-heter-e1-r100,/homes/neumann/trieu.vy.tran/FederatedLLM/epoch_round_tuning_ffa_high_rounds/tuning-ffa-wiz_stratified-tinyllama-heter-e1-r100,logs/epoch_round_tuning_23591_4.out,51,False,slurm stdout,Live partial
ffa,Nonlinear FFA,wiz_stratified,Wizard stratified,tinyllama,TinyLlama,heter,Heter,1,100,0,2,29.337034318555528,epoch_round_tuning_ffa_high_rounds/tuning-ffa-wiz_stratified-tinyllama-heter-e1-r100,/homes/neumann/trieu.vy.tran/FederatedLLM/epoch_round_tuning_ffa_high_rounds/tuning-ffa-wiz_stratified-tinyllama-heter-e1-r100,logs/epoch_round_tuning_23591_4.out,51,False,slurm stdout,Live partial
ffa,Nonlinear FFA,wiz_stratified,Wizard stratified,tinyllama,TinyLlama,heter,Heter,1,100,0,3,28.613861553420243,epoch_round_tuning_ffa_high_rounds/tuning-ffa-wiz_stratified-tinyllama-heter-e1-r100,/homes/neumann/trieu.vy.tran/FederatedLLM/epoch_round_tuning_ffa_high_rounds/tuning-ffa-wiz_stratified-tinyllama-heter-e1-r100,logs/epoch_round_tuning_23591_4.out,51,False,slurm stdout,Live partial
ffa,Nonlinear FFA,wiz_stratified,Wizard stratified,tinyllama,TinyLlama,heter,Heter,1,100,0,4,30.197628254183904,epoch_round_tuning_ffa_high_rounds/tuning-ffa-wiz_stratified-tinyllama-heter-e1-r100,/homes/neumann/trieu.vy.tran/FederatedLLM/epoch_round_tuning_ffa_high_rounds/tuning-ffa-wiz_stratified-tinyllama-heter-e1-r100,logs/epoch_round_tuning_23591_4.out,51,False,slurm stdout,Live partial
ffa,Nonlinear FFA,wiz_stratified,Wizard stratified,tinyllama,TinyLlama,heter,Heter,1,100,0,5,32.32387538882517,epoch_round_tuning_ffa_high_rounds/tuning-ffa-wiz_stratified-tinyllama-heter-e1-r100,/homes/neumann/trieu.vy.tran/FederatedLLM/epoch_round_tuning_ffa_high_rounds/tuning-ffa-wiz_stratified-tinyllama-heter-e1-r100,logs/epoch_round_tuning_23591_4.out,51,False,slurm stdout,Live partial
ffa,Nonlinear FFA,wiz_stratified,Wizard stratified,tinyllama,TinyLlama,heter,Heter,1,100,0,6,31.550910483557047,epoch_round_tuning_ffa_high_rounds/tuning-ffa-wiz_stratified-tinyllama-heter-e1-r100,/homes/neumann/trieu.vy.tran/FederatedLLM/epoch_round_tuning_ffa_high_rounds/tuning-ffa-wiz_stratified-tinyllama-heter-e1-r100,logs/epoch_round_tuning_23591_4.out,51,False,slurm stdout,Live partial
ffa,Nonlinear FFA,wiz_stratified,Wizard stratified,tinyllama,TinyLlama,heter,Heter,1,100,0,7,31.569758699785243,epoch_round_tuning_ffa_high_rounds/tuning-ffa-wiz_stratified-tinyllama-heter-e1-r100,/homes/neumann/trieu.vy.tran/FederatedLLM/epoch_round_tuning_ffa_high_rounds/tuning-ffa-wiz_stratified-tinyllama-heter-e1-r100,logs/epoch_round_tuning_23591_4.out,51,False,slurm stdout,Live partial
ffa,Nonlinear FFA,wiz_stratified,Wizard stratified,tinyllama,TinyLlama,heter,Heter,1,100,0,8,32.53161080181117,epoch_round_tuning_ffa_high_rounds/tuning-ffa-wiz_stratified-tinyllama-heter-e1-r100,/homes/neumann/trieu.vy.tran/FederatedLLM/epoch_round_tuning_ffa_high_rounds/tuning-ffa-wiz_stratified-tinyllama-heter-e1-r100,logs/epoch_round_tuning_23591_4.out,51,False,slurm stdout,Live partial
ffa,Nonlinear FFA,wiz_stratified,Wizard stratified,tinyllama,TinyLlama,heter,Heter,1,100,0,9,31.40145374691197,epoch_round_tuning_ffa_high_rounds/tuning-ffa-wiz_stratified-tinyllama-heter-e1-r100,/homes/neumann/trieu.vy.tran/FederatedLLM/epoch_round_tuning_ffa_high_rounds/tuning-ffa-wiz_stratified-tinyllama-heter-e1-r100,logs/epoch_round_tuning_23591_4.out,51,False,slurm stdout,Live partial
ffa,Nonlinear FFA,wiz_stratified,Wizard stratified,tinyllama,TinyLlama,heter,Heter,1,100,0,10,32.374684514679664,epoch_round_tuning_ffa_high_rounds/tuning-ffa-wiz_stratified-tinyllama-heter-e1-r100,/homes/neumann/trieu.vy.tran/FederatedLLM/epoch_round_tuning_ffa_high_rounds/tuning-ffa-wiz_stratified-tinyllama-heter-e1-r100,logs/epoch_round_tuning_23591_4.out,51,False,slurm stdout,Live partial
ffa,Nonlinear FFA,wiz_stratified,Wizard stratified,tinyllama,TinyLlama,heter,Heter,1,100,0,11,31.93724917041801,epoch_round_tuning_ffa_high_rounds/tuning-ffa-wiz_stratified-tinyllama-heter-e1-r100,/homes/neumann/trieu.vy.tran/FederatedLLM/epoch_round_tuning_ffa_high_rounds/tuning-ffa-wiz_stratified-tinyllama-heter-e1-r100,logs/epoch_round_tuning_23591_4.out,51,False,slurm stdout,Live partial
ffa,Nonlinear FFA,wiz_stratified,Wizard stratified,tinyllama,TinyLlama,heter,Heter,1,100,0,12,33.85316940989033,epoch_round_tuning_ffa_high_rounds/tuning-ffa-wiz_stratified-tinyllama-heter-e1-r100,/homes/neumann/trieu.vy.tran/FederatedLLM/epoch_round_tuning_ffa_high_rounds/tuning-ffa-wiz_stratified-tinyllama-heter-e1-r100,logs/epoch_round_tuning_23591_4.out,51,False,slurm stdout,Live partial
ffa,Nonlinear FFA,wiz_stratified,Wizard stratified,tinyllama,TinyLlama,heter,Heter,1,100,0,13,30.995997968571604,epoch_round_tuning_ffa_high_rounds/tuning-ffa-wiz_stratified-tinyllama-heter-e1-r100,/homes/neumann/trieu.vy.tran/FederatedLLM/epoch_round_tuning_ffa_high_rounds/tuning-ffa-wiz_stratified-tinyllama-heter-e1-r100,logs/epoch_round_tuning_23591_4.out,51,False,slurm stdout,Live partial
ffa,Nonlinear FFA,wiz_stratified,Wizard stratified,tinyllama,TinyLlama,heter,Heter,1,100,0,14,30.93267540332654,epoch_round_tuning_ffa_high_rounds/tuning-ffa-wiz_stratified-tinyllama-heter-e1-r100,/homes/neumann/trieu.vy.tran/FederatedLLM/epoch_round_tuning_ffa_high_rounds/tuning-ffa-wiz_stratified-tinyllama-heter-e1-r100,logs/epoch_round_tuning_23591_4.out,51,False,slurm stdout,Live partial
ffa,Nonlinear FFA,wiz_stratified,Wizard stratified,tinyllama,TinyLlama,heter,Heter,1,100,0,15,30.680411394625484,epoch_round_tuning_ffa_high_rounds/tuning-ffa-wiz_stratified-tinyllama-heter-e1-r100,/homes/neumann/trieu.vy.tran/FederatedLLM/epoch_round_tuning_ffa_high_rounds/tuning-ffa-wiz_stratified-tinyllama-heter-e1-r100,logs/epoch_round_tuning_23591_4.out,51,False,slurm stdout,Live partial
ffa,Nonlinear FFA,wiz_stratified,Wizard stratified,tinyllama,TinyLlama,heter,Heter,1,100,0,16,30.413708083866748,epoch_round_tuning_ffa_high_rounds/tuning-ffa-wiz_stratified-tinyllama-heter-e1-r100,/homes/neumann/trieu.vy.tran/FederatedLLM/epoch_round_tuning_ffa_high_rounds/tuning-ffa-wiz_stratified-tinyllama-heter-e1-r100,logs/epoch_round_tuning_23591_4.out,51,False,slurm stdout,Live partial
ffa,Nonlinear FFA,wiz_stratified,Wizard stratified,tinyllama,TinyLlama,heter,Heter,1,100,0,17,30.315186057205462,epoch_round_tuning_ffa_high_rounds/tuning-ffa-wiz_stratified-tinyllama-heter-e1-r100,/homes/neumann/trieu.vy.tran/FederatedLLM/epoch_round_tuning_ffa_high_rounds/tuning-ffa-wiz_stratified-tinyllama-heter-e1-r100,logs/epoch_round_tuning_23591_4.out,51,False,slurm stdout,Live partial
ffa,Nonlinear FFA,wiz_stratified,Wizard stratified,tinyllama,TinyLlama,heter,Heter,1,100,0,18,30.735592411843875,epoch_round_tuning_ffa_high_rounds/tuning-ffa-wiz_stratified-tinyllama-heter-e1-r100,/homes/neumann/trieu.vy.tran/FederatedLLM/epoch_round_tuning_ffa_high_rounds/tuning-ffa-wiz_stratified-tinyllama-heter-e1-r100,logs/epoch_round_tuning_23591_4.out,51,False,slurm stdout,Live partial
ffa,Nonlinear FFA,wiz_stratified,Wizard stratified,tinyllama,TinyLlama,heter,Heter,1,100,0,19,29.2889974988644,epoch_round_tuning_ffa_high_rounds/tuning-ffa-wiz_stratified-tinyllama-heter-e1-r100,/homes/neumann/trieu.vy.tran/FederatedLLM/epoch_round_tuning_ffa_high_rounds/tuning-ffa-wiz_stratified-tinyllama-heter-e1-r100,logs/epoch_round_tuning_23591_4.out,51,False,slurm stdout,Live partial
ffa,Nonlinear FFA,wiz_stratified,Wizard stratified,tinyllama,TinyLlama,heter,Heter,1,100,0,20,29.164826703914677,epoch_round_tuning_ffa_high_rounds/tuning-ffa-wiz_stratified-tinyllama-heter-e1-r100,/homes/neumann/trieu.vy.tran/FederatedLLM/epoch_round_tuning_ffa_high_rounds/tuning-ffa-wiz_stratified-tinyllama-heter-e1-r100,logs/epoch_round_tuning_23591_4.out,51,False,slurm stdout,Live partial
ffa,Nonlinear FFA,wiz_stratified,Wizard stratified,tinyllama,TinyLlama,heter,Heter,1,100,0,21,30.2457859770423,epoch_round_tuning_ffa_high_rounds/tuning-ffa-wiz_stratified-tinyllama-heter-e1-r100,/homes/neumann/trieu.vy.tran/FederatedLLM/epoch_round_tuning_ffa_high_rounds/tuning-ffa-wiz_stratified-tinyllama-heter-e1-r100,logs/epoch_round_tuning_23591_4.out,51,False,slurm stdout,Live partial
ffa,Nonlinear FFA,wiz_stratified,Wizard stratified,tinyllama,TinyLlama,heter,Heter,1,100,0,22,29.80135127771001,epoch_round_tuning_ffa_high_rounds/tuning-ffa-wiz_stratified-tinyllama-heter-e1-r100,/homes/neumann/trieu.vy.tran/FederatedLLM/epoch_round_tuning_ffa_high_rounds/tuning-ffa-wiz_stratified-tinyllama-heter-e1-r100,logs/epoch_round_tuning_23591_4.out,51,False,slurm stdout,Live partial
ffa,Nonlinear FFA,wiz_stratified,Wizard stratified,tinyllama,TinyLlama,heter,Heter,1,100,0,23,31.20652885031844,epoch_round_tuning_ffa_high_rounds/tuning-ffa-wiz_stratified-tinyllama-heter-e1-r100,/homes/neumann/trieu.vy.tran/FederatedLLM/epoch_round_tuning_ffa_high_rounds/tuning-ffa-wiz_stratified-tinyllama-heter-e1-r100,logs/epoch_round_tuning_23591_4.out,51,False,slurm stdout,Live partial
ffa,Nonlinear FFA,wiz_stratified,Wizard stratified,tinyllama,TinyLlama,heter,Heter,1,100,0,24,29.493527486384668,epoch_round_tuning_ffa_high_rounds/tuning-ffa-wiz_stratified-tinyllama-heter-e1-r100,/homes/neumann/trieu.vy.tran/FederatedLLM/epoch_round_tuning_ffa_high_rounds/tuning-ffa-wiz_stratified-tinyllama-heter-e1-r100,logs/epoch_round_tuning_23591_4.out,51,False,slurm stdout,Live partial
ffa,Nonlinear FFA,wiz_stratified,Wizard stratified,tinyllama,TinyLlama,heter,Heter,1,100,0,25,29.693665829428173,epoch_round_tuning_ffa_high_rounds/tuning-ffa-wiz_stratified-tinyllama-heter-e1-r100,/homes/neumann/trieu.vy.tran/FederatedLLM/epoch_round_tuning_ffa_high_rounds/tuning-ffa-wiz_stratified-tinyllama-heter-e1-r100,logs/epoch_round_tuning_23591_4.out,51,False,slurm stdout,Live partial
ffa,Nonlinear FFA,wiz_stratified,Wizard stratified,tinyllama,TinyLlama,heter,Heter,1,100,0,26,29.672652528856613,epoch_round_tuning_ffa_high_rounds/tuning-ffa-wiz_stratified-tinyllama-heter-e1-r100,/homes/neumann/trieu.vy.tran/FederatedLLM/epoch_round_tuning_ffa_high_rounds/tuning-ffa-wiz_stratified-tinyllama-heter-e1-r100,logs/epoch_round_tuning_23591_4.out,51,False,slurm stdout,Live partial
ffa,Nonlinear FFA,wiz_stratified,Wizard stratified,tinyllama,TinyLlama,heter,Heter,1,100,0,27,30.33453153574791,epoch_round_tuning_ffa_high_rounds/tuning-ffa-wiz_stratified-tinyllama-heter-e1-r100,/homes/neumann/trieu.vy.tran/FederatedLLM/epoch_round_tuning_ffa_high_rounds/tuning-ffa-wiz_stratified-tinyllama-heter-e1-r100,logs/epoch_round_tuning_23591_4.out,51,False,slurm stdout,Live partial
ffa,Nonlinear FFA,wiz_stratified,Wizard stratified,tinyllama,TinyLlama,heter,Heter,1,100,0,28,30.642269670930904,epoch_round_tuning_ffa_high_rounds/tuning-ffa-wiz_stratified-tinyllama-heter-e1-r100,/homes/neumann/trieu.vy.tran/FederatedLLM/epoch_round_tuning_ffa_high_rounds/tuning-ffa-wiz_stratified-tinyllama-heter-e1-r100,logs/epoch_round_tuning_23591_4.out,51,False,slurm stdout,Live partial
ffa,Nonlinear FFA,wiz_stratified,Wizard stratified,tinyllama,TinyLlama,heter,Heter,1,100,0,29,31.043164319121676,epoch_round_tuning_ffa_high_rounds/tuning-ffa-wiz_stratified-tinyllama-heter-e1-r100,/homes/neumann/trieu.vy.tran/FederatedLLM/epoch_round_tuning_ffa_high_rounds/tuning-ffa-wiz_stratified-tinyllama-heter-e1-r100,logs/epoch_round_tuning_23591_4.out,51,False,slurm stdout,Live partial
ffa,Nonlinear FFA,wiz_stratified,Wizard stratified,tinyllama,TinyLlama,heter,Heter,1,100,0,30,31.0256102036097,epoch_round_tuning_ffa_high_rounds/tuning-ffa-wiz_stratified-tinyllama-heter-e1-r100,/homes/neumann/trieu.vy.tran/FederatedLLM/epoch_round_tuning_ffa_high_rounds/tuning-ffa-wiz_stratified-tinyllama-heter-e1-r100,logs/epoch_round_tuning_23591_4.out,51,False,slurm stdout,Live partial
ffa,Nonlinear FFA,wiz_stratified,Wizard stratified,tinyllama,TinyLlama,heter,Heter,1,100,0,31,30.62162579743626,epoch_round_tuning_ffa_high_rounds/tuning-ffa-wiz_stratified-tinyllama-heter-e1-r100,/homes/neumann/trieu.vy.tran/FederatedLLM/epoch_round_tuning_ffa_high_rounds/tuning-ffa-wiz_stratified-tinyllama-heter-e1-r100,logs/epoch_round_tuning_23591_4.out,51,False,slurm stdout,Live partial
ffa,Nonlinear FFA,wiz_stratified,Wizard stratified,tinyllama,TinyLlama,heter,Heter,1,100,0,32,30.685260694705583,epoch_round_tuning_ffa_high_rounds/tuning-ffa-wiz_stratified-tinyllama-heter-e1-r100,/homes/neumann/trieu.vy.tran/FederatedLLM/epoch_round_tuning_ffa_high_rounds/tuning-ffa-wiz_stratified-tinyllama-heter-e1-r100,logs/epoch_round_tuning_23591_4.out,51,False,slurm stdout,Live partial
ffa,Nonlinear FFA,wiz_stratified,Wizard stratified,tinyllama,TinyLlama,heter,Heter,1,100,0,33,29.322218365791265,epoch_round_tuning_ffa_high_rounds/tuning-ffa-wiz_stratified-tinyllama-heter-e1-r100,/homes/neumann/trieu.vy.tran/FederatedLLM/epoch_round_tuning_ffa_high_rounds/tuning-ffa-wiz_stratified-tinyllama-heter-e1-r100,logs/epoch_round_tuning_23591_4.out,51,False,slurm stdout,Live partial
ffa,Nonlinear FFA,wiz_stratified,Wizard stratified,tinyllama,TinyLlama,heter,Heter,1,100,0,34,30.13611198924834,epoch_round_tuning_ffa_high_rounds/tuning-ffa-wiz_stratified-tinyllama-heter-e1-r100,/homes/neumann/trieu.vy.tran/FederatedLLM/epoch_round_tuning_ffa_high_rounds/tuning-ffa-wiz_stratified-tinyllama-heter-e1-r100,logs/epoch_round_tuning_23591_4.out,51,False,slurm stdout,Live partial
ffa,Nonlinear FFA,wiz_stratified,Wizard stratified,tinyllama,TinyLlama,heter,Heter,1,100,0,35,30.34692731091034,epoch_round_tuning_ffa_high_rounds/tuning-ffa-wiz_stratified-tinyllama-heter-e1-r100,/homes/neumann/trieu.vy.tran/FederatedLLM/epoch_round_tuning_ffa_high_rounds/tuning-ffa-wiz_stratified-tinyllama-heter-e1-r100,logs/epoch_round_tuning_23591_4.out,51,False,slurm stdout,Live partial
ffa,Nonlinear FFA,wiz_stratified,Wizard stratified,tinyllama,TinyLlama,heter,Heter,1,100,0,36,29.529670074818128,epoch_round_tuning_ffa_high_rounds/tuning-ffa-wiz_stratified-tinyllama-heter-e1-r100,/homes/neumann/trieu.vy.tran/FederatedLLM/epoch_round_tuning_ffa_high_rounds/tuning-ffa-wiz_stratified-tinyllama-heter-e1-r100,logs/epoch_round_tuning_23591_4.out,51,False,slurm stdout,Live partial
ffa,Nonlinear FFA,wiz_stratified,Wizard stratified,tinyllama,TinyLlama,heter,Heter,1,100,0,37,31.801063579887735,epoch_round_tuning_ffa_high_rounds/tuning-ffa-wiz_stratified-tinyllama-heter-e1-r100,/homes/neumann/trieu.vy.tran/FederatedLLM/epoch_round_tuning_ffa_high_rounds/tuning-ffa-wiz_stratified-tinyllama-heter-e1-r100,logs/epoch_round_tuning_23591_4.out,51,False,slurm stdout,Live partial
ffa,Nonlinear FFA,wiz_stratified,Wizard stratified,tinyllama,TinyLlama,heter,Heter,1,100,0,38,28.82858398113857,epoch_round_tuning_ffa_high_rounds/tuning-ffa-wiz_stratified-tinyllama-heter-e1-r100,/homes/neumann/trieu.vy.tran/FederatedLLM/epoch_round_tuning_ffa_high_rounds/tuning-ffa-wiz_stratified-tinyllama-heter-e1-r100,logs/epoch_round_tuning_23591_4.out,51,False,slurm stdout,Live partial
ffa,Nonlinear FFA,wiz_stratified,Wizard stratified,tinyllama,TinyLlama,heter,Heter,1,100,0,39,31.324730633945418,epoch_round_tuning_ffa_high_rounds/tuning-ffa-wiz_stratified-tinyllama-heter-e1-r100,/homes/neumann/trieu.vy.tran/FederatedLLM/epoch_round_tuning_ffa_high_rounds/tuning-ffa-wiz_stratified-tinyllama-heter-e1-r100,logs/epoch_round_tuning_23591_4.out,51,False,slurm stdout,Live partial
ffa,Nonlinear FFA,wiz_stratified,Wizard stratified,tinyllama,TinyLlama,heter,Heter,1,100,0,40,30.64729766350638,epoch_round_tuning_ffa_high_rounds/tuning-ffa-wiz_stratified-tinyllama-heter-e1-r100,/homes/neumann/trieu.vy.tran/FederatedLLM/epoch_round_tuning_ffa_high_rounds/tuning-ffa-wiz_stratified-tinyllama-heter-e1-r100,logs/epoch_round_tuning_23591_4.out,51,False,slurm stdout,Live partial
ffa,Nonlinear FFA,wiz_stratified,Wizard stratified,tinyllama,TinyLlama,heter,Heter,1,100,0,41,30.423439218429554,epoch_round_tuning_ffa_high_rounds/tuning-ffa-wiz_stratified-tinyllama-heter-e1-r100,/homes/neumann/trieu.vy.tran/FederatedLLM/epoch_round_tuning_ffa_high_rounds/tuning-ffa-wiz_stratified-tinyllama-heter-e1-r100,logs/epoch_round_tuning_23591_4.out,51,False,slurm stdout,Live partial
ffa,Nonlinear FFA,wiz_stratified,Wizard stratified,tinyllama,TinyLlama,heter,Heter,1,100,0,42,29.930977746654253,epoch_round_tuning_ffa_high_rounds/tuning-ffa-wiz_stratified-tinyllama-heter-e1-r100,/homes/neumann/trieu.vy.tran/FederatedLLM/epoch_round_tuning_ffa_high_rounds/tuning-ffa-wiz_stratified-tinyllama-heter-e1-r100,logs/epoch_round_tuning_23591_4.out,51,False,slurm stdout,Live partial
ffa,Nonlinear FFA,wiz_stratified,Wizard stratified,tinyllama,TinyLlama,heter,Heter,1,100,0,43,30.303957017900373,epoch_round_tuning_ffa_high_rounds/tuning-ffa-wiz_stratified-tinyllama-heter-e1-r100,/homes/neumann/trieu.vy.tran/FederatedLLM/epoch_round_tuning_ffa_high_rounds/tuning-ffa-wiz_stratified-tinyllama-heter-e1-r100,logs/epoch_round_tuning_23591_4.out,51,False,slurm stdout,Live partial
ffa,Nonlinear FFA,wiz_stratified,Wizard stratified,tinyllama,TinyLlama,heter,Heter,1,100,0,44,29.956347500561524,epoch_round_tuning_ffa_high_rounds/tuning-ffa-wiz_stratified-tinyllama-heter-e1-r100,/homes/neumann/trieu.vy.tran/FederatedLLM/epoch_round_tuning_ffa_high_rounds/tuning-ffa-wiz_stratified-tinyllama-heter-e1-r100,logs/epoch_round_tuning_23591_4.out,51,False,slurm stdout,Live partial
ffa,Nonlinear FFA,wiz_stratified,Wizard stratified,tinyllama,TinyLlama,heter,Heter,1,100,0,45,32.31569277930778,epoch_round_tuning_ffa_high_rounds/tuning-ffa-wiz_stratified-tinyllama-heter-e1-r100,/homes/neumann/trieu.vy.tran/FederatedLLM/epoch_round_tuning_ffa_high_rounds/tuning-ffa-wiz_stratified-tinyllama-heter-e1-r100,logs/epoch_round_tuning_23591_4.out,51,False,slurm stdout,Live partial
ffa,Nonlinear FFA,wiz_stratified,Wizard stratified,tinyllama,TinyLlama,heter,Heter,1,100,0,46,29.86513981189829,epoch_round_tuning_ffa_high_rounds/tuning-ffa-wiz_stratified-tinyllama-heter-e1-r100,/homes/neumann/trieu.vy.tran/FederatedLLM/epoch_round_tuning_ffa_high_rounds/tuning-ffa-wiz_stratified-tinyllama-heter-e1-r100,logs/epoch_round_tuning_23591_4.out,51,False,slurm stdout,Live partial
ffa,Nonlinear FFA,wiz_stratified,Wizard stratified,tinyllama,TinyLlama,heter,Heter,1,100,0,47,30.422012256873433,epoch_round_tuning_ffa_high_rounds/tuning-ffa-wiz_stratified-tinyllama-heter-e1-r100,/homes/neumann/trieu.vy.tran/FederatedLLM/epoch_round_tuning_ffa_high_rounds/tuning-ffa-wiz_stratified-tinyllama-heter-e1-r100,logs/epoch_round_tuning_23591_4.out,51,False,slurm stdout,Live partial
ffa,Nonlinear FFA,wiz_stratified,Wizard stratified,tinyllama,TinyLlama,heter,Heter,1,100,0,48,29.777104404734988,epoch_round_tuning_ffa_high_rounds/tuning-ffa-wiz_stratified-tinyllama-heter-e1-r100,/homes/neumann/trieu.vy.tran/FederatedLLM/epoch_round_tuning_ffa_high_rounds/tuning-ffa-wiz_stratified-tinyllama-heter-e1-r100,logs/epoch_round_tuning_23591_4.out,51,False,slurm stdout,Live partial
ffa,Nonlinear FFA,wiz_stratified,Wizard stratified,tinyllama,TinyLlama,heter,Heter,1,100,0,49,31.36697539479179,epoch_round_tuning_ffa_high_rounds/tuning-ffa-wiz_stratified-tinyllama-heter-e1-r100,/homes/neumann/trieu.vy.tran/FederatedLLM/epoch_round_tuning_ffa_high_rounds/tuning-ffa-wiz_stratified-tinyllama-heter-e1-r100,logs/epoch_round_tuning_23591_4.out,51,False,slurm stdout,Live partial
ffa,Nonlinear FFA,wiz_stratified,Wizard stratified,tinyllama,TinyLlama,heter,Heter,1,100,0,50,31.457137737090296,epoch_round_tuning_ffa_high_rounds/tuning-ffa-wiz_stratified-tinyllama-heter-e1-r100,/homes/neumann/trieu.vy.tran/FederatedLLM/epoch_round_tuning_ffa_high_rounds/tuning-ffa-wiz_stratified-tinyllama-heter-e1-r100,logs/epoch_round_tuning_23591_4.out,51,False,slurm stdout,Live partial
ffa,Nonlinear FFA,wiz_stratified,Wizard stratified,tinyllama,TinyLlama,heter,Heter,1,100,0,51,31.545203057439693,epoch_round_tuning_ffa_high_rounds/tuning-ffa-wiz_stratified-tinyllama-heter-e1-r100,/homes/neumann/trieu.vy.tran/FederatedLLM/epoch_round_tuning_ffa_high_rounds/tuning-ffa-wiz_stratified-tinyllama-heter-e1-r100,logs/epoch_round_tuning_23591_4.out,51,False,slurm stdout,Live partial
ffa,Nonlinear FFA,wiz_stratified,Wizard stratified,tinyllama,TinyLlama,homo,Homo,1,100,0,1,29.354028538040705,epoch_round_tuning_ffa_high_rounds/tuning-ffa-wiz_stratified-tinyllama-homo-e1-r100,/homes/neumann/trieu.vy.tran/FederatedLLM/epoch_round_tuning_ffa_high_rounds/tuning-ffa-wiz_stratified-tinyllama-homo-e1-r100,logs/epoch_round_tuning_23591_2.out,52,False,slurm stdout,Live partial
ffa,Nonlinear FFA,wiz_stratified,Wizard stratified,tinyllama,TinyLlama,homo,Homo,1,100,0,2,30.75495520300447,epoch_round_tuning_ffa_high_rounds/tuning-ffa-wiz_stratified-tinyllama-homo-e1-r100,/homes/neumann/trieu.vy.tran/FederatedLLM/epoch_round_tuning_ffa_high_rounds/tuning-ffa-wiz_stratified-tinyllama-homo-e1-r100,logs/epoch_round_tuning_23591_2.out,52,False,slurm stdout,Live partial
ffa,Nonlinear FFA,wiz_stratified,Wizard stratified,tinyllama,TinyLlama,homo,Homo,1,100,0,3,31.87419702803692,epoch_round_tuning_ffa_high_rounds/tuning-ffa-wiz_stratified-tinyllama-homo-e1-r100,/homes/neumann/trieu.vy.tran/FederatedLLM/epoch_round_tuning_ffa_high_rounds/tuning-ffa-wiz_stratified-tinyllama-homo-e1-r100,logs/epoch_round_tuning_23591_2.out,52,False,slurm stdout,Live partial
ffa,Nonlinear FFA,wiz_stratified,Wizard stratified,tinyllama,TinyLlama,homo,Homo,1,100,0,4,30.596323594546952,epoch_round_tuning_ffa_high_rounds/tuning-ffa-wiz_stratified-tinyllama-homo-e1-r100,/homes/neumann/trieu.vy.tran/FederatedLLM/epoch_round_tuning_ffa_high_rounds/tuning-ffa-wiz_stratified-tinyllama-homo-e1-r100,logs/epoch_round_tuning_23591_2.out,52,False,slurm stdout,Live partial
ffa,Nonlinear FFA,wiz_stratified,Wizard stratified,tinyllama,TinyLlama,homo,Homo,1,100,0,5,31.110167534749582,epoch_round_tuning_ffa_high_rounds/tuning-ffa-wiz_stratified-tinyllama-homo-e1-r100,/homes/neumann/trieu.vy.tran/FederatedLLM/epoch_round_tuning_ffa_high_rounds/tuning-ffa-wiz_stratified-tinyllama-homo-e1-r100,logs/epoch_round_tuning_23591_2.out,52,False,slurm stdout,Live partial
ffa,Nonlinear FFA,wiz_stratified,Wizard stratified,tinyllama,TinyLlama,homo,Homo,1,100,0,6,31.73990735077593,epoch_round_tuning_ffa_high_rounds/tuning-ffa-wiz_stratified-tinyllama-homo-e1-r100,/homes/neumann/trieu.vy.tran/FederatedLLM/epoch_round_tuning_ffa_high_rounds/tuning-ffa-wiz_stratified-tinyllama-homo-e1-r100,logs/epoch_round_tuning_23591_2.out,52,False,slurm stdout,Live partial
ffa,Nonlinear FFA,wiz_stratified,Wizard stratified,tinyllama,TinyLlama,homo,Homo,1,100,0,7,30.01510781145956,epoch_round_tuning_ffa_high_rounds/tuning-ffa-wiz_stratified-tinyllama-homo-e1-r100,/homes/neumann/trieu.vy.tran/FederatedLLM/epoch_round_tuning_ffa_high_rounds/tuning-ffa-wiz_stratified-tinyllama-homo-e1-r100,logs/epoch_round_tuning_23591_2.out,52,False,slurm stdout,Live partial
ffa,Nonlinear FFA,wiz_stratified,Wizard stratified,tinyllama,TinyLlama,homo,Homo,1,100,0,8,30.01127194572537,epoch_round_tuning_ffa_high_rounds/tuning-ffa-wiz_stratified-tinyllama-homo-e1-r100,/homes/neumann/trieu.vy.tran/FederatedLLM/epoch_round_tuning_ffa_high_rounds/tuning-ffa-wiz_stratified-tinyllama-homo-e1-r100,logs/epoch_round_tuning_23591_2.out,52,False,slurm stdout,Live partial
ffa,Nonlinear FFA,wiz_stratified,Wizard stratified,tinyllama,TinyLlama,homo,Homo,1,100,0,9,27.597439573137926,epoch_round_tuning_ffa_high_rounds/tuning-ffa-wiz_stratified-tinyllama-homo-e1-r100,/homes/neumann/trieu.vy.tran/FederatedLLM/epoch_round_tuning_ffa_high_rounds/tuning-ffa-wiz_stratified-tinyllama-homo-e1-r100,logs/epoch_round_tuning_23591_2.out,52,False,slurm stdout,Live partial
ffa,Nonlinear FFA,wiz_stratified,Wizard stratified,tinyllama,TinyLlama,homo,Homo,1,100,0,10,30.586801968835157,epoch_round_tuning_ffa_high_rounds/tuning-ffa-wiz_stratified-tinyllama-homo-e1-r100,/homes/neumann/trieu.vy.tran/FederatedLLM/epoch_round_tuning_ffa_high_rounds/tuning-ffa-wiz_stratified-tinyllama-homo-e1-r100,logs/epoch_round_tuning_23591_2.out,52,False,slurm stdout,Live partial
ffa,Nonlinear FFA,wiz_stratified,Wizard stratified,tinyllama,TinyLlama,homo,Homo,1,100,0,11,29.53543679082844,epoch_round_tuning_ffa_high_rounds/tuning-ffa-wiz_stratified-tinyllama-homo-e1-r100,/homes/neumann/trieu.vy.tran/FederatedLLM/epoch_round_tuning_ffa_high_rounds/tuning-ffa-wiz_stratified-tinyllama-homo-e1-r100,logs/epoch_round_tuning_23591_2.out,52,False,slurm stdout,Live partial
ffa,Nonlinear FFA,wiz_stratified,Wizard stratified,tinyllama,TinyLlama,homo,Homo,1,100,0,12,29.094625799849887,epoch_round_tuning_ffa_high_rounds/tuning-ffa-wiz_stratified-tinyllama-homo-e1-r100,/homes/neumann/trieu.vy.tran/FederatedLLM/epoch_round_tuning_ffa_high_rounds/tuning-ffa-wiz_stratified-tinyllama-homo-e1-r100,logs/epoch_round_tuning_23591_2.out,52,False,slurm stdout,Live partial
ffa,Nonlinear FFA,wiz_stratified,Wizard stratified,tinyllama,TinyLlama,homo,Homo,1,100,0,13,31.165610201481712,epoch_round_tuning_ffa_high_rounds/tuning-ffa-wiz_stratified-tinyllama-homo-e1-r100,/homes/neumann/trieu.vy.tran/FederatedLLM/epoch_round_tuning_ffa_high_rounds/tuning-ffa-wiz_stratified-tinyllama-homo-e1-r100,logs/epoch_round_tuning_23591_2.out,52,False,slurm stdout,Live partial
ffa,Nonlinear FFA,wiz_stratified,Wizard stratified,tinyllama,TinyLlama,homo,Homo,1,100,0,14,28.419204739390686,epoch_round_tuning_ffa_high_rounds/tuning-ffa-wiz_stratified-tinyllama-homo-e1-r100,/homes/neumann/trieu.vy.tran/FederatedLLM/epoch_round_tuning_ffa_high_rounds/tuning-ffa-wiz_stratified-tinyllama-homo-e1-r100,logs/epoch_round_tuning_23591_2.out,52,False,slurm stdout,Live partial
ffa,Nonlinear FFA,wiz_stratified,Wizard stratified,tinyllama,TinyLlama,homo,Homo,1,100,0,15,30.46609872719005,epoch_round_tuning_ffa_high_rounds/tuning-ffa-wiz_stratified-tinyllama-homo-e1-r100,/homes/neumann/trieu.vy.tran/FederatedLLM/epoch_round_tuning_ffa_high_rounds/tuning-ffa-wiz_stratified-tinyllama-homo-e1-r100,logs/epoch_round_tuning_23591_2.out,52,False,slurm stdout,Live partial
ffa,Nonlinear FFA,wiz_stratified,Wizard stratified,tinyllama,TinyLlama,homo,Homo,1,100,0,16,28.449900183983946,epoch_round_tuning_ffa_high_rounds/tuning-ffa-wiz_stratified-tinyllama-homo-e1-r100,/homes/neumann/trieu.vy.tran/FederatedLLM/epoch_round_tuning_ffa_high_rounds/tuning-ffa-wiz_stratified-tinyllama-homo-e1-r100,logs/epoch_round_tuning_23591_2.out,52,False,slurm stdout,Live partial
ffa,Nonlinear FFA,wiz_stratified,Wizard stratified,tinyllama,TinyLlama,homo,Homo,1,100,0,17,28.52460315509208,epoch_round_tuning_ffa_high_rounds/tuning-ffa-wiz_stratified-tinyllama-homo-e1-r100,/homes/neumann/trieu.vy.tran/FederatedLLM/epoch_round_tuning_ffa_high_rounds/tuning-ffa-wiz_stratified-tinyllama-homo-e1-r100,logs/epoch_round_tuning_23591_2.out,52,False,slurm stdout,Live partial
ffa,Nonlinear FFA,wiz_stratified,Wizard stratified,tinyllama,TinyLlama,homo,Homo,1,100,0,18,28.598329789520555,epoch_round_tuning_ffa_high_rounds/tuning-ffa-wiz_stratified-tinyllama-homo-e1-r100,/homes/neumann/trieu.vy.tran/FederatedLLM/epoch_round_tuning_ffa_high_rounds/tuning-ffa-wiz_stratified-tinyllama-homo-e1-r100,logs/epoch_round_tuning_23591_2.out,52,False,slurm stdout,Live partial
ffa,Nonlinear FFA,wiz_stratified,Wizard stratified,tinyllama,TinyLlama,homo,Homo,1,100,0,19,29.084067524690283,epoch_round_tuning_ffa_high_rounds/tuning-ffa-wiz_stratified-tinyllama-homo-e1-r100,/homes/neumann/trieu.vy.tran/FederatedLLM/epoch_round_tuning_ffa_high_rounds/tuning-ffa-wiz_stratified-tinyllama-homo-e1-r100,logs/epoch_round_tuning_23591_2.out,52,False,slurm stdout,Live partial
ffa,Nonlinear FFA,wiz_stratified,Wizard stratified,tinyllama,TinyLlama,homo,Homo,1,100,0,20,28.411112912974357,epoch_round_tuning_ffa_high_rounds/tuning-ffa-wiz_stratified-tinyllama-homo-e1-r100,/homes/neumann/trieu.vy.tran/FederatedLLM/epoch_round_tuning_ffa_high_rounds/tuning-ffa-wiz_stratified-tinyllama-homo-e1-r100,logs/epoch_round_tuning_23591_2.out,52,False,slurm stdout,Live partial
ffa,Nonlinear FFA,wiz_stratified,Wizard stratified,tinyllama,TinyLlama,homo,Homo,1,100,0,21,28.032404400668927,epoch_round_tuning_ffa_high_rounds/tuning-ffa-wiz_stratified-tinyllama-homo-e1-r100,/homes/neumann/trieu.vy.tran/FederatedLLM/epoch_round_tuning_ffa_high_rounds/tuning-ffa-wiz_stratified-tinyllama-homo-e1-r100,logs/epoch_round_tuning_23591_2.out,52,False,slurm stdout,Live partial
ffa,Nonlinear FFA,wiz_stratified,Wizard stratified,tinyllama,TinyLlama,homo,Homo,1,100,0,22,28.307033145659368,epoch_round_tuning_ffa_high_rounds/tuning-ffa-wiz_stratified-tinyllama-homo-e1-r100,/homes/neumann/trieu.vy.tran/FederatedLLM/epoch_round_tuning_ffa_high_rounds/tuning-ffa-wiz_stratified-tinyllama-homo-e1-r100,logs/epoch_round_tuning_23591_2.out,52,False,slurm stdout,Live partial
ffa,Nonlinear FFA,wiz_stratified,Wizard stratified,tinyllama,TinyLlama,homo,Homo,1,100,0,23,28.38047274654403,epoch_round_tuning_ffa_high_rounds/tuning-ffa-wiz_stratified-tinyllama-homo-e1-r100,/homes/neumann/trieu.vy.tran/FederatedLLM/epoch_round_tuning_ffa_high_rounds/tuning-ffa-wiz_stratified-tinyllama-homo-e1-r100,logs/epoch_round_tuning_23591_2.out,52,False,slurm stdout,Live partial
ffa,Nonlinear FFA,wiz_stratified,Wizard stratified,tinyllama,TinyLlama,homo,Homo,1,100,0,24,28.04204161675709,epoch_round_tuning_ffa_high_rounds/tuning-ffa-wiz_stratified-tinyllama-homo-e1-r100,/homes/neumann/trieu.vy.tran/FederatedLLM/epoch_round_tuning_ffa_high_rounds/tuning-ffa-wiz_stratified-tinyllama-homo-e1-r100,logs/epoch_round_tuning_23591_2.out,52,False,slurm stdout,Live partial
ffa,Nonlinear FFA,wiz_stratified,Wizard stratified,tinyllama,TinyLlama,homo,Homo,1,100,0,25,28.108404933712926,epoch_round_tuning_ffa_high_rounds/tuning-ffa-wiz_stratified-tinyllama-homo-e1-r100,/homes/neumann/trieu.vy.tran/FederatedLLM/epoch_round_tuning_ffa_high_rounds/tuning-ffa-wiz_stratified-tinyllama-homo-e1-r100,logs/epoch_round_tuning_23591_2.out,52,False,slurm stdout,Live partial
ffa,Nonlinear FFA,wiz_stratified,Wizard stratified,tinyllama,TinyLlama,homo,Homo,1,100,0,26,28.05914588143369,epoch_round_tuning_ffa_high_rounds/tuning-ffa-wiz_stratified-tinyllama-homo-e1-r100,/homes/neumann/trieu.vy.tran/FederatedLLM/epoch_round_tuning_ffa_high_rounds/tuning-ffa-wiz_stratified-tinyllama-homo-e1-r100,logs/epoch_round_tuning_23591_2.out,52,False,slurm stdout,Live partial
ffa,Nonlinear FFA,wiz_stratified,Wizard stratified,tinyllama,TinyLlama,homo,Homo,1,100,0,27,29.844850800347665,epoch_round_tuning_ffa_high_rounds/tuning-ffa-wiz_stratified-tinyllama-homo-e1-r100,/homes/neumann/trieu.vy.tran/FederatedLLM/epoch_round_tuning_ffa_high_rounds/tuning-ffa-wiz_stratified-tinyllama-homo-e1-r100,logs/epoch_round_tuning_23591_2.out,52,False,slurm stdout,Live partial
ffa,Nonlinear FFA,wiz_stratified,Wizard stratified,tinyllama,TinyLlama,homo,Homo,1,100,0,28,28.23587632567796,epoch_round_tuning_ffa_high_rounds/tuning-ffa-wiz_stratified-tinyllama-homo-e1-r100,/homes/neumann/trieu.vy.tran/FederatedLLM/epoch_round_tuning_ffa_high_rounds/tuning-ffa-wiz_stratified-tinyllama-homo-e1-r100,logs/epoch_round_tuning_23591_2.out,52,False,slurm stdout,Live partial
ffa,Nonlinear FFA,wiz_stratified,Wizard stratified,tinyllama,TinyLlama,homo,Homo,1,100,0,29,28.747862272219958,epoch_round_tuning_ffa_high_rounds/tuning-ffa-wiz_stratified-tinyllama-homo-e1-r100,/homes/neumann/trieu.vy.tran/FederatedLLM/epoch_round_tuning_ffa_high_rounds/tuning-ffa-wiz_stratified-tinyllama-homo-e1-r100,logs/epoch_round_tuning_23591_2.out,52,False,slurm stdout,Live partial
ffa,Nonlinear FFA,wiz_stratified,Wizard stratified,tinyllama,TinyLlama,homo,Homo,1,100,0,30,27.594115573396707,epoch_round_tuning_ffa_high_rounds/tuning-ffa-wiz_stratified-tinyllama-homo-e1-r100,/homes/neumann/trieu.vy.tran/FederatedLLM/epoch_round_tuning_ffa_high_rounds/tuning-ffa-wiz_stratified-tinyllama-homo-e1-r100,logs/epoch_round_tuning_23591_2.out,52,False,slurm stdout,Live partial
ffa,Nonlinear FFA,wiz_stratified,Wizard stratified,tinyllama,TinyLlama,homo,Homo,1,100,0,31,27.458445836419948,epoch_round_tuning_ffa_high_rounds/tuning-ffa-wiz_stratified-tinyllama-homo-e1-r100,/homes/neumann/trieu.vy.tran/FederatedLLM/epoch_round_tuning_ffa_high_rounds/tuning-ffa-wiz_stratified-tinyllama-homo-e1-r100,logs/epoch_round_tuning_23591_2.out,52,False,slurm stdout,Live partial
ffa,Nonlinear FFA,wiz_stratified,Wizard stratified,tinyllama,TinyLlama,homo,Homo,1,100,0,32,26.86005114469006,epoch_round_tuning_ffa_high_rounds/tuning-ffa-wiz_stratified-tinyllama-homo-e1-r100,/homes/neumann/trieu.vy.tran/FederatedLLM/epoch_round_tuning_ffa_high_rounds/tuning-ffa-wiz_stratified-tinyllama-homo-e1-r100,logs/epoch_round_tuning_23591_2.out,52,False,slurm stdout,Live partial
ffa,Nonlinear FFA,wiz_stratified,Wizard stratified,tinyllama,TinyLlama,homo,Homo,1,100,0,33,28.471843452094443,epoch_round_tuning_ffa_high_rounds/tuning-ffa-wiz_stratified-tinyllama-homo-e1-r100,/homes/neumann/trieu.vy.tran/FederatedLLM/epoch_round_tuning_ffa_high_rounds/tuning-ffa-wiz_stratified-tinyllama-homo-e1-r100,logs/epoch_round_tuning_23591_2.out,52,False,slurm stdout,Live partial
ffa,Nonlinear FFA,wiz_stratified,Wizard stratified,tinyllama,TinyLlama,homo,Homo,1,100,0,34,27.210347417388554,epoch_round_tuning_ffa_high_rounds/tuning-ffa-wiz_stratified-tinyllama-homo-e1-r100,/homes/neumann/trieu.vy.tran/FederatedLLM/epoch_round_tuning_ffa_high_rounds/tuning-ffa-wiz_stratified-tinyllama-homo-e1-r100,logs/epoch_round_tuning_23591_2.out,52,False,slurm stdout,Live partial
ffa,Nonlinear FFA,wiz_stratified,Wizard stratified,tinyllama,TinyLlama,homo,Homo,1,100,0,35,28.068301175747003,epoch_round_tuning_ffa_high_rounds/tuning-ffa-wiz_stratified-tinyllama-homo-e1-r100,/homes/neumann/trieu.vy.tran/FederatedLLM/epoch_round_tuning_ffa_high_rounds/tuning-ffa-wiz_stratified-tinyllama-homo-e1-r100,logs/epoch_round_tuning_23591_2.out,52,False,slurm stdout,Live partial
ffa,Nonlinear FFA,wiz_stratified,Wizard stratified,tinyllama,TinyLlama,homo,Homo,1,100,0,36,29.596537891834224,epoch_round_tuning_ffa_high_rounds/tuning-ffa-wiz_stratified-tinyllama-homo-e1-r100,/homes/neumann/trieu.vy.tran/FederatedLLM/epoch_round_tuning_ffa_high_rounds/tuning-ffa-wiz_stratified-tinyllama-homo-e1-r100,logs/epoch_round_tuning_23591_2.out,52,False,slurm stdout,Live partial
ffa,Nonlinear FFA,wiz_stratified,Wizard stratified,tinyllama,TinyLlama,homo,Homo,1,100,0,37,27.775549292736752,epoch_round_tuning_ffa_high_rounds/tuning-ffa-wiz_stratified-tinyllama-homo-e1-r100,/homes/neumann/trieu.vy.tran/FederatedLLM/epoch_round_tuning_ffa_high_rounds/tuning-ffa-wiz_stratified-tinyllama-homo-e1-r100,logs/epoch_round_tuning_23591_2.out,52,False,slurm stdout,Live partial
ffa,Nonlinear FFA,wiz_stratified,Wizard stratified,tinyllama,TinyLlama,homo,Homo,1,100,0,38,26.85691081010646,epoch_round_tuning_ffa_high_rounds/tuning-ffa-wiz_stratified-tinyllama-homo-e1-r100,/homes/neumann/trieu.vy.tran/FederatedLLM/epoch_round_tuning_ffa_high_rounds/tuning-ffa-wiz_stratified-tinyllama-homo-e1-r100,logs/epoch_round_tuning_23591_2.out,52,False,slurm stdout,Live partial
ffa,Nonlinear FFA,wiz_stratified,Wizard stratified,tinyllama,TinyLlama,homo,Homo,1,100,0,39,30.27140070690692,epoch_round_tuning_ffa_high_rounds/tuning-ffa-wiz_stratified-tinyllama-homo-e1-r100,/homes/neumann/trieu.vy.tran/FederatedLLM/epoch_round_tuning_ffa_high_rounds/tuning-ffa-wiz_stratified-tinyllama-homo-e1-r100,logs/epoch_round_tuning_23591_2.out,52,False,slurm stdout,Live partial
ffa,Nonlinear FFA,wiz_stratified,Wizard stratified,tinyllama,TinyLlama,homo,Homo,1,100,0,40,27.94383483657368,epoch_round_tuning_ffa_high_rounds/tuning-ffa-wiz_stratified-tinyllama-homo-e1-r100,/homes/neumann/trieu.vy.tran/FederatedLLM/epoch_round_tuning_ffa_high_rounds/tuning-ffa-wiz_stratified-tinyllama-homo-e1-r100,logs/epoch_round_tuning_23591_2.out,52,False,slurm stdout,Live partial
ffa,Nonlinear FFA,wiz_stratified,Wizard stratified,tinyllama,TinyLlama,homo,Homo,1,100,0,41,29.285247856655822,epoch_round_tuning_ffa_high_rounds/tuning-ffa-wiz_stratified-tinyllama-homo-e1-r100,/homes/neumann/trieu.vy.tran/FederatedLLM/epoch_round_tuning_ffa_high_rounds/tuning-ffa-wiz_stratified-tinyllama-homo-e1-r100,logs/epoch_round_tuning_23591_2.out,52,False,slurm stdout,Live partial
ffa,Nonlinear FFA,wiz_stratified,Wizard stratified,tinyllama,TinyLlama,homo,Homo,1,100,0,42,28.387643375658012,epoch_round_tuning_ffa_high_rounds/tuning-ffa-wiz_stratified-tinyllama-homo-e1-r100,/homes/neumann/trieu.vy.tran/FederatedLLM/epoch_round_tuning_ffa_high_rounds/tuning-ffa-wiz_stratified-tinyllama-homo-e1-r100,logs/epoch_round_tuning_23591_2.out,52,False,slurm stdout,Live partial
ffa,Nonlinear FFA,wiz_stratified,Wizard stratified,tinyllama,TinyLlama,homo,Homo,1,100,0,43,29.184599289709535,epoch_round_tuning_ffa_high_rounds/tuning-ffa-wiz_stratified-tinyllama-homo-e1-r100,/homes/neumann/trieu.vy.tran/FederatedLLM/epoch_round_tuning_ffa_high_rounds/tuning-ffa-wiz_stratified-tinyllama-homo-e1-r100,logs/epoch_round_tuning_23591_2.out,52,False,slurm stdout,Live partial
ffa,Nonlinear FFA,wiz_stratified,Wizard stratified,tinyllama,TinyLlama,homo,Homo,1,100,0,44,28.505132140858368,epoch_round_tuning_ffa_high_rounds/tuning-ffa-wiz_stratified-tinyllama-homo-e1-r100,/homes/neumann/trieu.vy.tran/FederatedLLM/epoch_round_tuning_ffa_high_rounds/tuning-ffa-wiz_stratified-tinyllama-homo-e1-r100,logs/epoch_round_tuning_23591_2.out,52,False,slurm stdout,Live partial
ffa,Nonlinear FFA,wiz_stratified,Wizard stratified,tinyllama,TinyLlama,homo,Homo,1,100,0,45,28.8583207529132,epoch_round_tuning_ffa_high_rounds/tuning-ffa-wiz_stratified-tinyllama-homo-e1-r100,/homes/neumann/trieu.vy.tran/FederatedLLM/epoch_round_tuning_ffa_high_rounds/tuning-ffa-wiz_stratified-tinyllama-homo-e1-r100,logs/epoch_round_tuning_23591_2.out,52,False,slurm stdout,Live partial
ffa,Nonlinear FFA,wiz_stratified,Wizard stratified,tinyllama,TinyLlama,homo,Homo,1,100,0,46,28.161209526906898,epoch_round_tuning_ffa_high_rounds/tuning-ffa-wiz_stratified-tinyllama-homo-e1-r100,/homes/neumann/trieu.vy.tran/FederatedLLM/epoch_round_tuning_ffa_high_rounds/tuning-ffa-wiz_stratified-tinyllama-homo-e1-r100,logs/epoch_round_tuning_23591_2.out,52,False,slurm stdout,Live partial
ffa,Nonlinear FFA,wiz_stratified,Wizard stratified,tinyllama,TinyLlama,homo,Homo,1,100,0,47,29.845290977768723,epoch_round_tuning_ffa_high_rounds/tuning-ffa-wiz_stratified-tinyllama-homo-e1-r100,/homes/neumann/trieu.vy.tran/FederatedLLM/epoch_round_tuning_ffa_high_rounds/tuning-ffa-wiz_stratified-tinyllama-homo-e1-r100,logs/epoch_round_tuning_23591_2.out,52,False,slurm stdout,Live partial
ffa,Nonlinear FFA,wiz_stratified,Wizard stratified,tinyllama,TinyLlama,homo,Homo,1,100,0,48,27.954088527462506,epoch_round_tuning_ffa_high_rounds/tuning-ffa-wiz_stratified-tinyllama-homo-e1-r100,/homes/neumann/trieu.vy.tran/FederatedLLM/epoch_round_tuning_ffa_high_rounds/tuning-ffa-wiz_stratified-tinyllama-homo-e1-r100,logs/epoch_round_tuning_23591_2.out,52,False,slurm stdout,Live partial
ffa,Nonlinear FFA,wiz_stratified,Wizard stratified,tinyllama,TinyLlama,homo,Homo,1,100,0,49,29.057867808433123,epoch_round_tuning_ffa_high_rounds/tuning-ffa-wiz_stratified-tinyllama-homo-e1-r100,/homes/neumann/trieu.vy.tran/FederatedLLM/epoch_round_tuning_ffa_high_rounds/tuning-ffa-wiz_stratified-tinyllama-homo-e1-r100,logs/epoch_round_tuning_23591_2.out,52,False,slurm stdout,Live partial
ffa,Nonlinear FFA,wiz_stratified,Wizard stratified,tinyllama,TinyLlama,homo,Homo,1,100,0,50,28.547786223947032,epoch_round_tuning_ffa_high_rounds/tuning-ffa-wiz_stratified-tinyllama-homo-e1-r100,/homes/neumann/trieu.vy.tran/FederatedLLM/epoch_round_tuning_ffa_high_rounds/tuning-ffa-wiz_stratified-tinyllama-homo-e1-r100,logs/epoch_round_tuning_23591_2.out,52,False,slurm stdout,Live partial
ffa,Nonlinear FFA,wiz_stratified,Wizard stratified,tinyllama,TinyLlama,homo,Homo,1,100,0,51,28.68841889907168,epoch_round_tuning_ffa_high_rounds/tuning-ffa-wiz_stratified-tinyllama-homo-e1-r100,/homes/neumann/trieu.vy.tran/FederatedLLM/epoch_round_tuning_ffa_high_rounds/tuning-ffa-wiz_stratified-tinyllama-homo-e1-r100,logs/epoch_round_tuning_23591_2.out,52,False,slurm stdout,Live partial
ffa,Nonlinear FFA,wiz_stratified,Wizard stratified,tinyllama,TinyLlama,homo,Homo,1,100,0,52,28.96367117791985,epoch_round_tuning_ffa_high_rounds/tuning-ffa-wiz_stratified-tinyllama-homo-e1-r100,/homes/neumann/trieu.vy.tran/FederatedLLM/epoch_round_tuning_ffa_high_rounds/tuning-ffa-wiz_stratified-tinyllama-homo-e1-r100,logs/epoch_round_tuning_23591_2.out,52,False,slurm stdout,Live partial
