Manifest row,Method key,Method,Dataset,Dataset label,Model key,Model,Setting key,Setting,Local epochs,Config rounds,Seed,Client count,Client count label,Run dir,Score path,Stdout path,Observed rounds,Complete run,Result source,Run status,Committed rounds,Latest segment,Round,Round id,Segment,Accuracy,Accuracy source,Segment artifact path
4,flora,Linear FLoRA,dolly_stratified,Dolly stratified,tinyllama,TinyLlama,heter,Heter,3,50,0,3,3,epoch_round_tuning_instruction_client_count_e3r50_segmented/tuning-flora-dolly_stratified-tinyllama-heter-e3-r50,epoch_round_tuning_instruction_client_count_e3r50_segmented/tuning-flora-dolly_stratified-tinyllama-heter-e3-r50/seed0/3log.txt,logs/tiny_instr_e3r50seg_s002_r04_37681_4.out,20,False,round config,Committed partial,20,2,1,0,1,30.696693661343176,round_config,epoch_round_tuning_instruction_client_count_e3r50_segmented/tuning-flora-dolly_stratified-tinyllama-heter-e3-r50/seed0/3/0/round_config.json
4,flora,Linear FLoRA,dolly_stratified,Dolly stratified,tinyllama,TinyLlama,heter,Heter,3,50,0,3,3,epoch_round_tuning_instruction_client_count_e3r50_segmented/tuning-flora-dolly_stratified-tinyllama-heter-e3-r50,epoch_round_tuning_instruction_client_count_e3r50_segmented/tuning-flora-dolly_stratified-tinyllama-heter-e3-r50/seed0/3log.txt,logs/tiny_instr_e3r50seg_s002_r04_37681_4.out,20,False,round config,Committed partial,20,2,2,1,1,27.837748188354933,round_config,epoch_round_tuning_instruction_client_count_e3r50_segmented/tuning-flora-dolly_stratified-tinyllama-heter-e3-r50/seed0/3/1/round_config.json
4,flora,Linear FLoRA,dolly_stratified,Dolly stratified,tinyllama,TinyLlama,heter,Heter,3,50,0,3,3,epoch_round_tuning_instruction_client_count_e3r50_segmented/tuning-flora-dolly_stratified-tinyllama-heter-e3-r50,epoch_round_tuning_instruction_client_count_e3r50_segmented/tuning-flora-dolly_stratified-tinyllama-heter-e3-r50/seed0/3log.txt,logs/tiny_instr_e3r50seg_s002_r04_37681_4.out,20,False,round config,Committed partial,20,2,3,2,1,27.57769276502222,round_config,epoch_round_tuning_instruction_client_count_e3r50_segmented/tuning-flora-dolly_stratified-tinyllama-heter-e3-r50/seed0/3/2/round_config.json
4,flora,Linear FLoRA,dolly_stratified,Dolly stratified,tinyllama,TinyLlama,heter,Heter,3,50,0,3,3,epoch_round_tuning_instruction_client_count_e3r50_segmented/tuning-flora-dolly_stratified-tinyllama-heter-e3-r50,epoch_round_tuning_instruction_client_count_e3r50_segmented/tuning-flora-dolly_stratified-tinyllama-heter-e3-r50/seed0/3log.txt,logs/tiny_instr_e3r50seg_s002_r04_37681_4.out,20,False,round config,Committed partial,20,2,4,3,1,28.54191140034274,round_config,epoch_round_tuning_instruction_client_count_e3r50_segmented/tuning-flora-dolly_stratified-tinyllama-heter-e3-r50/seed0/3/3/round_config.json
4,flora,Linear FLoRA,dolly_stratified,Dolly stratified,tinyllama,TinyLlama,heter,Heter,3,50,0,3,3,epoch_round_tuning_instruction_client_count_e3r50_segmented/tuning-flora-dolly_stratified-tinyllama-heter-e3-r50,epoch_round_tuning_instruction_client_count_e3r50_segmented/tuning-flora-dolly_stratified-tinyllama-heter-e3-r50/seed0/3log.txt,logs/tiny_instr_e3r50seg_s002_r04_37681_4.out,20,False,round config,Committed partial,20,2,5,4,1,28.01441475065647,round_config,epoch_round_tuning_instruction_client_count_e3r50_segmented/tuning-flora-dolly_stratified-tinyllama-heter-e3-r50/seed0/3/4/round_config.json
4,flora,Linear FLoRA,dolly_stratified,Dolly stratified,tinyllama,TinyLlama,heter,Heter,3,50,0,3,3,epoch_round_tuning_instruction_client_count_e3r50_segmented/tuning-flora-dolly_stratified-tinyllama-heter-e3-r50,epoch_round_tuning_instruction_client_count_e3r50_segmented/tuning-flora-dolly_stratified-tinyllama-heter-e3-r50/seed0/3log.txt,logs/tiny_instr_e3r50seg_s002_r04_37681_4.out,20,False,round config,Committed partial,20,2,6,5,1,28.051878247240076,round_config,epoch_round_tuning_instruction_client_count_e3r50_segmented/tuning-flora-dolly_stratified-tinyllama-heter-e3-r50/seed0/3/5/round_config.json
4,flora,Linear FLoRA,dolly_stratified,Dolly stratified,tinyllama,TinyLlama,heter,Heter,3,50,0,3,3,epoch_round_tuning_instruction_client_count_e3r50_segmented/tuning-flora-dolly_stratified-tinyllama-heter-e3-r50,epoch_round_tuning_instruction_client_count_e3r50_segmented/tuning-flora-dolly_stratified-tinyllama-heter-e3-r50/seed0/3log.txt,logs/tiny_instr_e3r50seg_s002_r04_37681_4.out,20,False,round config,Committed partial,20,2,7,6,1,26.81819135480034,round_config,epoch_round_tuning_instruction_client_count_e3r50_segmented/tuning-flora-dolly_stratified-tinyllama-heter-e3-r50/seed0/3/6/round_config.json
4,flora,Linear FLoRA,dolly_stratified,Dolly stratified,tinyllama,TinyLlama,heter,Heter,3,50,0,3,3,epoch_round_tuning_instruction_client_count_e3r50_segmented/tuning-flora-dolly_stratified-tinyllama-heter-e3-r50,epoch_round_tuning_instruction_client_count_e3r50_segmented/tuning-flora-dolly_stratified-tinyllama-heter-e3-r50/seed0/3log.txt,logs/tiny_instr_e3r50seg_s002_r04_37681_4.out,20,False,round config,Committed partial,20,2,8,7,1,26.945647984860184,round_config,epoch_round_tuning_instruction_client_count_e3r50_segmented/tuning-flora-dolly_stratified-tinyllama-heter-e3-r50/seed0/3/7/round_config.json
4,flora,Linear FLoRA,dolly_stratified,Dolly stratified,tinyllama,TinyLlama,heter,Heter,3,50,0,3,3,epoch_round_tuning_instruction_client_count_e3r50_segmented/tuning-flora-dolly_stratified-tinyllama-heter-e3-r50,epoch_round_tuning_instruction_client_count_e3r50_segmented/tuning-flora-dolly_stratified-tinyllama-heter-e3-r50/seed0/3log.txt,logs/tiny_instr_e3r50seg_s002_r04_37681_4.out,20,False,round config,Committed partial,20,2,9,8,1,26.58571374413953,round_config,epoch_round_tuning_instruction_client_count_e3r50_segmented/tuning-flora-dolly_stratified-tinyllama-heter-e3-r50/seed0/3/8/round_config.json
4,flora,Linear FLoRA,dolly_stratified,Dolly stratified,tinyllama,TinyLlama,heter,Heter,3,50,0,3,3,epoch_round_tuning_instruction_client_count_e3r50_segmented/tuning-flora-dolly_stratified-tinyllama-heter-e3-r50,epoch_round_tuning_instruction_client_count_e3r50_segmented/tuning-flora-dolly_stratified-tinyllama-heter-e3-r50/seed0/3log.txt,logs/tiny_instr_e3r50seg_s002_r04_37681_4.out,20,False,round config,Committed partial,20,2,10,9,1,26.32049758332961,round_config,epoch_round_tuning_instruction_client_count_e3r50_segmented/tuning-flora-dolly_stratified-tinyllama-heter-e3-r50/seed0/3/9/round_config.json
4,flora,Linear FLoRA,dolly_stratified,Dolly stratified,tinyllama,TinyLlama,heter,Heter,3,50,0,3,3,epoch_round_tuning_instruction_client_count_e3r50_segmented/tuning-flora-dolly_stratified-tinyllama-heter-e3-r50,epoch_round_tuning_instruction_client_count_e3r50_segmented/tuning-flora-dolly_stratified-tinyllama-heter-e3-r50/seed0/3log.txt,logs/tiny_instr_e3r50seg_s002_r04_37681_4.out,20,False,round config,Committed partial,20,2,11,10,2,27.60447307648964,round_config,epoch_round_tuning_instruction_client_count_e3r50_segmented/tuning-flora-dolly_stratified-tinyllama-heter-e3-r50/seed0/3/10/round_config.json
4,flora,Linear FLoRA,dolly_stratified,Dolly stratified,tinyllama,TinyLlama,heter,Heter,3,50,0,3,3,epoch_round_tuning_instruction_client_count_e3r50_segmented/tuning-flora-dolly_stratified-tinyllama-heter-e3-r50,epoch_round_tuning_instruction_client_count_e3r50_segmented/tuning-flora-dolly_stratified-tinyllama-heter-e3-r50/seed0/3log.txt,logs/tiny_instr_e3r50seg_s002_r04_37681_4.out,20,False,round config,Committed partial,20,2,12,11,2,27.40014419730536,round_config,epoch_round_tuning_instruction_client_count_e3r50_segmented/tuning-flora-dolly_stratified-tinyllama-heter-e3-r50/seed0/3/11/round_config.json
4,flora,Linear FLoRA,dolly_stratified,Dolly stratified,tinyllama,TinyLlama,heter,Heter,3,50,0,3,3,epoch_round_tuning_instruction_client_count_e3r50_segmented/tuning-flora-dolly_stratified-tinyllama-heter-e3-r50,epoch_round_tuning_instruction_client_count_e3r50_segmented/tuning-flora-dolly_stratified-tinyllama-heter-e3-r50/seed0/3log.txt,logs/tiny_instr_e3r50seg_s002_r04_37681_4.out,20,False,round config,Committed partial,20,2,13,12,2,26.294875928821543,round_config,epoch_round_tuning_instruction_client_count_e3r50_segmented/tuning-flora-dolly_stratified-tinyllama-heter-e3-r50/seed0/3/12/round_config.json
4,flora,Linear FLoRA,dolly_stratified,Dolly stratified,tinyllama,TinyLlama,heter,Heter,3,50,0,3,3,epoch_round_tuning_instruction_client_count_e3r50_segmented/tuning-flora-dolly_stratified-tinyllama-heter-e3-r50,epoch_round_tuning_instruction_client_count_e3r50_segmented/tuning-flora-dolly_stratified-tinyllama-heter-e3-r50/seed0/3log.txt,logs/tiny_instr_e3r50seg_s002_r04_37681_4.out,20,False,round config,Committed partial,20,2,14,13,2,25.709900180829496,round_config,epoch_round_tuning_instruction_client_count_e3r50_segmented/tuning-flora-dolly_stratified-tinyllama-heter-e3-r50/seed0/3/13/round_config.json
4,flora,Linear FLoRA,dolly_stratified,Dolly stratified,tinyllama,TinyLlama,heter,Heter,3,50,0,3,3,epoch_round_tuning_instruction_client_count_e3r50_segmented/tuning-flora-dolly_stratified-tinyllama-heter-e3-r50,epoch_round_tuning_instruction_client_count_e3r50_segmented/tuning-flora-dolly_stratified-tinyllama-heter-e3-r50/seed0/3log.txt,logs/tiny_instr_e3r50seg_s002_r04_37681_4.out,20,False,round config,Committed partial,20,2,15,14,2,26.585759678005584,round_config,epoch_round_tuning_instruction_client_count_e3r50_segmented/tuning-flora-dolly_stratified-tinyllama-heter-e3-r50/seed0/3/14/round_config.json
4,flora,Linear FLoRA,dolly_stratified,Dolly stratified,tinyllama,TinyLlama,heter,Heter,3,50,0,3,3,epoch_round_tuning_instruction_client_count_e3r50_segmented/tuning-flora-dolly_stratified-tinyllama-heter-e3-r50,epoch_round_tuning_instruction_client_count_e3r50_segmented/tuning-flora-dolly_stratified-tinyllama-heter-e3-r50/seed0/3log.txt,logs/tiny_instr_e3r50seg_s002_r04_37681_4.out,20,False,round config,Committed partial,20,2,16,15,2,25.167924153554637,round_config,epoch_round_tuning_instruction_client_count_e3r50_segmented/tuning-flora-dolly_stratified-tinyllama-heter-e3-r50/seed0/3/15/round_config.json
4,flora,Linear FLoRA,dolly_stratified,Dolly stratified,tinyllama,TinyLlama,heter,Heter,3,50,0,3,3,epoch_round_tuning_instruction_client_count_e3r50_segmented/tuning-flora-dolly_stratified-tinyllama-heter-e3-r50,epoch_round_tuning_instruction_client_count_e3r50_segmented/tuning-flora-dolly_stratified-tinyllama-heter-e3-r50/seed0/3log.txt,logs/tiny_instr_e3r50seg_s002_r04_37681_4.out,20,False,round config,Committed partial,20,2,17,16,2,24.866928507300887,round_config,epoch_round_tuning_instruction_client_count_e3r50_segmented/tuning-flora-dolly_stratified-tinyllama-heter-e3-r50/seed0/3/16/round_config.json
4,flora,Linear FLoRA,dolly_stratified,Dolly stratified,tinyllama,TinyLlama,heter,Heter,3,50,0,3,3,epoch_round_tuning_instruction_client_count_e3r50_segmented/tuning-flora-dolly_stratified-tinyllama-heter-e3-r50,epoch_round_tuning_instruction_client_count_e3r50_segmented/tuning-flora-dolly_stratified-tinyllama-heter-e3-r50/seed0/3log.txt,logs/tiny_instr_e3r50seg_s002_r04_37681_4.out,20,False,round config,Committed partial,20,2,18,17,2,23.347180861747418,round_config,epoch_round_tuning_instruction_client_count_e3r50_segmented/tuning-flora-dolly_stratified-tinyllama-heter-e3-r50/seed0/3/17/round_config.json
4,flora,Linear FLoRA,dolly_stratified,Dolly stratified,tinyllama,TinyLlama,heter,Heter,3,50,0,3,3,epoch_round_tuning_instruction_client_count_e3r50_segmented/tuning-flora-dolly_stratified-tinyllama-heter-e3-r50,epoch_round_tuning_instruction_client_count_e3r50_segmented/tuning-flora-dolly_stratified-tinyllama-heter-e3-r50/seed0/3log.txt,logs/tiny_instr_e3r50seg_s002_r04_37681_4.out,20,False,round config,Committed partial,20,2,19,18,2,23.27942161521254,round_config,epoch_round_tuning_instruction_client_count_e3r50_segmented/tuning-flora-dolly_stratified-tinyllama-heter-e3-r50/seed0/3/18/round_config.json
4,flora,Linear FLoRA,dolly_stratified,Dolly stratified,tinyllama,TinyLlama,heter,Heter,3,50,0,3,3,epoch_round_tuning_instruction_client_count_e3r50_segmented/tuning-flora-dolly_stratified-tinyllama-heter-e3-r50,epoch_round_tuning_instruction_client_count_e3r50_segmented/tuning-flora-dolly_stratified-tinyllama-heter-e3-r50/seed0/3log.txt,logs/tiny_instr_e3r50seg_s002_r04_37681_4.out,20,False,round config,Committed partial,20,2,20,19,2,23.692012983922055,round_config,epoch_round_tuning_instruction_client_count_e3r50_segmented/tuning-flora-dolly_stratified-tinyllama-heter-e3-r50/seed0/3/19/round_config.json
10,ffa,Nonlinear FFA,dolly_stratified,Dolly stratified,tinyllama,TinyLlama,heter,Heter,3,50,0,3,3,epoch_round_tuning_instruction_client_count_e3r50_segmented/tuning-ffa-dolly_stratified-tinyllama-heter-e3-r50,epoch_round_tuning_instruction_client_count_e3r50_segmented/tuning-ffa-dolly_stratified-tinyllama-heter-e3-r50/seed0/3/log.txt,logs/tiny_instr_e3r50seg_s002_r10_37687_10.out,20,False,round config,Committed partial,20,2,1,0,1,27.885945601746638,round_config,epoch_round_tuning_instruction_client_count_e3r50_segmented/tuning-ffa-dolly_stratified-tinyllama-heter-e3-r50/seed0/3/0/round_config.json
10,ffa,Nonlinear FFA,dolly_stratified,Dolly stratified,tinyllama,TinyLlama,heter,Heter,3,50,0,3,3,epoch_round_tuning_instruction_client_count_e3r50_segmented/tuning-ffa-dolly_stratified-tinyllama-heter-e3-r50,epoch_round_tuning_instruction_client_count_e3r50_segmented/tuning-ffa-dolly_stratified-tinyllama-heter-e3-r50/seed0/3/log.txt,logs/tiny_instr_e3r50seg_s002_r10_37687_10.out,20,False,round config,Committed partial,20,2,2,1,1,28.45594551403491,round_config,epoch_round_tuning_instruction_client_count_e3r50_segmented/tuning-ffa-dolly_stratified-tinyllama-heter-e3-r50/seed0/3/1/round_config.json
10,ffa,Nonlinear FFA,dolly_stratified,Dolly stratified,tinyllama,TinyLlama,heter,Heter,3,50,0,3,3,epoch_round_tuning_instruction_client_count_e3r50_segmented/tuning-ffa-dolly_stratified-tinyllama-heter-e3-r50,epoch_round_tuning_instruction_client_count_e3r50_segmented/tuning-ffa-dolly_stratified-tinyllama-heter-e3-r50/seed0/3/log.txt,logs/tiny_instr_e3r50seg_s002_r10_37687_10.out,20,False,round config,Committed partial,20,2,3,2,1,29.83680812464919,round_config,epoch_round_tuning_instruction_client_count_e3r50_segmented/tuning-ffa-dolly_stratified-tinyllama-heter-e3-r50/seed0/3/2/round_config.json
10,ffa,Nonlinear FFA,dolly_stratified,Dolly stratified,tinyllama,TinyLlama,heter,Heter,3,50,0,3,3,epoch_round_tuning_instruction_client_count_e3r50_segmented/tuning-ffa-dolly_stratified-tinyllama-heter-e3-r50,epoch_round_tuning_instruction_client_count_e3r50_segmented/tuning-ffa-dolly_stratified-tinyllama-heter-e3-r50/seed0/3/log.txt,logs/tiny_instr_e3r50seg_s002_r10_37687_10.out,20,False,round config,Committed partial,20,2,4,3,1,27.705581920319844,round_config,epoch_round_tuning_instruction_client_count_e3r50_segmented/tuning-ffa-dolly_stratified-tinyllama-heter-e3-r50/seed0/3/3/round_config.json
10,ffa,Nonlinear FFA,dolly_stratified,Dolly stratified,tinyllama,TinyLlama,heter,Heter,3,50,0,3,3,epoch_round_tuning_instruction_client_count_e3r50_segmented/tuning-ffa-dolly_stratified-tinyllama-heter-e3-r50,epoch_round_tuning_instruction_client_count_e3r50_segmented/tuning-ffa-dolly_stratified-tinyllama-heter-e3-r50/seed0/3/log.txt,logs/tiny_instr_e3r50seg_s002_r10_37687_10.out,20,False,round config,Committed partial,20,2,5,4,1,29.01666299099295,round_config,epoch_round_tuning_instruction_client_count_e3r50_segmented/tuning-ffa-dolly_stratified-tinyllama-heter-e3-r50/seed0/3/4/round_config.json
10,ffa,Nonlinear FFA,dolly_stratified,Dolly stratified,tinyllama,TinyLlama,heter,Heter,3,50,0,3,3,epoch_round_tuning_instruction_client_count_e3r50_segmented/tuning-ffa-dolly_stratified-tinyllama-heter-e3-r50,epoch_round_tuning_instruction_client_count_e3r50_segmented/tuning-ffa-dolly_stratified-tinyllama-heter-e3-r50/seed0/3/log.txt,logs/tiny_instr_e3r50seg_s002_r10_37687_10.out,20,False,round config,Committed partial,20,2,6,5,1,28.35526962569212,round_config,epoch_round_tuning_instruction_client_count_e3r50_segmented/tuning-ffa-dolly_stratified-tinyllama-heter-e3-r50/seed0/3/5/round_config.json
10,ffa,Nonlinear FFA,dolly_stratified,Dolly stratified,tinyllama,TinyLlama,heter,Heter,3,50,0,3,3,epoch_round_tuning_instruction_client_count_e3r50_segmented/tuning-ffa-dolly_stratified-tinyllama-heter-e3-r50,epoch_round_tuning_instruction_client_count_e3r50_segmented/tuning-ffa-dolly_stratified-tinyllama-heter-e3-r50/seed0/3/log.txt,logs/tiny_instr_e3r50seg_s002_r10_37687_10.out,20,False,round config,Committed partial,20,2,7,6,1,28.169710800875507,round_config,epoch_round_tuning_instruction_client_count_e3r50_segmented/tuning-ffa-dolly_stratified-tinyllama-heter-e3-r50/seed0/3/6/round_config.json
10,ffa,Nonlinear FFA,dolly_stratified,Dolly stratified,tinyllama,TinyLlama,heter,Heter,3,50,0,3,3,epoch_round_tuning_instruction_client_count_e3r50_segmented/tuning-ffa-dolly_stratified-tinyllama-heter-e3-r50,epoch_round_tuning_instruction_client_count_e3r50_segmented/tuning-ffa-dolly_stratified-tinyllama-heter-e3-r50/seed0/3/log.txt,logs/tiny_instr_e3r50seg_s002_r10_37687_10.out,20,False,round config,Committed partial,20,2,8,7,1,29.592927995164093,round_config,epoch_round_tuning_instruction_client_count_e3r50_segmented/tuning-ffa-dolly_stratified-tinyllama-heter-e3-r50/seed0/3/7/round_config.json
10,ffa,Nonlinear FFA,dolly_stratified,Dolly stratified,tinyllama,TinyLlama,heter,Heter,3,50,0,3,3,epoch_round_tuning_instruction_client_count_e3r50_segmented/tuning-ffa-dolly_stratified-tinyllama-heter-e3-r50,epoch_round_tuning_instruction_client_count_e3r50_segmented/tuning-ffa-dolly_stratified-tinyllama-heter-e3-r50/seed0/3/log.txt,logs/tiny_instr_e3r50seg_s002_r10_37687_10.out,20,False,round config,Committed partial,20,2,9,8,1,30.00833872105971,round_config,epoch_round_tuning_instruction_client_count_e3r50_segmented/tuning-ffa-dolly_stratified-tinyllama-heter-e3-r50/seed0/3/8/round_config.json
10,ffa,Nonlinear FFA,dolly_stratified,Dolly stratified,tinyllama,TinyLlama,heter,Heter,3,50,0,3,3,epoch_round_tuning_instruction_client_count_e3r50_segmented/tuning-ffa-dolly_stratified-tinyllama-heter-e3-r50,epoch_round_tuning_instruction_client_count_e3r50_segmented/tuning-ffa-dolly_stratified-tinyllama-heter-e3-r50/seed0/3/log.txt,logs/tiny_instr_e3r50seg_s002_r10_37687_10.out,20,False,round config,Committed partial,20,2,10,9,1,30.8855251632871,round_config,epoch_round_tuning_instruction_client_count_e3r50_segmented/tuning-ffa-dolly_stratified-tinyllama-heter-e3-r50/seed0/3/9/round_config.json
10,ffa,Nonlinear FFA,dolly_stratified,Dolly stratified,tinyllama,TinyLlama,heter,Heter,3,50,0,3,3,epoch_round_tuning_instruction_client_count_e3r50_segmented/tuning-ffa-dolly_stratified-tinyllama-heter-e3-r50,epoch_round_tuning_instruction_client_count_e3r50_segmented/tuning-ffa-dolly_stratified-tinyllama-heter-e3-r50/seed0/3/log.txt,logs/tiny_instr_e3r50seg_s002_r10_37687_10.out,20,False,round config,Committed partial,20,2,11,10,2,31.525850829924597,round_config,epoch_round_tuning_instruction_client_count_e3r50_segmented/tuning-ffa-dolly_stratified-tinyllama-heter-e3-r50/seed0/3/10/round_config.json
10,ffa,Nonlinear FFA,dolly_stratified,Dolly stratified,tinyllama,TinyLlama,heter,Heter,3,50,0,3,3,epoch_round_tuning_instruction_client_count_e3r50_segmented/tuning-ffa-dolly_stratified-tinyllama-heter-e3-r50,epoch_round_tuning_instruction_client_count_e3r50_segmented/tuning-ffa-dolly_stratified-tinyllama-heter-e3-r50/seed0/3/log.txt,logs/tiny_instr_e3r50seg_s002_r10_37687_10.out,20,False,round config,Committed partial,20,2,12,11,2,29.880067031144147,round_config,epoch_round_tuning_instruction_client_count_e3r50_segmented/tuning-ffa-dolly_stratified-tinyllama-heter-e3-r50/seed0/3/11/round_config.json
10,ffa,Nonlinear FFA,dolly_stratified,Dolly stratified,tinyllama,TinyLlama,heter,Heter,3,50,0,3,3,epoch_round_tuning_instruction_client_count_e3r50_segmented/tuning-ffa-dolly_stratified-tinyllama-heter-e3-r50,epoch_round_tuning_instruction_client_count_e3r50_segmented/tuning-ffa-dolly_stratified-tinyllama-heter-e3-r50/seed0/3/log.txt,logs/tiny_instr_e3r50seg_s002_r10_37687_10.out,20,False,round config,Committed partial,20,2,13,12,2,29.804733098647045,round_config,epoch_round_tuning_instruction_client_count_e3r50_segmented/tuning-ffa-dolly_stratified-tinyllama-heter-e3-r50/seed0/3/12/round_config.json
10,ffa,Nonlinear FFA,dolly_stratified,Dolly stratified,tinyllama,TinyLlama,heter,Heter,3,50,0,3,3,epoch_round_tuning_instruction_client_count_e3r50_segmented/tuning-ffa-dolly_stratified-tinyllama-heter-e3-r50,epoch_round_tuning_instruction_client_count_e3r50_segmented/tuning-ffa-dolly_stratified-tinyllama-heter-e3-r50/seed0/3/log.txt,logs/tiny_instr_e3r50seg_s002_r10_37687_10.out,20,False,round config,Committed partial,20,2,14,13,2,30.896372858394137,round_config,epoch_round_tuning_instruction_client_count_e3r50_segmented/tuning-ffa-dolly_stratified-tinyllama-heter-e3-r50/seed0/3/13/round_config.json
10,ffa,Nonlinear FFA,dolly_stratified,Dolly stratified,tinyllama,TinyLlama,heter,Heter,3,50,0,3,3,epoch_round_tuning_instruction_client_count_e3r50_segmented/tuning-ffa-dolly_stratified-tinyllama-heter-e3-r50,epoch_round_tuning_instruction_client_count_e3r50_segmented/tuning-ffa-dolly_stratified-tinyllama-heter-e3-r50/seed0/3/log.txt,logs/tiny_instr_e3r50seg_s002_r10_37687_10.out,20,False,round config,Committed partial,20,2,15,14,2,31.461254936254175,round_config,epoch_round_tuning_instruction_client_count_e3r50_segmented/tuning-ffa-dolly_stratified-tinyllama-heter-e3-r50/seed0/3/14/round_config.json
10,ffa,Nonlinear FFA,dolly_stratified,Dolly stratified,tinyllama,TinyLlama,heter,Heter,3,50,0,3,3,epoch_round_tuning_instruction_client_count_e3r50_segmented/tuning-ffa-dolly_stratified-tinyllama-heter-e3-r50,epoch_round_tuning_instruction_client_count_e3r50_segmented/tuning-ffa-dolly_stratified-tinyllama-heter-e3-r50/seed0/3/log.txt,logs/tiny_instr_e3r50seg_s002_r10_37687_10.out,20,False,round config,Committed partial,20,2,16,15,2,31.71741594233187,round_config,epoch_round_tuning_instruction_client_count_e3r50_segmented/tuning-ffa-dolly_stratified-tinyllama-heter-e3-r50/seed0/3/15/round_config.json
10,ffa,Nonlinear FFA,dolly_stratified,Dolly stratified,tinyllama,TinyLlama,heter,Heter,3,50,0,3,3,epoch_round_tuning_instruction_client_count_e3r50_segmented/tuning-ffa-dolly_stratified-tinyllama-heter-e3-r50,epoch_round_tuning_instruction_client_count_e3r50_segmented/tuning-ffa-dolly_stratified-tinyllama-heter-e3-r50/seed0/3/log.txt,logs/tiny_instr_e3r50seg_s002_r10_37687_10.out,20,False,round config,Committed partial,20,2,17,16,2,32.87034137420887,round_config,epoch_round_tuning_instruction_client_count_e3r50_segmented/tuning-ffa-dolly_stratified-tinyllama-heter-e3-r50/seed0/3/16/round_config.json
10,ffa,Nonlinear FFA,dolly_stratified,Dolly stratified,tinyllama,TinyLlama,heter,Heter,3,50,0,3,3,epoch_round_tuning_instruction_client_count_e3r50_segmented/tuning-ffa-dolly_stratified-tinyllama-heter-e3-r50,epoch_round_tuning_instruction_client_count_e3r50_segmented/tuning-ffa-dolly_stratified-tinyllama-heter-e3-r50/seed0/3/log.txt,logs/tiny_instr_e3r50seg_s002_r10_37687_10.out,20,False,round config,Committed partial,20,2,18,17,2,31.528596410788325,round_config,epoch_round_tuning_instruction_client_count_e3r50_segmented/tuning-ffa-dolly_stratified-tinyllama-heter-e3-r50/seed0/3/17/round_config.json
10,ffa,Nonlinear FFA,dolly_stratified,Dolly stratified,tinyllama,TinyLlama,heter,Heter,3,50,0,3,3,epoch_round_tuning_instruction_client_count_e3r50_segmented/tuning-ffa-dolly_stratified-tinyllama-heter-e3-r50,epoch_round_tuning_instruction_client_count_e3r50_segmented/tuning-ffa-dolly_stratified-tinyllama-heter-e3-r50/seed0/3/log.txt,logs/tiny_instr_e3r50seg_s002_r10_37687_10.out,20,False,round config,Committed partial,20,2,19,18,2,31.79144046334984,round_config,epoch_round_tuning_instruction_client_count_e3r50_segmented/tuning-ffa-dolly_stratified-tinyllama-heter-e3-r50/seed0/3/18/round_config.json
10,ffa,Nonlinear FFA,dolly_stratified,Dolly stratified,tinyllama,TinyLlama,heter,Heter,3,50,0,3,3,epoch_round_tuning_instruction_client_count_e3r50_segmented/tuning-ffa-dolly_stratified-tinyllama-heter-e3-r50,epoch_round_tuning_instruction_client_count_e3r50_segmented/tuning-ffa-dolly_stratified-tinyllama-heter-e3-r50/seed0/3/log.txt,logs/tiny_instr_e3r50seg_s002_r10_37687_10.out,20,False,round config,Committed partial,20,2,20,19,2,32.418147286416136,round_config,epoch_round_tuning_instruction_client_count_e3r50_segmented/tuning-ffa-dolly_stratified-tinyllama-heter-e3-r50/seed0/3/19/round_config.json
5,flora,Linear FLoRA,dolly_stratified,Dolly stratified,tinyllama,TinyLlama,heter,Heter,3,50,0,10,10,epoch_round_tuning_instruction_client_count_e3r50_segmented/tuning-flora-dolly_stratified-tinyllama-heter-e3-r50,epoch_round_tuning_instruction_client_count_e3r50_segmented/tuning-flora-dolly_stratified-tinyllama-heter-e3-r50/seed0/10log.txt,logs/tiny_instr_e3r50seg_s001_r05_37658_5.out,10,False,round config,Committed partial,10,1,1,0,1,27.439423212896045,round_config,epoch_round_tuning_instruction_client_count_e3r50_segmented/tuning-flora-dolly_stratified-tinyllama-heter-e3-r50/seed0/10/0/round_config.json
5,flora,Linear FLoRA,dolly_stratified,Dolly stratified,tinyllama,TinyLlama,heter,Heter,3,50,0,10,10,epoch_round_tuning_instruction_client_count_e3r50_segmented/tuning-flora-dolly_stratified-tinyllama-heter-e3-r50,epoch_round_tuning_instruction_client_count_e3r50_segmented/tuning-flora-dolly_stratified-tinyllama-heter-e3-r50/seed0/10log.txt,logs/tiny_instr_e3r50seg_s001_r05_37658_5.out,10,False,round config,Committed partial,10,1,2,1,1,28.930923731821974,round_config,epoch_round_tuning_instruction_client_count_e3r50_segmented/tuning-flora-dolly_stratified-tinyllama-heter-e3-r50/seed0/10/1/round_config.json
5,flora,Linear FLoRA,dolly_stratified,Dolly stratified,tinyllama,TinyLlama,heter,Heter,3,50,0,10,10,epoch_round_tuning_instruction_client_count_e3r50_segmented/tuning-flora-dolly_stratified-tinyllama-heter-e3-r50,epoch_round_tuning_instruction_client_count_e3r50_segmented/tuning-flora-dolly_stratified-tinyllama-heter-e3-r50/seed0/10log.txt,logs/tiny_instr_e3r50seg_s001_r05_37658_5.out,10,False,round config,Committed partial,10,1,3,2,1,27.440570261892788,round_config,epoch_round_tuning_instruction_client_count_e3r50_segmented/tuning-flora-dolly_stratified-tinyllama-heter-e3-r50/seed0/10/2/round_config.json
5,flora,Linear FLoRA,dolly_stratified,Dolly stratified,tinyllama,TinyLlama,heter,Heter,3,50,0,10,10,epoch_round_tuning_instruction_client_count_e3r50_segmented/tuning-flora-dolly_stratified-tinyllama-heter-e3-r50,epoch_round_tuning_instruction_client_count_e3r50_segmented/tuning-flora-dolly_stratified-tinyllama-heter-e3-r50/seed0/10log.txt,logs/tiny_instr_e3r50seg_s001_r05_37658_5.out,10,False,round config,Committed partial,10,1,4,3,1,27.551439340539364,round_config,epoch_round_tuning_instruction_client_count_e3r50_segmented/tuning-flora-dolly_stratified-tinyllama-heter-e3-r50/seed0/10/3/round_config.json
5,flora,Linear FLoRA,dolly_stratified,Dolly stratified,tinyllama,TinyLlama,heter,Heter,3,50,0,10,10,epoch_round_tuning_instruction_client_count_e3r50_segmented/tuning-flora-dolly_stratified-tinyllama-heter-e3-r50,epoch_round_tuning_instruction_client_count_e3r50_segmented/tuning-flora-dolly_stratified-tinyllama-heter-e3-r50/seed0/10log.txt,logs/tiny_instr_e3r50seg_s001_r05_37658_5.out,10,False,round config,Committed partial,10,1,5,4,1,26.150439665994448,round_config,epoch_round_tuning_instruction_client_count_e3r50_segmented/tuning-flora-dolly_stratified-tinyllama-heter-e3-r50/seed0/10/4/round_config.json
5,flora,Linear FLoRA,dolly_stratified,Dolly stratified,tinyllama,TinyLlama,heter,Heter,3,50,0,10,10,epoch_round_tuning_instruction_client_count_e3r50_segmented/tuning-flora-dolly_stratified-tinyllama-heter-e3-r50,epoch_round_tuning_instruction_client_count_e3r50_segmented/tuning-flora-dolly_stratified-tinyllama-heter-e3-r50/seed0/10log.txt,logs/tiny_instr_e3r50seg_s001_r05_37658_5.out,10,False,round config,Committed partial,10,1,6,5,1,26.278711118904617,round_config,epoch_round_tuning_instruction_client_count_e3r50_segmented/tuning-flora-dolly_stratified-tinyllama-heter-e3-r50/seed0/10/5/round_config.json
5,flora,Linear FLoRA,dolly_stratified,Dolly stratified,tinyllama,TinyLlama,heter,Heter,3,50,0,10,10,epoch_round_tuning_instruction_client_count_e3r50_segmented/tuning-flora-dolly_stratified-tinyllama-heter-e3-r50,epoch_round_tuning_instruction_client_count_e3r50_segmented/tuning-flora-dolly_stratified-tinyllama-heter-e3-r50/seed0/10log.txt,logs/tiny_instr_e3r50seg_s001_r05_37658_5.out,10,False,round config,Committed partial,10,1,7,6,1,26.472664558023105,round_config,epoch_round_tuning_instruction_client_count_e3r50_segmented/tuning-flora-dolly_stratified-tinyllama-heter-e3-r50/seed0/10/6/round_config.json
5,flora,Linear FLoRA,dolly_stratified,Dolly stratified,tinyllama,TinyLlama,heter,Heter,3,50,0,10,10,epoch_round_tuning_instruction_client_count_e3r50_segmented/tuning-flora-dolly_stratified-tinyllama-heter-e3-r50,epoch_round_tuning_instruction_client_count_e3r50_segmented/tuning-flora-dolly_stratified-tinyllama-heter-e3-r50/seed0/10log.txt,logs/tiny_instr_e3r50seg_s001_r05_37658_5.out,10,False,round config,Committed partial,10,1,8,7,1,26.821338327838006,round_config,epoch_round_tuning_instruction_client_count_e3r50_segmented/tuning-flora-dolly_stratified-tinyllama-heter-e3-r50/seed0/10/7/round_config.json
5,flora,Linear FLoRA,dolly_stratified,Dolly stratified,tinyllama,TinyLlama,heter,Heter,3,50,0,10,10,epoch_round_tuning_instruction_client_count_e3r50_segmented/tuning-flora-dolly_stratified-tinyllama-heter-e3-r50,epoch_round_tuning_instruction_client_count_e3r50_segmented/tuning-flora-dolly_stratified-tinyllama-heter-e3-r50/seed0/10log.txt,logs/tiny_instr_e3r50seg_s001_r05_37658_5.out,10,False,round config,Committed partial,10,1,9,8,1,26.966628258731696,round_config,epoch_round_tuning_instruction_client_count_e3r50_segmented/tuning-flora-dolly_stratified-tinyllama-heter-e3-r50/seed0/10/8/round_config.json
5,flora,Linear FLoRA,dolly_stratified,Dolly stratified,tinyllama,TinyLlama,heter,Heter,3,50,0,10,10,epoch_round_tuning_instruction_client_count_e3r50_segmented/tuning-flora-dolly_stratified-tinyllama-heter-e3-r50,epoch_round_tuning_instruction_client_count_e3r50_segmented/tuning-flora-dolly_stratified-tinyllama-heter-e3-r50/seed0/10log.txt,logs/tiny_instr_e3r50seg_s001_r05_37658_5.out,10,False,round config,Committed partial,10,1,10,9,1,27.210137474145757,round_config,epoch_round_tuning_instruction_client_count_e3r50_segmented/tuning-flora-dolly_stratified-tinyllama-heter-e3-r50/seed0/10/9/round_config.json
11,ffa,Nonlinear FFA,dolly_stratified,Dolly stratified,tinyllama,TinyLlama,heter,Heter,3,50,0,10,10,epoch_round_tuning_instruction_client_count_e3r50_segmented/tuning-ffa-dolly_stratified-tinyllama-heter-e3-r50,epoch_round_tuning_instruction_client_count_e3r50_segmented/tuning-ffa-dolly_stratified-tinyllama-heter-e3-r50/seed0/10/log.txt,logs/tiny_instr_e3r50seg_s002_r11_37688_11.out,20,False,round config,Committed partial,20,2,1,0,1,21.678196966591646,round_config,epoch_round_tuning_instruction_client_count_e3r50_segmented/tuning-ffa-dolly_stratified-tinyllama-heter-e3-r50/seed0/10/0/round_config.json
11,ffa,Nonlinear FFA,dolly_stratified,Dolly stratified,tinyllama,TinyLlama,heter,Heter,3,50,0,10,10,epoch_round_tuning_instruction_client_count_e3r50_segmented/tuning-ffa-dolly_stratified-tinyllama-heter-e3-r50,epoch_round_tuning_instruction_client_count_e3r50_segmented/tuning-ffa-dolly_stratified-tinyllama-heter-e3-r50/seed0/10/log.txt,logs/tiny_instr_e3r50seg_s002_r11_37688_11.out,20,False,round config,Committed partial,20,2,2,1,1,23.55121405419301,round_config,epoch_round_tuning_instruction_client_count_e3r50_segmented/tuning-ffa-dolly_stratified-tinyllama-heter-e3-r50/seed0/10/1/round_config.json
11,ffa,Nonlinear FFA,dolly_stratified,Dolly stratified,tinyllama,TinyLlama,heter,Heter,3,50,0,10,10,epoch_round_tuning_instruction_client_count_e3r50_segmented/tuning-ffa-dolly_stratified-tinyllama-heter-e3-r50,epoch_round_tuning_instruction_client_count_e3r50_segmented/tuning-ffa-dolly_stratified-tinyllama-heter-e3-r50/seed0/10/log.txt,logs/tiny_instr_e3r50seg_s002_r11_37688_11.out,20,False,round config,Committed partial,20,2,3,2,1,25.916164085072644,round_config,epoch_round_tuning_instruction_client_count_e3r50_segmented/tuning-ffa-dolly_stratified-tinyllama-heter-e3-r50/seed0/10/2/round_config.json
11,ffa,Nonlinear FFA,dolly_stratified,Dolly stratified,tinyllama,TinyLlama,heter,Heter,3,50,0,10,10,epoch_round_tuning_instruction_client_count_e3r50_segmented/tuning-ffa-dolly_stratified-tinyllama-heter-e3-r50,epoch_round_tuning_instruction_client_count_e3r50_segmented/tuning-ffa-dolly_stratified-tinyllama-heter-e3-r50/seed0/10/log.txt,logs/tiny_instr_e3r50seg_s002_r11_37688_11.out,20,False,round config,Committed partial,20,2,4,3,1,28.842765280959405,round_config,epoch_round_tuning_instruction_client_count_e3r50_segmented/tuning-ffa-dolly_stratified-tinyllama-heter-e3-r50/seed0/10/3/round_config.json
11,ffa,Nonlinear FFA,dolly_stratified,Dolly stratified,tinyllama,TinyLlama,heter,Heter,3,50,0,10,10,epoch_round_tuning_instruction_client_count_e3r50_segmented/tuning-ffa-dolly_stratified-tinyllama-heter-e3-r50,epoch_round_tuning_instruction_client_count_e3r50_segmented/tuning-ffa-dolly_stratified-tinyllama-heter-e3-r50/seed0/10/log.txt,logs/tiny_instr_e3r50seg_s002_r11_37688_11.out,20,False,round config,Committed partial,20,2,5,4,1,28.597952988462776,round_config,epoch_round_tuning_instruction_client_count_e3r50_segmented/tuning-ffa-dolly_stratified-tinyllama-heter-e3-r50/seed0/10/4/round_config.json
11,ffa,Nonlinear FFA,dolly_stratified,Dolly stratified,tinyllama,TinyLlama,heter,Heter,3,50,0,10,10,epoch_round_tuning_instruction_client_count_e3r50_segmented/tuning-ffa-dolly_stratified-tinyllama-heter-e3-r50,epoch_round_tuning_instruction_client_count_e3r50_segmented/tuning-ffa-dolly_stratified-tinyllama-heter-e3-r50/seed0/10/log.txt,logs/tiny_instr_e3r50seg_s002_r11_37688_11.out,20,False,round config,Committed partial,20,2,6,5,1,28.116785027618118,round_config,epoch_round_tuning_instruction_client_count_e3r50_segmented/tuning-ffa-dolly_stratified-tinyllama-heter-e3-r50/seed0/10/5/round_config.json
11,ffa,Nonlinear FFA,dolly_stratified,Dolly stratified,tinyllama,TinyLlama,heter,Heter,3,50,0,10,10,epoch_round_tuning_instruction_client_count_e3r50_segmented/tuning-ffa-dolly_stratified-tinyllama-heter-e3-r50,epoch_round_tuning_instruction_client_count_e3r50_segmented/tuning-ffa-dolly_stratified-tinyllama-heter-e3-r50/seed0/10/log.txt,logs/tiny_instr_e3r50seg_s002_r11_37688_11.out,20,False,round config,Committed partial,20,2,7,6,1,28.128605605559205,round_config,epoch_round_tuning_instruction_client_count_e3r50_segmented/tuning-ffa-dolly_stratified-tinyllama-heter-e3-r50/seed0/10/6/round_config.json
11,ffa,Nonlinear FFA,dolly_stratified,Dolly stratified,tinyllama,TinyLlama,heter,Heter,3,50,0,10,10,epoch_round_tuning_instruction_client_count_e3r50_segmented/tuning-ffa-dolly_stratified-tinyllama-heter-e3-r50,epoch_round_tuning_instruction_client_count_e3r50_segmented/tuning-ffa-dolly_stratified-tinyllama-heter-e3-r50/seed0/10/log.txt,logs/tiny_instr_e3r50seg_s002_r11_37688_11.out,20,False,round config,Committed partial,20,2,8,7,1,29.45497619791641,round_config,epoch_round_tuning_instruction_client_count_e3r50_segmented/tuning-ffa-dolly_stratified-tinyllama-heter-e3-r50/seed0/10/7/round_config.json
11,ffa,Nonlinear FFA,dolly_stratified,Dolly stratified,tinyllama,TinyLlama,heter,Heter,3,50,0,10,10,epoch_round_tuning_instruction_client_count_e3r50_segmented/tuning-ffa-dolly_stratified-tinyllama-heter-e3-r50,epoch_round_tuning_instruction_client_count_e3r50_segmented/tuning-ffa-dolly_stratified-tinyllama-heter-e3-r50/seed0/10/log.txt,logs/tiny_instr_e3r50seg_s002_r11_37688_11.out,20,False,round config,Committed partial,20,2,9,8,1,27.61116113022978,round_config,epoch_round_tuning_instruction_client_count_e3r50_segmented/tuning-ffa-dolly_stratified-tinyllama-heter-e3-r50/seed0/10/8/round_config.json
11,ffa,Nonlinear FFA,dolly_stratified,Dolly stratified,tinyllama,TinyLlama,heter,Heter,3,50,0,10,10,epoch_round_tuning_instruction_client_count_e3r50_segmented/tuning-ffa-dolly_stratified-tinyllama-heter-e3-r50,epoch_round_tuning_instruction_client_count_e3r50_segmented/tuning-ffa-dolly_stratified-tinyllama-heter-e3-r50/seed0/10/log.txt,logs/tiny_instr_e3r50seg_s002_r11_37688_11.out,20,False,round config,Committed partial,20,2,10,9,1,26.17861002745414,round_config,epoch_round_tuning_instruction_client_count_e3r50_segmented/tuning-ffa-dolly_stratified-tinyllama-heter-e3-r50/seed0/10/9/round_config.json
11,ffa,Nonlinear FFA,dolly_stratified,Dolly stratified,tinyllama,TinyLlama,heter,Heter,3,50,0,10,10,epoch_round_tuning_instruction_client_count_e3r50_segmented/tuning-ffa-dolly_stratified-tinyllama-heter-e3-r50,epoch_round_tuning_instruction_client_count_e3r50_segmented/tuning-ffa-dolly_stratified-tinyllama-heter-e3-r50/seed0/10/log.txt,logs/tiny_instr_e3r50seg_s002_r11_37688_11.out,20,False,round config,Committed partial,20,2,11,10,2,28.54207132804476,round_config,epoch_round_tuning_instruction_client_count_e3r50_segmented/tuning-ffa-dolly_stratified-tinyllama-heter-e3-r50/seed0/10/10/round_config.json
11,ffa,Nonlinear FFA,dolly_stratified,Dolly stratified,tinyllama,TinyLlama,heter,Heter,3,50,0,10,10,epoch_round_tuning_instruction_client_count_e3r50_segmented/tuning-ffa-dolly_stratified-tinyllama-heter-e3-r50,epoch_round_tuning_instruction_client_count_e3r50_segmented/tuning-ffa-dolly_stratified-tinyllama-heter-e3-r50/seed0/10/log.txt,logs/tiny_instr_e3r50seg_s002_r11_37688_11.out,20,False,round config,Committed partial,20,2,12,11,2,29.655002802581464,round_config,epoch_round_tuning_instruction_client_count_e3r50_segmented/tuning-ffa-dolly_stratified-tinyllama-heter-e3-r50/seed0/10/11/round_config.json
11,ffa,Nonlinear FFA,dolly_stratified,Dolly stratified,tinyllama,TinyLlama,heter,Heter,3,50,0,10,10,epoch_round_tuning_instruction_client_count_e3r50_segmented/tuning-ffa-dolly_stratified-tinyllama-heter-e3-r50,epoch_round_tuning_instruction_client_count_e3r50_segmented/tuning-ffa-dolly_stratified-tinyllama-heter-e3-r50/seed0/10/log.txt,logs/tiny_instr_e3r50seg_s002_r11_37688_11.out,20,False,round config,Committed partial,20,2,13,12,2,27.66322852328951,round_config,epoch_round_tuning_instruction_client_count_e3r50_segmented/tuning-ffa-dolly_stratified-tinyllama-heter-e3-r50/seed0/10/12/round_config.json
11,ffa,Nonlinear FFA,dolly_stratified,Dolly stratified,tinyllama,TinyLlama,heter,Heter,3,50,0,10,10,epoch_round_tuning_instruction_client_count_e3r50_segmented/tuning-ffa-dolly_stratified-tinyllama-heter-e3-r50,epoch_round_tuning_instruction_client_count_e3r50_segmented/tuning-ffa-dolly_stratified-tinyllama-heter-e3-r50/seed0/10/log.txt,logs/tiny_instr_e3r50seg_s002_r11_37688_11.out,20,False,round config,Committed partial,20,2,14,13,2,27.072624673250413,round_config,epoch_round_tuning_instruction_client_count_e3r50_segmented/tuning-ffa-dolly_stratified-tinyllama-heter-e3-r50/seed0/10/13/round_config.json
11,ffa,Nonlinear FFA,dolly_stratified,Dolly stratified,tinyllama,TinyLlama,heter,Heter,3,50,0,10,10,epoch_round_tuning_instruction_client_count_e3r50_segmented/tuning-ffa-dolly_stratified-tinyllama-heter-e3-r50,epoch_round_tuning_instruction_client_count_e3r50_segmented/tuning-ffa-dolly_stratified-tinyllama-heter-e3-r50/seed0/10/log.txt,logs/tiny_instr_e3r50seg_s002_r11_37688_11.out,20,False,round config,Committed partial,20,2,15,14,2,26.82530416677182,round_config,epoch_round_tuning_instruction_client_count_e3r50_segmented/tuning-ffa-dolly_stratified-tinyllama-heter-e3-r50/seed0/10/14/round_config.json
11,ffa,Nonlinear FFA,dolly_stratified,Dolly stratified,tinyllama,TinyLlama,heter,Heter,3,50,0,10,10,epoch_round_tuning_instruction_client_count_e3r50_segmented/tuning-ffa-dolly_stratified-tinyllama-heter-e3-r50,epoch_round_tuning_instruction_client_count_e3r50_segmented/tuning-ffa-dolly_stratified-tinyllama-heter-e3-r50/seed0/10/log.txt,logs/tiny_instr_e3r50seg_s002_r11_37688_11.out,20,False,round config,Committed partial,20,2,16,15,2,27.18347919207519,round_config,epoch_round_tuning_instruction_client_count_e3r50_segmented/tuning-ffa-dolly_stratified-tinyllama-heter-e3-r50/seed0/10/15/round_config.json
11,ffa,Nonlinear FFA,dolly_stratified,Dolly stratified,tinyllama,TinyLlama,heter,Heter,3,50,0,10,10,epoch_round_tuning_instruction_client_count_e3r50_segmented/tuning-ffa-dolly_stratified-tinyllama-heter-e3-r50,epoch_round_tuning_instruction_client_count_e3r50_segmented/tuning-ffa-dolly_stratified-tinyllama-heter-e3-r50/seed0/10/log.txt,logs/tiny_instr_e3r50seg_s002_r11_37688_11.out,20,False,round config,Committed partial,20,2,17,16,2,29.57451375589096,round_config,epoch_round_tuning_instruction_client_count_e3r50_segmented/tuning-ffa-dolly_stratified-tinyllama-heter-e3-r50/seed0/10/16/round_config.json
11,ffa,Nonlinear FFA,dolly_stratified,Dolly stratified,tinyllama,TinyLlama,heter,Heter,3,50,0,10,10,epoch_round_tuning_instruction_client_count_e3r50_segmented/tuning-ffa-dolly_stratified-tinyllama-heter-e3-r50,epoch_round_tuning_instruction_client_count_e3r50_segmented/tuning-ffa-dolly_stratified-tinyllama-heter-e3-r50/seed0/10/log.txt,logs/tiny_instr_e3r50seg_s002_r11_37688_11.out,20,False,round config,Committed partial,20,2,18,17,2,27.66122811145888,round_config,epoch_round_tuning_instruction_client_count_e3r50_segmented/tuning-ffa-dolly_stratified-tinyllama-heter-e3-r50/seed0/10/17/round_config.json
11,ffa,Nonlinear FFA,dolly_stratified,Dolly stratified,tinyllama,TinyLlama,heter,Heter,3,50,0,10,10,epoch_round_tuning_instruction_client_count_e3r50_segmented/tuning-ffa-dolly_stratified-tinyllama-heter-e3-r50,epoch_round_tuning_instruction_client_count_e3r50_segmented/tuning-ffa-dolly_stratified-tinyllama-heter-e3-r50/seed0/10/log.txt,logs/tiny_instr_e3r50seg_s002_r11_37688_11.out,20,False,round config,Committed partial,20,2,19,18,2,28.46285339393842,round_config,epoch_round_tuning_instruction_client_count_e3r50_segmented/tuning-ffa-dolly_stratified-tinyllama-heter-e3-r50/seed0/10/18/round_config.json
11,ffa,Nonlinear FFA,dolly_stratified,Dolly stratified,tinyllama,TinyLlama,heter,Heter,3,50,0,10,10,epoch_round_tuning_instruction_client_count_e3r50_segmented/tuning-ffa-dolly_stratified-tinyllama-heter-e3-r50,epoch_round_tuning_instruction_client_count_e3r50_segmented/tuning-ffa-dolly_stratified-tinyllama-heter-e3-r50/seed0/10/log.txt,logs/tiny_instr_e3r50seg_s002_r11_37688_11.out,20,False,round config,Committed partial,20,2,20,19,2,29.959451372172413,round_config,epoch_round_tuning_instruction_client_count_e3r50_segmented/tuning-ffa-dolly_stratified-tinyllama-heter-e3-r50/seed0/10/19/round_config.json
6,flora,Linear FLoRA,dolly_stratified,Dolly stratified,tinyllama,TinyLlama,heter,Heter,3,50,0,20,20,epoch_round_tuning_instruction_client_count_e3r50_segmented/tuning-flora-dolly_stratified-tinyllama-heter-e3-r50,epoch_round_tuning_instruction_client_count_e3r50_segmented/tuning-flora-dolly_stratified-tinyllama-heter-e3-r50/seed0/20log.txt,logs/tiny_instr_e3r50seg_s001_r06_37659_6.out,10,False,round config,Committed partial,10,1,1,0,1,18.05073707158839,round_config,epoch_round_tuning_instruction_client_count_e3r50_segmented/tuning-flora-dolly_stratified-tinyllama-heter-e3-r50/seed0/20/0/round_config.json
6,flora,Linear FLoRA,dolly_stratified,Dolly stratified,tinyllama,TinyLlama,heter,Heter,3,50,0,20,20,epoch_round_tuning_instruction_client_count_e3r50_segmented/tuning-flora-dolly_stratified-tinyllama-heter-e3-r50,epoch_round_tuning_instruction_client_count_e3r50_segmented/tuning-flora-dolly_stratified-tinyllama-heter-e3-r50/seed0/20log.txt,logs/tiny_instr_e3r50seg_s001_r06_37659_6.out,10,False,round config,Committed partial,10,1,2,1,1,26.453769548503974,round_config,epoch_round_tuning_instruction_client_count_e3r50_segmented/tuning-flora-dolly_stratified-tinyllama-heter-e3-r50/seed0/20/1/round_config.json
6,flora,Linear FLoRA,dolly_stratified,Dolly stratified,tinyllama,TinyLlama,heter,Heter,3,50,0,20,20,epoch_round_tuning_instruction_client_count_e3r50_segmented/tuning-flora-dolly_stratified-tinyllama-heter-e3-r50,epoch_round_tuning_instruction_client_count_e3r50_segmented/tuning-flora-dolly_stratified-tinyllama-heter-e3-r50/seed0/20log.txt,logs/tiny_instr_e3r50seg_s001_r06_37659_6.out,10,False,round config,Committed partial,10,1,3,2,1,27.100450400043783,round_config,epoch_round_tuning_instruction_client_count_e3r50_segmented/tuning-flora-dolly_stratified-tinyllama-heter-e3-r50/seed0/20/2/round_config.json
6,flora,Linear FLoRA,dolly_stratified,Dolly stratified,tinyllama,TinyLlama,heter,Heter,3,50,0,20,20,epoch_round_tuning_instruction_client_count_e3r50_segmented/tuning-flora-dolly_stratified-tinyllama-heter-e3-r50,epoch_round_tuning_instruction_client_count_e3r50_segmented/tuning-flora-dolly_stratified-tinyllama-heter-e3-r50/seed0/20log.txt,logs/tiny_instr_e3r50seg_s001_r06_37659_6.out,10,False,round config,Committed partial,10,1,4,3,1,28.75589222750327,round_config,epoch_round_tuning_instruction_client_count_e3r50_segmented/tuning-flora-dolly_stratified-tinyllama-heter-e3-r50/seed0/20/3/round_config.json
6,flora,Linear FLoRA,dolly_stratified,Dolly stratified,tinyllama,TinyLlama,heter,Heter,3,50,0,20,20,epoch_round_tuning_instruction_client_count_e3r50_segmented/tuning-flora-dolly_stratified-tinyllama-heter-e3-r50,epoch_round_tuning_instruction_client_count_e3r50_segmented/tuning-flora-dolly_stratified-tinyllama-heter-e3-r50/seed0/20log.txt,logs/tiny_instr_e3r50seg_s001_r06_37659_6.out,10,False,round config,Committed partial,10,1,5,4,1,27.195152836814675,round_config,epoch_round_tuning_instruction_client_count_e3r50_segmented/tuning-flora-dolly_stratified-tinyllama-heter-e3-r50/seed0/20/4/round_config.json
6,flora,Linear FLoRA,dolly_stratified,Dolly stratified,tinyllama,TinyLlama,heter,Heter,3,50,0,20,20,epoch_round_tuning_instruction_client_count_e3r50_segmented/tuning-flora-dolly_stratified-tinyllama-heter-e3-r50,epoch_round_tuning_instruction_client_count_e3r50_segmented/tuning-flora-dolly_stratified-tinyllama-heter-e3-r50/seed0/20log.txt,logs/tiny_instr_e3r50seg_s001_r06_37659_6.out,10,False,round config,Committed partial,10,1,6,5,1,26.943721185285174,round_config,epoch_round_tuning_instruction_client_count_e3r50_segmented/tuning-flora-dolly_stratified-tinyllama-heter-e3-r50/seed0/20/5/round_config.json
6,flora,Linear FLoRA,dolly_stratified,Dolly stratified,tinyllama,TinyLlama,heter,Heter,3,50,0,20,20,epoch_round_tuning_instruction_client_count_e3r50_segmented/tuning-flora-dolly_stratified-tinyllama-heter-e3-r50,epoch_round_tuning_instruction_client_count_e3r50_segmented/tuning-flora-dolly_stratified-tinyllama-heter-e3-r50/seed0/20log.txt,logs/tiny_instr_e3r50seg_s001_r06_37659_6.out,10,False,round config,Committed partial,10,1,7,6,1,27.991509371622897,round_config,epoch_round_tuning_instruction_client_count_e3r50_segmented/tuning-flora-dolly_stratified-tinyllama-heter-e3-r50/seed0/20/6/round_config.json
6,flora,Linear FLoRA,dolly_stratified,Dolly stratified,tinyllama,TinyLlama,heter,Heter,3,50,0,20,20,epoch_round_tuning_instruction_client_count_e3r50_segmented/tuning-flora-dolly_stratified-tinyllama-heter-e3-r50,epoch_round_tuning_instruction_client_count_e3r50_segmented/tuning-flora-dolly_stratified-tinyllama-heter-e3-r50/seed0/20log.txt,logs/tiny_instr_e3r50seg_s001_r06_37659_6.out,10,False,round config,Committed partial,10,1,8,7,1,29.71262836691527,round_config,epoch_round_tuning_instruction_client_count_e3r50_segmented/tuning-flora-dolly_stratified-tinyllama-heter-e3-r50/seed0/20/7/round_config.json
6,flora,Linear FLoRA,dolly_stratified,Dolly stratified,tinyllama,TinyLlama,heter,Heter,3,50,0,20,20,epoch_round_tuning_instruction_client_count_e3r50_segmented/tuning-flora-dolly_stratified-tinyllama-heter-e3-r50,epoch_round_tuning_instruction_client_count_e3r50_segmented/tuning-flora-dolly_stratified-tinyllama-heter-e3-r50/seed0/20log.txt,logs/tiny_instr_e3r50seg_s001_r06_37659_6.out,10,False,round config,Committed partial,10,1,9,8,1,29.467365282520795,round_config,epoch_round_tuning_instruction_client_count_e3r50_segmented/tuning-flora-dolly_stratified-tinyllama-heter-e3-r50/seed0/20/8/round_config.json
6,flora,Linear FLoRA,dolly_stratified,Dolly stratified,tinyllama,TinyLlama,heter,Heter,3,50,0,20,20,epoch_round_tuning_instruction_client_count_e3r50_segmented/tuning-flora-dolly_stratified-tinyllama-heter-e3-r50,epoch_round_tuning_instruction_client_count_e3r50_segmented/tuning-flora-dolly_stratified-tinyllama-heter-e3-r50/seed0/20log.txt,logs/tiny_instr_e3r50seg_s001_r06_37659_6.out,10,False,round config,Committed partial,10,1,10,9,1,29.84285954606591,round_config,epoch_round_tuning_instruction_client_count_e3r50_segmented/tuning-flora-dolly_stratified-tinyllama-heter-e3-r50/seed0/20/9/round_config.json
12,ffa,Nonlinear FFA,dolly_stratified,Dolly stratified,tinyllama,TinyLlama,heter,Heter,3,50,0,20,20,epoch_round_tuning_instruction_client_count_e3r50_segmented/tuning-ffa-dolly_stratified-tinyllama-heter-e3-r50,epoch_round_tuning_instruction_client_count_e3r50_segmented/tuning-ffa-dolly_stratified-tinyllama-heter-e3-r50/seed0/20/log.txt,logs/tiny_instr_e3r50seg_s002_r12_37689_12.out,10,False,round config,Committed partial,10,1,1,0,1,18.78559356642299,round_config,epoch_round_tuning_instruction_client_count_e3r50_segmented/tuning-ffa-dolly_stratified-tinyllama-heter-e3-r50/seed0/20/0/round_config.json
12,ffa,Nonlinear FFA,dolly_stratified,Dolly stratified,tinyllama,TinyLlama,heter,Heter,3,50,0,20,20,epoch_round_tuning_instruction_client_count_e3r50_segmented/tuning-ffa-dolly_stratified-tinyllama-heter-e3-r50,epoch_round_tuning_instruction_client_count_e3r50_segmented/tuning-ffa-dolly_stratified-tinyllama-heter-e3-r50/seed0/20/log.txt,logs/tiny_instr_e3r50seg_s002_r12_37689_12.out,10,False,round config,Committed partial,10,1,2,1,1,16.158163303287587,round_config,epoch_round_tuning_instruction_client_count_e3r50_segmented/tuning-ffa-dolly_stratified-tinyllama-heter-e3-r50/seed0/20/1/round_config.json
12,ffa,Nonlinear FFA,dolly_stratified,Dolly stratified,tinyllama,TinyLlama,heter,Heter,3,50,0,20,20,epoch_round_tuning_instruction_client_count_e3r50_segmented/tuning-ffa-dolly_stratified-tinyllama-heter-e3-r50,epoch_round_tuning_instruction_client_count_e3r50_segmented/tuning-ffa-dolly_stratified-tinyllama-heter-e3-r50/seed0/20/log.txt,logs/tiny_instr_e3r50seg_s002_r12_37689_12.out,10,False,round config,Committed partial,10,1,3,2,1,16.799322671993245,round_config,epoch_round_tuning_instruction_client_count_e3r50_segmented/tuning-ffa-dolly_stratified-tinyllama-heter-e3-r50/seed0/20/2/round_config.json
12,ffa,Nonlinear FFA,dolly_stratified,Dolly stratified,tinyllama,TinyLlama,heter,Heter,3,50,0,20,20,epoch_round_tuning_instruction_client_count_e3r50_segmented/tuning-ffa-dolly_stratified-tinyllama-heter-e3-r50,epoch_round_tuning_instruction_client_count_e3r50_segmented/tuning-ffa-dolly_stratified-tinyllama-heter-e3-r50/seed0/20/log.txt,logs/tiny_instr_e3r50seg_s002_r12_37689_12.out,10,False,round config,Committed partial,10,1,4,3,1,20.341097187781426,round_config,epoch_round_tuning_instruction_client_count_e3r50_segmented/tuning-ffa-dolly_stratified-tinyllama-heter-e3-r50/seed0/20/3/round_config.json
12,ffa,Nonlinear FFA,dolly_stratified,Dolly stratified,tinyllama,TinyLlama,heter,Heter,3,50,0,20,20,epoch_round_tuning_instruction_client_count_e3r50_segmented/tuning-ffa-dolly_stratified-tinyllama-heter-e3-r50,epoch_round_tuning_instruction_client_count_e3r50_segmented/tuning-ffa-dolly_stratified-tinyllama-heter-e3-r50/seed0/20/log.txt,logs/tiny_instr_e3r50seg_s002_r12_37689_12.out,10,False,round config,Committed partial,10,1,5,4,1,22.70489854253341,round_config,epoch_round_tuning_instruction_client_count_e3r50_segmented/tuning-ffa-dolly_stratified-tinyllama-heter-e3-r50/seed0/20/4/round_config.json
12,ffa,Nonlinear FFA,dolly_stratified,Dolly stratified,tinyllama,TinyLlama,heter,Heter,3,50,0,20,20,epoch_round_tuning_instruction_client_count_e3r50_segmented/tuning-ffa-dolly_stratified-tinyllama-heter-e3-r50,epoch_round_tuning_instruction_client_count_e3r50_segmented/tuning-ffa-dolly_stratified-tinyllama-heter-e3-r50/seed0/20/log.txt,logs/tiny_instr_e3r50seg_s002_r12_37689_12.out,10,False,round config,Committed partial,10,1,6,5,1,24.264760439531614,round_config,epoch_round_tuning_instruction_client_count_e3r50_segmented/tuning-ffa-dolly_stratified-tinyllama-heter-e3-r50/seed0/20/5/round_config.json
12,ffa,Nonlinear FFA,dolly_stratified,Dolly stratified,tinyllama,TinyLlama,heter,Heter,3,50,0,20,20,epoch_round_tuning_instruction_client_count_e3r50_segmented/tuning-ffa-dolly_stratified-tinyllama-heter-e3-r50,epoch_round_tuning_instruction_client_count_e3r50_segmented/tuning-ffa-dolly_stratified-tinyllama-heter-e3-r50/seed0/20/log.txt,logs/tiny_instr_e3r50seg_s002_r12_37689_12.out,10,False,round config,Committed partial,10,1,7,6,1,25.451599068300485,round_config,epoch_round_tuning_instruction_client_count_e3r50_segmented/tuning-ffa-dolly_stratified-tinyllama-heter-e3-r50/seed0/20/6/round_config.json
12,ffa,Nonlinear FFA,dolly_stratified,Dolly stratified,tinyllama,TinyLlama,heter,Heter,3,50,0,20,20,epoch_round_tuning_instruction_client_count_e3r50_segmented/tuning-ffa-dolly_stratified-tinyllama-heter-e3-r50,epoch_round_tuning_instruction_client_count_e3r50_segmented/tuning-ffa-dolly_stratified-tinyllama-heter-e3-r50/seed0/20/log.txt,logs/tiny_instr_e3r50seg_s002_r12_37689_12.out,10,False,round config,Committed partial,10,1,8,7,1,26.13567951838055,round_config,epoch_round_tuning_instruction_client_count_e3r50_segmented/tuning-ffa-dolly_stratified-tinyllama-heter-e3-r50/seed0/20/7/round_config.json
12,ffa,Nonlinear FFA,dolly_stratified,Dolly stratified,tinyllama,TinyLlama,heter,Heter,3,50,0,20,20,epoch_round_tuning_instruction_client_count_e3r50_segmented/tuning-ffa-dolly_stratified-tinyllama-heter-e3-r50,epoch_round_tuning_instruction_client_count_e3r50_segmented/tuning-ffa-dolly_stratified-tinyllama-heter-e3-r50/seed0/20/log.txt,logs/tiny_instr_e3r50seg_s002_r12_37689_12.out,10,False,round config,Committed partial,10,1,9,8,1,25.72462315710693,round_config,epoch_round_tuning_instruction_client_count_e3r50_segmented/tuning-ffa-dolly_stratified-tinyllama-heter-e3-r50/seed0/20/8/round_config.json
12,ffa,Nonlinear FFA,dolly_stratified,Dolly stratified,tinyllama,TinyLlama,heter,Heter,3,50,0,20,20,epoch_round_tuning_instruction_client_count_e3r50_segmented/tuning-ffa-dolly_stratified-tinyllama-heter-e3-r50,epoch_round_tuning_instruction_client_count_e3r50_segmented/tuning-ffa-dolly_stratified-tinyllama-heter-e3-r50/seed0/20/log.txt,logs/tiny_instr_e3r50seg_s002_r12_37689_12.out,10,False,round config,Committed partial,10,1,10,9,1,26.25007375128135,round_config,epoch_round_tuning_instruction_client_count_e3r50_segmented/tuning-ffa-dolly_stratified-tinyllama-heter-e3-r50/seed0/20/9/round_config.json
1,flora,Linear FLoRA,dolly_stratified,Dolly stratified,tinyllama,TinyLlama,homo,Homo,3,50,0,3,3,epoch_round_tuning_instruction_client_count_e3r50_segmented/tuning-flora-dolly_stratified-tinyllama-homo-e3-r50,epoch_round_tuning_instruction_client_count_e3r50_segmented/tuning-flora-dolly_stratified-tinyllama-homo-e3-r50/seed0/3log.txt,logs/tiny_instr_e3r50seg_s002_r01_37678_1.out,20,False,round config,Committed partial,20,2,1,0,1,28.37831697733891,round_config,epoch_round_tuning_instruction_client_count_e3r50_segmented/tuning-flora-dolly_stratified-tinyllama-homo-e3-r50/seed0/3/0/round_config.json
1,flora,Linear FLoRA,dolly_stratified,Dolly stratified,tinyllama,TinyLlama,homo,Homo,3,50,0,3,3,epoch_round_tuning_instruction_client_count_e3r50_segmented/tuning-flora-dolly_stratified-tinyllama-homo-e3-r50,epoch_round_tuning_instruction_client_count_e3r50_segmented/tuning-flora-dolly_stratified-tinyllama-homo-e3-r50/seed0/3log.txt,logs/tiny_instr_e3r50seg_s002_r01_37678_1.out,20,False,round config,Committed partial,20,2,2,1,1,26.135418412495486,round_config,epoch_round_tuning_instruction_client_count_e3r50_segmented/tuning-flora-dolly_stratified-tinyllama-homo-e3-r50/seed0/3/1/round_config.json
1,flora,Linear FLoRA,dolly_stratified,Dolly stratified,tinyllama,TinyLlama,homo,Homo,3,50,0,3,3,epoch_round_tuning_instruction_client_count_e3r50_segmented/tuning-flora-dolly_stratified-tinyllama-homo-e3-r50,epoch_round_tuning_instruction_client_count_e3r50_segmented/tuning-flora-dolly_stratified-tinyllama-homo-e3-r50/seed0/3log.txt,logs/tiny_instr_e3r50seg_s002_r01_37678_1.out,20,False,round config,Committed partial,20,2,3,2,1,26.284512378015606,round_config,epoch_round_tuning_instruction_client_count_e3r50_segmented/tuning-flora-dolly_stratified-tinyllama-homo-e3-r50/seed0/3/2/round_config.json
1,flora,Linear FLoRA,dolly_stratified,Dolly stratified,tinyllama,TinyLlama,homo,Homo,3,50,0,3,3,epoch_round_tuning_instruction_client_count_e3r50_segmented/tuning-flora-dolly_stratified-tinyllama-homo-e3-r50,epoch_round_tuning_instruction_client_count_e3r50_segmented/tuning-flora-dolly_stratified-tinyllama-homo-e3-r50/seed0/3log.txt,logs/tiny_instr_e3r50seg_s002_r01_37678_1.out,20,False,round config,Committed partial,20,2,4,3,1,26.046391905803794,round_config,epoch_round_tuning_instruction_client_count_e3r50_segmented/tuning-flora-dolly_stratified-tinyllama-homo-e3-r50/seed0/3/3/round_config.json
1,flora,Linear FLoRA,dolly_stratified,Dolly stratified,tinyllama,TinyLlama,homo,Homo,3,50,0,3,3,epoch_round_tuning_instruction_client_count_e3r50_segmented/tuning-flora-dolly_stratified-tinyllama-homo-e3-r50,epoch_round_tuning_instruction_client_count_e3r50_segmented/tuning-flora-dolly_stratified-tinyllama-homo-e3-r50/seed0/3log.txt,logs/tiny_instr_e3r50seg_s002_r01_37678_1.out,20,False,round config,Committed partial,20,2,5,4,1,27.701123381479174,round_config,epoch_round_tuning_instruction_client_count_e3r50_segmented/tuning-flora-dolly_stratified-tinyllama-homo-e3-r50/seed0/3/4/round_config.json
1,flora,Linear FLoRA,dolly_stratified,Dolly stratified,tinyllama,TinyLlama,homo,Homo,3,50,0,3,3,epoch_round_tuning_instruction_client_count_e3r50_segmented/tuning-flora-dolly_stratified-tinyllama-homo-e3-r50,epoch_round_tuning_instruction_client_count_e3r50_segmented/tuning-flora-dolly_stratified-tinyllama-homo-e3-r50/seed0/3log.txt,logs/tiny_instr_e3r50seg_s002_r01_37678_1.out,20,False,round config,Committed partial,20,2,6,5,1,28.052387760822644,round_config,epoch_round_tuning_instruction_client_count_e3r50_segmented/tuning-flora-dolly_stratified-tinyllama-homo-e3-r50/seed0/3/5/round_config.json
1,flora,Linear FLoRA,dolly_stratified,Dolly stratified,tinyllama,TinyLlama,homo,Homo,3,50,0,3,3,epoch_round_tuning_instruction_client_count_e3r50_segmented/tuning-flora-dolly_stratified-tinyllama-homo-e3-r50,epoch_round_tuning_instruction_client_count_e3r50_segmented/tuning-flora-dolly_stratified-tinyllama-homo-e3-r50/seed0/3log.txt,logs/tiny_instr_e3r50seg_s002_r01_37678_1.out,20,False,round config,Committed partial,20,2,7,6,1,26.615597108830503,round_config,epoch_round_tuning_instruction_client_count_e3r50_segmented/tuning-flora-dolly_stratified-tinyllama-homo-e3-r50/seed0/3/6/round_config.json
1,flora,Linear FLoRA,dolly_stratified,Dolly stratified,tinyllama,TinyLlama,homo,Homo,3,50,0,3,3,epoch_round_tuning_instruction_client_count_e3r50_segmented/tuning-flora-dolly_stratified-tinyllama-homo-e3-r50,epoch_round_tuning_instruction_client_count_e3r50_segmented/tuning-flora-dolly_stratified-tinyllama-homo-e3-r50/seed0/3log.txt,logs/tiny_instr_e3r50seg_s002_r01_37678_1.out,20,False,round config,Committed partial,20,2,8,7,1,28.424941333379667,round_config,epoch_round_tuning_instruction_client_count_e3r50_segmented/tuning-flora-dolly_stratified-tinyllama-homo-e3-r50/seed0/3/7/round_config.json
1,flora,Linear FLoRA,dolly_stratified,Dolly stratified,tinyllama,TinyLlama,homo,Homo,3,50,0,3,3,epoch_round_tuning_instruction_client_count_e3r50_segmented/tuning-flora-dolly_stratified-tinyllama-homo-e3-r50,epoch_round_tuning_instruction_client_count_e3r50_segmented/tuning-flora-dolly_stratified-tinyllama-homo-e3-r50/seed0/3log.txt,logs/tiny_instr_e3r50seg_s002_r01_37678_1.out,20,False,round config,Committed partial,20,2,9,8,1,28.320495775017303,round_config,epoch_round_tuning_instruction_client_count_e3r50_segmented/tuning-flora-dolly_stratified-tinyllama-homo-e3-r50/seed0/3/8/round_config.json
1,flora,Linear FLoRA,dolly_stratified,Dolly stratified,tinyllama,TinyLlama,homo,Homo,3,50,0,3,3,epoch_round_tuning_instruction_client_count_e3r50_segmented/tuning-flora-dolly_stratified-tinyllama-homo-e3-r50,epoch_round_tuning_instruction_client_count_e3r50_segmented/tuning-flora-dolly_stratified-tinyllama-homo-e3-r50/seed0/3log.txt,logs/tiny_instr_e3r50seg_s002_r01_37678_1.out,20,False,round config,Committed partial,20,2,10,9,1,25.966127249423497,round_config,epoch_round_tuning_instruction_client_count_e3r50_segmented/tuning-flora-dolly_stratified-tinyllama-homo-e3-r50/seed0/3/9/round_config.json
1,flora,Linear FLoRA,dolly_stratified,Dolly stratified,tinyllama,TinyLlama,homo,Homo,3,50,0,3,3,epoch_round_tuning_instruction_client_count_e3r50_segmented/tuning-flora-dolly_stratified-tinyllama-homo-e3-r50,epoch_round_tuning_instruction_client_count_e3r50_segmented/tuning-flora-dolly_stratified-tinyllama-homo-e3-r50/seed0/3log.txt,logs/tiny_instr_e3r50seg_s002_r01_37678_1.out,20,False,round config,Committed partial,20,2,11,10,2,28.35550475552113,round_config,epoch_round_tuning_instruction_client_count_e3r50_segmented/tuning-flora-dolly_stratified-tinyllama-homo-e3-r50/seed0/3/10/round_config.json
1,flora,Linear FLoRA,dolly_stratified,Dolly stratified,tinyllama,TinyLlama,homo,Homo,3,50,0,3,3,epoch_round_tuning_instruction_client_count_e3r50_segmented/tuning-flora-dolly_stratified-tinyllama-homo-e3-r50,epoch_round_tuning_instruction_client_count_e3r50_segmented/tuning-flora-dolly_stratified-tinyllama-homo-e3-r50/seed0/3log.txt,logs/tiny_instr_e3r50seg_s002_r01_37678_1.out,20,False,round config,Committed partial,20,2,12,11,2,26.93443226926906,round_config,epoch_round_tuning_instruction_client_count_e3r50_segmented/tuning-flora-dolly_stratified-tinyllama-homo-e3-r50/seed0/3/11/round_config.json
1,flora,Linear FLoRA,dolly_stratified,Dolly stratified,tinyllama,TinyLlama,homo,Homo,3,50,0,3,3,epoch_round_tuning_instruction_client_count_e3r50_segmented/tuning-flora-dolly_stratified-tinyllama-homo-e3-r50,epoch_round_tuning_instruction_client_count_e3r50_segmented/tuning-flora-dolly_stratified-tinyllama-homo-e3-r50/seed0/3log.txt,logs/tiny_instr_e3r50seg_s002_r01_37678_1.out,20,False,round config,Committed partial,20,2,13,12,2,27.74545521894861,round_config,epoch_round_tuning_instruction_client_count_e3r50_segmented/tuning-flora-dolly_stratified-tinyllama-homo-e3-r50/seed0/3/12/round_config.json
1,flora,Linear FLoRA,dolly_stratified,Dolly stratified,tinyllama,TinyLlama,homo,Homo,3,50,0,3,3,epoch_round_tuning_instruction_client_count_e3r50_segmented/tuning-flora-dolly_stratified-tinyllama-homo-e3-r50,epoch_round_tuning_instruction_client_count_e3r50_segmented/tuning-flora-dolly_stratified-tinyllama-homo-e3-r50/seed0/3log.txt,logs/tiny_instr_e3r50seg_s002_r01_37678_1.out,20,False,round config,Committed partial,20,2,14,13,2,27.538580552776942,round_config,epoch_round_tuning_instruction_client_count_e3r50_segmented/tuning-flora-dolly_stratified-tinyllama-homo-e3-r50/seed0/3/13/round_config.json
1,flora,Linear FLoRA,dolly_stratified,Dolly stratified,tinyllama,TinyLlama,homo,Homo,3,50,0,3,3,epoch_round_tuning_instruction_client_count_e3r50_segmented/tuning-flora-dolly_stratified-tinyllama-homo-e3-r50,epoch_round_tuning_instruction_client_count_e3r50_segmented/tuning-flora-dolly_stratified-tinyllama-homo-e3-r50/seed0/3log.txt,logs/tiny_instr_e3r50seg_s002_r01_37678_1.out,20,False,round config,Committed partial,20,2,15,14,2,27.76858961847851,round_config,epoch_round_tuning_instruction_client_count_e3r50_segmented/tuning-flora-dolly_stratified-tinyllama-homo-e3-r50/seed0/3/14/round_config.json
1,flora,Linear FLoRA,dolly_stratified,Dolly stratified,tinyllama,TinyLlama,homo,Homo,3,50,0,3,3,epoch_round_tuning_instruction_client_count_e3r50_segmented/tuning-flora-dolly_stratified-tinyllama-homo-e3-r50,epoch_round_tuning_instruction_client_count_e3r50_segmented/tuning-flora-dolly_stratified-tinyllama-homo-e3-r50/seed0/3log.txt,logs/tiny_instr_e3r50seg_s002_r01_37678_1.out,20,False,round config,Committed partial,20,2,16,15,2,28.556988370972462,round_config,epoch_round_tuning_instruction_client_count_e3r50_segmented/tuning-flora-dolly_stratified-tinyllama-homo-e3-r50/seed0/3/15/round_config.json
1,flora,Linear FLoRA,dolly_stratified,Dolly stratified,tinyllama,TinyLlama,homo,Homo,3,50,0,3,3,epoch_round_tuning_instruction_client_count_e3r50_segmented/tuning-flora-dolly_stratified-tinyllama-homo-e3-r50,epoch_round_tuning_instruction_client_count_e3r50_segmented/tuning-flora-dolly_stratified-tinyllama-homo-e3-r50/seed0/3log.txt,logs/tiny_instr_e3r50seg_s002_r01_37678_1.out,20,False,round config,Committed partial,20,2,17,16,2,28.491623913408503,round_config,epoch_round_tuning_instruction_client_count_e3r50_segmented/tuning-flora-dolly_stratified-tinyllama-homo-e3-r50/seed0/3/16/round_config.json
1,flora,Linear FLoRA,dolly_stratified,Dolly stratified,tinyllama,TinyLlama,homo,Homo,3,50,0,3,3,epoch_round_tuning_instruction_client_count_e3r50_segmented/tuning-flora-dolly_stratified-tinyllama-homo-e3-r50,epoch_round_tuning_instruction_client_count_e3r50_segmented/tuning-flora-dolly_stratified-tinyllama-homo-e3-r50/seed0/3log.txt,logs/tiny_instr_e3r50seg_s002_r01_37678_1.out,20,False,round config,Committed partial,20,2,18,17,2,28.951266989288982,round_config,epoch_round_tuning_instruction_client_count_e3r50_segmented/tuning-flora-dolly_stratified-tinyllama-homo-e3-r50/seed0/3/17/round_config.json
1,flora,Linear FLoRA,dolly_stratified,Dolly stratified,tinyllama,TinyLlama,homo,Homo,3,50,0,3,3,epoch_round_tuning_instruction_client_count_e3r50_segmented/tuning-flora-dolly_stratified-tinyllama-homo-e3-r50,epoch_round_tuning_instruction_client_count_e3r50_segmented/tuning-flora-dolly_stratified-tinyllama-homo-e3-r50/seed0/3log.txt,logs/tiny_instr_e3r50seg_s002_r01_37678_1.out,20,False,round config,Committed partial,20,2,19,18,2,28.626508257263144,round_config,epoch_round_tuning_instruction_client_count_e3r50_segmented/tuning-flora-dolly_stratified-tinyllama-homo-e3-r50/seed0/3/18/round_config.json
1,flora,Linear FLoRA,dolly_stratified,Dolly stratified,tinyllama,TinyLlama,homo,Homo,3,50,0,3,3,epoch_round_tuning_instruction_client_count_e3r50_segmented/tuning-flora-dolly_stratified-tinyllama-homo-e3-r50,epoch_round_tuning_instruction_client_count_e3r50_segmented/tuning-flora-dolly_stratified-tinyllama-homo-e3-r50/seed0/3log.txt,logs/tiny_instr_e3r50seg_s002_r01_37678_1.out,20,False,round config,Committed partial,20,2,20,19,2,29.211827033216835,round_config,epoch_round_tuning_instruction_client_count_e3r50_segmented/tuning-flora-dolly_stratified-tinyllama-homo-e3-r50/seed0/3/19/round_config.json
7,ffa,Nonlinear FFA,dolly_stratified,Dolly stratified,tinyllama,TinyLlama,homo,Homo,3,50,0,3,3,epoch_round_tuning_instruction_client_count_e3r50_segmented/tuning-ffa-dolly_stratified-tinyllama-homo-e3-r50,epoch_round_tuning_instruction_client_count_e3r50_segmented/tuning-ffa-dolly_stratified-tinyllama-homo-e3-r50/seed0/3/log.txt,logs/tiny_instr_e3r50seg_s001_r07_37660_7.out,10,False,round config,Committed partial,10,1,1,0,1,27.263354601320138,round_config,epoch_round_tuning_instruction_client_count_e3r50_segmented/tuning-ffa-dolly_stratified-tinyllama-homo-e3-r50/seed0/3/0/round_config.json
7,ffa,Nonlinear FFA,dolly_stratified,Dolly stratified,tinyllama,TinyLlama,homo,Homo,3,50,0,3,3,epoch_round_tuning_instruction_client_count_e3r50_segmented/tuning-ffa-dolly_stratified-tinyllama-homo-e3-r50,epoch_round_tuning_instruction_client_count_e3r50_segmented/tuning-ffa-dolly_stratified-tinyllama-homo-e3-r50/seed0/3/log.txt,logs/tiny_instr_e3r50seg_s001_r07_37660_7.out,10,False,round config,Committed partial,10,1,2,1,1,27.881321426486267,round_config,epoch_round_tuning_instruction_client_count_e3r50_segmented/tuning-ffa-dolly_stratified-tinyllama-homo-e3-r50/seed0/3/1/round_config.json
7,ffa,Nonlinear FFA,dolly_stratified,Dolly stratified,tinyllama,TinyLlama,homo,Homo,3,50,0,3,3,epoch_round_tuning_instruction_client_count_e3r50_segmented/tuning-ffa-dolly_stratified-tinyllama-homo-e3-r50,epoch_round_tuning_instruction_client_count_e3r50_segmented/tuning-ffa-dolly_stratified-tinyllama-homo-e3-r50/seed0/3/log.txt,logs/tiny_instr_e3r50seg_s001_r07_37660_7.out,10,False,round config,Committed partial,10,1,3,2,1,28.778352292414006,round_config,epoch_round_tuning_instruction_client_count_e3r50_segmented/tuning-ffa-dolly_stratified-tinyllama-homo-e3-r50/seed0/3/2/round_config.json
7,ffa,Nonlinear FFA,dolly_stratified,Dolly stratified,tinyllama,TinyLlama,homo,Homo,3,50,0,3,3,epoch_round_tuning_instruction_client_count_e3r50_segmented/tuning-ffa-dolly_stratified-tinyllama-homo-e3-r50,epoch_round_tuning_instruction_client_count_e3r50_segmented/tuning-ffa-dolly_stratified-tinyllama-homo-e3-r50/seed0/3/log.txt,logs/tiny_instr_e3r50seg_s001_r07_37660_7.out,10,False,round config,Committed partial,10,1,4,3,1,29.650430302228614,round_config,epoch_round_tuning_instruction_client_count_e3r50_segmented/tuning-ffa-dolly_stratified-tinyllama-homo-e3-r50/seed0/3/3/round_config.json
7,ffa,Nonlinear FFA,dolly_stratified,Dolly stratified,tinyllama,TinyLlama,homo,Homo,3,50,0,3,3,epoch_round_tuning_instruction_client_count_e3r50_segmented/tuning-ffa-dolly_stratified-tinyllama-homo-e3-r50,epoch_round_tuning_instruction_client_count_e3r50_segmented/tuning-ffa-dolly_stratified-tinyllama-homo-e3-r50/seed0/3/log.txt,logs/tiny_instr_e3r50seg_s001_r07_37660_7.out,10,False,round config,Committed partial,10,1,5,4,1,31.318223656085358,round_config,epoch_round_tuning_instruction_client_count_e3r50_segmented/tuning-ffa-dolly_stratified-tinyllama-homo-e3-r50/seed0/3/4/round_config.json
7,ffa,Nonlinear FFA,dolly_stratified,Dolly stratified,tinyllama,TinyLlama,homo,Homo,3,50,0,3,3,epoch_round_tuning_instruction_client_count_e3r50_segmented/tuning-ffa-dolly_stratified-tinyllama-homo-e3-r50,epoch_round_tuning_instruction_client_count_e3r50_segmented/tuning-ffa-dolly_stratified-tinyllama-homo-e3-r50/seed0/3/log.txt,logs/tiny_instr_e3r50seg_s001_r07_37660_7.out,10,False,round config,Committed partial,10,1,6,5,1,30.460475503468924,round_config,epoch_round_tuning_instruction_client_count_e3r50_segmented/tuning-ffa-dolly_stratified-tinyllama-homo-e3-r50/seed0/3/5/round_config.json
7,ffa,Nonlinear FFA,dolly_stratified,Dolly stratified,tinyllama,TinyLlama,homo,Homo,3,50,0,3,3,epoch_round_tuning_instruction_client_count_e3r50_segmented/tuning-ffa-dolly_stratified-tinyllama-homo-e3-r50,epoch_round_tuning_instruction_client_count_e3r50_segmented/tuning-ffa-dolly_stratified-tinyllama-homo-e3-r50/seed0/3/log.txt,logs/tiny_instr_e3r50seg_s001_r07_37660_7.out,10,False,round config,Committed partial,10,1,7,6,1,32.428623139071156,round_config,epoch_round_tuning_instruction_client_count_e3r50_segmented/tuning-ffa-dolly_stratified-tinyllama-homo-e3-r50/seed0/3/6/round_config.json
7,ffa,Nonlinear FFA,dolly_stratified,Dolly stratified,tinyllama,TinyLlama,homo,Homo,3,50,0,3,3,epoch_round_tuning_instruction_client_count_e3r50_segmented/tuning-ffa-dolly_stratified-tinyllama-homo-e3-r50,epoch_round_tuning_instruction_client_count_e3r50_segmented/tuning-ffa-dolly_stratified-tinyllama-homo-e3-r50/seed0/3/log.txt,logs/tiny_instr_e3r50seg_s001_r07_37660_7.out,10,False,round config,Committed partial,10,1,8,7,1,33.57479711734421,round_config,epoch_round_tuning_instruction_client_count_e3r50_segmented/tuning-ffa-dolly_stratified-tinyllama-homo-e3-r50/seed0/3/7/round_config.json
7,ffa,Nonlinear FFA,dolly_stratified,Dolly stratified,tinyllama,TinyLlama,homo,Homo,3,50,0,3,3,epoch_round_tuning_instruction_client_count_e3r50_segmented/tuning-ffa-dolly_stratified-tinyllama-homo-e3-r50,epoch_round_tuning_instruction_client_count_e3r50_segmented/tuning-ffa-dolly_stratified-tinyllama-homo-e3-r50/seed0/3/log.txt,logs/tiny_instr_e3r50seg_s001_r07_37660_7.out,10,False,round config,Committed partial,10,1,9,8,1,31.141833175559892,round_config,epoch_round_tuning_instruction_client_count_e3r50_segmented/tuning-ffa-dolly_stratified-tinyllama-homo-e3-r50/seed0/3/8/round_config.json
7,ffa,Nonlinear FFA,dolly_stratified,Dolly stratified,tinyllama,TinyLlama,homo,Homo,3,50,0,3,3,epoch_round_tuning_instruction_client_count_e3r50_segmented/tuning-ffa-dolly_stratified-tinyllama-homo-e3-r50,epoch_round_tuning_instruction_client_count_e3r50_segmented/tuning-ffa-dolly_stratified-tinyllama-homo-e3-r50/seed0/3/log.txt,logs/tiny_instr_e3r50seg_s001_r07_37660_7.out,10,False,round config,Committed partial,10,1,10,9,1,29.36505531356326,round_config,epoch_round_tuning_instruction_client_count_e3r50_segmented/tuning-ffa-dolly_stratified-tinyllama-homo-e3-r50/seed0/3/9/round_config.json
2,flora,Linear FLoRA,dolly_stratified,Dolly stratified,tinyllama,TinyLlama,homo,Homo,3,50,0,10,10,epoch_round_tuning_instruction_client_count_e3r50_segmented/tuning-flora-dolly_stratified-tinyllama-homo-e3-r50,epoch_round_tuning_instruction_client_count_e3r50_segmented/tuning-flora-dolly_stratified-tinyllama-homo-e3-r50/seed0/10log.txt,logs/tiny_instr_e3r50seg_s002_r02_37679_2.out,20,False,round config,Committed partial,20,2,1,0,1,26.60980829050208,round_config,epoch_round_tuning_instruction_client_count_e3r50_segmented/tuning-flora-dolly_stratified-tinyllama-homo-e3-r50/seed0/10/0/round_config.json
2,flora,Linear FLoRA,dolly_stratified,Dolly stratified,tinyllama,TinyLlama,homo,Homo,3,50,0,10,10,epoch_round_tuning_instruction_client_count_e3r50_segmented/tuning-flora-dolly_stratified-tinyllama-homo-e3-r50,epoch_round_tuning_instruction_client_count_e3r50_segmented/tuning-flora-dolly_stratified-tinyllama-homo-e3-r50/seed0/10log.txt,logs/tiny_instr_e3r50seg_s002_r02_37679_2.out,20,False,round config,Committed partial,20,2,2,1,1,28.661403465219077,round_config,epoch_round_tuning_instruction_client_count_e3r50_segmented/tuning-flora-dolly_stratified-tinyllama-homo-e3-r50/seed0/10/1/round_config.json
2,flora,Linear FLoRA,dolly_stratified,Dolly stratified,tinyllama,TinyLlama,homo,Homo,3,50,0,10,10,epoch_round_tuning_instruction_client_count_e3r50_segmented/tuning-flora-dolly_stratified-tinyllama-homo-e3-r50,epoch_round_tuning_instruction_client_count_e3r50_segmented/tuning-flora-dolly_stratified-tinyllama-homo-e3-r50/seed0/10log.txt,logs/tiny_instr_e3r50seg_s002_r02_37679_2.out,20,False,round config,Committed partial,20,2,3,2,1,27.660918690615237,round_config,epoch_round_tuning_instruction_client_count_e3r50_segmented/tuning-flora-dolly_stratified-tinyllama-homo-e3-r50/seed0/10/2/round_config.json
2,flora,Linear FLoRA,dolly_stratified,Dolly stratified,tinyllama,TinyLlama,homo,Homo,3,50,0,10,10,epoch_round_tuning_instruction_client_count_e3r50_segmented/tuning-flora-dolly_stratified-tinyllama-homo-e3-r50,epoch_round_tuning_instruction_client_count_e3r50_segmented/tuning-flora-dolly_stratified-tinyllama-homo-e3-r50/seed0/10log.txt,logs/tiny_instr_e3r50seg_s002_r02_37679_2.out,20,False,round config,Committed partial,20,2,4,3,1,28.177055464547706,round_config,epoch_round_tuning_instruction_client_count_e3r50_segmented/tuning-flora-dolly_stratified-tinyllama-homo-e3-r50/seed0/10/3/round_config.json
2,flora,Linear FLoRA,dolly_stratified,Dolly stratified,tinyllama,TinyLlama,homo,Homo,3,50,0,10,10,epoch_round_tuning_instruction_client_count_e3r50_segmented/tuning-flora-dolly_stratified-tinyllama-homo-e3-r50,epoch_round_tuning_instruction_client_count_e3r50_segmented/tuning-flora-dolly_stratified-tinyllama-homo-e3-r50/seed0/10log.txt,logs/tiny_instr_e3r50seg_s002_r02_37679_2.out,20,False,round config,Committed partial,20,2,5,4,1,26.892724589234295,round_config,epoch_round_tuning_instruction_client_count_e3r50_segmented/tuning-flora-dolly_stratified-tinyllama-homo-e3-r50/seed0/10/4/round_config.json
2,flora,Linear FLoRA,dolly_stratified,Dolly stratified,tinyllama,TinyLlama,homo,Homo,3,50,0,10,10,epoch_round_tuning_instruction_client_count_e3r50_segmented/tuning-flora-dolly_stratified-tinyllama-homo-e3-r50,epoch_round_tuning_instruction_client_count_e3r50_segmented/tuning-flora-dolly_stratified-tinyllama-homo-e3-r50/seed0/10log.txt,logs/tiny_instr_e3r50seg_s002_r02_37679_2.out,20,False,round config,Committed partial,20,2,6,5,1,27.60899213784705,round_config,epoch_round_tuning_instruction_client_count_e3r50_segmented/tuning-flora-dolly_stratified-tinyllama-homo-e3-r50/seed0/10/5/round_config.json
2,flora,Linear FLoRA,dolly_stratified,Dolly stratified,tinyllama,TinyLlama,homo,Homo,3,50,0,10,10,epoch_round_tuning_instruction_client_count_e3r50_segmented/tuning-flora-dolly_stratified-tinyllama-homo-e3-r50,epoch_round_tuning_instruction_client_count_e3r50_segmented/tuning-flora-dolly_stratified-tinyllama-homo-e3-r50/seed0/10log.txt,logs/tiny_instr_e3r50seg_s002_r02_37679_2.out,20,False,round config,Committed partial,20,2,7,6,1,27.943549145263823,round_config,epoch_round_tuning_instruction_client_count_e3r50_segmented/tuning-flora-dolly_stratified-tinyllama-homo-e3-r50/seed0/10/6/round_config.json
2,flora,Linear FLoRA,dolly_stratified,Dolly stratified,tinyllama,TinyLlama,homo,Homo,3,50,0,10,10,epoch_round_tuning_instruction_client_count_e3r50_segmented/tuning-flora-dolly_stratified-tinyllama-homo-e3-r50,epoch_round_tuning_instruction_client_count_e3r50_segmented/tuning-flora-dolly_stratified-tinyllama-homo-e3-r50/seed0/10log.txt,logs/tiny_instr_e3r50seg_s002_r02_37679_2.out,20,False,round config,Committed partial,20,2,8,7,1,28.008894718765298,round_config,epoch_round_tuning_instruction_client_count_e3r50_segmented/tuning-flora-dolly_stratified-tinyllama-homo-e3-r50/seed0/10/7/round_config.json
2,flora,Linear FLoRA,dolly_stratified,Dolly stratified,tinyllama,TinyLlama,homo,Homo,3,50,0,10,10,epoch_round_tuning_instruction_client_count_e3r50_segmented/tuning-flora-dolly_stratified-tinyllama-homo-e3-r50,epoch_round_tuning_instruction_client_count_e3r50_segmented/tuning-flora-dolly_stratified-tinyllama-homo-e3-r50/seed0/10log.txt,logs/tiny_instr_e3r50seg_s002_r02_37679_2.out,20,False,round config,Committed partial,20,2,9,8,1,28.18310074402128,round_config,epoch_round_tuning_instruction_client_count_e3r50_segmented/tuning-flora-dolly_stratified-tinyllama-homo-e3-r50/seed0/10/8/round_config.json
2,flora,Linear FLoRA,dolly_stratified,Dolly stratified,tinyllama,TinyLlama,homo,Homo,3,50,0,10,10,epoch_round_tuning_instruction_client_count_e3r50_segmented/tuning-flora-dolly_stratified-tinyllama-homo-e3-r50,epoch_round_tuning_instruction_client_count_e3r50_segmented/tuning-flora-dolly_stratified-tinyllama-homo-e3-r50/seed0/10log.txt,logs/tiny_instr_e3r50seg_s002_r02_37679_2.out,20,False,round config,Committed partial,20,2,10,9,1,28.547522085680043,round_config,epoch_round_tuning_instruction_client_count_e3r50_segmented/tuning-flora-dolly_stratified-tinyllama-homo-e3-r50/seed0/10/9/round_config.json
2,flora,Linear FLoRA,dolly_stratified,Dolly stratified,tinyllama,TinyLlama,homo,Homo,3,50,0,10,10,epoch_round_tuning_instruction_client_count_e3r50_segmented/tuning-flora-dolly_stratified-tinyllama-homo-e3-r50,epoch_round_tuning_instruction_client_count_e3r50_segmented/tuning-flora-dolly_stratified-tinyllama-homo-e3-r50/seed0/10log.txt,logs/tiny_instr_e3r50seg_s002_r02_37679_2.out,20,False,round config,Committed partial,20,2,11,10,2,28.025689560661142,round_config,epoch_round_tuning_instruction_client_count_e3r50_segmented/tuning-flora-dolly_stratified-tinyllama-homo-e3-r50/seed0/10/10/round_config.json
2,flora,Linear FLoRA,dolly_stratified,Dolly stratified,tinyllama,TinyLlama,homo,Homo,3,50,0,10,10,epoch_round_tuning_instruction_client_count_e3r50_segmented/tuning-flora-dolly_stratified-tinyllama-homo-e3-r50,epoch_round_tuning_instruction_client_count_e3r50_segmented/tuning-flora-dolly_stratified-tinyllama-homo-e3-r50/seed0/10log.txt,logs/tiny_instr_e3r50seg_s002_r02_37679_2.out,20,False,round config,Committed partial,20,2,12,11,2,28.2450076270367,round_config,epoch_round_tuning_instruction_client_count_e3r50_segmented/tuning-flora-dolly_stratified-tinyllama-homo-e3-r50/seed0/10/11/round_config.json
2,flora,Linear FLoRA,dolly_stratified,Dolly stratified,tinyllama,TinyLlama,homo,Homo,3,50,0,10,10,epoch_round_tuning_instruction_client_count_e3r50_segmented/tuning-flora-dolly_stratified-tinyllama-homo-e3-r50,epoch_round_tuning_instruction_client_count_e3r50_segmented/tuning-flora-dolly_stratified-tinyllama-homo-e3-r50/seed0/10log.txt,logs/tiny_instr_e3r50seg_s002_r02_37679_2.out,20,False,round config,Committed partial,20,2,13,12,2,28.797439267208702,round_config,epoch_round_tuning_instruction_client_count_e3r50_segmented/tuning-flora-dolly_stratified-tinyllama-homo-e3-r50/seed0/10/12/round_config.json
2,flora,Linear FLoRA,dolly_stratified,Dolly stratified,tinyllama,TinyLlama,homo,Homo,3,50,0,10,10,epoch_round_tuning_instruction_client_count_e3r50_segmented/tuning-flora-dolly_stratified-tinyllama-homo-e3-r50,epoch_round_tuning_instruction_client_count_e3r50_segmented/tuning-flora-dolly_stratified-tinyllama-homo-e3-r50/seed0/10log.txt,logs/tiny_instr_e3r50seg_s002_r02_37679_2.out,20,False,round config,Committed partial,20,2,14,13,2,28.809358211332164,round_config,epoch_round_tuning_instruction_client_count_e3r50_segmented/tuning-flora-dolly_stratified-tinyllama-homo-e3-r50/seed0/10/13/round_config.json
2,flora,Linear FLoRA,dolly_stratified,Dolly stratified,tinyllama,TinyLlama,homo,Homo,3,50,0,10,10,epoch_round_tuning_instruction_client_count_e3r50_segmented/tuning-flora-dolly_stratified-tinyllama-homo-e3-r50,epoch_round_tuning_instruction_client_count_e3r50_segmented/tuning-flora-dolly_stratified-tinyllama-homo-e3-r50/seed0/10log.txt,logs/tiny_instr_e3r50seg_s002_r02_37679_2.out,20,False,round config,Committed partial,20,2,15,14,2,27.546198813295124,round_config,epoch_round_tuning_instruction_client_count_e3r50_segmented/tuning-flora-dolly_stratified-tinyllama-homo-e3-r50/seed0/10/14/round_config.json
2,flora,Linear FLoRA,dolly_stratified,Dolly stratified,tinyllama,TinyLlama,homo,Homo,3,50,0,10,10,epoch_round_tuning_instruction_client_count_e3r50_segmented/tuning-flora-dolly_stratified-tinyllama-homo-e3-r50,epoch_round_tuning_instruction_client_count_e3r50_segmented/tuning-flora-dolly_stratified-tinyllama-homo-e3-r50/seed0/10log.txt,logs/tiny_instr_e3r50seg_s002_r02_37679_2.out,20,False,round config,Committed partial,20,2,16,15,2,27.9030069158541,round_config,epoch_round_tuning_instruction_client_count_e3r50_segmented/tuning-flora-dolly_stratified-tinyllama-homo-e3-r50/seed0/10/15/round_config.json
2,flora,Linear FLoRA,dolly_stratified,Dolly stratified,tinyllama,TinyLlama,homo,Homo,3,50,0,10,10,epoch_round_tuning_instruction_client_count_e3r50_segmented/tuning-flora-dolly_stratified-tinyllama-homo-e3-r50,epoch_round_tuning_instruction_client_count_e3r50_segmented/tuning-flora-dolly_stratified-tinyllama-homo-e3-r50/seed0/10log.txt,logs/tiny_instr_e3r50seg_s002_r02_37679_2.out,20,False,round config,Committed partial,20,2,17,16,2,28.60507203311701,round_config,epoch_round_tuning_instruction_client_count_e3r50_segmented/tuning-flora-dolly_stratified-tinyllama-homo-e3-r50/seed0/10/16/round_config.json
2,flora,Linear FLoRA,dolly_stratified,Dolly stratified,tinyllama,TinyLlama,homo,Homo,3,50,0,10,10,epoch_round_tuning_instruction_client_count_e3r50_segmented/tuning-flora-dolly_stratified-tinyllama-homo-e3-r50,epoch_round_tuning_instruction_client_count_e3r50_segmented/tuning-flora-dolly_stratified-tinyllama-homo-e3-r50/seed0/10log.txt,logs/tiny_instr_e3r50seg_s002_r02_37679_2.out,20,False,round config,Committed partial,20,2,18,17,2,28.287315570310245,round_config,epoch_round_tuning_instruction_client_count_e3r50_segmented/tuning-flora-dolly_stratified-tinyllama-homo-e3-r50/seed0/10/17/round_config.json
2,flora,Linear FLoRA,dolly_stratified,Dolly stratified,tinyllama,TinyLlama,homo,Homo,3,50,0,10,10,epoch_round_tuning_instruction_client_count_e3r50_segmented/tuning-flora-dolly_stratified-tinyllama-homo-e3-r50,epoch_round_tuning_instruction_client_count_e3r50_segmented/tuning-flora-dolly_stratified-tinyllama-homo-e3-r50/seed0/10log.txt,logs/tiny_instr_e3r50seg_s002_r02_37679_2.out,20,False,round config,Committed partial,20,2,19,18,2,28.08257938904276,round_config,epoch_round_tuning_instruction_client_count_e3r50_segmented/tuning-flora-dolly_stratified-tinyllama-homo-e3-r50/seed0/10/18/round_config.json
2,flora,Linear FLoRA,dolly_stratified,Dolly stratified,tinyllama,TinyLlama,homo,Homo,3,50,0,10,10,epoch_round_tuning_instruction_client_count_e3r50_segmented/tuning-flora-dolly_stratified-tinyllama-homo-e3-r50,epoch_round_tuning_instruction_client_count_e3r50_segmented/tuning-flora-dolly_stratified-tinyllama-homo-e3-r50/seed0/10log.txt,logs/tiny_instr_e3r50seg_s002_r02_37679_2.out,20,False,round config,Committed partial,20,2,20,19,2,27.014994314948876,round_config,epoch_round_tuning_instruction_client_count_e3r50_segmented/tuning-flora-dolly_stratified-tinyllama-homo-e3-r50/seed0/10/19/round_config.json
8,ffa,Nonlinear FFA,dolly_stratified,Dolly stratified,tinyllama,TinyLlama,homo,Homo,3,50,0,10,10,epoch_round_tuning_instruction_client_count_e3r50_segmented/tuning-ffa-dolly_stratified-tinyllama-homo-e3-r50,epoch_round_tuning_instruction_client_count_e3r50_segmented/tuning-ffa-dolly_stratified-tinyllama-homo-e3-r50/seed0/10/log.txt,logs/tiny_instr_e3r50seg_s001_r08_37661_8.out,10,False,round config,Committed partial,10,1,1,0,1,20.116303880231097,round_config,epoch_round_tuning_instruction_client_count_e3r50_segmented/tuning-ffa-dolly_stratified-tinyllama-homo-e3-r50/seed0/10/0/round_config.json
8,ffa,Nonlinear FFA,dolly_stratified,Dolly stratified,tinyllama,TinyLlama,homo,Homo,3,50,0,10,10,epoch_round_tuning_instruction_client_count_e3r50_segmented/tuning-ffa-dolly_stratified-tinyllama-homo-e3-r50,epoch_round_tuning_instruction_client_count_e3r50_segmented/tuning-ffa-dolly_stratified-tinyllama-homo-e3-r50/seed0/10/log.txt,logs/tiny_instr_e3r50seg_s001_r08_37661_8.out,10,False,round config,Committed partial,10,1,2,1,1,27.728141423971152,round_config,epoch_round_tuning_instruction_client_count_e3r50_segmented/tuning-ffa-dolly_stratified-tinyllama-homo-e3-r50/seed0/10/1/round_config.json
8,ffa,Nonlinear FFA,dolly_stratified,Dolly stratified,tinyllama,TinyLlama,homo,Homo,3,50,0,10,10,epoch_round_tuning_instruction_client_count_e3r50_segmented/tuning-ffa-dolly_stratified-tinyllama-homo-e3-r50,epoch_round_tuning_instruction_client_count_e3r50_segmented/tuning-ffa-dolly_stratified-tinyllama-homo-e3-r50/seed0/10/log.txt,logs/tiny_instr_e3r50seg_s001_r08_37661_8.out,10,False,round config,Committed partial,10,1,3,2,1,29.239334785137196,round_config,epoch_round_tuning_instruction_client_count_e3r50_segmented/tuning-ffa-dolly_stratified-tinyllama-homo-e3-r50/seed0/10/2/round_config.json
8,ffa,Nonlinear FFA,dolly_stratified,Dolly stratified,tinyllama,TinyLlama,homo,Homo,3,50,0,10,10,epoch_round_tuning_instruction_client_count_e3r50_segmented/tuning-ffa-dolly_stratified-tinyllama-homo-e3-r50,epoch_round_tuning_instruction_client_count_e3r50_segmented/tuning-ffa-dolly_stratified-tinyllama-homo-e3-r50/seed0/10/log.txt,logs/tiny_instr_e3r50seg_s001_r08_37661_8.out,10,False,round config,Committed partial,10,1,4,3,1,26.802993556583065,round_config,epoch_round_tuning_instruction_client_count_e3r50_segmented/tuning-ffa-dolly_stratified-tinyllama-homo-e3-r50/seed0/10/3/round_config.json
8,ffa,Nonlinear FFA,dolly_stratified,Dolly stratified,tinyllama,TinyLlama,homo,Homo,3,50,0,10,10,epoch_round_tuning_instruction_client_count_e3r50_segmented/tuning-ffa-dolly_stratified-tinyllama-homo-e3-r50,epoch_round_tuning_instruction_client_count_e3r50_segmented/tuning-ffa-dolly_stratified-tinyllama-homo-e3-r50/seed0/10/log.txt,logs/tiny_instr_e3r50seg_s001_r08_37661_8.out,10,False,round config,Committed partial,10,1,5,4,1,30.006748203033577,round_config,epoch_round_tuning_instruction_client_count_e3r50_segmented/tuning-ffa-dolly_stratified-tinyllama-homo-e3-r50/seed0/10/4/round_config.json
8,ffa,Nonlinear FFA,dolly_stratified,Dolly stratified,tinyllama,TinyLlama,homo,Homo,3,50,0,10,10,epoch_round_tuning_instruction_client_count_e3r50_segmented/tuning-ffa-dolly_stratified-tinyllama-homo-e3-r50,epoch_round_tuning_instruction_client_count_e3r50_segmented/tuning-ffa-dolly_stratified-tinyllama-homo-e3-r50/seed0/10/log.txt,logs/tiny_instr_e3r50seg_s001_r08_37661_8.out,10,False,round config,Committed partial,10,1,6,5,1,29.982273440789896,round_config,epoch_round_tuning_instruction_client_count_e3r50_segmented/tuning-ffa-dolly_stratified-tinyllama-homo-e3-r50/seed0/10/5/round_config.json
8,ffa,Nonlinear FFA,dolly_stratified,Dolly stratified,tinyllama,TinyLlama,homo,Homo,3,50,0,10,10,epoch_round_tuning_instruction_client_count_e3r50_segmented/tuning-ffa-dolly_stratified-tinyllama-homo-e3-r50,epoch_round_tuning_instruction_client_count_e3r50_segmented/tuning-ffa-dolly_stratified-tinyllama-homo-e3-r50/seed0/10/log.txt,logs/tiny_instr_e3r50seg_s001_r08_37661_8.out,10,False,round config,Committed partial,10,1,7,6,1,28.14226032480515,round_config,epoch_round_tuning_instruction_client_count_e3r50_segmented/tuning-ffa-dolly_stratified-tinyllama-homo-e3-r50/seed0/10/6/round_config.json
8,ffa,Nonlinear FFA,dolly_stratified,Dolly stratified,tinyllama,TinyLlama,homo,Homo,3,50,0,10,10,epoch_round_tuning_instruction_client_count_e3r50_segmented/tuning-ffa-dolly_stratified-tinyllama-homo-e3-r50,epoch_round_tuning_instruction_client_count_e3r50_segmented/tuning-ffa-dolly_stratified-tinyllama-homo-e3-r50/seed0/10/log.txt,logs/tiny_instr_e3r50seg_s001_r08_37661_8.out,10,False,round config,Committed partial,10,1,8,7,1,28.867470271838307,round_config,epoch_round_tuning_instruction_client_count_e3r50_segmented/tuning-ffa-dolly_stratified-tinyllama-homo-e3-r50/seed0/10/7/round_config.json
8,ffa,Nonlinear FFA,dolly_stratified,Dolly stratified,tinyllama,TinyLlama,homo,Homo,3,50,0,10,10,epoch_round_tuning_instruction_client_count_e3r50_segmented/tuning-ffa-dolly_stratified-tinyllama-homo-e3-r50,epoch_round_tuning_instruction_client_count_e3r50_segmented/tuning-ffa-dolly_stratified-tinyllama-homo-e3-r50/seed0/10/log.txt,logs/tiny_instr_e3r50seg_s001_r08_37661_8.out,10,False,round config,Committed partial,10,1,9,8,1,28.643810208189276,round_config,epoch_round_tuning_instruction_client_count_e3r50_segmented/tuning-ffa-dolly_stratified-tinyllama-homo-e3-r50/seed0/10/8/round_config.json
8,ffa,Nonlinear FFA,dolly_stratified,Dolly stratified,tinyllama,TinyLlama,homo,Homo,3,50,0,10,10,epoch_round_tuning_instruction_client_count_e3r50_segmented/tuning-ffa-dolly_stratified-tinyllama-homo-e3-r50,epoch_round_tuning_instruction_client_count_e3r50_segmented/tuning-ffa-dolly_stratified-tinyllama-homo-e3-r50/seed0/10/log.txt,logs/tiny_instr_e3r50seg_s001_r08_37661_8.out,10,False,round config,Committed partial,10,1,10,9,1,29.215520778799885,round_config,epoch_round_tuning_instruction_client_count_e3r50_segmented/tuning-ffa-dolly_stratified-tinyllama-homo-e3-r50/seed0/10/9/round_config.json
3,flora,Linear FLoRA,dolly_stratified,Dolly stratified,tinyllama,TinyLlama,homo,Homo,3,50,0,20,20,epoch_round_tuning_instruction_client_count_e3r50_segmented/tuning-flora-dolly_stratified-tinyllama-homo-e3-r50,epoch_round_tuning_instruction_client_count_e3r50_segmented/tuning-flora-dolly_stratified-tinyllama-homo-e3-r50/seed0/20log.txt,logs/tiny_instr_e3r50seg_s002_r03_37680_3.out,20,False,round config,Committed partial,20,2,1,0,1,27.57670124979833,round_config,epoch_round_tuning_instruction_client_count_e3r50_segmented/tuning-flora-dolly_stratified-tinyllama-homo-e3-r50/seed0/20/0/round_config.json
3,flora,Linear FLoRA,dolly_stratified,Dolly stratified,tinyllama,TinyLlama,homo,Homo,3,50,0,20,20,epoch_round_tuning_instruction_client_count_e3r50_segmented/tuning-flora-dolly_stratified-tinyllama-homo-e3-r50,epoch_round_tuning_instruction_client_count_e3r50_segmented/tuning-flora-dolly_stratified-tinyllama-homo-e3-r50/seed0/20log.txt,logs/tiny_instr_e3r50seg_s002_r03_37680_3.out,20,False,round config,Committed partial,20,2,2,1,1,28.391462862910632,round_config,epoch_round_tuning_instruction_client_count_e3r50_segmented/tuning-flora-dolly_stratified-tinyllama-homo-e3-r50/seed0/20/1/round_config.json
3,flora,Linear FLoRA,dolly_stratified,Dolly stratified,tinyllama,TinyLlama,homo,Homo,3,50,0,20,20,epoch_round_tuning_instruction_client_count_e3r50_segmented/tuning-flora-dolly_stratified-tinyllama-homo-e3-r50,epoch_round_tuning_instruction_client_count_e3r50_segmented/tuning-flora-dolly_stratified-tinyllama-homo-e3-r50/seed0/20log.txt,logs/tiny_instr_e3r50seg_s002_r03_37680_3.out,20,False,round config,Committed partial,20,2,3,2,1,26.540341283268624,round_config,epoch_round_tuning_instruction_client_count_e3r50_segmented/tuning-flora-dolly_stratified-tinyllama-homo-e3-r50/seed0/20/2/round_config.json
3,flora,Linear FLoRA,dolly_stratified,Dolly stratified,tinyllama,TinyLlama,homo,Homo,3,50,0,20,20,epoch_round_tuning_instruction_client_count_e3r50_segmented/tuning-flora-dolly_stratified-tinyllama-homo-e3-r50,epoch_round_tuning_instruction_client_count_e3r50_segmented/tuning-flora-dolly_stratified-tinyllama-homo-e3-r50/seed0/20log.txt,logs/tiny_instr_e3r50seg_s002_r03_37680_3.out,20,False,round config,Committed partial,20,2,4,3,1,29.22998061991257,round_config,epoch_round_tuning_instruction_client_count_e3r50_segmented/tuning-flora-dolly_stratified-tinyllama-homo-e3-r50/seed0/20/3/round_config.json
3,flora,Linear FLoRA,dolly_stratified,Dolly stratified,tinyllama,TinyLlama,homo,Homo,3,50,0,20,20,epoch_round_tuning_instruction_client_count_e3r50_segmented/tuning-flora-dolly_stratified-tinyllama-homo-e3-r50,epoch_round_tuning_instruction_client_count_e3r50_segmented/tuning-flora-dolly_stratified-tinyllama-homo-e3-r50/seed0/20log.txt,logs/tiny_instr_e3r50seg_s002_r03_37680_3.out,20,False,round config,Committed partial,20,2,5,4,1,28.33574320532936,round_config,epoch_round_tuning_instruction_client_count_e3r50_segmented/tuning-flora-dolly_stratified-tinyllama-homo-e3-r50/seed0/20/4/round_config.json
3,flora,Linear FLoRA,dolly_stratified,Dolly stratified,tinyllama,TinyLlama,homo,Homo,3,50,0,20,20,epoch_round_tuning_instruction_client_count_e3r50_segmented/tuning-flora-dolly_stratified-tinyllama-homo-e3-r50,epoch_round_tuning_instruction_client_count_e3r50_segmented/tuning-flora-dolly_stratified-tinyllama-homo-e3-r50/seed0/20log.txt,logs/tiny_instr_e3r50seg_s002_r03_37680_3.out,20,False,round config,Committed partial,20,2,6,5,1,29.58581730095568,round_config,epoch_round_tuning_instruction_client_count_e3r50_segmented/tuning-flora-dolly_stratified-tinyllama-homo-e3-r50/seed0/20/5/round_config.json
3,flora,Linear FLoRA,dolly_stratified,Dolly stratified,tinyllama,TinyLlama,homo,Homo,3,50,0,20,20,epoch_round_tuning_instruction_client_count_e3r50_segmented/tuning-flora-dolly_stratified-tinyllama-homo-e3-r50,epoch_round_tuning_instruction_client_count_e3r50_segmented/tuning-flora-dolly_stratified-tinyllama-homo-e3-r50/seed0/20log.txt,logs/tiny_instr_e3r50seg_s002_r03_37680_3.out,20,False,round config,Committed partial,20,2,7,6,1,27.236125293185736,round_config,epoch_round_tuning_instruction_client_count_e3r50_segmented/tuning-flora-dolly_stratified-tinyllama-homo-e3-r50/seed0/20/6/round_config.json
3,flora,Linear FLoRA,dolly_stratified,Dolly stratified,tinyllama,TinyLlama,homo,Homo,3,50,0,20,20,epoch_round_tuning_instruction_client_count_e3r50_segmented/tuning-flora-dolly_stratified-tinyllama-homo-e3-r50,epoch_round_tuning_instruction_client_count_e3r50_segmented/tuning-flora-dolly_stratified-tinyllama-homo-e3-r50/seed0/20log.txt,logs/tiny_instr_e3r50seg_s002_r03_37680_3.out,20,False,round config,Committed partial,20,2,8,7,1,28.231782361401596,round_config,epoch_round_tuning_instruction_client_count_e3r50_segmented/tuning-flora-dolly_stratified-tinyllama-homo-e3-r50/seed0/20/7/round_config.json
3,flora,Linear FLoRA,dolly_stratified,Dolly stratified,tinyllama,TinyLlama,homo,Homo,3,50,0,20,20,epoch_round_tuning_instruction_client_count_e3r50_segmented/tuning-flora-dolly_stratified-tinyllama-homo-e3-r50,epoch_round_tuning_instruction_client_count_e3r50_segmented/tuning-flora-dolly_stratified-tinyllama-homo-e3-r50/seed0/20log.txt,logs/tiny_instr_e3r50seg_s002_r03_37680_3.out,20,False,round config,Committed partial,20,2,9,8,1,26.978541349887397,round_config,epoch_round_tuning_instruction_client_count_e3r50_segmented/tuning-flora-dolly_stratified-tinyllama-homo-e3-r50/seed0/20/8/round_config.json
3,flora,Linear FLoRA,dolly_stratified,Dolly stratified,tinyllama,TinyLlama,homo,Homo,3,50,0,20,20,epoch_round_tuning_instruction_client_count_e3r50_segmented/tuning-flora-dolly_stratified-tinyllama-homo-e3-r50,epoch_round_tuning_instruction_client_count_e3r50_segmented/tuning-flora-dolly_stratified-tinyllama-homo-e3-r50/seed0/20log.txt,logs/tiny_instr_e3r50seg_s002_r03_37680_3.out,20,False,round config,Committed partial,20,2,10,9,1,27.24099199445757,round_config,epoch_round_tuning_instruction_client_count_e3r50_segmented/tuning-flora-dolly_stratified-tinyllama-homo-e3-r50/seed0/20/9/round_config.json
3,flora,Linear FLoRA,dolly_stratified,Dolly stratified,tinyllama,TinyLlama,homo,Homo,3,50,0,20,20,epoch_round_tuning_instruction_client_count_e3r50_segmented/tuning-flora-dolly_stratified-tinyllama-homo-e3-r50,epoch_round_tuning_instruction_client_count_e3r50_segmented/tuning-flora-dolly_stratified-tinyllama-homo-e3-r50/seed0/20log.txt,logs/tiny_instr_e3r50seg_s002_r03_37680_3.out,20,False,round config,Committed partial,20,2,11,10,2,27.77062393512855,round_config,epoch_round_tuning_instruction_client_count_e3r50_segmented/tuning-flora-dolly_stratified-tinyllama-homo-e3-r50/seed0/20/10/round_config.json
3,flora,Linear FLoRA,dolly_stratified,Dolly stratified,tinyllama,TinyLlama,homo,Homo,3,50,0,20,20,epoch_round_tuning_instruction_client_count_e3r50_segmented/tuning-flora-dolly_stratified-tinyllama-homo-e3-r50,epoch_round_tuning_instruction_client_count_e3r50_segmented/tuning-flora-dolly_stratified-tinyllama-homo-e3-r50/seed0/20log.txt,logs/tiny_instr_e3r50seg_s002_r03_37680_3.out,20,False,round config,Committed partial,20,2,12,11,2,28.368919562231092,round_config,epoch_round_tuning_instruction_client_count_e3r50_segmented/tuning-flora-dolly_stratified-tinyllama-homo-e3-r50/seed0/20/11/round_config.json
3,flora,Linear FLoRA,dolly_stratified,Dolly stratified,tinyllama,TinyLlama,homo,Homo,3,50,0,20,20,epoch_round_tuning_instruction_client_count_e3r50_segmented/tuning-flora-dolly_stratified-tinyllama-homo-e3-r50,epoch_round_tuning_instruction_client_count_e3r50_segmented/tuning-flora-dolly_stratified-tinyllama-homo-e3-r50/seed0/20log.txt,logs/tiny_instr_e3r50seg_s002_r03_37680_3.out,20,False,round config,Committed partial,20,2,13,12,2,27.484269647848826,round_config,epoch_round_tuning_instruction_client_count_e3r50_segmented/tuning-flora-dolly_stratified-tinyllama-homo-e3-r50/seed0/20/12/round_config.json
3,flora,Linear FLoRA,dolly_stratified,Dolly stratified,tinyllama,TinyLlama,homo,Homo,3,50,0,20,20,epoch_round_tuning_instruction_client_count_e3r50_segmented/tuning-flora-dolly_stratified-tinyllama-homo-e3-r50,epoch_round_tuning_instruction_client_count_e3r50_segmented/tuning-flora-dolly_stratified-tinyllama-homo-e3-r50/seed0/20log.txt,logs/tiny_instr_e3r50seg_s002_r03_37680_3.out,20,False,round config,Committed partial,20,2,14,13,2,27.82467309167257,round_config,epoch_round_tuning_instruction_client_count_e3r50_segmented/tuning-flora-dolly_stratified-tinyllama-homo-e3-r50/seed0/20/13/round_config.json
3,flora,Linear FLoRA,dolly_stratified,Dolly stratified,tinyllama,TinyLlama,homo,Homo,3,50,0,20,20,epoch_round_tuning_instruction_client_count_e3r50_segmented/tuning-flora-dolly_stratified-tinyllama-homo-e3-r50,epoch_round_tuning_instruction_client_count_e3r50_segmented/tuning-flora-dolly_stratified-tinyllama-homo-e3-r50/seed0/20log.txt,logs/tiny_instr_e3r50seg_s002_r03_37680_3.out,20,False,round config,Committed partial,20,2,15,14,2,28.288079569087433,round_config,epoch_round_tuning_instruction_client_count_e3r50_segmented/tuning-flora-dolly_stratified-tinyllama-homo-e3-r50/seed0/20/14/round_config.json
3,flora,Linear FLoRA,dolly_stratified,Dolly stratified,tinyllama,TinyLlama,homo,Homo,3,50,0,20,20,epoch_round_tuning_instruction_client_count_e3r50_segmented/tuning-flora-dolly_stratified-tinyllama-homo-e3-r50,epoch_round_tuning_instruction_client_count_e3r50_segmented/tuning-flora-dolly_stratified-tinyllama-homo-e3-r50/seed0/20log.txt,logs/tiny_instr_e3r50seg_s002_r03_37680_3.out,20,False,round config,Committed partial,20,2,16,15,2,28.199616134853382,round_config,epoch_round_tuning_instruction_client_count_e3r50_segmented/tuning-flora-dolly_stratified-tinyllama-homo-e3-r50/seed0/20/15/round_config.json
3,flora,Linear FLoRA,dolly_stratified,Dolly stratified,tinyllama,TinyLlama,homo,Homo,3,50,0,20,20,epoch_round_tuning_instruction_client_count_e3r50_segmented/tuning-flora-dolly_stratified-tinyllama-homo-e3-r50,epoch_round_tuning_instruction_client_count_e3r50_segmented/tuning-flora-dolly_stratified-tinyllama-homo-e3-r50/seed0/20log.txt,logs/tiny_instr_e3r50seg_s002_r03_37680_3.out,20,False,round config,Committed partial,20,2,17,16,2,28.37568504585719,round_config,epoch_round_tuning_instruction_client_count_e3r50_segmented/tuning-flora-dolly_stratified-tinyllama-homo-e3-r50/seed0/20/16/round_config.json
3,flora,Linear FLoRA,dolly_stratified,Dolly stratified,tinyllama,TinyLlama,homo,Homo,3,50,0,20,20,epoch_round_tuning_instruction_client_count_e3r50_segmented/tuning-flora-dolly_stratified-tinyllama-homo-e3-r50,epoch_round_tuning_instruction_client_count_e3r50_segmented/tuning-flora-dolly_stratified-tinyllama-homo-e3-r50/seed0/20log.txt,logs/tiny_instr_e3r50seg_s002_r03_37680_3.out,20,False,round config,Committed partial,20,2,18,17,2,28.187498100193096,round_config,epoch_round_tuning_instruction_client_count_e3r50_segmented/tuning-flora-dolly_stratified-tinyllama-homo-e3-r50/seed0/20/17/round_config.json
3,flora,Linear FLoRA,dolly_stratified,Dolly stratified,tinyllama,TinyLlama,homo,Homo,3,50,0,20,20,epoch_round_tuning_instruction_client_count_e3r50_segmented/tuning-flora-dolly_stratified-tinyllama-homo-e3-r50,epoch_round_tuning_instruction_client_count_e3r50_segmented/tuning-flora-dolly_stratified-tinyllama-homo-e3-r50/seed0/20log.txt,logs/tiny_instr_e3r50seg_s002_r03_37680_3.out,20,False,round config,Committed partial,20,2,19,18,2,28.194473595593415,round_config,epoch_round_tuning_instruction_client_count_e3r50_segmented/tuning-flora-dolly_stratified-tinyllama-homo-e3-r50/seed0/20/18/round_config.json
3,flora,Linear FLoRA,dolly_stratified,Dolly stratified,tinyllama,TinyLlama,homo,Homo,3,50,0,20,20,epoch_round_tuning_instruction_client_count_e3r50_segmented/tuning-flora-dolly_stratified-tinyllama-homo-e3-r50,epoch_round_tuning_instruction_client_count_e3r50_segmented/tuning-flora-dolly_stratified-tinyllama-homo-e3-r50/seed0/20log.txt,logs/tiny_instr_e3r50seg_s002_r03_37680_3.out,20,False,round config,Committed partial,20,2,20,19,2,28.568704062127352,round_config,epoch_round_tuning_instruction_client_count_e3r50_segmented/tuning-flora-dolly_stratified-tinyllama-homo-e3-r50/seed0/20/19/round_config.json
9,ffa,Nonlinear FFA,dolly_stratified,Dolly stratified,tinyllama,TinyLlama,homo,Homo,3,50,0,20,20,epoch_round_tuning_instruction_client_count_e3r50_segmented/tuning-ffa-dolly_stratified-tinyllama-homo-e3-r50,epoch_round_tuning_instruction_client_count_e3r50_segmented/tuning-ffa-dolly_stratified-tinyllama-homo-e3-r50/seed0/20/log.txt,logs/tiny_instr_e3r50seg_s002_r09_37686_9.out,20,False,round config,Committed partial,20,2,1,0,1,17.822973169184273,round_config,epoch_round_tuning_instruction_client_count_e3r50_segmented/tuning-ffa-dolly_stratified-tinyllama-homo-e3-r50/seed0/20/0/round_config.json
9,ffa,Nonlinear FFA,dolly_stratified,Dolly stratified,tinyllama,TinyLlama,homo,Homo,3,50,0,20,20,epoch_round_tuning_instruction_client_count_e3r50_segmented/tuning-ffa-dolly_stratified-tinyllama-homo-e3-r50,epoch_round_tuning_instruction_client_count_e3r50_segmented/tuning-ffa-dolly_stratified-tinyllama-homo-e3-r50/seed0/20/log.txt,logs/tiny_instr_e3r50seg_s002_r09_37686_9.out,20,False,round config,Committed partial,20,2,2,1,1,22.49599159983833,round_config,epoch_round_tuning_instruction_client_count_e3r50_segmented/tuning-ffa-dolly_stratified-tinyllama-homo-e3-r50/seed0/20/1/round_config.json
9,ffa,Nonlinear FFA,dolly_stratified,Dolly stratified,tinyllama,TinyLlama,homo,Homo,3,50,0,20,20,epoch_round_tuning_instruction_client_count_e3r50_segmented/tuning-ffa-dolly_stratified-tinyllama-homo-e3-r50,epoch_round_tuning_instruction_client_count_e3r50_segmented/tuning-ffa-dolly_stratified-tinyllama-homo-e3-r50/seed0/20/log.txt,logs/tiny_instr_e3r50seg_s002_r09_37686_9.out,20,False,round config,Committed partial,20,2,3,2,1,27.037181739778564,round_config,epoch_round_tuning_instruction_client_count_e3r50_segmented/tuning-ffa-dolly_stratified-tinyllama-homo-e3-r50/seed0/20/2/round_config.json
9,ffa,Nonlinear FFA,dolly_stratified,Dolly stratified,tinyllama,TinyLlama,homo,Homo,3,50,0,20,20,epoch_round_tuning_instruction_client_count_e3r50_segmented/tuning-ffa-dolly_stratified-tinyllama-homo-e3-r50,epoch_round_tuning_instruction_client_count_e3r50_segmented/tuning-ffa-dolly_stratified-tinyllama-homo-e3-r50/seed0/20/log.txt,logs/tiny_instr_e3r50seg_s002_r09_37686_9.out,20,False,round config,Committed partial,20,2,4,3,1,28.98430873737407,round_config,epoch_round_tuning_instruction_client_count_e3r50_segmented/tuning-ffa-dolly_stratified-tinyllama-homo-e3-r50/seed0/20/3/round_config.json
9,ffa,Nonlinear FFA,dolly_stratified,Dolly stratified,tinyllama,TinyLlama,homo,Homo,3,50,0,20,20,epoch_round_tuning_instruction_client_count_e3r50_segmented/tuning-ffa-dolly_stratified-tinyllama-homo-e3-r50,epoch_round_tuning_instruction_client_count_e3r50_segmented/tuning-ffa-dolly_stratified-tinyllama-homo-e3-r50/seed0/20/log.txt,logs/tiny_instr_e3r50seg_s002_r09_37686_9.out,20,False,round config,Committed partial,20,2,5,4,1,27.921604556691946,round_config,epoch_round_tuning_instruction_client_count_e3r50_segmented/tuning-ffa-dolly_stratified-tinyllama-homo-e3-r50/seed0/20/4/round_config.json
9,ffa,Nonlinear FFA,dolly_stratified,Dolly stratified,tinyllama,TinyLlama,homo,Homo,3,50,0,20,20,epoch_round_tuning_instruction_client_count_e3r50_segmented/tuning-ffa-dolly_stratified-tinyllama-homo-e3-r50,epoch_round_tuning_instruction_client_count_e3r50_segmented/tuning-ffa-dolly_stratified-tinyllama-homo-e3-r50/seed0/20/log.txt,logs/tiny_instr_e3r50seg_s002_r09_37686_9.out,20,False,round config,Committed partial,20,2,6,5,1,27.294888232750946,round_config,epoch_round_tuning_instruction_client_count_e3r50_segmented/tuning-ffa-dolly_stratified-tinyllama-homo-e3-r50/seed0/20/5/round_config.json
9,ffa,Nonlinear FFA,dolly_stratified,Dolly stratified,tinyllama,TinyLlama,homo,Homo,3,50,0,20,20,epoch_round_tuning_instruction_client_count_e3r50_segmented/tuning-ffa-dolly_stratified-tinyllama-homo-e3-r50,epoch_round_tuning_instruction_client_count_e3r50_segmented/tuning-ffa-dolly_stratified-tinyllama-homo-e3-r50/seed0/20/log.txt,logs/tiny_instr_e3r50seg_s002_r09_37686_9.out,20,False,round config,Committed partial,20,2,7,6,1,28.179823152807167,round_config,epoch_round_tuning_instruction_client_count_e3r50_segmented/tuning-ffa-dolly_stratified-tinyllama-homo-e3-r50/seed0/20/6/round_config.json
9,ffa,Nonlinear FFA,dolly_stratified,Dolly stratified,tinyllama,TinyLlama,homo,Homo,3,50,0,20,20,epoch_round_tuning_instruction_client_count_e3r50_segmented/tuning-ffa-dolly_stratified-tinyllama-homo-e3-r50,epoch_round_tuning_instruction_client_count_e3r50_segmented/tuning-ffa-dolly_stratified-tinyllama-homo-e3-r50/seed0/20/log.txt,logs/tiny_instr_e3r50seg_s002_r09_37686_9.out,20,False,round config,Committed partial,20,2,8,7,1,28.325341903604862,round_config,epoch_round_tuning_instruction_client_count_e3r50_segmented/tuning-ffa-dolly_stratified-tinyllama-homo-e3-r50/seed0/20/7/round_config.json
9,ffa,Nonlinear FFA,dolly_stratified,Dolly stratified,tinyllama,TinyLlama,homo,Homo,3,50,0,20,20,epoch_round_tuning_instruction_client_count_e3r50_segmented/tuning-ffa-dolly_stratified-tinyllama-homo-e3-r50,epoch_round_tuning_instruction_client_count_e3r50_segmented/tuning-ffa-dolly_stratified-tinyllama-homo-e3-r50/seed0/20/log.txt,logs/tiny_instr_e3r50seg_s002_r09_37686_9.out,20,False,round config,Committed partial,20,2,9,8,1,29.259793194673144,round_config,epoch_round_tuning_instruction_client_count_e3r50_segmented/tuning-ffa-dolly_stratified-tinyllama-homo-e3-r50/seed0/20/8/round_config.json
9,ffa,Nonlinear FFA,dolly_stratified,Dolly stratified,tinyllama,TinyLlama,homo,Homo,3,50,0,20,20,epoch_round_tuning_instruction_client_count_e3r50_segmented/tuning-ffa-dolly_stratified-tinyllama-homo-e3-r50,epoch_round_tuning_instruction_client_count_e3r50_segmented/tuning-ffa-dolly_stratified-tinyllama-homo-e3-r50/seed0/20/log.txt,logs/tiny_instr_e3r50seg_s002_r09_37686_9.out,20,False,round config,Committed partial,20,2,10,9,1,29.334345479674916,round_config,epoch_round_tuning_instruction_client_count_e3r50_segmented/tuning-ffa-dolly_stratified-tinyllama-homo-e3-r50/seed0/20/9/round_config.json
9,ffa,Nonlinear FFA,dolly_stratified,Dolly stratified,tinyllama,TinyLlama,homo,Homo,3,50,0,20,20,epoch_round_tuning_instruction_client_count_e3r50_segmented/tuning-ffa-dolly_stratified-tinyllama-homo-e3-r50,epoch_round_tuning_instruction_client_count_e3r50_segmented/tuning-ffa-dolly_stratified-tinyllama-homo-e3-r50/seed0/20/log.txt,logs/tiny_instr_e3r50seg_s002_r09_37686_9.out,20,False,round config,Committed partial,20,2,11,10,2,25.990907247948343,round_config,epoch_round_tuning_instruction_client_count_e3r50_segmented/tuning-ffa-dolly_stratified-tinyllama-homo-e3-r50/seed0/20/10/round_config.json
9,ffa,Nonlinear FFA,dolly_stratified,Dolly stratified,tinyllama,TinyLlama,homo,Homo,3,50,0,20,20,epoch_round_tuning_instruction_client_count_e3r50_segmented/tuning-ffa-dolly_stratified-tinyllama-homo-e3-r50,epoch_round_tuning_instruction_client_count_e3r50_segmented/tuning-ffa-dolly_stratified-tinyllama-homo-e3-r50/seed0/20/log.txt,logs/tiny_instr_e3r50seg_s002_r09_37686_9.out,20,False,round config,Committed partial,20,2,12,11,2,28.240913565801623,round_config,epoch_round_tuning_instruction_client_count_e3r50_segmented/tuning-ffa-dolly_stratified-tinyllama-homo-e3-r50/seed0/20/11/round_config.json
9,ffa,Nonlinear FFA,dolly_stratified,Dolly stratified,tinyllama,TinyLlama,homo,Homo,3,50,0,20,20,epoch_round_tuning_instruction_client_count_e3r50_segmented/tuning-ffa-dolly_stratified-tinyllama-homo-e3-r50,epoch_round_tuning_instruction_client_count_e3r50_segmented/tuning-ffa-dolly_stratified-tinyllama-homo-e3-r50/seed0/20/log.txt,logs/tiny_instr_e3r50seg_s002_r09_37686_9.out,20,False,round config,Committed partial,20,2,13,12,2,29.182138557788974,round_config,epoch_round_tuning_instruction_client_count_e3r50_segmented/tuning-ffa-dolly_stratified-tinyllama-homo-e3-r50/seed0/20/12/round_config.json
9,ffa,Nonlinear FFA,dolly_stratified,Dolly stratified,tinyllama,TinyLlama,homo,Homo,3,50,0,20,20,epoch_round_tuning_instruction_client_count_e3r50_segmented/tuning-ffa-dolly_stratified-tinyllama-homo-e3-r50,epoch_round_tuning_instruction_client_count_e3r50_segmented/tuning-ffa-dolly_stratified-tinyllama-homo-e3-r50/seed0/20/log.txt,logs/tiny_instr_e3r50seg_s002_r09_37686_9.out,20,False,round config,Committed partial,20,2,14,13,2,28.102875313822988,round_config,epoch_round_tuning_instruction_client_count_e3r50_segmented/tuning-ffa-dolly_stratified-tinyllama-homo-e3-r50/seed0/20/13/round_config.json
9,ffa,Nonlinear FFA,dolly_stratified,Dolly stratified,tinyllama,TinyLlama,homo,Homo,3,50,0,20,20,epoch_round_tuning_instruction_client_count_e3r50_segmented/tuning-ffa-dolly_stratified-tinyllama-homo-e3-r50,epoch_round_tuning_instruction_client_count_e3r50_segmented/tuning-ffa-dolly_stratified-tinyllama-homo-e3-r50/seed0/20/log.txt,logs/tiny_instr_e3r50seg_s002_r09_37686_9.out,20,False,round config,Committed partial,20,2,15,14,2,28.89772506317519,round_config,epoch_round_tuning_instruction_client_count_e3r50_segmented/tuning-ffa-dolly_stratified-tinyllama-homo-e3-r50/seed0/20/14/round_config.json
9,ffa,Nonlinear FFA,dolly_stratified,Dolly stratified,tinyllama,TinyLlama,homo,Homo,3,50,0,20,20,epoch_round_tuning_instruction_client_count_e3r50_segmented/tuning-ffa-dolly_stratified-tinyllama-homo-e3-r50,epoch_round_tuning_instruction_client_count_e3r50_segmented/tuning-ffa-dolly_stratified-tinyllama-homo-e3-r50/seed0/20/log.txt,logs/tiny_instr_e3r50seg_s002_r09_37686_9.out,20,False,round config,Committed partial,20,2,16,15,2,28.84087354736907,round_config,epoch_round_tuning_instruction_client_count_e3r50_segmented/tuning-ffa-dolly_stratified-tinyllama-homo-e3-r50/seed0/20/15/round_config.json
9,ffa,Nonlinear FFA,dolly_stratified,Dolly stratified,tinyllama,TinyLlama,homo,Homo,3,50,0,20,20,epoch_round_tuning_instruction_client_count_e3r50_segmented/tuning-ffa-dolly_stratified-tinyllama-homo-e3-r50,epoch_round_tuning_instruction_client_count_e3r50_segmented/tuning-ffa-dolly_stratified-tinyllama-homo-e3-r50/seed0/20/log.txt,logs/tiny_instr_e3r50seg_s002_r09_37686_9.out,20,False,round config,Committed partial,20,2,17,16,2,29.335487576493197,round_config,epoch_round_tuning_instruction_client_count_e3r50_segmented/tuning-ffa-dolly_stratified-tinyllama-homo-e3-r50/seed0/20/16/round_config.json
9,ffa,Nonlinear FFA,dolly_stratified,Dolly stratified,tinyllama,TinyLlama,homo,Homo,3,50,0,20,20,epoch_round_tuning_instruction_client_count_e3r50_segmented/tuning-ffa-dolly_stratified-tinyllama-homo-e3-r50,epoch_round_tuning_instruction_client_count_e3r50_segmented/tuning-ffa-dolly_stratified-tinyllama-homo-e3-r50/seed0/20/log.txt,logs/tiny_instr_e3r50seg_s002_r09_37686_9.out,20,False,round config,Committed partial,20,2,18,17,2,28.46310397589334,round_config,epoch_round_tuning_instruction_client_count_e3r50_segmented/tuning-ffa-dolly_stratified-tinyllama-homo-e3-r50/seed0/20/17/round_config.json
9,ffa,Nonlinear FFA,dolly_stratified,Dolly stratified,tinyllama,TinyLlama,homo,Homo,3,50,0,20,20,epoch_round_tuning_instruction_client_count_e3r50_segmented/tuning-ffa-dolly_stratified-tinyllama-homo-e3-r50,epoch_round_tuning_instruction_client_count_e3r50_segmented/tuning-ffa-dolly_stratified-tinyllama-homo-e3-r50/seed0/20/log.txt,logs/tiny_instr_e3r50seg_s002_r09_37686_9.out,20,False,round config,Committed partial,20,2,19,18,2,28.068120175720267,round_config,epoch_round_tuning_instruction_client_count_e3r50_segmented/tuning-ffa-dolly_stratified-tinyllama-homo-e3-r50/seed0/20/18/round_config.json
9,ffa,Nonlinear FFA,dolly_stratified,Dolly stratified,tinyllama,TinyLlama,homo,Homo,3,50,0,20,20,epoch_round_tuning_instruction_client_count_e3r50_segmented/tuning-ffa-dolly_stratified-tinyllama-homo-e3-r50,epoch_round_tuning_instruction_client_count_e3r50_segmented/tuning-ffa-dolly_stratified-tinyllama-homo-e3-r50/seed0/20/log.txt,logs/tiny_instr_e3r50seg_s002_r09_37686_9.out,20,False,round config,Committed partial,20,2,20,19,2,30.089903777777792,round_config,epoch_round_tuning_instruction_client_count_e3r50_segmented/tuning-ffa-dolly_stratified-tinyllama-homo-e3-r50/seed0/20/19/round_config.json
16,flora,Linear FLoRA,wiz_stratified,Wizard stratified,tinyllama,TinyLlama,heter,Heter,3,50,0,3,3,epoch_round_tuning_instruction_client_count_e3r50_segmented/tuning-flora-wiz_stratified-tinyllama-heter-e3-r50,epoch_round_tuning_instruction_client_count_e3r50_segmented/tuning-flora-wiz_stratified-tinyllama-heter-e3-r50/seed0/3log.txt,logs/tiny_instr_e3r50seg_s001_r16_37669_16.out,6,False,round config,Committed partial,6,1,1,0,1,34.80363516862383,round_config,epoch_round_tuning_instruction_client_count_e3r50_segmented/tuning-flora-wiz_stratified-tinyllama-heter-e3-r50/seed0/3/0/round_config.json
16,flora,Linear FLoRA,wiz_stratified,Wizard stratified,tinyllama,TinyLlama,heter,Heter,3,50,0,3,3,epoch_round_tuning_instruction_client_count_e3r50_segmented/tuning-flora-wiz_stratified-tinyllama-heter-e3-r50,epoch_round_tuning_instruction_client_count_e3r50_segmented/tuning-flora-wiz_stratified-tinyllama-heter-e3-r50/seed0/3log.txt,logs/tiny_instr_e3r50seg_s001_r16_37669_16.out,6,False,round config,Committed partial,6,1,2,1,1,33.221336655374266,round_config,epoch_round_tuning_instruction_client_count_e3r50_segmented/tuning-flora-wiz_stratified-tinyllama-heter-e3-r50/seed0/3/1/round_config.json
16,flora,Linear FLoRA,wiz_stratified,Wizard stratified,tinyllama,TinyLlama,heter,Heter,3,50,0,3,3,epoch_round_tuning_instruction_client_count_e3r50_segmented/tuning-flora-wiz_stratified-tinyllama-heter-e3-r50,epoch_round_tuning_instruction_client_count_e3r50_segmented/tuning-flora-wiz_stratified-tinyllama-heter-e3-r50/seed0/3log.txt,logs/tiny_instr_e3r50seg_s001_r16_37669_16.out,6,False,round config,Committed partial,6,1,3,2,1,34.974101005960236,round_config,epoch_round_tuning_instruction_client_count_e3r50_segmented/tuning-flora-wiz_stratified-tinyllama-heter-e3-r50/seed0/3/2/round_config.json
16,flora,Linear FLoRA,wiz_stratified,Wizard stratified,tinyllama,TinyLlama,heter,Heter,3,50,0,3,3,epoch_round_tuning_instruction_client_count_e3r50_segmented/tuning-flora-wiz_stratified-tinyllama-heter-e3-r50,epoch_round_tuning_instruction_client_count_e3r50_segmented/tuning-flora-wiz_stratified-tinyllama-heter-e3-r50/seed0/3log.txt,logs/tiny_instr_e3r50seg_s001_r16_37669_16.out,6,False,round config,Committed partial,6,1,4,3,1,34.722502078171,round_config,epoch_round_tuning_instruction_client_count_e3r50_segmented/tuning-flora-wiz_stratified-tinyllama-heter-e3-r50/seed0/3/3/round_config.json
16,flora,Linear FLoRA,wiz_stratified,Wizard stratified,tinyllama,TinyLlama,heter,Heter,3,50,0,3,3,epoch_round_tuning_instruction_client_count_e3r50_segmented/tuning-flora-wiz_stratified-tinyllama-heter-e3-r50,epoch_round_tuning_instruction_client_count_e3r50_segmented/tuning-flora-wiz_stratified-tinyllama-heter-e3-r50/seed0/3log.txt,logs/tiny_instr_e3r50seg_s001_r16_37669_16.out,6,False,round config,Committed partial,6,1,5,4,1,35.59304178248602,round_config,epoch_round_tuning_instruction_client_count_e3r50_segmented/tuning-flora-wiz_stratified-tinyllama-heter-e3-r50/seed0/3/4/round_config.json
16,flora,Linear FLoRA,wiz_stratified,Wizard stratified,tinyllama,TinyLlama,heter,Heter,3,50,0,3,3,epoch_round_tuning_instruction_client_count_e3r50_segmented/tuning-flora-wiz_stratified-tinyllama-heter-e3-r50,epoch_round_tuning_instruction_client_count_e3r50_segmented/tuning-flora-wiz_stratified-tinyllama-heter-e3-r50/seed0/3log.txt,logs/tiny_instr_e3r50seg_s001_r16_37669_16.out,6,False,round config,Committed partial,6,1,6,5,1,34.04621170532527,round_config,epoch_round_tuning_instruction_client_count_e3r50_segmented/tuning-flora-wiz_stratified-tinyllama-heter-e3-r50/seed0/3/5/round_config.json
22,ffa,Nonlinear FFA,wiz_stratified,Wizard stratified,tinyllama,TinyLlama,heter,Heter,3,50,0,3,3,epoch_round_tuning_instruction_client_count_e3r50_segmented/tuning-ffa-wiz_stratified-tinyllama-heter-e3-r50,epoch_round_tuning_instruction_client_count_e3r50_segmented/tuning-ffa-wiz_stratified-tinyllama-heter-e3-r50/seed0/3/log.txt,logs/tiny_instr_e3r50seg_s001_r22_37675_22.out,4,False,round config,Committed partial,4,1,1,0,1,33.249964316282444,round_config,epoch_round_tuning_instruction_client_count_e3r50_segmented/tuning-ffa-wiz_stratified-tinyllama-heter-e3-r50/seed0/3/0/round_config.json
22,ffa,Nonlinear FFA,wiz_stratified,Wizard stratified,tinyllama,TinyLlama,heter,Heter,3,50,0,3,3,epoch_round_tuning_instruction_client_count_e3r50_segmented/tuning-ffa-wiz_stratified-tinyllama-heter-e3-r50,epoch_round_tuning_instruction_client_count_e3r50_segmented/tuning-ffa-wiz_stratified-tinyllama-heter-e3-r50/seed0/3/log.txt,logs/tiny_instr_e3r50seg_s001_r22_37675_22.out,4,False,round config,Committed partial,4,1,2,1,1,33.94702001196204,round_config,epoch_round_tuning_instruction_client_count_e3r50_segmented/tuning-ffa-wiz_stratified-tinyllama-heter-e3-r50/seed0/3/1/round_config.json
22,ffa,Nonlinear FFA,wiz_stratified,Wizard stratified,tinyllama,TinyLlama,heter,Heter,3,50,0,3,3,epoch_round_tuning_instruction_client_count_e3r50_segmented/tuning-ffa-wiz_stratified-tinyllama-heter-e3-r50,epoch_round_tuning_instruction_client_count_e3r50_segmented/tuning-ffa-wiz_stratified-tinyllama-heter-e3-r50/seed0/3/log.txt,logs/tiny_instr_e3r50seg_s001_r22_37675_22.out,4,False,round config,Committed partial,4,1,3,2,1,35.04927112566704,round_config,epoch_round_tuning_instruction_client_count_e3r50_segmented/tuning-ffa-wiz_stratified-tinyllama-heter-e3-r50/seed0/3/2/round_config.json
22,ffa,Nonlinear FFA,wiz_stratified,Wizard stratified,tinyllama,TinyLlama,heter,Heter,3,50,0,3,3,epoch_round_tuning_instruction_client_count_e3r50_segmented/tuning-ffa-wiz_stratified-tinyllama-heter-e3-r50,epoch_round_tuning_instruction_client_count_e3r50_segmented/tuning-ffa-wiz_stratified-tinyllama-heter-e3-r50/seed0/3/log.txt,logs/tiny_instr_e3r50seg_s001_r22_37675_22.out,4,False,round config,Committed partial,4,1,4,3,1,33.94098044858882,round_config,epoch_round_tuning_instruction_client_count_e3r50_segmented/tuning-ffa-wiz_stratified-tinyllama-heter-e3-r50/seed0/3/3/round_config.json
17,flora,Linear FLoRA,wiz_stratified,Wizard stratified,tinyllama,TinyLlama,heter,Heter,3,50,0,10,10,epoch_round_tuning_instruction_client_count_e3r50_segmented/tuning-flora-wiz_stratified-tinyllama-heter-e3-r50,epoch_round_tuning_instruction_client_count_e3r50_segmented/tuning-flora-wiz_stratified-tinyllama-heter-e3-r50/seed0/10log.txt,logs/tiny_instr_e3r50seg_s002_r17_37694_17.out,12,False,round config,Committed partial,12,2,1,0,1,47.47287023914108,round_config,epoch_round_tuning_instruction_client_count_e3r50_segmented/tuning-flora-wiz_stratified-tinyllama-heter-e3-r50/seed0/10/0/round_config.json
17,flora,Linear FLoRA,wiz_stratified,Wizard stratified,tinyllama,TinyLlama,heter,Heter,3,50,0,10,10,epoch_round_tuning_instruction_client_count_e3r50_segmented/tuning-flora-wiz_stratified-tinyllama-heter-e3-r50,epoch_round_tuning_instruction_client_count_e3r50_segmented/tuning-flora-wiz_stratified-tinyllama-heter-e3-r50/seed0/10log.txt,logs/tiny_instr_e3r50seg_s002_r17_37694_17.out,12,False,round config,Committed partial,12,2,2,1,1,40.10665333545089,round_config,epoch_round_tuning_instruction_client_count_e3r50_segmented/tuning-flora-wiz_stratified-tinyllama-heter-e3-r50/seed0/10/1/round_config.json
17,flora,Linear FLoRA,wiz_stratified,Wizard stratified,tinyllama,TinyLlama,heter,Heter,3,50,0,10,10,epoch_round_tuning_instruction_client_count_e3r50_segmented/tuning-flora-wiz_stratified-tinyllama-heter-e3-r50,epoch_round_tuning_instruction_client_count_e3r50_segmented/tuning-flora-wiz_stratified-tinyllama-heter-e3-r50/seed0/10log.txt,logs/tiny_instr_e3r50seg_s002_r17_37694_17.out,12,False,round config,Committed partial,12,2,3,2,1,39.42557932560204,round_config,epoch_round_tuning_instruction_client_count_e3r50_segmented/tuning-flora-wiz_stratified-tinyllama-heter-e3-r50/seed0/10/2/round_config.json
17,flora,Linear FLoRA,wiz_stratified,Wizard stratified,tinyllama,TinyLlama,heter,Heter,3,50,0,10,10,epoch_round_tuning_instruction_client_count_e3r50_segmented/tuning-flora-wiz_stratified-tinyllama-heter-e3-r50,epoch_round_tuning_instruction_client_count_e3r50_segmented/tuning-flora-wiz_stratified-tinyllama-heter-e3-r50/seed0/10log.txt,logs/tiny_instr_e3r50seg_s002_r17_37694_17.out,12,False,round config,Committed partial,12,2,4,3,1,39.51527589597445,round_config,epoch_round_tuning_instruction_client_count_e3r50_segmented/tuning-flora-wiz_stratified-tinyllama-heter-e3-r50/seed0/10/3/round_config.json
17,flora,Linear FLoRA,wiz_stratified,Wizard stratified,tinyllama,TinyLlama,heter,Heter,3,50,0,10,10,epoch_round_tuning_instruction_client_count_e3r50_segmented/tuning-flora-wiz_stratified-tinyllama-heter-e3-r50,epoch_round_tuning_instruction_client_count_e3r50_segmented/tuning-flora-wiz_stratified-tinyllama-heter-e3-r50/seed0/10log.txt,logs/tiny_instr_e3r50seg_s002_r17_37694_17.out,12,False,round config,Committed partial,12,2,5,4,1,37.986966998133205,round_config,epoch_round_tuning_instruction_client_count_e3r50_segmented/tuning-flora-wiz_stratified-tinyllama-heter-e3-r50/seed0/10/4/round_config.json
17,flora,Linear FLoRA,wiz_stratified,Wizard stratified,tinyllama,TinyLlama,heter,Heter,3,50,0,10,10,epoch_round_tuning_instruction_client_count_e3r50_segmented/tuning-flora-wiz_stratified-tinyllama-heter-e3-r50,epoch_round_tuning_instruction_client_count_e3r50_segmented/tuning-flora-wiz_stratified-tinyllama-heter-e3-r50/seed0/10log.txt,logs/tiny_instr_e3r50seg_s002_r17_37694_17.out,12,False,round config,Committed partial,12,2,6,5,1,37.79167927971076,round_config,epoch_round_tuning_instruction_client_count_e3r50_segmented/tuning-flora-wiz_stratified-tinyllama-heter-e3-r50/seed0/10/5/round_config.json
17,flora,Linear FLoRA,wiz_stratified,Wizard stratified,tinyllama,TinyLlama,heter,Heter,3,50,0,10,10,epoch_round_tuning_instruction_client_count_e3r50_segmented/tuning-flora-wiz_stratified-tinyllama-heter-e3-r50,epoch_round_tuning_instruction_client_count_e3r50_segmented/tuning-flora-wiz_stratified-tinyllama-heter-e3-r50/seed0/10log.txt,logs/tiny_instr_e3r50seg_s002_r17_37694_17.out,12,False,round config,Committed partial,12,2,7,6,1,37.864935979790985,round_config,epoch_round_tuning_instruction_client_count_e3r50_segmented/tuning-flora-wiz_stratified-tinyllama-heter-e3-r50/seed0/10/6/round_config.json
17,flora,Linear FLoRA,wiz_stratified,Wizard stratified,tinyllama,TinyLlama,heter,Heter,3,50,0,10,10,epoch_round_tuning_instruction_client_count_e3r50_segmented/tuning-flora-wiz_stratified-tinyllama-heter-e3-r50,epoch_round_tuning_instruction_client_count_e3r50_segmented/tuning-flora-wiz_stratified-tinyllama-heter-e3-r50/seed0/10log.txt,logs/tiny_instr_e3r50seg_s002_r17_37694_17.out,12,False,round config,Committed partial,12,2,8,7,1,35.546203958010615,round_config,epoch_round_tuning_instruction_client_count_e3r50_segmented/tuning-flora-wiz_stratified-tinyllama-heter-e3-r50/seed0/10/7/round_config.json
17,flora,Linear FLoRA,wiz_stratified,Wizard stratified,tinyllama,TinyLlama,heter,Heter,3,50,0,10,10,epoch_round_tuning_instruction_client_count_e3r50_segmented/tuning-flora-wiz_stratified-tinyllama-heter-e3-r50,epoch_round_tuning_instruction_client_count_e3r50_segmented/tuning-flora-wiz_stratified-tinyllama-heter-e3-r50/seed0/10log.txt,logs/tiny_instr_e3r50seg_s002_r17_37694_17.out,12,False,round config,Committed partial,12,2,9,8,1,35.80042534273922,round_config,epoch_round_tuning_instruction_client_count_e3r50_segmented/tuning-flora-wiz_stratified-tinyllama-heter-e3-r50/seed0/10/8/round_config.json
17,flora,Linear FLoRA,wiz_stratified,Wizard stratified,tinyllama,TinyLlama,heter,Heter,3,50,0,10,10,epoch_round_tuning_instruction_client_count_e3r50_segmented/tuning-flora-wiz_stratified-tinyllama-heter-e3-r50,epoch_round_tuning_instruction_client_count_e3r50_segmented/tuning-flora-wiz_stratified-tinyllama-heter-e3-r50/seed0/10log.txt,logs/tiny_instr_e3r50seg_s002_r17_37694_17.out,12,False,round config,Committed partial,12,2,10,9,1,35.002494852766894,round_config,epoch_round_tuning_instruction_client_count_e3r50_segmented/tuning-flora-wiz_stratified-tinyllama-heter-e3-r50/seed0/10/9/round_config.json
17,flora,Linear FLoRA,wiz_stratified,Wizard stratified,tinyllama,TinyLlama,heter,Heter,3,50,0,10,10,epoch_round_tuning_instruction_client_count_e3r50_segmented/tuning-flora-wiz_stratified-tinyllama-heter-e3-r50,epoch_round_tuning_instruction_client_count_e3r50_segmented/tuning-flora-wiz_stratified-tinyllama-heter-e3-r50/seed0/10log.txt,logs/tiny_instr_e3r50seg_s002_r17_37694_17.out,12,False,round config,Committed partial,12,2,11,10,2,35.75388446182716,round_config,epoch_round_tuning_instruction_client_count_e3r50_segmented/tuning-flora-wiz_stratified-tinyllama-heter-e3-r50/seed0/10/10/round_config.json
17,flora,Linear FLoRA,wiz_stratified,Wizard stratified,tinyllama,TinyLlama,heter,Heter,3,50,0,10,10,epoch_round_tuning_instruction_client_count_e3r50_segmented/tuning-flora-wiz_stratified-tinyllama-heter-e3-r50,epoch_round_tuning_instruction_client_count_e3r50_segmented/tuning-flora-wiz_stratified-tinyllama-heter-e3-r50/seed0/10log.txt,logs/tiny_instr_e3r50seg_s002_r17_37694_17.out,12,False,round config,Committed partial,12,2,12,11,2,36.31405219087723,round_config,epoch_round_tuning_instruction_client_count_e3r50_segmented/tuning-flora-wiz_stratified-tinyllama-heter-e3-r50/seed0/10/11/round_config.json
18,flora,Linear FLoRA,wiz_stratified,Wizard stratified,tinyllama,TinyLlama,heter,Heter,3,50,0,20,20,epoch_round_tuning_instruction_client_count_e3r50_segmented/tuning-flora-wiz_stratified-tinyllama-heter-e3-r50,epoch_round_tuning_instruction_client_count_e3r50_segmented/tuning-flora-wiz_stratified-tinyllama-heter-e3-r50/seed0/20log.txt,logs/tiny_instr_e3r50seg_s001_r18_37671_18.out,10,False,round config,Committed partial,10,1,1,0,1,43.83874840384846,round_config,epoch_round_tuning_instruction_client_count_e3r50_segmented/tuning-flora-wiz_stratified-tinyllama-heter-e3-r50/seed0/20/0/round_config.json
18,flora,Linear FLoRA,wiz_stratified,Wizard stratified,tinyllama,TinyLlama,heter,Heter,3,50,0,20,20,epoch_round_tuning_instruction_client_count_e3r50_segmented/tuning-flora-wiz_stratified-tinyllama-heter-e3-r50,epoch_round_tuning_instruction_client_count_e3r50_segmented/tuning-flora-wiz_stratified-tinyllama-heter-e3-r50/seed0/20log.txt,logs/tiny_instr_e3r50seg_s001_r18_37671_18.out,10,False,round config,Committed partial,10,1,2,1,1,43.072850560215805,round_config,epoch_round_tuning_instruction_client_count_e3r50_segmented/tuning-flora-wiz_stratified-tinyllama-heter-e3-r50/seed0/20/1/round_config.json
18,flora,Linear FLoRA,wiz_stratified,Wizard stratified,tinyllama,TinyLlama,heter,Heter,3,50,0,20,20,epoch_round_tuning_instruction_client_count_e3r50_segmented/tuning-flora-wiz_stratified-tinyllama-heter-e3-r50,epoch_round_tuning_instruction_client_count_e3r50_segmented/tuning-flora-wiz_stratified-tinyllama-heter-e3-r50/seed0/20log.txt,logs/tiny_instr_e3r50seg_s001_r18_37671_18.out,10,False,round config,Committed partial,10,1,3,2,1,42.964967436750264,round_config,epoch_round_tuning_instruction_client_count_e3r50_segmented/tuning-flora-wiz_stratified-tinyllama-heter-e3-r50/seed0/20/2/round_config.json
18,flora,Linear FLoRA,wiz_stratified,Wizard stratified,tinyllama,TinyLlama,heter,Heter,3,50,0,20,20,epoch_round_tuning_instruction_client_count_e3r50_segmented/tuning-flora-wiz_stratified-tinyllama-heter-e3-r50,epoch_round_tuning_instruction_client_count_e3r50_segmented/tuning-flora-wiz_stratified-tinyllama-heter-e3-r50/seed0/20log.txt,logs/tiny_instr_e3r50seg_s001_r18_37671_18.out,10,False,round config,Committed partial,10,1,4,3,1,44.44359676319043,round_config,epoch_round_tuning_instruction_client_count_e3r50_segmented/tuning-flora-wiz_stratified-tinyllama-heter-e3-r50/seed0/20/3/round_config.json
18,flora,Linear FLoRA,wiz_stratified,Wizard stratified,tinyllama,TinyLlama,heter,Heter,3,50,0,20,20,epoch_round_tuning_instruction_client_count_e3r50_segmented/tuning-flora-wiz_stratified-tinyllama-heter-e3-r50,epoch_round_tuning_instruction_client_count_e3r50_segmented/tuning-flora-wiz_stratified-tinyllama-heter-e3-r50/seed0/20log.txt,logs/tiny_instr_e3r50seg_s001_r18_37671_18.out,10,False,round config,Committed partial,10,1,5,4,1,43.45565664386471,round_config,epoch_round_tuning_instruction_client_count_e3r50_segmented/tuning-flora-wiz_stratified-tinyllama-heter-e3-r50/seed0/20/4/round_config.json
18,flora,Linear FLoRA,wiz_stratified,Wizard stratified,tinyllama,TinyLlama,heter,Heter,3,50,0,20,20,epoch_round_tuning_instruction_client_count_e3r50_segmented/tuning-flora-wiz_stratified-tinyllama-heter-e3-r50,epoch_round_tuning_instruction_client_count_e3r50_segmented/tuning-flora-wiz_stratified-tinyllama-heter-e3-r50/seed0/20log.txt,logs/tiny_instr_e3r50seg_s001_r18_37671_18.out,10,False,round config,Committed partial,10,1,6,5,1,43.72731773528711,round_config,epoch_round_tuning_instruction_client_count_e3r50_segmented/tuning-flora-wiz_stratified-tinyllama-heter-e3-r50/seed0/20/5/round_config.json
18,flora,Linear FLoRA,wiz_stratified,Wizard stratified,tinyllama,TinyLlama,heter,Heter,3,50,0,20,20,epoch_round_tuning_instruction_client_count_e3r50_segmented/tuning-flora-wiz_stratified-tinyllama-heter-e3-r50,epoch_round_tuning_instruction_client_count_e3r50_segmented/tuning-flora-wiz_stratified-tinyllama-heter-e3-r50/seed0/20log.txt,logs/tiny_instr_e3r50seg_s001_r18_37671_18.out,10,False,round config,Committed partial,10,1,7,6,1,44.624488619772336,round_config,epoch_round_tuning_instruction_client_count_e3r50_segmented/tuning-flora-wiz_stratified-tinyllama-heter-e3-r50/seed0/20/6/round_config.json
18,flora,Linear FLoRA,wiz_stratified,Wizard stratified,tinyllama,TinyLlama,heter,Heter,3,50,0,20,20,epoch_round_tuning_instruction_client_count_e3r50_segmented/tuning-flora-wiz_stratified-tinyllama-heter-e3-r50,epoch_round_tuning_instruction_client_count_e3r50_segmented/tuning-flora-wiz_stratified-tinyllama-heter-e3-r50/seed0/20log.txt,logs/tiny_instr_e3r50seg_s001_r18_37671_18.out,10,False,round config,Committed partial,10,1,8,7,1,43.600306565831005,round_config,epoch_round_tuning_instruction_client_count_e3r50_segmented/tuning-flora-wiz_stratified-tinyllama-heter-e3-r50/seed0/20/7/round_config.json
18,flora,Linear FLoRA,wiz_stratified,Wizard stratified,tinyllama,TinyLlama,heter,Heter,3,50,0,20,20,epoch_round_tuning_instruction_client_count_e3r50_segmented/tuning-flora-wiz_stratified-tinyllama-heter-e3-r50,epoch_round_tuning_instruction_client_count_e3r50_segmented/tuning-flora-wiz_stratified-tinyllama-heter-e3-r50/seed0/20log.txt,logs/tiny_instr_e3r50seg_s001_r18_37671_18.out,10,False,round config,Committed partial,10,1,9,8,1,43.33570852099684,round_config,epoch_round_tuning_instruction_client_count_e3r50_segmented/tuning-flora-wiz_stratified-tinyllama-heter-e3-r50/seed0/20/8/round_config.json
18,flora,Linear FLoRA,wiz_stratified,Wizard stratified,tinyllama,TinyLlama,heter,Heter,3,50,0,20,20,epoch_round_tuning_instruction_client_count_e3r50_segmented/tuning-flora-wiz_stratified-tinyllama-heter-e3-r50,epoch_round_tuning_instruction_client_count_e3r50_segmented/tuning-flora-wiz_stratified-tinyllama-heter-e3-r50/seed0/20log.txt,logs/tiny_instr_e3r50seg_s001_r18_37671_18.out,10,False,round config,Committed partial,10,1,10,9,1,44.217082999847065,round_config,epoch_round_tuning_instruction_client_count_e3r50_segmented/tuning-flora-wiz_stratified-tinyllama-heter-e3-r50/seed0/20/9/round_config.json
13,flora,Linear FLoRA,wiz_stratified,Wizard stratified,tinyllama,TinyLlama,homo,Homo,3,50,0,3,3,epoch_round_tuning_instruction_client_count_e3r50_segmented/tuning-flora-wiz_stratified-tinyllama-homo-e3-r50,epoch_round_tuning_instruction_client_count_e3r50_segmented/tuning-flora-wiz_stratified-tinyllama-homo-e3-r50/seed0/3log.txt,logs/tiny_instr_e3r50seg_s001_r13_37666_13.out,10,False,round config,Committed partial,10,1,1,0,1,35.10765901805604,round_config,epoch_round_tuning_instruction_client_count_e3r50_segmented/tuning-flora-wiz_stratified-tinyllama-homo-e3-r50/seed0/3/0/round_config.json
13,flora,Linear FLoRA,wiz_stratified,Wizard stratified,tinyllama,TinyLlama,homo,Homo,3,50,0,3,3,epoch_round_tuning_instruction_client_count_e3r50_segmented/tuning-flora-wiz_stratified-tinyllama-homo-e3-r50,epoch_round_tuning_instruction_client_count_e3r50_segmented/tuning-flora-wiz_stratified-tinyllama-homo-e3-r50/seed0/3log.txt,logs/tiny_instr_e3r50seg_s001_r13_37666_13.out,10,False,round config,Committed partial,10,1,2,1,1,35.3454543983298,round_config,epoch_round_tuning_instruction_client_count_e3r50_segmented/tuning-flora-wiz_stratified-tinyllama-homo-e3-r50/seed0/3/1/round_config.json
13,flora,Linear FLoRA,wiz_stratified,Wizard stratified,tinyllama,TinyLlama,homo,Homo,3,50,0,3,3,epoch_round_tuning_instruction_client_count_e3r50_segmented/tuning-flora-wiz_stratified-tinyllama-homo-e3-r50,epoch_round_tuning_instruction_client_count_e3r50_segmented/tuning-flora-wiz_stratified-tinyllama-homo-e3-r50/seed0/3log.txt,logs/tiny_instr_e3r50seg_s001_r13_37666_13.out,10,False,round config,Committed partial,10,1,3,2,1,35.16639344610322,round_config,epoch_round_tuning_instruction_client_count_e3r50_segmented/tuning-flora-wiz_stratified-tinyllama-homo-e3-r50/seed0/3/2/round_config.json
13,flora,Linear FLoRA,wiz_stratified,Wizard stratified,tinyllama,TinyLlama,homo,Homo,3,50,0,3,3,epoch_round_tuning_instruction_client_count_e3r50_segmented/tuning-flora-wiz_stratified-tinyllama-homo-e3-r50,epoch_round_tuning_instruction_client_count_e3r50_segmented/tuning-flora-wiz_stratified-tinyllama-homo-e3-r50/seed0/3log.txt,logs/tiny_instr_e3r50seg_s001_r13_37666_13.out,10,False,round config,Committed partial,10,1,4,3,1,33.29989727028998,round_config,epoch_round_tuning_instruction_client_count_e3r50_segmented/tuning-flora-wiz_stratified-tinyllama-homo-e3-r50/seed0/3/3/round_config.json
13,flora,Linear FLoRA,wiz_stratified,Wizard stratified,tinyllama,TinyLlama,homo,Homo,3,50,0,3,3,epoch_round_tuning_instruction_client_count_e3r50_segmented/tuning-flora-wiz_stratified-tinyllama-homo-e3-r50,epoch_round_tuning_instruction_client_count_e3r50_segmented/tuning-flora-wiz_stratified-tinyllama-homo-e3-r50/seed0/3log.txt,logs/tiny_instr_e3r50seg_s001_r13_37666_13.out,10,False,round config,Committed partial,10,1,5,4,1,32.654061739580484,round_config,epoch_round_tuning_instruction_client_count_e3r50_segmented/tuning-flora-wiz_stratified-tinyllama-homo-e3-r50/seed0/3/4/round_config.json
13,flora,Linear FLoRA,wiz_stratified,Wizard stratified,tinyllama,TinyLlama,homo,Homo,3,50,0,3,3,epoch_round_tuning_instruction_client_count_e3r50_segmented/tuning-flora-wiz_stratified-tinyllama-homo-e3-r50,epoch_round_tuning_instruction_client_count_e3r50_segmented/tuning-flora-wiz_stratified-tinyllama-homo-e3-r50/seed0/3log.txt,logs/tiny_instr_e3r50seg_s001_r13_37666_13.out,10,False,round config,Committed partial,10,1,6,5,1,32.00212898180109,round_config,epoch_round_tuning_instruction_client_count_e3r50_segmented/tuning-flora-wiz_stratified-tinyllama-homo-e3-r50/seed0/3/5/round_config.json
13,flora,Linear FLoRA,wiz_stratified,Wizard stratified,tinyllama,TinyLlama,homo,Homo,3,50,0,3,3,epoch_round_tuning_instruction_client_count_e3r50_segmented/tuning-flora-wiz_stratified-tinyllama-homo-e3-r50,epoch_round_tuning_instruction_client_count_e3r50_segmented/tuning-flora-wiz_stratified-tinyllama-homo-e3-r50/seed0/3log.txt,logs/tiny_instr_e3r50seg_s001_r13_37666_13.out,10,False,round config,Committed partial,10,1,7,6,1,33.772575974973606,round_config,epoch_round_tuning_instruction_client_count_e3r50_segmented/tuning-flora-wiz_stratified-tinyllama-homo-e3-r50/seed0/3/6/round_config.json
13,flora,Linear FLoRA,wiz_stratified,Wizard stratified,tinyllama,TinyLlama,homo,Homo,3,50,0,3,3,epoch_round_tuning_instruction_client_count_e3r50_segmented/tuning-flora-wiz_stratified-tinyllama-homo-e3-r50,epoch_round_tuning_instruction_client_count_e3r50_segmented/tuning-flora-wiz_stratified-tinyllama-homo-e3-r50/seed0/3log.txt,logs/tiny_instr_e3r50seg_s001_r13_37666_13.out,10,False,round config,Committed partial,10,1,8,7,1,33.696097596128304,round_config,epoch_round_tuning_instruction_client_count_e3r50_segmented/tuning-flora-wiz_stratified-tinyllama-homo-e3-r50/seed0/3/7/round_config.json
13,flora,Linear FLoRA,wiz_stratified,Wizard stratified,tinyllama,TinyLlama,homo,Homo,3,50,0,3,3,epoch_round_tuning_instruction_client_count_e3r50_segmented/tuning-flora-wiz_stratified-tinyllama-homo-e3-r50,epoch_round_tuning_instruction_client_count_e3r50_segmented/tuning-flora-wiz_stratified-tinyllama-homo-e3-r50/seed0/3log.txt,logs/tiny_instr_e3r50seg_s001_r13_37666_13.out,10,False,round config,Committed partial,10,1,9,8,1,33.4306180744055,round_config,epoch_round_tuning_instruction_client_count_e3r50_segmented/tuning-flora-wiz_stratified-tinyllama-homo-e3-r50/seed0/3/8/round_config.json
13,flora,Linear FLoRA,wiz_stratified,Wizard stratified,tinyllama,TinyLlama,homo,Homo,3,50,0,3,3,epoch_round_tuning_instruction_client_count_e3r50_segmented/tuning-flora-wiz_stratified-tinyllama-homo-e3-r50,epoch_round_tuning_instruction_client_count_e3r50_segmented/tuning-flora-wiz_stratified-tinyllama-homo-e3-r50/seed0/3log.txt,logs/tiny_instr_e3r50seg_s001_r13_37666_13.out,10,False,round config,Committed partial,10,1,10,9,1,33.370590189950626,round_config,epoch_round_tuning_instruction_client_count_e3r50_segmented/tuning-flora-wiz_stratified-tinyllama-homo-e3-r50/seed0/3/9/round_config.json
19,ffa,Nonlinear FFA,wiz_stratified,Wizard stratified,tinyllama,TinyLlama,homo,Homo,3,50,0,3,3,epoch_round_tuning_instruction_client_count_e3r50_segmented/tuning-ffa-wiz_stratified-tinyllama-homo-e3-r50,epoch_round_tuning_instruction_client_count_e3r50_segmented/tuning-ffa-wiz_stratified-tinyllama-homo-e3-r50/seed0/3/log.txt,logs/tiny_instr_e3r50seg_s002_r19_37696_19.out,10,False,round config,Committed partial,10,1,1,0,1,31.754185099109943,round_config,epoch_round_tuning_instruction_client_count_e3r50_segmented/tuning-ffa-wiz_stratified-tinyllama-homo-e3-r50/seed0/3/0/round_config.json
19,ffa,Nonlinear FFA,wiz_stratified,Wizard stratified,tinyllama,TinyLlama,homo,Homo,3,50,0,3,3,epoch_round_tuning_instruction_client_count_e3r50_segmented/tuning-ffa-wiz_stratified-tinyllama-homo-e3-r50,epoch_round_tuning_instruction_client_count_e3r50_segmented/tuning-ffa-wiz_stratified-tinyllama-homo-e3-r50/seed0/3/log.txt,logs/tiny_instr_e3r50seg_s002_r19_37696_19.out,10,False,round config,Committed partial,10,1,2,1,1,30.061364513801912,round_config,epoch_round_tuning_instruction_client_count_e3r50_segmented/tuning-ffa-wiz_stratified-tinyllama-homo-e3-r50/seed0/3/1/round_config.json
19,ffa,Nonlinear FFA,wiz_stratified,Wizard stratified,tinyllama,TinyLlama,homo,Homo,3,50,0,3,3,epoch_round_tuning_instruction_client_count_e3r50_segmented/tuning-ffa-wiz_stratified-tinyllama-homo-e3-r50,epoch_round_tuning_instruction_client_count_e3r50_segmented/tuning-ffa-wiz_stratified-tinyllama-homo-e3-r50/seed0/3/log.txt,logs/tiny_instr_e3r50seg_s002_r19_37696_19.out,10,False,round config,Committed partial,10,1,3,2,1,29.713450432207217,round_config,epoch_round_tuning_instruction_client_count_e3r50_segmented/tuning-ffa-wiz_stratified-tinyllama-homo-e3-r50/seed0/3/2/round_config.json
19,ffa,Nonlinear FFA,wiz_stratified,Wizard stratified,tinyllama,TinyLlama,homo,Homo,3,50,0,3,3,epoch_round_tuning_instruction_client_count_e3r50_segmented/tuning-ffa-wiz_stratified-tinyllama-homo-e3-r50,epoch_round_tuning_instruction_client_count_e3r50_segmented/tuning-ffa-wiz_stratified-tinyllama-homo-e3-r50/seed0/3/log.txt,logs/tiny_instr_e3r50seg_s002_r19_37696_19.out,10,False,round config,Committed partial,10,1,4,3,1,28.602239997441476,round_config,epoch_round_tuning_instruction_client_count_e3r50_segmented/tuning-ffa-wiz_stratified-tinyllama-homo-e3-r50/seed0/3/3/round_config.json
19,ffa,Nonlinear FFA,wiz_stratified,Wizard stratified,tinyllama,TinyLlama,homo,Homo,3,50,0,3,3,epoch_round_tuning_instruction_client_count_e3r50_segmented/tuning-ffa-wiz_stratified-tinyllama-homo-e3-r50,epoch_round_tuning_instruction_client_count_e3r50_segmented/tuning-ffa-wiz_stratified-tinyllama-homo-e3-r50/seed0/3/log.txt,logs/tiny_instr_e3r50seg_s002_r19_37696_19.out,10,False,round config,Committed partial,10,1,5,4,1,28.418453109319504,round_config,epoch_round_tuning_instruction_client_count_e3r50_segmented/tuning-ffa-wiz_stratified-tinyllama-homo-e3-r50/seed0/3/4/round_config.json
19,ffa,Nonlinear FFA,wiz_stratified,Wizard stratified,tinyllama,TinyLlama,homo,Homo,3,50,0,3,3,epoch_round_tuning_instruction_client_count_e3r50_segmented/tuning-ffa-wiz_stratified-tinyllama-homo-e3-r50,epoch_round_tuning_instruction_client_count_e3r50_segmented/tuning-ffa-wiz_stratified-tinyllama-homo-e3-r50/seed0/3/log.txt,logs/tiny_instr_e3r50seg_s002_r19_37696_19.out,10,False,round config,Committed partial,10,1,6,5,1,27.904625196699932,round_config,epoch_round_tuning_instruction_client_count_e3r50_segmented/tuning-ffa-wiz_stratified-tinyllama-homo-e3-r50/seed0/3/5/round_config.json
19,ffa,Nonlinear FFA,wiz_stratified,Wizard stratified,tinyllama,TinyLlama,homo,Homo,3,50,0,3,3,epoch_round_tuning_instruction_client_count_e3r50_segmented/tuning-ffa-wiz_stratified-tinyllama-homo-e3-r50,epoch_round_tuning_instruction_client_count_e3r50_segmented/tuning-ffa-wiz_stratified-tinyllama-homo-e3-r50/seed0/3/log.txt,logs/tiny_instr_e3r50seg_s002_r19_37696_19.out,10,False,round config,Committed partial,10,1,7,6,1,29.039697243609602,round_config,epoch_round_tuning_instruction_client_count_e3r50_segmented/tuning-ffa-wiz_stratified-tinyllama-homo-e3-r50/seed0/3/6/round_config.json
19,ffa,Nonlinear FFA,wiz_stratified,Wizard stratified,tinyllama,TinyLlama,homo,Homo,3,50,0,3,3,epoch_round_tuning_instruction_client_count_e3r50_segmented/tuning-ffa-wiz_stratified-tinyllama-homo-e3-r50,epoch_round_tuning_instruction_client_count_e3r50_segmented/tuning-ffa-wiz_stratified-tinyllama-homo-e3-r50/seed0/3/log.txt,logs/tiny_instr_e3r50seg_s002_r19_37696_19.out,10,False,round config,Committed partial,10,1,8,7,1,27.906445718322363,round_config,epoch_round_tuning_instruction_client_count_e3r50_segmented/tuning-ffa-wiz_stratified-tinyllama-homo-e3-r50/seed0/3/7/round_config.json
19,ffa,Nonlinear FFA,wiz_stratified,Wizard stratified,tinyllama,TinyLlama,homo,Homo,3,50,0,3,3,epoch_round_tuning_instruction_client_count_e3r50_segmented/tuning-ffa-wiz_stratified-tinyllama-homo-e3-r50,epoch_round_tuning_instruction_client_count_e3r50_segmented/tuning-ffa-wiz_stratified-tinyllama-homo-e3-r50/seed0/3/log.txt,logs/tiny_instr_e3r50seg_s002_r19_37696_19.out,10,False,round config,Committed partial,10,1,9,8,1,28.39569967848778,round_config,epoch_round_tuning_instruction_client_count_e3r50_segmented/tuning-ffa-wiz_stratified-tinyllama-homo-e3-r50/seed0/3/8/round_config.json
19,ffa,Nonlinear FFA,wiz_stratified,Wizard stratified,tinyllama,TinyLlama,homo,Homo,3,50,0,3,3,epoch_round_tuning_instruction_client_count_e3r50_segmented/tuning-ffa-wiz_stratified-tinyllama-homo-e3-r50,epoch_round_tuning_instruction_client_count_e3r50_segmented/tuning-ffa-wiz_stratified-tinyllama-homo-e3-r50/seed0/3/log.txt,logs/tiny_instr_e3r50seg_s002_r19_37696_19.out,10,False,round config,Committed partial,10,1,10,9,1,30.245924411870178,round_config,epoch_round_tuning_instruction_client_count_e3r50_segmented/tuning-ffa-wiz_stratified-tinyllama-homo-e3-r50/seed0/3/9/round_config.json
14,flora,Linear FLoRA,wiz_stratified,Wizard stratified,tinyllama,TinyLlama,homo,Homo,3,50,0,10,10,epoch_round_tuning_instruction_client_count_e3r50_segmented/tuning-flora-wiz_stratified-tinyllama-homo-e3-r50,epoch_round_tuning_instruction_client_count_e3r50_segmented/tuning-flora-wiz_stratified-tinyllama-homo-e3-r50/seed0/10log.txt,logs/tiny_instr_e3r50seg_s001_r14_37667_14.out,10,False,round config,Committed partial,10,1,1,0,1,37.928488797903476,round_config,epoch_round_tuning_instruction_client_count_e3r50_segmented/tuning-flora-wiz_stratified-tinyllama-homo-e3-r50/seed0/10/0/round_config.json
14,flora,Linear FLoRA,wiz_stratified,Wizard stratified,tinyllama,TinyLlama,homo,Homo,3,50,0,10,10,epoch_round_tuning_instruction_client_count_e3r50_segmented/tuning-flora-wiz_stratified-tinyllama-homo-e3-r50,epoch_round_tuning_instruction_client_count_e3r50_segmented/tuning-flora-wiz_stratified-tinyllama-homo-e3-r50/seed0/10log.txt,logs/tiny_instr_e3r50seg_s001_r14_37667_14.out,10,False,round config,Committed partial,10,1,2,1,1,37.88505491449962,round_config,epoch_round_tuning_instruction_client_count_e3r50_segmented/tuning-flora-wiz_stratified-tinyllama-homo-e3-r50/seed0/10/1/round_config.json
14,flora,Linear FLoRA,wiz_stratified,Wizard stratified,tinyllama,TinyLlama,homo,Homo,3,50,0,10,10,epoch_round_tuning_instruction_client_count_e3r50_segmented/tuning-flora-wiz_stratified-tinyllama-homo-e3-r50,epoch_round_tuning_instruction_client_count_e3r50_segmented/tuning-flora-wiz_stratified-tinyllama-homo-e3-r50/seed0/10log.txt,logs/tiny_instr_e3r50seg_s001_r14_37667_14.out,10,False,round config,Committed partial,10,1,3,2,1,36.98637049929616,round_config,epoch_round_tuning_instruction_client_count_e3r50_segmented/tuning-flora-wiz_stratified-tinyllama-homo-e3-r50/seed0/10/2/round_config.json
14,flora,Linear FLoRA,wiz_stratified,Wizard stratified,tinyllama,TinyLlama,homo,Homo,3,50,0,10,10,epoch_round_tuning_instruction_client_count_e3r50_segmented/tuning-flora-wiz_stratified-tinyllama-homo-e3-r50,epoch_round_tuning_instruction_client_count_e3r50_segmented/tuning-flora-wiz_stratified-tinyllama-homo-e3-r50/seed0/10log.txt,logs/tiny_instr_e3r50seg_s001_r14_37667_14.out,10,False,round config,Committed partial,10,1,4,3,1,37.647135390483044,round_config,epoch_round_tuning_instruction_client_count_e3r50_segmented/tuning-flora-wiz_stratified-tinyllama-homo-e3-r50/seed0/10/3/round_config.json
14,flora,Linear FLoRA,wiz_stratified,Wizard stratified,tinyllama,TinyLlama,homo,Homo,3,50,0,10,10,epoch_round_tuning_instruction_client_count_e3r50_segmented/tuning-flora-wiz_stratified-tinyllama-homo-e3-r50,epoch_round_tuning_instruction_client_count_e3r50_segmented/tuning-flora-wiz_stratified-tinyllama-homo-e3-r50/seed0/10log.txt,logs/tiny_instr_e3r50seg_s001_r14_37667_14.out,10,False,round config,Committed partial,10,1,5,4,1,36.26691944747121,round_config,epoch_round_tuning_instruction_client_count_e3r50_segmented/tuning-flora-wiz_stratified-tinyllama-homo-e3-r50/seed0/10/4/round_config.json
14,flora,Linear FLoRA,wiz_stratified,Wizard stratified,tinyllama,TinyLlama,homo,Homo,3,50,0,10,10,epoch_round_tuning_instruction_client_count_e3r50_segmented/tuning-flora-wiz_stratified-tinyllama-homo-e3-r50,epoch_round_tuning_instruction_client_count_e3r50_segmented/tuning-flora-wiz_stratified-tinyllama-homo-e3-r50/seed0/10log.txt,logs/tiny_instr_e3r50seg_s001_r14_37667_14.out,10,False,round config,Committed partial,10,1,6,5,1,38.04483048473459,round_config,epoch_round_tuning_instruction_client_count_e3r50_segmented/tuning-flora-wiz_stratified-tinyllama-homo-e3-r50/seed0/10/5/round_config.json
14,flora,Linear FLoRA,wiz_stratified,Wizard stratified,tinyllama,TinyLlama,homo,Homo,3,50,0,10,10,epoch_round_tuning_instruction_client_count_e3r50_segmented/tuning-flora-wiz_stratified-tinyllama-homo-e3-r50,epoch_round_tuning_instruction_client_count_e3r50_segmented/tuning-flora-wiz_stratified-tinyllama-homo-e3-r50/seed0/10log.txt,logs/tiny_instr_e3r50seg_s001_r14_37667_14.out,10,False,round config,Committed partial,10,1,7,6,1,36.192587164856654,round_config,epoch_round_tuning_instruction_client_count_e3r50_segmented/tuning-flora-wiz_stratified-tinyllama-homo-e3-r50/seed0/10/6/round_config.json
14,flora,Linear FLoRA,wiz_stratified,Wizard stratified,tinyllama,TinyLlama,homo,Homo,3,50,0,10,10,epoch_round_tuning_instruction_client_count_e3r50_segmented/tuning-flora-wiz_stratified-tinyllama-homo-e3-r50,epoch_round_tuning_instruction_client_count_e3r50_segmented/tuning-flora-wiz_stratified-tinyllama-homo-e3-r50/seed0/10log.txt,logs/tiny_instr_e3r50seg_s001_r14_37667_14.out,10,False,round config,Committed partial,10,1,8,7,1,35.297442278293445,round_config,epoch_round_tuning_instruction_client_count_e3r50_segmented/tuning-flora-wiz_stratified-tinyllama-homo-e3-r50/seed0/10/7/round_config.json
14,flora,Linear FLoRA,wiz_stratified,Wizard stratified,tinyllama,TinyLlama,homo,Homo,3,50,0,10,10,epoch_round_tuning_instruction_client_count_e3r50_segmented/tuning-flora-wiz_stratified-tinyllama-homo-e3-r50,epoch_round_tuning_instruction_client_count_e3r50_segmented/tuning-flora-wiz_stratified-tinyllama-homo-e3-r50/seed0/10log.txt,logs/tiny_instr_e3r50seg_s001_r14_37667_14.out,10,False,round config,Committed partial,10,1,9,8,1,37.12876410289669,round_config,epoch_round_tuning_instruction_client_count_e3r50_segmented/tuning-flora-wiz_stratified-tinyllama-homo-e3-r50/seed0/10/8/round_config.json
14,flora,Linear FLoRA,wiz_stratified,Wizard stratified,tinyllama,TinyLlama,homo,Homo,3,50,0,10,10,epoch_round_tuning_instruction_client_count_e3r50_segmented/tuning-flora-wiz_stratified-tinyllama-homo-e3-r50,epoch_round_tuning_instruction_client_count_e3r50_segmented/tuning-flora-wiz_stratified-tinyllama-homo-e3-r50/seed0/10log.txt,logs/tiny_instr_e3r50seg_s001_r14_37667_14.out,10,False,round config,Committed partial,10,1,10,9,1,36.625899755559985,round_config,epoch_round_tuning_instruction_client_count_e3r50_segmented/tuning-flora-wiz_stratified-tinyllama-homo-e3-r50/seed0/10/9/round_config.json
20,ffa,Nonlinear FFA,wiz_stratified,Wizard stratified,tinyllama,TinyLlama,homo,Homo,3,50,0,10,10,epoch_round_tuning_instruction_client_count_e3r50_segmented/tuning-ffa-wiz_stratified-tinyllama-homo-e3-r50,epoch_round_tuning_instruction_client_count_e3r50_segmented/tuning-ffa-wiz_stratified-tinyllama-homo-e3-r50/seed0/10/log.txt,logs/tiny_instr_e3r50seg_s001_r20_37673_20.out,10,False,round config,Committed partial,10,1,1,0,1,32.41250362502115,round_config,epoch_round_tuning_instruction_client_count_e3r50_segmented/tuning-ffa-wiz_stratified-tinyllama-homo-e3-r50/seed0/10/0/round_config.json
20,ffa,Nonlinear FFA,wiz_stratified,Wizard stratified,tinyllama,TinyLlama,homo,Homo,3,50,0,10,10,epoch_round_tuning_instruction_client_count_e3r50_segmented/tuning-ffa-wiz_stratified-tinyllama-homo-e3-r50,epoch_round_tuning_instruction_client_count_e3r50_segmented/tuning-ffa-wiz_stratified-tinyllama-homo-e3-r50/seed0/10/log.txt,logs/tiny_instr_e3r50seg_s001_r20_37673_20.out,10,False,round config,Committed partial,10,1,2,1,1,32.02652038828078,round_config,epoch_round_tuning_instruction_client_count_e3r50_segmented/tuning-ffa-wiz_stratified-tinyllama-homo-e3-r50/seed0/10/1/round_config.json
20,ffa,Nonlinear FFA,wiz_stratified,Wizard stratified,tinyllama,TinyLlama,homo,Homo,3,50,0,10,10,epoch_round_tuning_instruction_client_count_e3r50_segmented/tuning-ffa-wiz_stratified-tinyllama-homo-e3-r50,epoch_round_tuning_instruction_client_count_e3r50_segmented/tuning-ffa-wiz_stratified-tinyllama-homo-e3-r50/seed0/10/log.txt,logs/tiny_instr_e3r50seg_s001_r20_37673_20.out,10,False,round config,Committed partial,10,1,3,2,1,30.862168066780786,round_config,epoch_round_tuning_instruction_client_count_e3r50_segmented/tuning-ffa-wiz_stratified-tinyllama-homo-e3-r50/seed0/10/2/round_config.json
20,ffa,Nonlinear FFA,wiz_stratified,Wizard stratified,tinyllama,TinyLlama,homo,Homo,3,50,0,10,10,epoch_round_tuning_instruction_client_count_e3r50_segmented/tuning-ffa-wiz_stratified-tinyllama-homo-e3-r50,epoch_round_tuning_instruction_client_count_e3r50_segmented/tuning-ffa-wiz_stratified-tinyllama-homo-e3-r50/seed0/10/log.txt,logs/tiny_instr_e3r50seg_s001_r20_37673_20.out,10,False,round config,Committed partial,10,1,4,3,1,30.278932821016642,round_config,epoch_round_tuning_instruction_client_count_e3r50_segmented/tuning-ffa-wiz_stratified-tinyllama-homo-e3-r50/seed0/10/3/round_config.json
20,ffa,Nonlinear FFA,wiz_stratified,Wizard stratified,tinyllama,TinyLlama,homo,Homo,3,50,0,10,10,epoch_round_tuning_instruction_client_count_e3r50_segmented/tuning-ffa-wiz_stratified-tinyllama-homo-e3-r50,epoch_round_tuning_instruction_client_count_e3r50_segmented/tuning-ffa-wiz_stratified-tinyllama-homo-e3-r50/seed0/10/log.txt,logs/tiny_instr_e3r50seg_s001_r20_37673_20.out,10,False,round config,Committed partial,10,1,5,4,1,29.172056582442657,round_config,epoch_round_tuning_instruction_client_count_e3r50_segmented/tuning-ffa-wiz_stratified-tinyllama-homo-e3-r50/seed0/10/4/round_config.json
20,ffa,Nonlinear FFA,wiz_stratified,Wizard stratified,tinyllama,TinyLlama,homo,Homo,3,50,0,10,10,epoch_round_tuning_instruction_client_count_e3r50_segmented/tuning-ffa-wiz_stratified-tinyllama-homo-e3-r50,epoch_round_tuning_instruction_client_count_e3r50_segmented/tuning-ffa-wiz_stratified-tinyllama-homo-e3-r50/seed0/10/log.txt,logs/tiny_instr_e3r50seg_s001_r20_37673_20.out,10,False,round config,Committed partial,10,1,6,5,1,31.155802891951705,round_config,epoch_round_tuning_instruction_client_count_e3r50_segmented/tuning-ffa-wiz_stratified-tinyllama-homo-e3-r50/seed0/10/5/round_config.json
20,ffa,Nonlinear FFA,wiz_stratified,Wizard stratified,tinyllama,TinyLlama,homo,Homo,3,50,0,10,10,epoch_round_tuning_instruction_client_count_e3r50_segmented/tuning-ffa-wiz_stratified-tinyllama-homo-e3-r50,epoch_round_tuning_instruction_client_count_e3r50_segmented/tuning-ffa-wiz_stratified-tinyllama-homo-e3-r50/seed0/10/log.txt,logs/tiny_instr_e3r50seg_s001_r20_37673_20.out,10,False,round config,Committed partial,10,1,7,6,1,29.474375711480338,round_config,epoch_round_tuning_instruction_client_count_e3r50_segmented/tuning-ffa-wiz_stratified-tinyllama-homo-e3-r50/seed0/10/6/round_config.json
20,ffa,Nonlinear FFA,wiz_stratified,Wizard stratified,tinyllama,TinyLlama,homo,Homo,3,50,0,10,10,epoch_round_tuning_instruction_client_count_e3r50_segmented/tuning-ffa-wiz_stratified-tinyllama-homo-e3-r50,epoch_round_tuning_instruction_client_count_e3r50_segmented/tuning-ffa-wiz_stratified-tinyllama-homo-e3-r50/seed0/10/log.txt,logs/tiny_instr_e3r50seg_s001_r20_37673_20.out,10,False,round config,Committed partial,10,1,8,7,1,30.28493910827222,round_config,epoch_round_tuning_instruction_client_count_e3r50_segmented/tuning-ffa-wiz_stratified-tinyllama-homo-e3-r50/seed0/10/7/round_config.json
20,ffa,Nonlinear FFA,wiz_stratified,Wizard stratified,tinyllama,TinyLlama,homo,Homo,3,50,0,10,10,epoch_round_tuning_instruction_client_count_e3r50_segmented/tuning-ffa-wiz_stratified-tinyllama-homo-e3-r50,epoch_round_tuning_instruction_client_count_e3r50_segmented/tuning-ffa-wiz_stratified-tinyllama-homo-e3-r50/seed0/10/log.txt,logs/tiny_instr_e3r50seg_s001_r20_37673_20.out,10,False,round config,Committed partial,10,1,9,8,1,30.340714114400598,round_config,epoch_round_tuning_instruction_client_count_e3r50_segmented/tuning-ffa-wiz_stratified-tinyllama-homo-e3-r50/seed0/10/8/round_config.json
20,ffa,Nonlinear FFA,wiz_stratified,Wizard stratified,tinyllama,TinyLlama,homo,Homo,3,50,0,10,10,epoch_round_tuning_instruction_client_count_e3r50_segmented/tuning-ffa-wiz_stratified-tinyllama-homo-e3-r50,epoch_round_tuning_instruction_client_count_e3r50_segmented/tuning-ffa-wiz_stratified-tinyllama-homo-e3-r50/seed0/10/log.txt,logs/tiny_instr_e3r50seg_s001_r20_37673_20.out,10,False,round config,Committed partial,10,1,10,9,1,28.849891456145727,round_config,epoch_round_tuning_instruction_client_count_e3r50_segmented/tuning-ffa-wiz_stratified-tinyllama-homo-e3-r50/seed0/10/9/round_config.json
15,flora,Linear FLoRA,wiz_stratified,Wizard stratified,tinyllama,TinyLlama,homo,Homo,3,50,0,20,20,epoch_round_tuning_instruction_client_count_e3r50_segmented/tuning-flora-wiz_stratified-tinyllama-homo-e3-r50,epoch_round_tuning_instruction_client_count_e3r50_segmented/tuning-flora-wiz_stratified-tinyllama-homo-e3-r50/seed0/20log.txt,logs/tiny_instr_e3r50seg_s001_r15_37668_15.out,9,False,round config,Committed partial,9,1,1,0,1,38.96357097531285,round_config,epoch_round_tuning_instruction_client_count_e3r50_segmented/tuning-flora-wiz_stratified-tinyllama-homo-e3-r50/seed0/20/0/round_config.json
15,flora,Linear FLoRA,wiz_stratified,Wizard stratified,tinyllama,TinyLlama,homo,Homo,3,50,0,20,20,epoch_round_tuning_instruction_client_count_e3r50_segmented/tuning-flora-wiz_stratified-tinyllama-homo-e3-r50,epoch_round_tuning_instruction_client_count_e3r50_segmented/tuning-flora-wiz_stratified-tinyllama-homo-e3-r50/seed0/20log.txt,logs/tiny_instr_e3r50seg_s001_r15_37668_15.out,9,False,round config,Committed partial,9,1,2,1,1,36.76044649526381,round_config,epoch_round_tuning_instruction_client_count_e3r50_segmented/tuning-flora-wiz_stratified-tinyllama-homo-e3-r50/seed0/20/1/round_config.json
15,flora,Linear FLoRA,wiz_stratified,Wizard stratified,tinyllama,TinyLlama,homo,Homo,3,50,0,20,20,epoch_round_tuning_instruction_client_count_e3r50_segmented/tuning-flora-wiz_stratified-tinyllama-homo-e3-r50,epoch_round_tuning_instruction_client_count_e3r50_segmented/tuning-flora-wiz_stratified-tinyllama-homo-e3-r50/seed0/20log.txt,logs/tiny_instr_e3r50seg_s001_r15_37668_15.out,9,False,round config,Committed partial,9,1,3,2,1,38.88220340648047,round_config,epoch_round_tuning_instruction_client_count_e3r50_segmented/tuning-flora-wiz_stratified-tinyllama-homo-e3-r50/seed0/20/2/round_config.json
15,flora,Linear FLoRA,wiz_stratified,Wizard stratified,tinyllama,TinyLlama,homo,Homo,3,50,0,20,20,epoch_round_tuning_instruction_client_count_e3r50_segmented/tuning-flora-wiz_stratified-tinyllama-homo-e3-r50,epoch_round_tuning_instruction_client_count_e3r50_segmented/tuning-flora-wiz_stratified-tinyllama-homo-e3-r50/seed0/20log.txt,logs/tiny_instr_e3r50seg_s001_r15_37668_15.out,9,False,round config,Committed partial,9,1,4,3,1,39.171809771383884,round_config,epoch_round_tuning_instruction_client_count_e3r50_segmented/tuning-flora-wiz_stratified-tinyllama-homo-e3-r50/seed0/20/3/round_config.json
15,flora,Linear FLoRA,wiz_stratified,Wizard stratified,tinyllama,TinyLlama,homo,Homo,3,50,0,20,20,epoch_round_tuning_instruction_client_count_e3r50_segmented/tuning-flora-wiz_stratified-tinyllama-homo-e3-r50,epoch_round_tuning_instruction_client_count_e3r50_segmented/tuning-flora-wiz_stratified-tinyllama-homo-e3-r50/seed0/20log.txt,logs/tiny_instr_e3r50seg_s001_r15_37668_15.out,9,False,round config,Committed partial,9,1,5,4,1,39.586861317273716,round_config,epoch_round_tuning_instruction_client_count_e3r50_segmented/tuning-flora-wiz_stratified-tinyllama-homo-e3-r50/seed0/20/4/round_config.json
15,flora,Linear FLoRA,wiz_stratified,Wizard stratified,tinyllama,TinyLlama,homo,Homo,3,50,0,20,20,epoch_round_tuning_instruction_client_count_e3r50_segmented/tuning-flora-wiz_stratified-tinyllama-homo-e3-r50,epoch_round_tuning_instruction_client_count_e3r50_segmented/tuning-flora-wiz_stratified-tinyllama-homo-e3-r50/seed0/20log.txt,logs/tiny_instr_e3r50seg_s001_r15_37668_15.out,9,False,round config,Committed partial,9,1,6,5,1,39.5733973257063,round_config,epoch_round_tuning_instruction_client_count_e3r50_segmented/tuning-flora-wiz_stratified-tinyllama-homo-e3-r50/seed0/20/5/round_config.json
15,flora,Linear FLoRA,wiz_stratified,Wizard stratified,tinyllama,TinyLlama,homo,Homo,3,50,0,20,20,epoch_round_tuning_instruction_client_count_e3r50_segmented/tuning-flora-wiz_stratified-tinyllama-homo-e3-r50,epoch_round_tuning_instruction_client_count_e3r50_segmented/tuning-flora-wiz_stratified-tinyllama-homo-e3-r50/seed0/20log.txt,logs/tiny_instr_e3r50seg_s001_r15_37668_15.out,9,False,round config,Committed partial,9,1,7,6,1,38.808705273714565,round_config,epoch_round_tuning_instruction_client_count_e3r50_segmented/tuning-flora-wiz_stratified-tinyllama-homo-e3-r50/seed0/20/6/round_config.json
15,flora,Linear FLoRA,wiz_stratified,Wizard stratified,tinyllama,TinyLlama,homo,Homo,3,50,0,20,20,epoch_round_tuning_instruction_client_count_e3r50_segmented/tuning-flora-wiz_stratified-tinyllama-homo-e3-r50,epoch_round_tuning_instruction_client_count_e3r50_segmented/tuning-flora-wiz_stratified-tinyllama-homo-e3-r50/seed0/20log.txt,logs/tiny_instr_e3r50seg_s001_r15_37668_15.out,9,False,round config,Committed partial,9,1,8,7,1,39.710611368937045,round_config,epoch_round_tuning_instruction_client_count_e3r50_segmented/tuning-flora-wiz_stratified-tinyllama-homo-e3-r50/seed0/20/7/round_config.json
15,flora,Linear FLoRA,wiz_stratified,Wizard stratified,tinyllama,TinyLlama,homo,Homo,3,50,0,20,20,epoch_round_tuning_instruction_client_count_e3r50_segmented/tuning-flora-wiz_stratified-tinyllama-homo-e3-r50,epoch_round_tuning_instruction_client_count_e3r50_segmented/tuning-flora-wiz_stratified-tinyllama-homo-e3-r50/seed0/20log.txt,logs/tiny_instr_e3r50seg_s001_r15_37668_15.out,9,False,round config,Committed partial,9,1,9,8,1,38.617124002393815,round_config,epoch_round_tuning_instruction_client_count_e3r50_segmented/tuning-flora-wiz_stratified-tinyllama-homo-e3-r50/seed0/20/8/round_config.json
21,ffa,Nonlinear FFA,wiz_stratified,Wizard stratified,tinyllama,TinyLlama,homo,Homo,3,50,0,20,20,epoch_round_tuning_instruction_client_count_e3r50_segmented/tuning-ffa-wiz_stratified-tinyllama-homo-e3-r50,epoch_round_tuning_instruction_client_count_e3r50_segmented/tuning-ffa-wiz_stratified-tinyllama-homo-e3-r50/seed0/20/log.txt,logs/tiny_instr_e3r50seg_s001_r21_37674_21.out,4,False,round config,Committed partial,4,1,1,0,1,30.191782402808563,round_config,epoch_round_tuning_instruction_client_count_e3r50_segmented/tuning-ffa-wiz_stratified-tinyllama-homo-e3-r50/seed0/20/0/round_config.json
21,ffa,Nonlinear FFA,wiz_stratified,Wizard stratified,tinyllama,TinyLlama,homo,Homo,3,50,0,20,20,epoch_round_tuning_instruction_client_count_e3r50_segmented/tuning-ffa-wiz_stratified-tinyllama-homo-e3-r50,epoch_round_tuning_instruction_client_count_e3r50_segmented/tuning-ffa-wiz_stratified-tinyllama-homo-e3-r50/seed0/20/log.txt,logs/tiny_instr_e3r50seg_s001_r21_37674_21.out,4,False,round config,Committed partial,4,1,2,1,1,32.18037583548649,round_config,epoch_round_tuning_instruction_client_count_e3r50_segmented/tuning-ffa-wiz_stratified-tinyllama-homo-e3-r50/seed0/20/1/round_config.json
21,ffa,Nonlinear FFA,wiz_stratified,Wizard stratified,tinyllama,TinyLlama,homo,Homo,3,50,0,20,20,epoch_round_tuning_instruction_client_count_e3r50_segmented/tuning-ffa-wiz_stratified-tinyllama-homo-e3-r50,epoch_round_tuning_instruction_client_count_e3r50_segmented/tuning-ffa-wiz_stratified-tinyllama-homo-e3-r50/seed0/20/log.txt,logs/tiny_instr_e3r50seg_s001_r21_37674_21.out,4,False,round config,Committed partial,4,1,3,2,1,31.4989324447134,round_config,epoch_round_tuning_instruction_client_count_e3r50_segmented/tuning-ffa-wiz_stratified-tinyllama-homo-e3-r50/seed0/20/2/round_config.json
21,ffa,Nonlinear FFA,wiz_stratified,Wizard stratified,tinyllama,TinyLlama,homo,Homo,3,50,0,20,20,epoch_round_tuning_instruction_client_count_e3r50_segmented/tuning-ffa-wiz_stratified-tinyllama-homo-e3-r50,epoch_round_tuning_instruction_client_count_e3r50_segmented/tuning-ffa-wiz_stratified-tinyllama-homo-e3-r50/seed0/20/log.txt,logs/tiny_instr_e3r50seg_s001_r21_37674_21.out,4,False,round config,Committed partial,4,1,4,3,1,30.741412404591323,round_config,epoch_round_tuning_instruction_client_count_e3r50_segmented/tuning-ffa-wiz_stratified-tinyllama-homo-e3-r50/seed0/20/3/round_config.json
